10 Cloverfield Lane,tt1179933,tt1179933
13 Hours: The Secret Soldiers of Benghazi,tt4172430,tt4172430
1917,tt8579674,tt8579674
21 & Over,tt1711425,tt1711425
21 Bridges,tt8688634,tt8688634
21 Jump Street,tt1232829,tt1232829
22 Jump Street,tt2294449,tt2294449
300: Rise of an Empire,tt1253863,tt1253863
47 Meters Down,tt2932536,tt2932536
47 Ronin,tt1335975,tt1335975
A Christmas Story,tt10326928,tt10326928
A Cure for Wellness,tt4731136,tt4731136
A Glitch in the Matrix,tt9847360,tt9847360
A Good Day to Die Hard,tt1606378,tt1606378
A Haunting in Venice,tt22687790,tt22687790
A Nightmare on Elm Street,tt1179056,tt1179056
A Quiet Place,tt6644200,tt6644200
A Simple Favor,tt7040874,tt7040874
A Star Is Born,tt1517451,tt1517451
Abraham Lincoln: Vampire Hunter,tt1611224,tt1611224
Ad Astra,tt2935510,tt2935510
Admission,tt1814621,tt1814621
Alien: Covenant,tt2316204,tt2316204
American Hustle,tt1800241,tt1800241
Anchorman 2: The Legend Continues,tt1229340,tt1229340
Anna,tt1715336,tt1715336
Annabelle,tt3322940,tt3322940
Annabelle: Creation,tt5140878,tt5140878
Annihilation,tt2798920,tt2798920
Antebellum,tt10065694,tt10065694
Aquaman,tt8457394,tt8457394
Arrival,tt2543164,tt2543164
Arthur Christmas,tt1430607,tt1430607
"As Above, So Below",tt2870612,tt2870612
Avengers: Age of Ultron,tt2395427,tt2395427
Avengers: Endgame,tt4154796,tt4154796
Baby Driver,tt3890160,tt3890160
Bad Words,tt2170299,tt2170299
Barbie,tt1517268,tt1517268
Battleship,tt1440129,tt1440129
Baywatch,tt1469304,tt1469304
Beauty and the Beast,tt2771200,tt2771200
Big Eyes,tt1126590,tt1126590
Big Hero 6,tt2245084,tt2245084
Birdman,tt5130912,tt5130912
Birds of Prey and the Fantabulous Emancipation of One Harley Quinn,tt7713068,tt7713068
Black Mass,tt1355683,tt1355683
Blackhat,tt2717822,tt2717822
Blockers,tt2531344,tt2531344
Bohemian Rhapsody,tt1727824,tt1727824
Book Club,tt18260564,tt18260564
Boyhood,tt1065073,tt1065073
Brahms: The Boy II,tt9173418,tt9173418
Bridge of Spies,tt3682448,tt3682448
Brightburn,tt7752126,tt7752126
Bros,tt9731598,tt9731598
Bullet Train,tt33452974,tt33452974
Bumblebee,tt4701182,tt4701182
Buried,tt1462758,tt1462758
Cadillac Records,tt1042877,tt1042877
Call Me By Your Name,tt5726616,tt5726616
Captain America: Civil War,tt3498820,tt3498820
Captain America: The Winter Soldier,tt1843866,tt1843866
Captain Marvel,tt4154664,tt4154664
Captain Phillips,tt1535109,tt1535109
Captive,tt8273104,tt8273104
Carrie,tt1939659,tt1939659
Chaos Walking,tt2076822,tt2076822
Chef,tt2883512,tt2883512
Clue,tt23379618,tt23379618
Colossal,tt4680182,tt4680182
Contagion,tt1598778,tt1598778
Contraband,tt1524137,tt1524137
Countdown,tt10039344,tt10039344
Crank: High Voltage,tt1121931,tt1121931
Crawl,tt8364368,tt8364368
Criminal,tt3014866,tt3014866
Crimson Peak,tt2554274,tt2554274
Crypto,tt8563452,tt8563452
Daddy's Home,tt1528854,tt1528854
Daddy's Home 2,tt5657846,tt5657846
Dark Web: Cicada 3301,tt8110246,tt8110246
Darkest Hour,tt4555426,tt4555426
Dawn of the Planet of the Apes,tt2103281,tt2103281
Deadpool,tt1431045,tt1431045
Deadpool & Wolverine,tt6263850,tt6263850
Death on the Nile,tt7657566,tt7657566
Death Race 2,tt1500491,tt1500491
Deepwater Horizon,tt1860357,tt1860357
Despicable Me 2,tt1690953,tt1690953
Dirty Dancing,tt5262792,tt5262792
Divergent,tt1840309,tt1840309
Django Unchained,tt1853728,tt1853728
Doctor Strange,tt1211837,tt1211837
Dolittle,tt6673612,tt6673612
Don Jon,tt2229499,tt2229499
Downsizing,tt1389072,tt1389072
Dr. Seuss' the Lorax,tt1482459,tt1482459
Dredd,tt1343727,tt1343727
Drinking Buddies,tt2265398,tt2265398
Due Date,tt1231583,tt1231583
Dumb and Dumber To,tt2096672,tt2096672
Dumb Money,tt13957560,tt13957560
Dune,tt1160419,tt1160419
Dungeons & Dragons Honor Among Thieves,tt2906216,tt2906216
Earth: One Amazing Day,tt6238896,tt6238896
Easy A,tt1282140,tt1282140
Elemental,tt15789038,tt15789038
ELLIS,tt5109770,tt5109770
Elvis,tt3704428,tt3704428
Ender's Game,tt1731141,tt1731141
Endless Love,tt2318092,tt2318092
Escape Plan,tt1211956,tt1211956
Escape Room,tt5748392,tt5748392
Escape Room: Tournament of Champions,tt9844522,tt9844522
Everest,tt2719848,tt2719848
Everything Everywhere All at Once,tt6710474,tt6710474
Ex Machina,tt1043842,tt1043842
Eye In the Sky,tt2057392,tt2057392
Fantastic Beasts and Where to Find Them,tt3183660,tt3183660
Fantastic Beasts: The Crimes of Grindelwald,tt4123430,tt4123430
Fantastic Beasts: The Secrets of Dumbledore,tt4123432,tt4123432
Fear of Rain,tt10037014,tt10037014
Fifty Shades Darker,tt4465564,tt4465564
Fifty Shades Freed,tt4477536,tt4477536
Fifty Shades of Grey,tt2322441,tt2322441
Final Destination 5,tt1622979,tt1622979
First Man,tt1213641,tt1213641
Five Feet Apart,tt6472976,tt6472976
Flight,tt1907668,tt1907668
Freaky,tt10919380,tt10919380
Free Guy,tt6264654,tt6264654
Free State of Jones,tt1124037,tt1124037
Friday the 13th Part 3: The Memoriam Documentary,tt3756302,tt3756302
Frozen,tt1323045,tt1323045
Frozen II,tt4520988,tt4520988
Furiosa: A Mad Max Saga,tt12037194,tt12037194
G.I. Joe: Retaliation,tt1583421,tt1583421
G.I. Joe: The Rise of Cobra,tt1046173,tt1046173
Game Night,tt2704998,tt2704998
Gemini Man,tt1025100,tt1025100
Geostorm,tt1981128,tt1981128
Get Him to the Greek,tt1226229,tt1226229
Get Out,tt5052448,tt5052448
Ghostbusters,tt1289401,tt1289401
Ghostbusters: Afterlife,tt4513678,tt4513678
Glass,tt6823368,tt6823368
Gods of Egypt,tt2404233,tt2404233
Gone Girl,tt2267998,tt2267998
Goosebumps 2,tt5664636,tt5664636
Gran Turismo: Based on a True Story,tt4495098,tt4495098
Gravity,tt1454468,tt1454468
Green Room,tt4062536,tt4062536
Guardians of the Galaxy,tt2015381,tt2015381
Guardians of the Galaxy Vol. 2,tt3896198,tt3896198
Guardians of the Galaxy Vol. 3,tt6791350,tt6791350
Hacksaw Ridge,tt2119532,tt2119532
Halloween,tt1502407,tt1502407
Halloween Kills (Extended Cut),tt10665338,tt10665338
Hansel & Gretel,tt1460002,tt1460002
Hansel & Gretel: Witch Hunters,tt1428538,tt1428538
Happy Death Day,tt5308322,tt5308322
Happy Death Day 2U,tt8155288,tt8155288
Hardcore Henry,tt3072482,tt3072482
"Harry Potter and the Deathly Hallows, Part 2",tt1201607,tt1201607
He's Just Not That Into You,tt1001508,tt1001508
Her,tt1798709,tt1798709
Hercules,tt1267297,tt1267297
Hereditary,tt7784604,tt7784604
Hidden Figures,tt4846340,tt4846340
High Life,tt1143110,tt1143110
Hocus Pocus,tt11909878,tt11909878
Holmes & Watson,tt2108535,tt2108535
Homefront,tt2312718,tt2312718
Horrible Bosses,tt1499658,tt1499658
Hot Tub Time Machine 2,tt2637294,tt2637294
How to Train Your Dragon 2,tt1646971,tt1646971
Hustlers,tt5503686,tt5503686
"I, Frankenstein",tt1418377,tt1418377
Identity Thief,tt2024432,tt2024432
If I Stay,tt1355630,tt1355630
Immortals,tt1253864,tt1253864
In Time,tt1637688,tt1637688
Inception,tt1375666,tt1375666
Incredibles 2,tt3606756,tt3606756
Independence Day: Resurgence,tt1628841,tt1628841
Indiana Jones and the Dial of Destiny,tt1462764,tt1462764
Inferno,tt3062096,tt3062096
Inherent Vice,tt1791528,tt1791528
Inside Out,tt2096673,tt2096673
Inside Out 2,tt22022452,tt22022452
Insidious: The Last Key,tt5726086,tt5726086
Instant Family,tt7401588,tt7401588
Into the Woods,tt2180411,tt2180411
Iron Man 2,tt1228705,tt1228705
Iron Man 3,tt1300854,tt1300854
Isn't It Romantic,tt2452244,tt2452244
It,tt6529334,tt6529334
It Chapter Two,tt7349950,tt7349950
It Comes at Night,tt4695012,tt4695012
It Follows,tt3235888,tt3235888
It's Complicated,tt1230414,tt1230414
Jack Reacher: Never Go Back,tt3393786,tt3393786
Jack Ryan: Shadow Recruit,tt1205537,tt1205537
Jackass Presents: Bad Grandpa,tt3063516,tt3063516
Jason Bourne,tt4196776,tt4196776
John Wick,tt2911666,tt2911666
John Wick: Chapter 2,tt4425200,tt4425200
John Wick: Chapter 3 - Parabellum,tt6146586,tt6146586
John Wick: Chapter 4,tt10366206,tt10366206
Joker,tt7286456,tt7286456
Joy,tt2446980,tt2446980
Jumanji: The Next Level,tt7975244,tt7975244
Jumanji: Welcome to the Jungle,tt2283362,tt2283362
Jurassic World Dominion,tt8041270,tt8041270
Jurassic World: Fallen Kingdom,tt4881806,tt4881806
Kick-Ass,tt1250777,tt1250777
Kick-Ass 2,tt1650554,tt1650554
Killers,tt1103153,tt1103153
Killers of the Flower Moon,tt5537002,tt5537002
Kingdom of the Planet of the Apes,tt11389872,tt11389872
Kingsman: The Golden Circle,tt4649466,tt4649466
Kingsman: The Secret Service,tt2802144,tt2802144
Knives Out,tt8946378,tt8946378
Kong: Skull Island,tt3731562,tt3731562
Krampus,tt3850590,tt3850590
La La Land,tt3783958,tt3783958
Labor Day,tt1967545,tt1967545
Lawless,tt1212450,tt1212450
Let's Be Cops,tt1924435,tt1924435
Lexi,tt13451112,tt13451112
Life,tt5442430,tt5442430
Lights Out,tt3605002,tt3605002
Limitless,tt1219289,tt1219289
Little Boy,tt1810683,tt1810683
Live Die Repeat: Edge of Tomorrow,tt1631867,tt1631867
Lockout,tt1592525,tt1592525
Logan,tt3315342,tt3315342
London Has Fallen,tt3300542,tt3300542
Lone Survivor,tt1091191,tt1091191
Long Shot,tt7344360,tt7344360
Love and Monsters,tt2222042,tt2222042
"Love, Simon",tt5164432,tt5164432
Lucy,tt2872732,tt2872732
M3GAN,tt8760708,tt8760708
Ma,tt7958736,tt7958736
Mad Max: Fury Road,tt1392190,tt1392190
Magic Mike,tt1915581,tt1915581
Maleficent,tt1587310,tt1587310
Maleficent: Mistress of Evil,tt4777008,tt4777008
Malignant,tt3811906,tt3811906
Mama,tt35049002,tt35049002
Mamma Mia! Here We Go Again,tt6911608,tt6911608
Maps to the Stars,tt2172584,tt2172584
Maze Runner: The Scorch Trials,tt4046784,tt4046784
Mechanic: Resurrection,tt3522806,tt3522806
Melancholia,tt1527186,tt1527186
Men In Black 3,tt1409024,tt1409024
MIB: International,tt2283336,tt2283336
Midway,tt6924650,tt6924650
Mike and Dave Need Wedding Dates,tt2823054,tt2823054
Minions,tt2293640,tt2293640
Missing Link,tt6348138,tt6348138
Mission: Impossible - Fallout,tt4912910,tt4912910
Mission: Impossible - Ghost Protocol,tt1229238,tt1229238
Mission: Impossible - Rogue Nation,tt2381249,tt2381249
Moana,tt3521164,tt3521164
Monster Hunter,tt6475714,tt6475714
Moon,tt1182345,tt1182345
mother!,tt13039074,tt13039074
Mud,tt1935179,tt1935179
Murder On the Orient Express,tt3402236,tt3402236
My Big Fat Greek Wedding 2,tt3760922,tt3760922
Neighbors 2: Sorority Rising,tt4438848,tt4438848
Night At the Museum: Secret of the Tomb,tt2692250,tt2692250
Nightcrawler,tt2872718,tt2872718
Nightmare Alley,tt7740496,tt7740496
No Hard Feelings,tt15671028,tt15671028
No Strings Attached,tt1411238,tt1411238
Noah,tt1959490,tt1959490
Non-Stop,tt3065978,tt3065978
Nope,tt10954984,tt10954984
Norm of the North,tt7913394,tt7913394
Now You See Me,tt1670345,tt1670345
Now You See Me 2,tt3110958,tt3110958
Oblivion,tt1483013,tt1483013
Ocean's 8,tt5164214,tt5164214
Office Christmas Party,tt1711525,tt1711525
Once Upon a Time...in Hollywood,tt7131622,tt7131622
Orphan,tt1148204,tt1148204
Ouija,tt1204977,tt1204977
Ouija: Origin of Evil,tt4361050,tt4361050
Oz the Great and Powerful,tt1623205,tt1623205
Pacific Rim,tt1663662,tt1663662
Pain & Gain,tt1980209,tt1980209
Paranormal Activity: The Marked Ones,tt2473682,tt2473682
Patriots Day,tt4572514,tt4572514
Pawn Sacrifice,tt1596345,tt1596345
Peppermint,tt6850820,tt6850820
Percy Jackson: Sea of Monsters,tt1854564,tt1854564
Pirates of the Caribbean: Dead Men Tell No Tales,tt1790809,tt1790809
Pirates of the Caribbean: On Stranger Tides,tt1298650,tt1298650
Pitch Perfect,tt1981677,tt1981677
Pitch Perfect 2,tt2848292,tt2848292
Pitch Perfect 3,tt4765284,tt4765284
Pompeii,tt1921064,tt1921064
Poor Things,tt14230458,tt14230458
Pride & Prejudice & Zombies,tt3611056,tt3611056
Project Almanac,tt2436386,tt2436386
Project X,tt1636826,tt1636826
Prometheus,tt1446714,tt1446714
Promised Land,tt2091473,tt2091473
Ralph Breaks the Internet,tt5848272,tt5848272
Rambo: Last Blood,tt1206885,tt1206885
Rango,tt1192628,tt1192628
Ratchet & Clank,tt2865120,tt2865120
Ready or Not,tt7798634,tt7798634
Ready Player One,tt1677720,tt1677720
Red 2,tt1821694,tt1821694
Red Riding Hood,tt1486185,tt1486185
Red Rocket,tt13453006,tt13453006
Red Sparrow,tt2873282,tt2873282
Resident Evil: Afterlife,tt1220634,tt1220634
Resident Evil: Retribution,tt1855325,tt1855325
Resident Evil: The Final Chapter,tt2592614,tt2592614
Ride Along,tt1408253,tt1408253
Ride Along 2,tt2869728,tt2869728
Rio 2,tt2357291,tt2357291
Rise of the Planet of the Apes,tt1318514,tt1318514
Rock the Kasbah,tt3164256,tt3164256
Rocketman,tt2066051,tt2066051
Rogue One: A Star Wars Story,tt3748528,tt3748528
Rough Night,tt4799050,tt4799050
Rush,tt1979320,tt1979320
Sabotage,tt1742334,tt1742334
Safe,tt1656190,tt1656190
Safe House,tt1599348,tt1599348
San Andreas,tt2126355,tt2126355
Savages,tt1615065,tt1615065
Saving Mr. Banks,tt2140373,tt2140373
Saw 3D,tt1477076,tt1477076
Saw V,tt1132626,tt1132626
Saw VI,tt1233227,tt1233227
Saw X,tt21807222,tt21807222
Scary Stories to Tell In the Dark,tt3387520,tt3387520
SCOOB!,tt3152592,tt3152592
Seeking a Friend for the End of the World,tt1307068,tt1307068
Self/Less,tt2140379,tt2140379
Selma,tt1020072,tt1020072
Seven Psychopaths,tt1931533,tt1931533
Seventh Son,tt1121096,tt1121096
Sex and the City: The Movie,tt16976248,tt16976248
Sherlock Gnomes,tt2296777,tt2296777
Shutter Island,tt1130884,tt1130884
Sicario,tt3397884,tt3397884
Silent House,tt1767382,tt1767382
Silver Linings Playbook,tt1045658,tt1045658
Sing,tt3470600,tt3470600
Sing 2,tt6467266,tt6467266
Sinister,tt1922777,tt1922777
Skyfall,tt1074638,tt1074638
Skyscraper,tt5758778,tt5758778
Sleepless,tt2072233,tt2072233
Smile,tt15474916,tt15474916
Snatched,tt2334871,tt2334871
Snowden,tt3774114,tt3774114
Snowpiercer,tt1706620,tt1706620
Sonic The Hedgehog,tt3794354,tt3794354
Sonic the Hedgehog 2,tt12412888,tt12412888
Sonic The Hedgehog 3,tt18259086,tt18259086
Spectre,tt2379713,tt2379713
Spell,tt10736580,tt10736580
Spider-Man: Across the Spider-Verse,tt9362722,tt9362722
Spider-Man: Far From Home,tt6320628,tt6320628
Spider-Man: Homecoming,tt2250912,tt2250912
Spider-Man: No Way Home,tt10872600,tt10872600
Split,tt4972582,tt4972582
Spotlight,tt1895587,tt1895587
Star Trek Beyond,tt2660888,tt2660888
Star Trek Into Darkness,tt1408101,tt1408101
Star Wars: The Force Awakens,tt10321138,tt10321138
Star Wars: The Rise of Skywalker,tt15662564,tt15662564
Subservience,tt24871974,tt24871974
Suicide Squad,tt1386697,tt1386697
Superman: The Movie,tt5852184,tt5852184
Taken 2,tt1397280,tt1397280
Taken 3,tt2446042,tt2446042
Talk To Me,tt10638522,tt10638522
Ted,tt1637725,tt1637725
Teenage Mutant Ninja Turtles,tt1291150,tt1291150
Teenage Mutant Ninja Turtles: Out of the Shadows,tt3949660,tt3949660
Tenet,tt6723592,tt6723592
Terminator Genisys,tt1340138,tt1340138
Terminator: Dark Fate,tt6450804,tt6450804
Texas Chainsaw,tt1572315,tt1572315
The Adjustment Bureau,tt1385826,tt1385826
The Age of Adaline,tt1655441,tt1655441
The Amazing Spider-Man 2,tt1872181,tt1872181
The Batman,tt1877830,tt1877830
The Big Short,tt1596363,tt1596363
The Black Phone,tt7144666,tt7144666
The Bourne Legacy,tt1194173,tt1194173
The Boy Next Door,tt3181822,tt3181822
The Broken Hearts Gallery,tt2140571,tt2140571
The Bye Bye Man,tt4030600,tt4030600
The Cabin In the Woods,tt1259521,tt1259521
The Call of the Wild,tt7504726,tt7504726
The Choice,tt3797868,tt3797868
The Conjuring,tt1457767,tt1457767
The Conjuring: The Devil Made Me Do It,tt7069210,tt7069210
The Courier,tt8368512,tt8368512
The Dark Knight Rises,tt1345836,tt1345836
The Darkness,tt1878841,tt1878841
The Disappearance of Eleanor Rigby: Them,tt3729920,tt3729920
The Divergent Series: Insurgent,tt2908446,tt2908446
The DUFF,tt1666801,tt1666801
The Endless,tt3986820,tt3986820
The Expendables,tt1320253,tt1320253
The Expendables 2,tt1764651,tt1764651
The Fate of the Furious,tt4630562,tt4630562
The First Purge,tt6133466,tt6133466
The Forest,tt3387542,tt3387542
The Gambler,tt2039393,tt2039393
The Gentlemen,tt8367814,tt8367814
The Girl on the Train,tt3631112,tt3631112
The Good Liar,tt5563334,tt5563334
The Grand Budapest Hotel,tt2278388,tt2278388
The Great Gatsby,tt1343092,tt1343092
The Great Wall,tt2034800,tt2034800
The Green Inferno,tt2403021,tt2403021
The Grey,tt1601913,tt1601913
The Guest,tt2980592,tt2980592
The Guilt Trip,tt1694020,tt1694020
The Gunman,tt2515034,tt2515034
The Hangover,tt1119646,tt1119646
The Hangover Part II,tt1411697,tt1411697
The Happytime Murders,tt1308728,tt1308728
The Hateful Eight,tt3460252,tt3460252
The Heat,tt2404463,tt2404463
The Hitman's Bodyguard,tt1959563,tt1959563
The Hobbit: The Battle of the Five Armies,tt2310332,tt2310332
The Hobbit: The Desolation of Smaug,tt1170358,tt1170358
The Hobbit: The Desolation of Smaug,tt21824192,tt21824192
The House With a Clock In Its Walls,tt2119543,tt2119543
The Hunger Games,tt1392170,tt1392170
The Hunger Games: Catching Fire,tt1951264,tt1951264
The Hunger Games: Mockingjay - Part 1,tt1951265,tt1951265
The Hunger Games: Mockingjay - Part 2,tt1951266,tt1951266
The Hunt,tt8244784,tt8244784
The Internship,tt2234155,tt2234155
The Invisible Man,tt1051906,tt1051906
The Judge,tt1872194,tt1872194
The Last Exorcism,tt1320244,tt1320244
The Last Voyage of the Demeter,tt1001520,tt1001520
The Last Witch Hunter,tt1618442,tt1618442
The Legend of Hercules,tt1043726,tt1043726
The LEGO Movie,tt1490017,tt1490017
The Lincoln Lawyer,tt1189340,tt1189340
The Lion King,tt6105098,tt6105098
The Lodge,tt7347846,tt7347846
The Loft,tt1850397,tt1850397
The Longest Ride,tt2726560,tt2726560
The Martian,tt3659388,tt3659388
The Maze Runner,tt1790864,tt1790864
The Meg,tt4779682,tt4779682
The Menu,tt9764362,tt9764362
The Mummy,tt2345759,tt2345759
The Nice Guys,tt3799694,tt3799694
The Northman,tt11138512,tt11138512
The Nun,tt5814060,tt5814060
The Other Side of the Door,tt3702652,tt3702652
The Other Woman,tt2203939,tt2203939
The Place Beyond the Pines,tt1817273,tt1817273
The Purge,tt2184339,tt2184339
The Purge: Anarchy,tt2975578,tt2975578
The Purge: Election Year,tt4094724,tt4094724
The Revenant,tt1663202,tt1663202
The Scorpion King 3: Battle for Redemption,tt1781896,tt1781896
The Secret Life of Pets,tt2709768,tt2709768
The Shack,tt2872518,tt2872518
The Snowman,tt1758810,tt1758810
The Space Between Us,tt3922818,tt3922818
The Spy Who Dumped Me,tt6663582,tt6663582
The Suicide Squad,tt6334354,tt6334354
The Super Mario Bros. Movie,tt6718170,tt6718170
The Theory of Everything,tt2980516,tt2980516
The Three Musketeers Part I: D'Artagnan,tt12672536,tt12672536
The Three Musketeers Part II: Milady,tt12672620,tt12672620
The Turning,tt7510346,tt7510346
The Twilight Saga: Breaking Dawn - Part 2,tt1673434,tt1673434
The Unbearable Weight of Massive Talent,tt11291274,tt11291274
The Visit,tt3567288,tt3567288
The Voices,tt1567437,tt1567437
The Way Back,tt1023114,tt1023114
The Wolf's Call,tt7458762,tt7458762
The Wolverine,tt1430132,tt1430132
The Woman In Black,tt1596365,tt1596365
The Woman King,tt8093700,tt8093700
The World's End,tt1213663,tt1213663
The Young Messiah,tt1002563,tt1002563
This Is 40,tt1758830,tt1758830
This Is the End,tt1245492,tt1245492
Thor: Ragnarok,tt3501632,tt3501632
Thor: The Dark World,tt1981115,tt1981115
Tomorrowland,tt1964418,tt1964418
Toy Story 4,tt1979376,tt1979376
Tracks,tt2167266,tt2167266
Trainwreck,tt3152624,tt3152624
Transformers: Age of Extinction,tt2109248,tt2109248
Transformers: Dark of the Moon,tt1399103,tt1399103
Transformers: The Last Knight,tt3371366,tt3371366
Triple 9,tt1712261,tt1712261
Trolls World Tour,tt6587640,tt6587640
Turbo,tt1860353,tt1860353
Twisters,tt12584954,tt12584954
Unbroken,tt1809398,tt1809398
Uncharted,tt1464335,tt1464335
Uncut Gems,tt5727208,tt5727208
Underwater,tt5774060,tt5774060
Unfriended,tt3713166,tt3713166
Up In the Air,tt1193138,tt1193138
Upgrade,tt6499752,tt6499752
Us,tt6857112,tt6857112
Valerian and the City of a Thousand Planets,tt2239822,tt2239822
Venom,tt1270797,tt1270797
Venom: Let There Be Carnage,tt7097896,tt7097896
Vivarium,tt8368406,tt8368406
Walk of Shame,tt2463288,tt2463288
War for the Planet of the Apes,tt3450958,tt3450958
Warm Bodies,tt1588173,tt1588173
Water for Elephants,tt1067583,tt1067583
We Bought a Zoo,tt1389137,tt1389137
We're the Millers,tt1723121,tt1723121
Whiskey Tango Foxtrot,tt3553442,tt3553442
Wicked,tt1262426,tt1262426
Willy Wonka and the Chocolate Factory,tt6803390,tt6803390
Winter's Bone,tt1399683,tt1399683
Wonder,tt2543472,tt2543472
Woodlawn,tt4183692,tt4183692
Wreck-It Ralph,tt1772341,tt1772341
X-Men: Apocalypse,tt3385516,tt3385516
X-Men: Dark Phoenix,tt6565702,tt6565702
X-Men: Days of Future Past,tt1877832,tt1877832
X-Men: First Class,tt1270798,tt1270798
Yesterday,tt8079248,tt8079248
Zombieland: Double Tap,tt1560220,tt1560220
American Sniper,tt2179136,tt2179136
Asteroid City,tt14230388,tt14230388
By the Sea,tt3707106,tt3707106
10 Cloverfield Lane,tt1179933,tt1179933
13 Hours: The Secret Soldiers of Benghazi,tt4172430,tt4172430
1917,tt8579674,tt8579674
21 & Over,tt1711425,tt1711425
21 Bridges,tt8688634,tt8688634
21 Jump Street,tt1232829,tt1232829
22 Jump Street,tt2294449,tt2294449
300: Rise of an Empire,tt1253863,tt1253863
47 Meters Down,tt2932536,tt2932536
47 Ronin,tt1335975,tt1335975
A Christmas Story,tt10326928,tt10326928
A Cure for Wellness,tt4731136,tt4731136
A Glitch in the Matrix,tt9847360,tt9847360
A Good Day to Die Hard,tt1606378,tt1606378
A Haunting in Venice,tt22687790,tt22687790
A Nightmare on Elm Street,tt1179056,tt1179056
A Quiet Place,tt6644200,tt6644200
A Simple Favor,tt7040874,tt7040874
A Star Is Born,tt1517451,tt1517451
Abraham Lincoln: Vampire Hunter,tt1611224,tt1611224
Ad Astra,tt2935510,tt2935510
Admission,tt1814621,tt1814621
Alien: Covenant,tt2316204,tt2316204
American Hustle,tt1800241,tt1800241
Anchorman 2: The Legend Continues,tt1229340,tt1229340
Anna,tt1715336,tt1715336
Annabelle,tt3322940,tt3322940
Annabelle: Creation,tt5140878,tt5140878
Annihilation,tt2798920,tt2798920
Antebellum,tt10065694,tt10065694
Aquaman,tt8457394,tt8457394
Arrival,tt2543164,tt2543164
Arthur Christmas,tt1430607,tt1430607
"As Above, So Below",tt2870612,tt2870612
Avengers: Age of Ultron,tt2395427,tt2395427
Avengers: Endgame,tt4154796,tt4154796
Baby Driver,tt3890160,tt3890160
Bad Words,tt2170299,tt2170299
Barbie,tt1517268,tt1517268
Battleship,tt1440129,tt1440129
Baywatch,tt1469304,tt1469304
Beauty and the Beast,tt2771200,tt2771200
Big Eyes,tt1126590,tt1126590
Big Hero 6,tt2245084,tt2245084
Birdman,tt5130912,tt5130912
Birds of Prey and the Fantabulous Emancipation of One Harley Quinn,tt7713068,tt7713068
Black Mass,tt1355683,tt1355683
Blackhat,tt2717822,tt2717822
Blockers,tt2531344,tt2531344
Bohemian Rhapsody,tt1727824,tt1727824
Book Club,tt18260564,tt18260564
Boyhood,tt1065073,tt1065073
Brahms: The Boy II,tt9173418,tt9173418
Bridge of Spies,tt3682448,tt3682448
Brightburn,tt7752126,tt7752126
Bros,tt9731598,tt9731598
Bullet Train,tt33452974,tt33452974
Bumblebee,tt4701182,tt4701182
Buried,tt1462758,tt1462758
Cadillac Records,tt1042877,tt1042877
Call Me By Your Name,tt5726616,tt5726616
Captain America: Civil War,tt3498820,tt3498820
Captain America: The Winter Soldier,tt1843866,tt1843866
Captain Marvel,tt4154664,tt4154664
Captain Phillips,tt1535109,tt1535109
Captive,tt8273104,tt8273104
Carrie,tt1939659,tt1939659
Chaos Walking,tt2076822,tt2076822
Chef,tt2883512,tt2883512
Clue,tt23379618,tt23379618
Colossal,tt4680182,tt4680182
Contagion,tt1598778,tt1598778
Contraband,tt1524137,tt1524137
Countdown,tt10039344,tt10039344
Crank: High Voltage,tt1121931,tt1121931
Crawl,tt8364368,tt8364368
Criminal,tt3014866,tt3014866
Crimson Peak,tt2554274,tt2554274
Crypto,tt8563452,tt8563452
Daddy's Home,tt1528854,tt1528854
Daddy's Home 2,tt5657846,tt5657846
Dark Web: Cicada 3301,tt8110246,tt8110246
Darkest Hour,tt4555426,tt4555426
Dawn of the Planet of the Apes,tt2103281,tt2103281
Deadpool,tt1431045,tt1431045
Deadpool & Wolverine,tt6263850,tt6263850
Death on the Nile,tt7657566,tt7657566
Death Race 2,tt1500491,tt1500491
Deepwater Horizon,tt1860357,tt1860357
Despicable Me 2,tt1690953,tt1690953
Dirty Dancing,tt5262792,tt5262792
Divergent,tt1840309,tt1840309
Django Unchained,tt1853728,tt1853728
Doctor Strange,tt1211837,tt1211837
Dolittle,tt6673612,tt6673612
Don Jon,tt2229499,tt2229499
Downsizing,tt1389072,tt1389072
Dr. Seuss' the Lorax,tt1482459,tt1482459
Dredd,tt1343727,tt1343727
Drinking Buddies,tt2265398,tt2265398
Due Date,tt1231583,tt1231583
Dumb and Dumber To,tt2096672,tt2096672
Dumb Money,tt13957560,tt13957560
Dune,tt1160419,tt1160419
Dungeons & Dragons Honor Among Thieves,tt2906216,tt2906216
Earth: One Amazing Day,tt6238896,tt6238896
Easy A,tt1282140,tt1282140
Elemental,tt15789038,tt15789038
ELLIS,tt5109770,tt5109770
Elvis,tt3704428,tt3704428
Ender's Game,tt1731141,tt1731141
Endless Love,tt2318092,tt2318092
Escape Plan,tt1211956,tt1211956
Escape Room,tt5748392,tt5748392
Escape Room: Tournament of Champions,tt9844522,tt9844522
Everest,tt2719848,tt2719848
Everything Everywhere All at Once,tt6710474,tt6710474
Ex Machina,tt1043842,tt1043842
Eye In the Sky,tt2057392,tt2057392
Fantastic Beasts and Where to Find Them,tt3183660,tt3183660
Fantastic Beasts: The Crimes of Grindelwald,tt4123430,tt4123430
Fantastic Beasts: The Secrets of Dumbledore,tt4123432,tt4123432
Fear of Rain,tt10037014,tt10037014
Fifty Shades Darker,tt4465564,tt4465564
Fifty Shades Freed,tt4477536,tt4477536
Fifty Shades of Grey,tt2322441,tt2322441
Final Destination 5,tt1622979,tt1622979
First Man,tt1213641,tt1213641
Five Feet Apart,tt6472976,tt6472976
Flight,tt1907668,tt1907668
Freaky,tt10919380,tt10919380
Free Guy,tt6264654,tt6264654
Free State of Jones,tt1124037,tt1124037
Friday the 13th Part 3: The Memoriam Documentary,tt3756302,tt3756302
Frozen,tt1323045,tt1323045
Frozen II,tt4520988,tt4520988
Furiosa: A Mad Max Saga,tt12037194,tt12037194
G.I. Joe: Retaliation,tt1583421,tt1583421
G.I. Joe: The Rise of Cobra,tt1046173,tt1046173
Game Night,tt2704998,tt2704998
Gemini Man,tt1025100,tt1025100
Geostorm,tt1981128,tt1981128
Get Him to the Greek,tt1226229,tt1226229
Get Out,tt5052448,tt5052448
Ghostbusters,tt1289401,tt1289401
Ghostbusters: Afterlife,tt4513678,tt4513678
Glass,tt6823368,tt6823368
Gods of Egypt,tt2404233,tt2404233
Gone Girl,tt2267998,tt2267998
Goosebumps 2,tt5664636,tt5664636
Gran Turismo: Based on a True Story,tt4495098,tt4495098
Gravity,tt1454468,tt1454468
Green Room,tt4062536,tt4062536
Guardians of the Galaxy,tt2015381,tt2015381
Guardians of the Galaxy Vol. 2,tt3896198,tt3896198
Guardians of the Galaxy Vol. 3,tt6791350,tt6791350
Hacksaw Ridge,tt2119532,tt2119532
Halloween,tt1502407,tt1502407
Halloween Kills (Extended Cut),tt10665338,tt10665338
Hansel & Gretel,tt1460002,tt1460002
Hansel & Gretel: Witch Hunters,tt1428538,tt1428538
Happy Death Day,tt5308322,tt5308322
Happy Death Day 2U,tt8155288,tt8155288
Hardcore Henry,tt3072482,tt3072482
"Harry Potter and the Deathly Hallows, Part 2",tt1201607,tt1201607
He's Just Not That Into You,tt1001508,tt1001508
Her,tt1798709,tt1798709
Hercules,tt1267297,tt1267297
Hereditary,tt7784604,tt7784604
Hidden Figures,tt4846340,tt4846340
High Life,tt1143110,tt1143110
Hocus Pocus,tt11909878,tt11909878
Holmes & Watson,tt2108535,tt2108535
Homefront,tt2312718,tt2312718
Horrible Bosses,tt1499658,tt1499658
Hot Tub Time Machine 2,tt2637294,tt2637294
How to Train Your Dragon 2,tt1646971,tt1646971
Hustlers,tt5503686,tt5503686
"I, Frankenstein",tt1418377,tt1418377
Identity Thief,tt2024432,tt2024432
If I Stay,tt1355630,tt1355630
Immortals,tt1253864,tt1253864
In Time,tt1637688,tt1637688
Inception,tt1375666,tt1375666
Incredibles 2,tt3606756,tt3606756
Independence Day: Resurgence,tt1628841,tt1628841
Indiana Jones and the Dial of Destiny,tt1462764,tt1462764
Inferno,tt3062096,tt3062096
Inherent Vice,tt1791528,tt1791528
Inside Out,tt2096673,tt2096673
Inside Out 2,tt22022452,tt22022452
Insidious: The Last Key,tt5726086,tt5726086
Instant Family,tt7401588,tt7401588
Into the Woods,tt2180411,tt2180411
Iron Man 2,tt1228705,tt1228705
Iron Man 3,tt1300854,tt1300854
Isn't It Romantic,tt2452244,tt2452244
It,tt6529334,tt6529334
It Chapter Two,tt7349950,tt7349950
It Comes at Night,tt4695012,tt4695012
It Follows,tt3235888,tt3235888
It's Complicated,tt1230414,tt1230414
Jack Reacher: Never Go Back,tt3393786,tt3393786
Jack Ryan: Shadow Recruit,tt1205537,tt1205537
Jackass Presents: Bad Grandpa,tt3063516,tt3063516
Jason Bourne,tt4196776,tt4196776
John Wick,tt2911666,tt2911666
John Wick: Chapter 2,tt4425200,tt4425200
John Wick: Chapter 3 - Parabellum,tt6146586,tt6146586
John Wick: Chapter 4,tt10366206,tt10366206
Joker,tt7286456,tt7286456
Joy,tt2446980,tt2446980
Jumanji: The Next Level,tt7975244,tt7975244
Jumanji: Welcome to the Jungle,tt2283362,tt2283362
Jurassic World Dominion,tt8041270,tt8041270
Jurassic World: Fallen Kingdom,tt4881806,tt4881806
Kick-Ass,tt1250777,tt1250777
Kick-Ass 2,tt1650554,tt1650554
Killers,tt1103153,tt1103153
Killers of the Flower Moon,tt5537002,tt5537002
Kingdom of the Planet of the Apes,tt11389872,tt11389872
Kingsman: The Golden Circle,tt4649466,tt4649466
Kingsman: The Secret Service,tt2802144,tt2802144
Knives Out,tt8946378,tt8946378
Kong: Skull Island,tt3731562,tt3731562
Krampus,tt3850590,tt3850590
La La Land,tt3783958,tt3783958
Labor Day,tt1967545,tt1967545
Lawless,tt1212450,tt1212450
Let's Be Cops,tt1924435,tt1924435
Lexi,tt13451112,tt13451112
Life,tt5442430,tt5442430
Lights Out,tt3605002,tt3605002
Limitless,tt1219289,tt1219289
Little Boy,tt1810683,tt1810683
Live Die Repeat: Edge of Tomorrow,tt1631867,tt1631867
Lockout,tt1592525,tt1592525
Logan,tt3315342,tt3315342
London Has Fallen,tt3300542,tt3300542
Lone Survivor,tt1091191,tt1091191
Long Shot,tt7344360,tt7344360
Love and Monsters,tt2222042,tt2222042
"Love, Simon",tt5164432,tt5164432
Lucy,tt2872732,tt2872732
M3GAN,tt8760708,tt8760708
Ma,tt7958736,tt7958736
Mad Max: Fury Road,tt1392190,tt1392190
Magic Mike,tt1915581,tt1915581
Maleficent,tt1587310,tt1587310
Maleficent: Mistress of Evil,tt4777008,tt4777008
Malignant,tt3811906,tt3811906
Mama,tt35049002,tt35049002
Mamma Mia! Here We Go Again,tt6911608,tt6911608
Maps to the Stars,tt2172584,tt2172584
Maze Runner: The Scorch Trials,tt4046784,tt4046784
Mechanic: Resurrection,tt3522806,tt3522806
Melancholia,tt1527186,tt1527186
Men In Black 3,tt1409024,tt1409024
MIB: International,tt2283336,tt2283336
Midway,tt6924650,tt6924650
Mike and Dave Need Wedding Dates,tt2823054,tt2823054
Minions,tt2293640,tt2293640
Missing Link,tt6348138,tt6348138
Mission: Impossible - Fallout,tt4912910,tt4912910
Mission: Impossible - Ghost Protocol,tt1229238,tt1229238
Mission: Impossible - Rogue Nation,tt2381249,tt2381249
Moana,tt3521164,tt3521164
Monster Hunter,tt6475714,tt6475714
Moon,tt1182345,tt1182345
mother!,tt13039074,tt13039074
Mud,tt1935179,tt1935179
Murder On the Orient Express,tt3402236,tt3402236
My Big Fat Greek Wedding 2,tt3760922,tt3760922
Neighbors 2: Sorority Rising,tt4438848,tt4438848
Night At the Museum: Secret of the Tomb,tt2692250,tt2692250
Nightcrawler,tt2872718,tt2872718
Nightmare Alley,tt7740496,tt7740496
No Hard Feelings,tt15671028,tt15671028
No Strings Attached,tt1411238,tt1411238
Noah,tt1959490,tt1959490
Non-Stop,tt3065978,tt3065978
Nope,tt10954984,tt10954984
Norm of the North,tt7913394,tt7913394
Now You See Me,tt1670345,tt1670345
Now You See Me 2,tt3110958,tt3110958
Oblivion,tt1483013,tt1483013
Ocean's 8,tt5164214,tt5164214
Office Christmas Party,tt1711525,tt1711525
Once Upon a Time...in Hollywood,tt7131622,tt7131622
Orphan,tt1148204,tt1148204
Ouija,tt1204977,tt1204977
Ouija: Origin of Evil,tt4361050,tt4361050
Oz the Great and Powerful,tt1623205,tt1623205
Pacific Rim,tt1663662,tt1663662
Pain & Gain,tt1980209,tt1980209
Paranormal Activity: The Marked Ones,tt2473682,tt2473682
Patriots Day,tt4572514,tt4572514
Pawn Sacrifice,tt1596345,tt1596345
Peppermint,tt6850820,tt6850820
Percy Jackson: Sea of Monsters,tt1854564,tt1854564
Pirates of the Caribbean: Dead Men Tell No Tales,tt1790809,tt1790809
Pirates of the Caribbean: On Stranger Tides,tt1298650,tt1298650
Pitch Perfect,tt1981677,tt1981677
Pitch Perfect 2,tt2848292,tt2848292
Pitch Perfect 3,tt4765284,tt4765284
Pompeii,tt1921064,tt1921064
Poor Things,tt14230458,tt14230458
Pride & Prejudice & Zombies,tt3611056,tt3611056
Project Almanac,tt2436386,tt2436386
Project X,tt1636826,tt1636826
Prometheus,tt1446714,tt1446714
Promised Land,tt2091473,tt2091473
Ralph Breaks the Internet,tt5848272,tt5848272
Rambo: Last Blood,tt1206885,tt1206885
Rango,tt1192628,tt1192628
Ratchet & Clank,tt2865120,tt2865120
Ready or Not,tt7798634,tt7798634
Ready Player One,tt1677720,tt1677720
Red 2,tt1821694,tt1821694
Red Riding Hood,tt1486185,tt1486185
Red Rocket,tt13453006,tt13453006
Red Sparrow,tt2873282,tt2873282
Resident Evil: Afterlife,tt1220634,tt1220634
Resident Evil: Retribution,tt1855325,tt1855325
Resident Evil: The Final Chapter,tt2592614,tt2592614
Ride Along,tt1408253,tt1408253
Ride Along 2,tt2869728,tt2869728
Rio 2,tt2357291,tt2357291
Rise of the Planet of the Apes,tt1318514,tt1318514
Rock the Kasbah,tt3164256,tt3164256
Rocketman,tt2066051,tt2066051
Rogue One: A Star Wars Story,tt3748528,tt3748528
Rough Night,tt4799050,tt4799050
Rush,tt1979320,tt1979320
Sabotage,tt1742334,tt1742334
Safe,tt1656190,tt1656190
Safe House,tt1599348,tt1599348
San Andreas,tt2126355,tt2126355
Savages,tt1615065,tt1615065
Saving Mr. Banks,tt2140373,tt2140373
Saw 3D,tt1477076,tt1477076
Saw V,tt1132626,tt1132626
Saw VI,tt1233227,tt1233227
Saw X,tt21807222,tt21807222
Scary Stories to Tell In the Dark,tt3387520,tt3387520
SCOOB!,tt3152592,tt3152592
Seeking a Friend for the End of the World,tt1307068,tt1307068
Self/Less,tt2140379,tt2140379
Selma,tt1020072,tt1020072
Seven Psychopaths,tt1931533,tt1931533
Seventh Son,tt1121096,tt1121096
Sex and the City: The Movie,tt16976248,tt16976248
Sherlock Gnomes,tt2296777,tt2296777
Shutter Island,tt1130884,tt1130884
Sicario,tt3397884,tt3397884
Silent House,tt1767382,tt1767382
Silver Linings Playbook,tt1045658,tt1045658
Sing,tt3470600,tt3470600
Sing 2,tt6467266,tt6467266
Sinister,tt1922777,tt1922777
Skyfall,tt1074638,tt1074638
Skyscraper,tt5758778,tt5758778
Sleepless,tt2072233,tt2072233
Smile,tt15474916,tt15474916
Snatched,tt2334871,tt2334871
Snowden,tt3774114,tt3774114
Snowpiercer,tt1706620,tt1706620
Sonic The Hedgehog,tt3794354,tt3794354
Sonic the Hedgehog 2,tt12412888,tt12412888
Sonic The Hedgehog 3,tt18259086,tt18259086
Spectre,tt2379713,tt2379713
Spell,tt10736580,tt10736580
Spider-Man: Across the Spider-Verse,tt9362722,tt9362722
Spider-Man: Far From Home,tt6320628,tt6320628
Spider-Man: Homecoming,tt2250912,tt2250912
Spider-Man: No Way Home,tt10872600,tt10872600
Split,tt4972582,tt4972582
Spotlight,tt1895587,tt1895587
Star Trek Beyond,tt2660888,tt2660888
Star Trek Into Darkness,tt1408101,tt1408101
Star Wars: The Force Awakens,tt10321138,tt10321138
Star Wars: The Rise of Skywalker,tt15662564,tt15662564
Subservience,tt24871974,tt24871974
Suicide Squad,tt1386697,tt1386697
Superman: The Movie,tt5852184,tt5852184
Taken 2,tt1397280,tt1397280
Taken 3,tt2446042,tt2446042
Talk To Me,tt10638522,tt10638522
Ted,tt1637725,tt1637725
Teenage Mutant Ninja Turtles,tt1291150,tt1291150
Teenage Mutant Ninja Turtles: Out of the Shadows,tt3949660,tt3949660
Tenet,tt6723592,tt6723592
Terminator Genisys,tt1340138,tt1340138
Terminator: Dark Fate,tt6450804,tt6450804
Texas Chainsaw,tt1572315,tt1572315
The Adjustment Bureau,tt1385826,tt1385826
The Age of Adaline,tt1655441,tt1655441
The Amazing Spider-Man 2,tt1872181,tt1872181
The Batman,tt1877830,tt1877830
The Big Short,tt1596363,tt1596363
The Black Phone,tt7144666,tt7144666
The Bourne Legacy,tt1194173,tt1194173
The Boy Next Door,tt3181822,tt3181822
The Broken Hearts Gallery,tt2140571,tt2140571
The Bye Bye Man,tt4030600,tt4030600
The Cabin In the Woods,tt1259521,tt1259521
The Call of the Wild,tt7504726,tt7504726
The Choice,tt3797868,tt3797868
The Conjuring,tt1457767,tt1457767
The Conjuring: The Devil Made Me Do It,tt7069210,tt7069210
The Courier,tt8368512,tt8368512
The Dark Knight Rises,tt1345836,tt1345836
The Darkness,tt1878841,tt1878841
The Disappearance of Eleanor Rigby: Them,tt3729920,tt3729920
The Divergent Series: Insurgent,tt2908446,tt2908446
The DUFF,tt1666801,tt1666801
The Endless,tt3986820,tt3986820
The Expendables,tt1320253,tt1320253
The Expendables 2,tt1764651,tt1764651
The Fate of the Furious,tt4630562,tt4630562
The First Purge,tt6133466,tt6133466
The Forest,tt3387542,tt3387542
The Gambler,tt2039393,tt2039393
The Gentlemen,tt8367814,tt8367814
The Girl on the Train,tt3631112,tt3631112
The Good Liar,tt5563334,tt5563334
The Grand Budapest Hotel,tt2278388,tt2278388
The Great Gatsby,tt1343092,tt1343092
The Great Wall,tt2034800,tt2034800
The Green Inferno,tt2403021,tt2403021
The Grey,tt1601913,tt1601913
The Guest,tt2980592,tt2980592
The Guilt Trip,tt1694020,tt1694020
The Gunman,tt2515034,tt2515034
The Hangover,tt1119646,tt1119646
The Hangover Part II,tt1411697,tt1411697
The Happytime Murders,tt1308728,tt1308728
The Hateful Eight,tt3460252,tt3460252
The Heat,tt2404463,tt2404463
The Hitman's Bodyguard,tt1959563,tt1959563
The Hobbit: The Battle of the Five Armies,tt2310332,tt2310332
The Hobbit: The Desolation of Smaug,tt1170358,tt1170358
The Hobbit: The Desolation of Smaug,tt21824192,tt21824192
The House With a Clock In Its Walls,tt2119543,tt2119543
The Hunger Games,tt1392170,tt1392170
The Hunger Games: Catching Fire,tt1951264,tt1951264
The Hunger Games: Mockingjay - Part 1,tt1951265,tt1951265
The Hunger Games: Mockingjay - Part 2,tt1951266,tt1951266
The Hunt,tt8244784,tt8244784
The Internship,tt2234155,tt2234155
The Invisible Man,tt1051906,tt1051906
The Judge,tt1872194,tt1872194
The Last Exorcism,tt1320244,tt1320244
The Last Voyage of the Demeter,tt1001520,tt1001520
The Last Witch Hunter,tt1618442,tt1618442
The Legend of Hercules,tt1043726,tt1043726
The LEGO Movie,tt1490017,tt1490017
The Lincoln Lawyer,tt1189340,tt1189340
The Lion King,tt6105098,tt6105098
The Lodge,tt7347846,tt7347846
The Loft,tt1850397,tt1850397
The Longest Ride,tt2726560,tt2726560
The Martian,tt3659388,tt3659388
The Maze Runner,tt1790864,tt1790864
The Meg,tt4779682,tt4779682
The Menu,tt9764362,tt9764362
The Mummy,tt2345759,tt2345759
The Nice Guys,tt3799694,tt3799694
The Northman,tt11138512,tt11138512
The Nun,tt5814060,tt5814060
The Other Side of the Door,tt3702652,tt3702652
The Other Woman,tt2203939,tt2203939
The Place Beyond the Pines,tt1817273,tt1817273
The Purge,tt2184339,tt2184339
The Purge: Anarchy,tt2975578,tt2975578
The Purge: Election Year,tt4094724,tt4094724
The Revenant,tt1663202,tt1663202
The Scorpion King 3: Battle for Redemption,tt1781896,tt1781896
The Secret Life of Pets,tt2709768,tt2709768
The Shack,tt2872518,tt2872518
The Snowman,tt1758810,tt1758810
The Space Between Us,tt3922818,tt3922818
The Spy Who Dumped Me,tt6663582,tt6663582
The Suicide Squad,tt6334354,tt6334354
The Super Mario Bros. Movie,tt6718170,tt6718170
The Theory of Everything,tt2980516,tt2980516
The Three Musketeers Part I: D'Artagnan,tt12672536,tt12672536
The Three Musketeers Part II: Milady,tt12672620,tt12672620
The Turning,tt7510346,tt7510346
The Twilight Saga: Breaking Dawn - Part 2,tt1673434,tt1673434
The Unbearable Weight of Massive Talent,tt11291274,tt11291274
The Visit,tt3567288,tt3567288
The Voices,tt1567437,tt1567437
The Way Back,tt1023114,tt1023114
The Wolf's Call,tt7458762,tt7458762
The Wolverine,tt1430132,tt1430132
The Woman In Black,tt1596365,tt1596365
The Woman King,tt8093700,tt8093700
The World's End,tt1213663,tt1213663
The Young Messiah,tt1002563,tt1002563
This Is 40,tt1758830,tt1758830
This Is the End,tt1245492,tt1245492
Thor: Ragnarok,tt3501632,tt3501632
Thor: The Dark World,tt1981115,tt1981115
Tomorrowland,tt1964418,tt1964418
Toy Story 4,tt1979376,tt1979376
Tracks,tt2167266,tt2167266
Trainwreck,tt3152624,tt3152624
Transformers: Age of Extinction,tt2109248,tt2109248
Transformers: Dark of the Moon,tt1399103,tt1399103
Transformers: The Last Knight,tt3371366,tt3371366
Triple 9,tt1712261,tt1712261
Trolls World Tour,tt6587640,tt6587640
Turbo,tt1860353,tt1860353
Twisters,tt12584954,tt12584954
Unbroken,tt1809398,tt1809398
Uncharted,tt1464335,tt1464335
Uncut Gems,tt5727208,tt5727208
Underwater,tt5774060,tt5774060
Unfriended,tt3713166,tt3713166
Up In the Air,tt1193138,tt1193138
Upgrade,tt6499752,tt6499752
Us,tt6857112,tt6857112
Valerian and the City of a Thousand Planets,tt2239822,tt2239822
Venom,tt1270797,tt1270797
Venom: Let There Be Carnage,tt7097896,tt7097896
Vivarium,tt8368406,tt8368406
Walk of Shame,tt2463288,tt2463288
War for the Planet of the Apes,tt3450958,tt3450958
Warm Bodies,tt1588173,tt1588173
Water for Elephants,tt1067583,tt1067583
We Bought a Zoo,tt1389137,tt1389137
We're the Millers,tt1723121,tt1723121
Whiskey Tango Foxtrot,tt3553442,tt3553442
Wicked,tt1262426,tt1262426
Willy Wonka and the Chocolate Factory,tt6803390,tt6803390
Winter's Bone,tt1399683,tt1399683
Wonder,tt2543472,tt2543472
Woodlawn,tt4183692,tt4183692
Wreck-It Ralph,tt1772341,tt1772341
X-Men: Apocalypse,tt3385516,tt3385516
X-Men: Dark Phoenix,tt6565702,tt6565702
X-Men: Days of Future Past,tt1877832,tt1877832
X-Men: First Class,tt1270798,tt1270798
Yesterday,tt8079248,tt8079248
Zombieland: Double Tap,tt1560220,tt1560220
American Sniper,tt2179136,tt2179136
Asteroid City,tt14230388,tt14230388
By the Sea,tt3707106,tt3707106
10 Cloverfield Lane,tt1179933,tt1179933
13 Hours: The Secret Soldiers of Benghazi,tt4172430,tt4172430
1917,tt8579674,tt8579674
21 & Over,tt1711425,tt1711425
21 Bridges,tt8688634,tt8688634
21 Jump Street,tt1232829,tt1232829
22 Jump Street,tt2294449,tt2294449
300: Rise of an Empire,tt1253863,tt1253863
47 Meters Down,tt2932536,tt2932536
47 Ronin,tt1335975,tt1335975
A Christmas Story,tt10326928,tt10326928
A Cure for Wellness,tt4731136,tt4731136
A Glitch in the Matrix,tt9847360,tt9847360
A Good Day to Die Hard,tt1606378,tt1606378
A Haunting in Venice,tt22687790,tt22687790
A Nightmare on Elm Street,tt1179056,tt1179056
A Quiet Place,tt6644200,tt6644200
A Simple Favor,tt7040874,tt7040874
A Star Is Born,tt1517451,tt1517451
Abraham Lincoln: Vampire Hunter,tt1611224,tt1611224
Ad Astra,tt2935510,tt2935510
Admission,tt1814621,tt1814621
Alien: Covenant,tt2316204,tt2316204
American Hustle,tt1800241,tt1800241
Anchorman 2: The Legend Continues,tt1229340,tt1229340
Anna,tt1715336,tt1715336
Annabelle,tt3322940,tt3322940
Annabelle: Creation,tt5140878,tt5140878
Annihilation,tt2798920,tt2798920
Antebellum,tt10065694,tt10065694
Aquaman,tt8457394,tt8457394
Arrival,tt2543164,tt2543164
Arthur Christmas,tt1430607,tt1430607
"As Above, So Below",tt2870612,tt2870612
Avengers: Age of Ultron,tt2395427,tt2395427
Avengers: Endgame,tt4154796,tt4154796
Baby Driver,tt3890160,tt3890160
Bad Words,tt2170299,tt2170299
Barbie,tt1517268,tt1517268
Battleship,tt1440129,tt1440129
Baywatch,tt1469304,tt1469304
Beauty and the Beast,tt2771200,tt2771200
Big Eyes,tt1126590,tt1126590
Big Hero 6,tt2245084,tt2245084
Birdman,tt5130912,tt5130912
Birds of Prey and the Fantabulous Emancipation of One Harley Quinn,tt7713068,tt7713068
Black Mass,tt1355683,tt1355683
Blackhat,tt2717822,tt2717822
Blockers,tt2531344,tt2531344
Bohemian Rhapsody,tt1727824,tt1727824
Book Club,tt18260564,tt18260564
Boyhood,tt1065073,tt1065073
Brahms: The Boy II,tt9173418,tt9173418
Bridge of Spies,tt3682448,tt3682448
Brightburn,tt7752126,tt7752126
Bros,tt9731598,tt9731598
Bullet Train,tt33452974,tt33452974
Bumblebee,tt4701182,tt4701182
Buried,tt1462758,tt1462758
Cadillac Records,tt1042877,tt1042877
Call Me By Your Name,tt5726616,tt5726616
Captain America: Civil War,tt3498820,tt3498820
Captain America: The Winter Soldier,tt1843866,tt1843866
Captain Marvel,tt4154664,tt4154664
Captain Phillips,tt1535109,tt1535109
Captive,tt8273104,tt8273104
Carrie,tt1939659,tt1939659
Chaos Walking,tt2076822,tt2076822
Chef,tt2883512,tt2883512
Clue,tt23379618,tt23379618
Colossal,tt4680182,tt4680182
Contagion,tt1598778,tt1598778
Contraband,tt1524137,tt1524137
Countdown,tt10039344,tt10039344
Crank: High Voltage,tt1121931,tt1121931
Crawl,tt8364368,tt8364368
Criminal,tt3014866,tt3014866
Crimson Peak,tt2554274,tt2554274
Crypto,tt8563452,tt8563452
Daddy's Home,tt1528854,tt1528854
Daddy's Home 2,tt5657846,tt5657846
Dark Web: Cicada 3301,tt8110246,tt8110246
Darkest Hour,tt4555426,tt4555426
Dawn of the Planet of the Apes,tt2103281,tt2103281
Deadpool,tt1431045,tt1431045
Deadpool & Wolverine,tt6263850,tt6263850
Death on the Nile,tt7657566,tt7657566
Death Race 2,tt1500491,tt1500491
Deepwater Horizon,tt1860357,tt1860357
Despicable Me 2,tt1690953,tt1690953
Dirty Dancing,tt5262792,tt5262792
Divergent,tt1840309,tt1840309
Django Unchained,tt1853728,tt1853728
Doctor Strange,tt1211837,tt1211837
Dolittle,tt6673612,tt6673612
Don Jon,tt2229499,tt2229499
Downsizing,tt1389072,tt1389072
Dr. Seuss' the Lorax,tt1482459,tt1482459
Dredd,tt1343727,tt1343727
Drinking Buddies,tt2265398,tt2265398
Due Date,tt1231583,tt1231583
Dumb and Dumber To,tt2096672,tt2096672
Dumb Money,tt13957560,tt13957560
Dune,tt1160419,tt1160419
Dungeons & Dragons Honor Among Thieves,tt2906216,tt2906216
Earth: One Amazing Day,tt6238896,tt6238896
Easy A,tt1282140,tt1282140
Elemental,tt15789038,tt15789038
ELLIS,tt5109770,tt5109770
Elvis,tt3704428,tt3704428
Ender's Game,tt1731141,tt1731141
Endless Love,tt2318092,tt2318092
Escape Plan,tt1211956,tt1211956
Escape Room,tt5748392,tt5748392
Escape Room: Tournament of Champions,tt9844522,tt9844522
Everest,tt2719848,tt2719848
Everything Everywhere All at Once,tt6710474,tt6710474
Ex Machina,tt1043842,tt1043842
Eye In the Sky,tt2057392,tt2057392
Fantastic Beasts and Where to Find Them,tt3183660,tt3183660
Fantastic Beasts: The Crimes of Grindelwald,tt4123430,tt4123430
Fantastic Beasts: The Secrets of Dumbledore,tt4123432,tt4123432
Fear of Rain,tt10037014,tt10037014
Fifty Shades Darker,tt4465564,tt4465564
Fifty Shades Freed,tt4477536,tt4477536
Fifty Shades of Grey,tt2322441,tt2322441
Final Destination 5,tt1622979,tt1622979
First Man,tt1213641,tt1213641
Five Feet Apart,tt6472976,tt6472976
Flight,tt1907668,tt1907668
Freaky,tt10919380,tt10919380
Free Guy,tt6264654,tt6264654
Free State of Jones,tt1124037,tt1124037
Friday the 13th Part 3: The Memoriam Documentary,tt3756302,tt3756302
Frozen,tt1323045,tt1323045
Frozen II,tt4520988,tt4520988
Furiosa: A Mad Max Saga,tt12037194,tt12037194
G.I. Joe: Retaliation,tt1583421,tt1583421
G.I. Joe: The Rise of Cobra,tt1046173,tt1046173
Game Night,tt2704998,tt2704998
Gemini Man,tt1025100,tt1025100
Geostorm,tt1981128,tt1981128
Get Him to the Greek,tt1226229,tt1226229
Get Out,tt5052448,tt5052448
Ghostbusters,tt1289401,tt1289401
Ghostbusters: Afterlife,tt4513678,tt4513678
Glass,tt6823368,tt6823368
Gods of Egypt,tt2404233,tt2404233
Gone Girl,tt2267998,tt2267998
Goosebumps 2,tt5664636,tt5664636
Gran Turismo: Based on a True Story,tt4495098,tt4495098
Gravity,tt1454468,tt1454468
Green Room,tt4062536,tt4062536
Guardians of the Galaxy,tt2015381,tt2015381
Guardians of the Galaxy Vol. 2,tt3896198,tt3896198
Guardians of the Galaxy Vol. 3,tt6791350,tt6791350
Hacksaw Ridge,tt2119532,tt2119532
Halloween,tt1502407,tt1502407
Halloween Kills (Extended Cut),tt10665338,tt10665338
Hansel & Gretel,tt1460002,tt1460002
Hansel & Gretel: Witch Hunters,tt1428538,tt1428538
Happy Death Day,tt5308322,tt5308322
Happy Death Day 2U,tt8155288,tt8155288
Hardcore Henry,tt3072482,tt3072482
"Harry Potter and the Deathly Hallows, Part 2",tt1201607,tt1201607
He's Just Not That Into You,tt1001508,tt1001508
Her,tt1798709,tt1798709
Hercules,tt1267297,tt1267297
Hereditary,tt7784604,tt7784604
Hidden Figures,tt4846340,tt4846340
High Life,tt1143110,tt1143110
Hocus Pocus,tt11909878,tt11909878
Holmes & Watson,tt2108535,tt2108535
Homefront,tt2312718,tt2312718
Horrible Bosses,tt1499658,tt1499658
Hot Tub Time Machine 2,tt2637294,tt2637294
How to Train Your Dragon 2,tt1646971,tt1646971
Hustlers,tt5503686,tt5503686
"I, Frankenstein",tt1418377,tt1418377
Identity Thief,tt2024432,tt2024432
If I Stay,tt1355630,tt1355630
Immortals,tt1253864,tt1253864
In Time,tt1637688,tt1637688
Inception,tt1375666,tt1375666
Incredibles 2,tt3606756,tt3606756
Independence Day: Resurgence,tt1628841,tt1628841
Indiana Jones and the Dial of Destiny,tt1462764,tt1462764
Inferno,tt3062096,tt3062096
Inherent Vice,tt1791528,tt1791528
Inside Out,tt2096673,tt2096673
Inside Out 2,tt22022452,tt22022452
Insidious: The Last Key,tt5726086,tt5726086
Instant Family,tt7401588,tt7401588
Into the Woods,tt2180411,tt2180411
Iron Man 2,tt1228705,tt1228705
Iron Man 3,tt1300854,tt1300854
Isn't It Romantic,tt2452244,tt2452244
It,tt6529334,tt6529334
It Chapter Two,tt7349950,tt7349950
It Comes at Night,tt4695012,tt4695012
It Follows,tt3235888,tt3235888
It's Complicated,tt1230414,tt1230414
Jack Reacher: Never Go Back,tt3393786,tt3393786
Jack Ryan: Shadow Recruit,tt1205537,tt1205537
Jackass Presents: Bad Grandpa,tt3063516,tt3063516
Jason Bourne,tt4196776,tt4196776
John Wick,tt2911666,tt2911666
John Wick: Chapter 2,tt4425200,tt4425200
John Wick: Chapter 3 - Parabellum,tt6146586,tt6146586
John Wick: Chapter 4,tt10366206,tt10366206
Joker,tt7286456,tt7286456
Joy,tt2446980,tt2446980
Jumanji: The Next Level,tt7975244,tt7975244
Jumanji: Welcome to the Jungle,tt2283362,tt2283362
Jurassic World Dominion,tt8041270,tt8041270
Jurassic World: Fallen Kingdom,tt4881806,tt4881806
Kick-Ass,tt1250777,tt1250777
Kick-Ass 2,tt1650554,tt1650554
Killers,tt1103153,tt1103153
Killers of the Flower Moon,tt5537002,tt5537002
Kingdom of the Planet of the Apes,tt11389872,tt11389872
Kingsman: The Golden Circle,tt4649466,tt4649466
Kingsman: The Secret Service,tt2802144,tt2802144
Knives Out,tt8946378,tt8946378
Kong: Skull Island,tt3731562,tt3731562
Krampus,tt3850590,tt3850590
La La Land,tt3783958,tt3783958
Labor Day,tt1967545,tt1967545
Lawless,tt1212450,tt1212450
Let's Be Cops,tt1924435,tt1924435
Lexi,tt13451112,tt13451112
Life,tt5442430,tt5442430
Lights Out,tt3605002,tt3605002
Limitless,tt1219289,tt1219289
Little Boy,tt1810683,tt1810683
Live Die Repeat: Edge of Tomorrow,tt1631867,tt1631867
Lockout,tt1592525,tt1592525
Logan,tt3315342,tt3315342
London Has Fallen,tt3300542,tt3300542
Lone Survivor,tt1091191,tt1091191
Long Shot,tt7344360,tt7344360
Love and Monsters,tt2222042,tt2222042
"Love, Simon",tt5164432,tt5164432
Lucy,tt2872732,tt2872732
M3GAN,tt8760708,tt8760708
Ma,tt7958736,tt7958736
Mad Max: Fury Road,tt1392190,tt1392190
Magic Mike,tt1915581,tt1915581
Maleficent,tt1587310,tt1587310
Maleficent: Mistress of Evil,tt4777008,tt4777008
Malignant,tt3811906,tt3811906
Mama,tt35049002,tt35049002
Mamma Mia! Here We Go Again,tt6911608,tt6911608
Maps to the Stars,tt2172584,tt2172584
Maze Runner: The Scorch Trials,tt4046784,tt4046784
Mechanic: Resurrection,tt3522806,tt3522806
Melancholia,tt1527186,tt1527186
Men In Black 3,tt1409024,tt1409024
MIB: International,tt2283336,tt2283336
Midway,tt6924650,tt6924650
Mike and Dave Need Wedding Dates,tt2823054,tt2823054
Minions,tt2293640,tt2293640
Missing Link,tt6348138,tt6348138
Mission: Impossible - Fallout,tt4912910,tt4912910
Mission: Impossible - Ghost Protocol,tt1229238,tt1229238
Mission: Impossible - Rogue Nation,tt2381249,tt2381249
Moana,tt3521164,tt3521164
Monster Hunter,tt6475714,tt6475714
Moon,tt1182345,tt1182345
mother!,tt13039074,tt13039074
Mud,tt1935179,tt1935179
Murder On the Orient Express,tt3402236,tt3402236
My Big Fat Greek Wedding 2,tt3760922,tt3760922
Neighbors 2: Sorority Rising,tt4438848,tt4438848
Night At the Museum: Secret of the Tomb,tt2692250,tt2692250
Nightcrawler,tt2872718,tt2872718
Nightmare Alley,tt7740496,tt7740496
No Hard Feelings,tt15671028,tt15671028
No Strings Attached,tt1411238,tt1411238
Noah,tt1959490,tt1959490
Non-Stop,tt3065978,tt3065978
Nope,tt10954984,tt10954984
Norm of the North,tt7913394,tt7913394
Now You See Me,tt1670345,tt1670345
Now You See Me 2,tt3110958,tt3110958
Oblivion,tt1483013,tt1483013
Ocean's 8,tt5164214,tt5164214
Office Christmas Party,tt1711525,tt1711525
Once Upon a Time...in Hollywood,tt7131622,tt7131622
Orphan,tt1148204,tt1148204
Ouija,tt1204977,tt1204977
Ouija: Origin of Evil,tt4361050,tt4361050
Oz the Great and Powerful,tt1623205,tt1623205
Pacific Rim,tt1663662,tt1663662
Pain & Gain,tt1980209,tt1980209
Paranormal Activity: The Marked Ones,tt2473682,tt2473682
Patriots Day,tt4572514,tt4572514
Pawn Sacrifice,tt1596345,tt1596345
Peppermint,tt6850820,tt6850820
Percy Jackson: Sea of Monsters,tt1854564,tt1854564
Pirates of the Caribbean: Dead Men Tell No Tales,tt1790809,tt1790809
Pirates of the Caribbean: On Stranger Tides,tt1298650,tt1298650
Pitch Perfect,tt1981677,tt1981677
Pitch Perfect 2,tt2848292,tt2848292
Pitch Perfect 3,tt4765284,tt4765284
Pompeii,tt1921064,tt1921064
Poor Things,tt14230458,tt14230458
Pride & Prejudice & Zombies,tt3611056,tt3611056
Project Almanac,tt2436386,tt2436386
Project X,tt1636826,tt1636826
Prometheus,tt1446714,tt1446714
Promised Land,tt2091473,tt2091473
Ralph Breaks the Internet,tt5848272,tt5848272
Rambo: Last Blood,tt1206885,tt1206885
Rango,tt1192628,tt1192628
Ratchet & Clank,tt2865120,tt2865120
Ready or Not,tt7798634,tt7798634
Ready Player One,tt1677720,tt1677720
Red 2,tt1821694,tt1821694
Red Riding Hood,tt1486185,tt1486185
Red Rocket,tt13453006,tt13453006
Red Sparrow,tt2873282,tt2873282
Resident Evil: Afterlife,tt1220634,tt1220634
Resident Evil: Retribution,tt1855325,tt1855325
Resident Evil: The Final Chapter,tt2592614,tt2592614
Ride Along,tt1408253,tt1408253
Ride Along 2,tt2869728,tt2869728
Rio 2,tt2357291,tt2357291
Rise of the Planet of the Apes,tt1318514,tt1318514
Rock the Kasbah,tt3164256,tt3164256
Rocketman,tt2066051,tt2066051
Rogue One: A Star Wars Story,tt3748528,tt3748528
Rough Night,tt4799050,tt4799050
Rush,tt1979320,tt1979320
Sabotage,tt1742334,tt1742334
Safe,tt1656190,tt1656190
Safe House,tt1599348,tt1599348
San Andreas,tt2126355,tt2126355
Savages,tt1615065,tt1615065
Saving Mr. Banks,tt2140373,tt2140373
Saw 3D,tt1477076,tt1477076
Saw V,tt1132626,tt1132626
Saw VI,tt1233227,tt1233227
Saw X,tt21807222,tt21807222
Scary Stories to Tell In the Dark,tt3387520,tt3387520
SCOOB!,tt3152592,tt3152592
Seeking a Friend for the End of the World,tt1307068,tt1307068
Self/Less,tt2140379,tt2140379
Selma,tt1020072,tt1020072
Seven Psychopaths,tt1931533,tt1931533
Seventh Son,tt1121096,tt1121096
Sex and the City: The Movie,tt16976248,tt16976248
Sherlock Gnomes,tt2296777,tt2296777
Shutter Island,tt1130884,tt1130884
Sicario,tt3397884,tt3397884
Silent House,tt1767382,tt1767382
Silver Linings Playbook,tt1045658,tt1045658
Sing,tt3470600,tt3470600
Sing 2,tt6467266,tt6467266
Sinister,tt1922777,tt1922777
Skyfall,tt1074638,tt1074638
Skyscraper,tt5758778,tt5758778
Sleepless,tt2072233,tt2072233
Smile,tt15474916,tt15474916
Snatched,tt2334871,tt2334871
Snowden,tt3774114,tt3774114
Snowpiercer,tt1706620,tt1706620
Sonic The Hedgehog,tt3794354,tt3794354
Sonic the Hedgehog 2,tt12412888,tt12412888
Sonic The Hedgehog 3,tt18259086,tt18259086
Spectre,tt2379713,tt2379713
Spell,tt10736580,tt10736580
Spider-Man: Across the Spider-Verse,tt9362722,tt9362722
Spider-Man: Far From Home,tt6320628,tt6320628
Spider-Man: Homecoming,tt2250912,tt2250912
Spider-Man: No Way Home,tt10872600,tt10872600
Split,tt4972582,tt4972582
Spotlight,tt1895587,tt1895587
Star Trek Beyond,tt2660888,tt2660888
Star Trek Into Darkness,tt1408101,tt1408101
Star Wars: The Force Awakens,tt10321138,tt10321138
Star Wars: The Rise of Skywalker,tt15662564,tt15662564
Subservience,tt24871974,tt24871974
Suicide Squad,tt1386697,tt1386697
Superman: The Movie,tt5852184,tt5852184
Taken 2,tt1397280,tt1397280
Taken 3,tt2446042,tt2446042
Talk To Me,tt10638522,tt10638522
Ted,tt1637725,tt1637725
Teenage Mutant Ninja Turtles,tt1291150,tt1291150
Teenage Mutant Ninja Turtles: Out of the Shadows,tt3949660,tt3949660
Tenet,tt6723592,tt6723592
Terminator Genisys,tt1340138,tt1340138
Terminator: Dark Fate,tt6450804,tt6450804
Texas Chainsaw,tt1572315,tt1572315
The Adjustment Bureau,tt1385826,tt1385826
The Age of Adaline,tt1655441,tt1655441
The Amazing Spider-Man 2,tt1872181,tt1872181
The Batman,tt1877830,tt1877830
The Big Short,tt1596363,tt1596363
The Black Phone,tt7144666,tt7144666
The Bourne Legacy,tt1194173,tt1194173
The Boy Next Door,tt3181822,tt3181822
The Broken Hearts Gallery,tt2140571,tt2140571
The Bye Bye Man,tt4030600,tt4030600
The Cabin In the Woods,tt1259521,tt1259521
The Call of the Wild,tt7504726,tt7504726
The Choice,tt3797868,tt3797868
The Conjuring,tt1457767,tt1457767
The Conjuring: The Devil Made Me Do It,tt7069210,tt7069210
The Courier,tt8368512,tt8368512
The Dark Knight Rises,tt1345836,tt1345836
The Darkness,tt1878841,tt1878841
The Disappearance of Eleanor Rigby: Them,tt3729920,tt3729920
The Divergent Series: Insurgent,tt2908446,tt2908446
The DUFF,tt1666801,tt1666801
The Endless,tt3986820,tt3986820
The Expendables,tt1320253,tt1320253
The Expendables 2,tt1764651,tt1764651
The Fate of the Furious,tt4630562,tt4630562
The First Purge,tt6133466,tt6133466
The Forest,tt3387542,tt3387542
The Gambler,tt2039393,tt2039393
The Gentlemen,tt8367814,tt8367814
The Girl on the Train,tt3631112,tt3631112
The Good Liar,tt5563334,tt5563334
The Grand Budapest Hotel,tt2278388,tt2278388
The Great Gatsby,tt1343092,tt1343092
The Great Wall,tt2034800,tt2034800
The Green Inferno,tt2403021,tt2403021
The Grey,tt1601913,tt1601913
The Guest,tt2980592,tt2980592
The Guilt Trip,tt1694020,tt1694020
The Gunman,tt2515034,tt2515034
The Hangover,tt1119646,tt1119646
The Hangover Part II,tt1411697,tt1411697
The Happytime Murders,tt1308728,tt1308728
The Hateful Eight,tt3460252,tt3460252
The Heat,tt2404463,tt2404463
The Hitman's Bodyguard,tt1959563,tt1959563
The Hobbit: The Battle of the Five Armies,tt2310332,tt2310332
The Hobbit: The Desolation of Smaug,tt1170358,tt1170358
The Hobbit: The Desolation of Smaug,tt21824192,tt21824192
The House With a Clock In Its Walls,tt2119543,tt2119543
The Hunger Games,tt1392170,tt1392170
The Hunger Games: Catching Fire,tt1951264,tt1951264
The Hunger Games: Mockingjay - Part 1,tt1951265,tt1951265
The Hunger Games: Mockingjay - Part 2,tt1951266,tt1951266
The Hunt,tt8244784,tt8244784
The Internship,tt2234155,tt2234155
The Invisible Man,tt1051906,tt1051906
The Judge,tt1872194,tt1872194
The Last Exorcism,tt1320244,tt1320244
The Last Voyage of the Demeter,tt1001520,tt1001520
The Last Witch Hunter,tt1618442,tt1618442
The Legend of Hercules,tt1043726,tt1043726
The LEGO Movie,tt1490017,tt1490017
The Lincoln Lawyer,tt1189340,tt1189340
The Lion King,tt6105098,tt6105098
The Lodge,tt7347846,tt7347846
The Loft,tt1850397,tt1850397
The Longest Ride,tt2726560,tt2726560
The Martian,tt3659388,tt3659388
The Maze Runner,tt1790864,tt1790864
The Meg,tt4779682,tt4779682
The Menu,tt9764362,tt9764362
The Mummy,tt2345759,tt2345759
The Nice Guys,tt3799694,tt3799694
The Northman,tt11138512,tt11138512
The Nun,tt5814060,tt5814060
The Other Side of the Door,tt3702652,tt3702652
The Other Woman,tt2203939,tt2203939
The Place Beyond the Pines,tt1817273,tt1817273
The Purge,tt2184339,tt2184339
The Purge: Anarchy,tt2975578,tt2975578
The Purge: Election Year,tt4094724,tt4094724
The Revenant,tt1663202,tt1663202
The Scorpion King 3: Battle for Redemption,tt1781896,tt1781896
The Secret Life of Pets,tt2709768,tt2709768
The Shack,tt2872518,tt2872518
The Snowman,tt1758810,tt1758810
The Space Between Us,tt3922818,tt3922818
The Spy Who Dumped Me,tt6663582,tt6663582
The Suicide Squad,tt6334354,tt6334354
The Super Mario Bros. Movie,tt6718170,tt6718170
The Theory of Everything,tt2980516,tt2980516
The Three Musketeers Part I: D'Artagnan,tt12672536,tt12672536
The Three Musketeers Part II: Milady,tt12672620,tt12672620
The Turning,tt7510346,tt7510346
The Twilight Saga: Breaking Dawn - Part 2,tt1673434,tt1673434
The Unbearable Weight of Massive Talent,tt11291274,tt11291274
The Visit,tt3567288,tt3567288
The Voices,tt1567437,tt1567437
The Way Back,tt1023114,tt1023114
The Wolf's Call,tt7458762,tt7458762
The Wolverine,tt1430132,tt1430132
The Woman In Black,tt1596365,tt1596365
The Woman King,tt8093700,tt8093700
The World's End,tt1213663,tt1213663
The Young Messiah,tt1002563,tt1002563
This Is 40,tt1758830,tt1758830
This Is the End,tt1245492,tt1245492
Thor: Ragnarok,tt3501632,tt3501632
Thor: The Dark World,tt1981115,tt1981115
Tomorrowland,tt1964418,tt1964418
Toy Story 4,tt1979376,tt1979376
Tracks,tt2167266,tt2167266
Trainwreck,tt3152624,tt3152624
Transformers: Age of Extinction,tt2109248,tt2109248
Transformers: Dark of the Moon,tt1399103,tt1399103
Transformers: The Last Knight,tt3371366,tt3371366
Triple 9,tt1712261,tt1712261
Trolls World Tour,tt6587640,tt6587640
Turbo,tt1860353,tt1860353
Twisters,tt12584954,tt12584954
Unbroken,tt1809398,tt1809398
Uncharted,tt1464335,tt1464335
Uncut Gems,tt5727208,tt5727208
Underwater,tt5774060,tt5774060
Unfriended,tt3713166,tt3713166
Up In the Air,tt1193138,tt1193138
Upgrade,tt6499752,tt6499752
Us,tt6857112,tt6857112
Valerian and the City of a Thousand Planets,tt2239822,tt2239822
Venom,tt1270797,tt1270797
Venom: Let There Be Carnage,tt7097896,tt7097896
Vivarium,tt8368406,tt8368406
Walk of Shame,tt2463288,tt2463288
War for the Planet of the Apes,tt3450958,tt3450958
Warm Bodies,tt1588173,tt1588173
Water for Elephants,tt1067583,tt1067583
We Bought a Zoo,tt1389137,tt1389137
We're the Millers,tt1723121,tt1723121
Whiskey Tango Foxtrot,tt3553442,tt3553442
Wicked,tt1262426,tt1262426
Willy Wonka and the Chocolate Factory,tt6803390,tt6803390
Winter's Bone,tt1399683,tt1399683
Wonder,tt2543472,tt2543472
Woodlawn,tt4183692,tt4183692
Wreck-It Ralph,tt1772341,tt1772341
X-Men: Apocalypse,tt3385516,tt3385516
X-Men: Dark Phoenix,tt6565702,tt6565702
X-Men: Days of Future Past,tt1877832,tt1877832
X-Men: First Class,tt1270798,tt1270798
Yesterday,tt8079248,tt8079248
Zombieland: Double Tap,tt1560220,tt1560220
American Sniper,tt2179136,tt2179136
Asteroid City,tt14230388,tt14230388
By the Sea,tt3707106,tt3707106
10 Cloverfield Lane,tt1179933,tt1179933,333371
13 Hours: The Secret Soldiers of Benghazi,tt4172430,tt4172430,300671
1917,tt8579674,tt8579674,530915
21 & Over,tt1711425,tt1711425,107811
21 Bridges,tt8688634,tt8688634,535292
21 Jump Street,tt1232829,tt1232829,64688
22 Jump Street,tt2294449,tt2294449,187017
300,tt0416449,tt33397756,1271
300: Rise of an Empire,tt1253863,tt1253863,53182
47 Meters Down,tt2932536,tt2932536,403119
47 Ronin,tt1335975,tt1335975,64686
A Christmas Story,tt10326928,tt10326928,606117
A Cure for Wellness,tt4731136,tt4731136,340837
A Glitch in the Matrix,tt9847360,tt9847360,696109
A Good Day to Die Hard,tt1606378,tt1606378,47964
A Haunting in Venice,tt22687790,tt22687790,945729
A Million Ways to Die In the West,,tt2557490,
A Nightmare on Elm Street,tt1179056,tt1179056,
A Quiet Place,tt6644200,tt6644200,447332
A Simple Favor,tt7040874,tt7040874,484247
A Star Is Born,tt1517451,tt1517451,332562
Abraham Lincoln: Vampire Hunter,tt1611224,tt1611224,72331
Ad Astra,tt2935510,tt2935510,419704
Admission,tt1814621,tt1814621,144340
Alien: Covenant,tt2316204,tt2316204,126889
American Hustle,tt1800241,tt1800241,168672
Anchorman 2: The Legend Continues,tt1229340,tt1229340,109443
Anna,tt1715336,tt1715336,227700
Annabelle,tt3322940,tt3322940,250546
Annabelle: Creation,tt5140878,tt5140878,396422
Annihilation,tt2798920,tt2798920,300668
Antebellum,tt10065694,tt10065694,627290
Aquaman,tt8457394,tt8457394,513736
Arrival,tt2543164,tt2543164,329865
Arthur Christmas,tt1430607,tt1430607,51052
"As Above, So Below",tt2870612,tt2870612,256274
Avengers: Age of Ultron,tt2395427,tt2395427,99861
Avengers: Endgame,tt4154796,tt4154796,299534
Baby Driver,tt3890160,tt3890160,339403
Bad Words,tt2170299,tt2170299,209403
Barbie,tt1517268,tt1517268,346698
Battleship,tt1440129,tt1440129,44833
Baywatch,tt1469304,tt1469304,339846
Beauty and the Beast,tt2771200,tt2771200,321612
Big Eyes,tt1126590,tt1126590,87093
Big Hero 6,tt2245084,tt2245084,177572
Birdman,tt5130912,tt5130912,435092
Birds of Prey and the Fantabulous Emancipation of One Harley Quinn,tt7713068,tt7713068,495764
Black Mass,tt1355683,tt1355683,261023
Blackhat,tt2717822,tt2717822,201088
Blockers,tt2531344,tt2531344,437557
Bohemian Rhapsody,tt1727824,tt1727824,424694
Bombshell,tt0023825,tt6394270,43601
Book Club,tt18260564,tt18260564,1010826
Boyhood,tt1065073,tt1065073,85350
Brahms: The Boy II,tt9173418,tt9173418,555974
Bridesmaids,,tt1478338,
Bridge of Spies,tt3682448,tt3682448,296098
Brightburn,tt7752126,tt7752126,531309
Bros,tt9731598,tt9731598,614939
Bullet Train,tt33452974,tt33452974,1276073
Bumblebee,tt4701182,tt4701182,424783
Buried,tt1462758,tt1462758,26388
Cadillac Records,tt1042877,tt1042877,14299
Call Me By Your Name,tt5726616,tt5726616,398818
Captain America: Civil War,tt3498820,tt3498820,271110
Captain America: The Winter Soldier,tt1843866,tt1843866,100402
Captain Marvel,tt4154664,tt4154664,299537
Captain Phillips,tt1535109,tt1535109,109424
Captive,tt8273104,tt8273104,759213
Carrie,tt1939659,tt1939659,
Chaos Walking,tt2076822,tt2076822,412656
Chef,tt2883512,tt2883512,212778
Clue,tt23379618,tt23379618,938442
Colossal,tt4680182,tt4680182,339967
Contagion,tt1598778,tt1598778,39538
Contraband,tt1524137,tt1524137,77866
Countdown,tt10039344,tt10039344,599975
Crank: High Voltage,tt1121931,tt1121931,15092
Crawl,tt8364368,tt8364368,511987
Criminal,tt3014866,tt3014866,302156
Crimson Peak,tt2554274,tt2554274,201085
Crypto,tt8563452,tt8563452,567733
Daddy's Home,tt1528854,tt1528854,274167
Daddy's Home 2,tt5657846,tt5657846,419680
Dark Web: Cicada 3301,tt8110246,tt8110246,791469
Darkest Hour,tt4555426,tt4555426,399404
Dawn of the Planet of the Apes,tt2103281,tt2103281,119450
Deadpool,tt1431045,tt1431045,293660
Deadpool & Wolverine,tt6263850,tt6263850,533535
Death on the Nile,tt7657566,tt7657566,
Death Race 2,tt1500491,tt1500491,51620
Deepwater Horizon,tt1860357,tt1860357,296524
Despicable Me 2,tt1690953,tt1690953,93456
Dirty Dancing,tt5262792,tt5262792,444902
Dirty Grandpa,,tt1860213,
Divergent,tt1840309,tt1840309,157350
Django Unchained,tt1853728,tt1853728,68718
Doctor Strange,tt1211837,tt1211837,284052
Dolittle,tt6673612,tt6673612,448119
Don Jon,tt2229499,tt2229499,138697
Downsizing,tt1389072,tt1389072,301337
Dr. Seuss' the Lorax,tt1482459,tt1482459,73723
Dredd,tt1343727,tt1343727,49049
Drinking Buddies,tt2265398,tt2265398,172533
Due Date,tt1231583,tt1231583,41733
Dumb and Dumber To,tt2096672,tt2096672,100042
Dumb Money,tt13957560,tt13957560,792293
Dune,tt1160419,tt1160419,438631
Dungeons & Dragons Honor Among Thieves,tt2906216,tt2906216,493529
Earth: One Amazing Day,tt6238896,tt6238896,464593
Easy A,tt1282140,tt1282140,37735
Elemental,tt15789038,tt15789038,
ELLIS,tt5109770,tt5109770,449911
Elvis,tt3704428,tt3704428,614934
Ender's Game,tt1731141,tt1731141,80274
Escape Plan,tt1211956,tt1211956,107846
Escape Room,tt5748392,tt5748392,431259
Escape Room: Tournament of Champions,tt9844522,tt9844522,585216
Everest,tt2719848,tt2719848,
Everything Everywhere All at Once,tt6710474,tt6710474,545611
Ex Machina,tt1043842,tt1043842,13981
Eye In the Sky,tt2057392,tt2057392,333352
Fantastic Beasts and Where to Find Them,tt3183660,tt3183660,259316
Fantastic Beasts: The Crimes of Grindelwald,tt4123430,tt4123430,338952
Fantastic Beasts: The Secrets of Dumbledore,tt4123432,tt4123432,338953
Fear of Rain,tt10037014,tt10037014,599281
Fifty Shades Darker,tt4465564,tt4465564,341174
Fifty Shades Freed,tt4477536,tt4477536,337167
Fifty Shades of Grey,tt2322441,tt2322441,216015
Final Destination 5,tt1622979,tt1622979,55779
First Man,tt1213641,tt1213641,369972
Five Feet Apart,tt6472976,tt6472976,527641
Flight,tt1907668,tt1907668,87502
Freaky,tt10919380,tt10919380,551804
Free Guy,tt6264654,tt6264654,550988
Free State of Jones,tt1124037,tt1124037,316152
Friday the 13th Part 3: The Memoriam Documentary,tt3756302,tt3756302,498334
Frozen,tt1323045,tt1323045,44363
Frozen II,tt4520988,tt4520988,330457
Furiosa: A Mad Max Saga,tt12037194,tt12037194,786892
Furious 7,,tt2820852,
G.I. Joe: Retaliation,tt1583421,tt1583421,72559
G.I. Joe: The Rise of Cobra,tt1046173,tt1046173,14869
Game Night,tt2704998,tt2704998,
Gemini Man,tt1025100,tt1025100,453405
Geostorm,tt1981128,tt1981128,274855
Get Him to the Greek,tt1226229,tt1226229,32823
Get Out,tt5052448,tt5052448,419430
Ghostbusters,tt1289401,tt1289401,43074
Ghostbusters: Afterlife,tt4513678,tt4513678,425909
Glass,tt6823368,tt6823368,450465
Gods of Egypt,tt2404233,tt2404233,205584
Gone Girl,tt2267998,tt2267998,210577
Goosebumps 2,tt5664636,tt5664636,442062
Gran Turismo: Based on a True Story,tt4495098,tt4495098,980489
Gravity,tt1454468,tt1454468,49047
Green Room,tt4062536,tt4062536,313922
Guardians of the Galaxy,tt2015381,tt2015381,118340
Guardians of the Galaxy Vol. 2,tt3896198,tt3896198,283995
Guardians of the Galaxy Vol. 3,tt6791350,tt6791350,447365
Hacksaw Ridge,tt2119532,tt2119532,324786
Halloween,tt1502407,tt1502407,1400676
Halloween Kills (Extended Cut),tt10665338,tt10665338,610253
Hansel & Gretel,tt1460002,tt1460002,117150
Hansel & Gretel: Witch Hunters,tt1428538,tt1428538,60304
Happy Death Day,tt5308322,tt5308322,440021
Happy Death Day 2U,tt8155288,tt8155288,512196
Hardcore Henry,tt3072482,tt3072482,325348
"Harry Potter and the Deathly Hallows, Part 2",tt1201607,tt1201607,12445
He's Just Not That Into You,tt1001508,tt1001508,10184
Her,tt1798709,tt1798709,152601
Hercules,tt1267297,tt1267297,184315
Hereditary,tt7784604,tt7784604,493922
Hidden Figures,tt4846340,tt4846340,381284
High Life,tt1143110,tt1143110,29388
Hocus Pocus,tt11909878,tt11909878,642885
Holmes & Watson,tt2108535,tt2108535,122191
Homefront,tt2312718,tt2312718,204082
Horrible Bosses,tt1499658,tt1499658,51540
Hot Tub Time Machine,,tt1231587,
Hot Tub Time Machine 2,tt2637294,tt2637294,243938
How to Train Your Dragon 2,tt1646971,tt1646971,82702
Hustlers,tt5503686,tt5503686,540901
"I, Frankenstein",tt1418377,tt1418377,100241
Identity Thief,tt2024432,tt2024432,109431
If I Stay,tt1355630,tt1355630,249164
Immortals,tt1253864,tt1253864,37958
In Time,tt1637688,tt1637688,49530
Inception,tt1375666,tt1375666,27205
Incredibles 2,tt3606756,tt3606756,260513
Independence Day: Resurgence,tt1628841,tt1628841,47933
Indiana Jones and the Dial of Destiny,tt1462764,tt1462764,335977
Inferno,tt3062096,tt3062096,207932
Inherent Vice,tt1791528,tt1791528,171274
Inside Out,tt2096673,tt2096673,
Inside Out 2,tt22022452,tt22022452,1022789
Insidious: The Last Key,tt5726086,tt5726086,406563
Instant Family,tt7401588,tt7401588,491418
Into the Woods,tt2180411,tt2180411,
Iron Man 2,tt1228705,tt1228705,10138
Iron Man 3,tt1300854,tt1300854,68721
Isn't It Romantic,tt2452244,tt2452244,
It,tt6529334,tt6529334,662365
It Chapter Two,tt7349950,tt7349950,474350
It Comes at Night,tt4695012,tt4695012,418078
It Follows,tt3235888,tt3235888,270303
It's Complicated,tt1230414,tt1230414,22897
Jack Reacher: Never Go Back,tt3393786,tt3393786,343611
Jack Ryan: Shadow Recruit,tt1205537,tt1205537,137094
Jackass Presents: Bad Grandpa,tt3063516,tt3063516,208134
Jason Bourne,tt4196776,tt4196776,324668
Jigsaw,tt0056121,tt3348730,93193
John Wick,tt2911666,tt2911666,245891
John Wick: Chapter 2,tt4425200,tt4425200,324552
John Wick: Chapter 3 - Parabellum,tt6146586,tt6146586,458156
John Wick: Chapter 4,tt10366206,tt10366206,603692
Joker,tt7286456,tt7286456,475557
Joy,tt2446980,tt2446980,274479
Jumanji: The Next Level,tt7975244,tt7975244,512200
Jumanji: Welcome to the Jungle,tt2283362,tt2283362,353486
Jurassic World Dominion,tt8041270,tt8041270,507086
Jurassic World: Fallen Kingdom,tt4881806,tt4881806,351286
Kick-Ass,tt1250777,tt1250777,23483
Kick-Ass 2,tt1650554,tt1650554,59859
Killers,tt1103153,tt1103153,37821
Killers of the Flower Moon,tt5537002,tt5537002,466420
Kingdom of the Planet of the Apes,tt11389872,tt11389872,653346
Kingsman: The Golden Circle,tt4649466,tt4649466,343668
Kingsman: The Secret Service,tt2802144,tt2802144,207703
Knives Out,tt8946378,tt8946378,546554
Kong: Skull Island,tt3731562,tt3731562,293167
Krampus,tt3850590,tt3850590,287903
La La Land,tt3783958,tt3783958,313369
Labor Day,tt1967545,tt1967545,130150
Labyrinth,tt0091369,tt32404356,1279315
Lawless,tt1212450,tt1212450,82633
Let's Be Cops,tt1924435,tt1924435,193893
Lexi,tt13451112,tt13451112,930791
Life,tt5442430,tt5442430,395992
Lights Out,tt3605002,tt3605002,259761
Limitless,tt1219289,tt1219289,51876
Little Boy,tt1810683,tt1810683,
Live Die Repeat: Edge of Tomorrow,tt1631867,tt1631867,137113
Lockout,tt1592525,tt1592525,81796
Logan,tt3315342,tt3315342,263115
London Has Fallen,tt3300542,tt3300542,267860
Lone Survivor,tt1091191,tt1091191,193756
Long Shot,tt7344360,tt7344360,477331
Love and Monsters,tt2222042,tt2222042,590223
"Love, Simon",tt5164432,tt5164432,449176
Lucy,tt2872732,tt2872732,240832
M3GAN,tt8760708,tt8760708,536554
Ma,tt7958736,tt7958736,1074284
Mad Max: Fury Road,tt1392190,tt1392190,76341
Magic Mike,tt1915581,tt1915581,77930
Maleficent,tt1587310,tt1587310,102651
Maleficent: Mistress of Evil,tt4777008,tt4777008,420809
Malignant,tt3811906,tt3811906,619778
Mama,tt35049002,tt35049002,1127143
Mamma Mia! Here We Go Again,tt6911608,tt6911608,458423
Maps to the Stars,tt2172584,tt2172584,157851
Maze Runner: The Scorch Trials,tt4046784,tt4046784,294254
Mechanic: Resurrection,tt3522806,tt3522806,278924
Melancholia,tt1527186,tt1527186,62215
Men In Black 3,tt1409024,tt1409024,41154
MIB: International,tt2283336,tt2283336,479455
Midway,tt6924650,tt6924650,522162
Mike and Dave Need Wedding Dates,tt2823054,tt2823054,316023
Minions,tt2293640,tt2293640,211672
Missing Link,tt6348138,tt6348138,458253
Mission: Impossible - Fallout,tt4912910,tt4912910,353081
Mission: Impossible - Ghost Protocol,tt1229238,tt1229238,56292
Mission: Impossible - Rogue Nation,tt2381249,tt2381249,177677
Moana,tt3521164,tt3521164,
Monster Hunter,tt6475714,tt6475714,458576
Moon,tt1182345,tt1182345,17431
mother!,tt13039074,tt13039074,700979
Mud,tt1935179,tt1935179,103731
Murder On the Orient Express,tt3402236,tt3402236,392044
My Big Fat Greek Wedding 2,tt3760922,tt3760922,302688
Neighbors 2: Sorority Rising,tt4438848,tt4438848,325133
Night At the Museum: Secret of the Tomb,tt2692250,tt2692250,181533
Nightcrawler,tt2872718,tt2872718,242582
Nightmare Alley,tt7740496,tt7740496,
No Hard Feelings,tt15671028,tt15671028,884605
No Strings Attached,tt1411238,tt1411238,41630
Noah,tt1959490,tt1959490,86834
Non-Stop,tt3065978,tt3065978,344464
Nope,tt10954984,tt10954984,762504
Norm of the North,tt7913394,tt7913394,545963
Now You See Me,tt1670345,tt1670345,75656
Now You See Me 2,tt3110958,tt3110958,291805
Oblivion,tt1483013,tt1483013,75612
Ocean's 8,tt5164214,tt5164214,402900
Office Christmas Party,tt1711525,tt1711525,384682
Once Upon a Time...in Hollywood,tt7131622,tt7131622,466272
Orphan,tt1148204,tt1148204,21208
Ouija,tt1204977,tt1204977,242512
Ouija: Origin of Evil,tt4361050,tt4361050,335796
Oz the Great and Powerful,tt1623205,tt1623205,68728
Pacific Rim,tt1663662,tt1663662,68726
Pain & Gain,tt1980209,tt1980209,134374
Paranormal Activity 4,,tt2109184,
Paranormal Activity: The Marked Ones,tt2473682,tt2473682,227348
Parasite,tt0084472,tt6751668,48311
Passengers,tt0269697,tt1355644,
Patriots Day,tt4572514,tt4572514,388399
Pawn Sacrifice,tt1596345,tt1596345,245698
Peppermint,tt6850820,tt6850820,458594
Percy Jackson: Sea of Monsters,tt1854564,tt1854564,76285
Pirates of the Caribbean: Dead Men Tell No Tales,tt1790809,tt1790809,166426
Pirates of the Caribbean: On Stranger Tides,tt1298650,tt1298650,1865
Pitch Perfect,tt1981677,tt1981677,114150
Pitch Perfect 2,tt2848292,tt2848292,254470
Pitch Perfect 3,tt4765284,tt4765284,353616
Pompeii,tt1921064,tt1921064,76649
Poor Things,tt14230458,tt14230458,792307
Pride & Prejudice & Zombies,tt3611056,tt3611056,58431
Project Almanac,tt2436386,tt2436386,227719
Project X,tt1636826,tt1636826,57214
Prometheus,tt1446714,tt1446714,70981
Promised Land,tt2091473,tt2091473,133694
Ralph Breaks the Internet,tt5848272,tt5848272,404368
Rambo: Last Blood,tt1206885,tt1206885,522938
Rango,tt1192628,tt1192628,44896
Ratchet & Clank,tt2865120,tt2865120,234004
Ready or Not,tt7798634,tt7798634,567609
Ready Player One,tt1677720,tt1677720,333339
Red 2,tt1821694,tt1821694,146216
Red Riding Hood,tt1486185,tt1486185,49730
Red Rocket,tt13453006,tt13453006,763329
Red Sparrow,tt2873282,tt2873282,401981
Resident Evil: Afterlife,tt1220634,tt1220634,35791
Resident Evil: Retribution,tt1855325,tt1855325,71679
Resident Evil: The Final Chapter,tt2592614,tt2592614,173897
Ride Along,tt1408253,tt1408253,168530
Ride Along 2,tt2869728,tt2869728,323675
Rio 2,tt2357291,tt2357291,172385
Rise of the Planet of the Apes,tt1318514,tt1318514,61791
Rock the Kasbah,tt3164256,tt3164256,253414
Rocketman,tt2066051,tt2066051,504608
Rogue One: A Star Wars Story,tt3748528,tt3748528,330459
Rough Night,tt4799050,tt4799050,397422
Rush,tt1979320,tt1979320,96721
Sabotage,tt1742334,tt1742334,12684
Safe,tt1656190,tt1656190,72387
Safe House,tt1599348,tt1599348,59961
San Andreas,tt2126355,tt2126355,254128
Savages,tt1615065,tt1615065,82525
Saving Mr. Banks,tt2140373,tt2140373,140823
Saw 3D,tt1477076,tt1477076,41439
Saw V,tt1132626,tt1132626,11917
Saw VI,tt1233227,tt1233227,22804
Saw X,tt21807222,tt21807222,951491
Scary Stories to Tell In the Dark,tt3387520,tt3387520,417384
SCOOB!,tt3152592,tt3152592,385103
Seeking a Friend for the End of the World,tt1307068,tt1307068,88005
Self/Less,tt2140379,tt2140379,238615
Selma,tt1020072,tt1020072,273895
Seven Psychopaths,tt1931533,tt1931533,86838
Seventh Son,tt1121096,tt1121096,68737
Sex and the City: The Movie,tt16976248,tt16976248,4564
Sherlock Gnomes,tt2296777,tt2296777,370567
Shutter Island,tt1130884,tt1130884,11324
Sicario,tt3397884,tt3397884,273481
Silence,tt0490215,tt5844048,68730
Silent House,tt1767382,tt1767382,92182
Silver Linings Playbook,tt1045658,tt1045658,82693
Sing,tt3470600,tt3470600,335797
Sing 2,tt6467266,tt6467266,438695
Sinister,tt1922777,tt1922777,82507
Sisters,,tt1850457,
Skyfall,tt1074638,tt1074638,37724
Skyscraper,tt5758778,tt5758778,447200
Sleepless,tt2072233,tt2072233,324542
Smile,tt15474916,tt15474916,42264
Snatched,tt2334871,tt2334871,373569
Snowden,tt3774114,tt3774114,302401
Snowpiercer,tt1706620,tt1706620,110415
Sonic The Hedgehog,tt3794354,tt3794354,939243
Sonic the Hedgehog 2,tt12412888,tt12412888,675353
Sonic The Hedgehog 3,tt18259086,tt18259086,939243
Spectre,tt2379713,tt2379713,206647
Spell,tt10736580,tt10736580,621151
Spider-Man: Across the Spider-Verse,tt9362722,tt9362722,569094
Spider-Man: Far From Home,tt6320628,tt6320628,429617
Spider-Man: No Way Home,tt10872600,tt10872600,634649
Spiral: From the Book of Saw,,tt10342730,602734
Split,tt4972582,tt4972582,
Spotlight,tt1895587,tt1895587,314365
Star Trek Beyond,tt2660888,tt2660888,188927
Star Trek Into Darkness,tt1408101,tt1408101,54138
Star Wars: The Force Awakens,tt10321138,tt10321138,140607
Star Wars: The Rise of Skywalker,tt15662564,tt15662564,181812
Subservience,tt24871974,tt24871974,1064028
Suicide Squad,tt1386697,tt1386697,
Superman: The Movie,tt5852184,tt5852184,457825
Taken 2,tt1397280,tt1397280,82675
Taken 3,tt2446042,tt2446042,260346
Talk To Me,tt10638522,tt10638522,1008042
Ted,tt1637725,tt1637725,72105
Ted 2,,tt2637276,
Teenage Mutant Ninja Turtles,tt1291150,tt1291150,
Teenage Mutant Ninja Turtles: Out of the Shadows,tt3949660,tt3949660,308531
Tenet,tt6723592,tt6723592,577922
Terminator Genisys,tt1340138,tt1340138,87101
Terminator: Dark Fate,tt6450804,tt6450804,290859
Texas Chainsaw,tt1572315,tt1572315,9373
The Adjustment Bureau,tt1385826,tt1385826,38050
The Age of Adaline,tt1655441,tt1655441,293863
The Amazing Spider-Man 2,tt1872181,tt1872181,102382
The Batman,tt1877830,tt1877830,414906
The Big Short,tt1596363,tt1596363,318846
The Black Phone,tt7144666,tt7144666,756999
The Boss,,tt2702724,
The Bourne Legacy,tt1194173,tt1194173,49040
The Boy Next Door,tt3181822,tt3181822,
The Broken Hearts Gallery,tt2140571,tt2140571,616251
The Bye Bye Man,tt4030600,tt4030600,292280
The Cabin In the Woods,tt1259521,tt1259521,22970
The Call of the Wild,tt7504726,tt7504726,481848
The Choice,tt3797868,tt3797868,330483
The Conjuring,tt1457767,tt1457767,138843
The Conjuring: The Devil Made Me Do It,tt7069210,tt7069210,423108
The Courier,tt8368512,tt8368512,
The Dark Knight Rises,tt1345836,tt1345836,49026
The Darkness,tt1878841,tt1878841,257345
The Disappearance of Eleanor Rigby: Them,tt3729920,tt3729920,157829
The Divergent Series: Insurgent,tt2908446,tt2908446,262500
The DUFF,tt1666801,tt1666801,272693
The Endless,tt3986820,tt3986820,430231
The Expendables,tt1320253,tt1320253,27578
The Expendables 2,tt1764651,tt1764651,76163
The Fate of the Furious,tt4630562,tt4630562,337339
The First Purge,tt6133466,tt6133466,442249
The Forest,tt3387542,tt3387542,329440
The Gambler,tt2039393,tt2039393,284536
The Gentlemen,tt8367814,tt8367814,522627
The Gift,tt0219699,tt4178092,
The Girl on the Train,tt3631112,tt3631112,346685
The Good Liar,tt5563334,tt5563334,511322
The Grand Budapest Hotel,tt2278388,tt2278388,120467
The Great Gatsby,tt1343092,tt1343092,64682
The Great Wall,tt2034800,tt2034800,311324
The Green Inferno,tt2403021,tt2403021,171424
The Grey,tt1601913,tt1601913,75174
The Guest,tt2980592,tt2980592,241848
The Guilt Trip,tt1694020,tt1694020,82687
The Gunman,tt2515034,tt2515034,
The Hangover,tt1119646,tt1119646,18785
The Hangover Part II,tt1411697,tt1411697,45243
The Happytime Murders,tt1308728,tt1308728,412988
The Hateful Eight,tt3460252,tt3460252,273248
The Heat,tt2404463,tt2404463,136795
The Hitman's Bodyguard,tt1959563,tt1959563,390043
The Hobbit: The Battle of the Five Armies,tt2310332,tt2310332,122917
The Hobbit: The Desolation of Smaug,tt1170358,tt1170358,57158
The Hobbit: The Desolation of Smaug,tt21824192,tt21824192,
The House With a Clock In Its Walls,tt2119543,tt2119543,463821
The Hunger Games,tt1392170,tt1392170,70160
The Hunger Games: Catching Fire,tt1951264,tt1951264,101299
The Hunger Games: Mockingjay - Part 1,tt1951265,tt1951265,131631
The Hunger Games: Mockingjay - Part 2,tt1951266,tt1951266,131634
The Hunger Games: The Ballad of Songbirds and Snakes,,tt36110019,695721
The Hunt,tt8244784,tt8244784,514847
The Huntsman: Winter's War,,tt2381991,
The Internship,tt2234155,tt2234155,613130
The Invisible Man,tt1051906,tt1051906,570670
The Judge,tt1872194,tt1872194,205587
The Last Exorcism,tt1320244,tt1320244,38358
The Last Voyage of the Demeter,tt1001520,tt1001520,635910
The Last Witch Hunter,tt1618442,tt1618442,274854
The Legend of Hercules,tt1043726,tt1043726,188207
The LEGO Movie,tt1490017,tt1490017,137106
The Lincoln Lawyer,tt1189340,tt1189340,50348
The Lion King,tt6105098,tt6105098,420818
The Lodge,tt7347846,tt7347846,35247
The Loft,tt1850397,tt1850397,72784
The Longest Ride,tt2726560,tt2726560,228205
The Martian,tt3659388,tt3659388,286217
The Maze Runner,tt1790864,tt1790864,198663
The Meg,tt4779682,tt4779682,345940
The Menu,tt9764362,tt9764362,593643
The Mummy,tt2345759,tt2345759,282035
The Nice Guys,tt3799694,tt3799694,290250
The Northman,tt11138512,tt11138512,639933
The Nun,tt5814060,tt5814060,439079
The Other Side of the Door,tt3702652,tt3702652,364116
The Other Woman,tt2203939,tt2203939,52505
The Place Beyond the Pines,tt1817273,tt1817273,97367
The Purge,tt2184339,tt2184339,158015
The Purge: Anarchy,tt2975578,tt2975578,238636
The Purge: Election Year,tt4094724,tt4094724,316727
The Revenant,tt1663202,tt1663202,281957
The Scorpion King 3: Battle for Redemption,tt1781896,tt1781896,78049
The Secret Life of Pets,tt2709768,tt2709768,328111
The Shack,tt2872518,tt2872518,345938
The Snowman,tt1758810,tt1758810,
The Space Between Us,tt3922818,tt3922818,365942
The Spy Who Dumped Me,tt6663582,tt6663582,454992
The Suicide Squad,tt6334354,tt6334354,
The Super Mario Bros. Movie,tt6718170,tt6718170,502356
The Theory of Everything,tt2980516,tt2980516,266856
The Three Musketeers Part I: D'Artagnan,tt12672536,tt12672536,796185
The Three Musketeers Part II: Milady,tt12672620,tt12672620,845111
The Turning,tt7510346,tt7510346,725582
The Twilight Saga: Breaking Dawn - Part 1,,tt1324999,
The Twilight Saga: Breaking Dawn - Part 2,tt1673434,tt1673434,50620
The Unbearable Weight of Massive Talent,tt11291274,tt11291274,648579
The Visit,tt3567288,tt3567288,298312
The Voices,tt1567437,tt1567437,244458
The Way Back,tt1023114,tt1023114,529485
The Wolf's Call,tt7458762,tt7458762,484468
The Wolverine,tt1430132,tt1430132,76170
The Woman In Black,tt1596365,tt1596365,65086
The Woman King,tt8093700,tt8093700,724495
The World's End,tt1213663,tt1213663,107985
The Young Messiah,tt1002563,tt1002563,318850
This Is 40,tt1758830,tt1758830,89492
This Is the End,tt1245492,tt1245492,109414
Thor: Ragnarok,tt3501632,tt3501632,284053
Thor: The Dark World,tt1981115,tt1981115,76338
Tomorrowland,tt1964418,tt1964418,158852
Toy Story 4,tt1979376,tt1979376,301528
Tracks,tt2167266,tt2167266,108322
Trainwreck,tt3152624,tt3152624,271718
Transformers: Age of Extinction,tt2109248,tt2109248,91314
Transformers: Dark of the Moon,tt1399103,tt1399103,38356
Transformers: The Last Knight,tt3371366,tt3371366,335988
Triple 9,tt1712261,tt1712261,146198
Trolls World Tour,tt6587640,tt6587640,446893
Turbo,tt1860353,tt1860353,77950
Twisters,tt12584954,tt12584954,718821
Unbroken,tt1809398,tt1809398,227306
Uncharted,tt1464335,tt1464335,335787
Uncut Gems,tt5727208,tt5727208,473033
Underwater,tt5774060,tt5774060,443791
Unfriended,tt3713166,tt3713166,
Up In the Air,tt1193138,tt1193138,22947
Upgrade,tt6499752,tt6499752,500664
Us,tt6857112,tt6857112,458723
Valerian and the City of a Thousand Planets,tt2239822,tt2239822,339964
Venom,tt1270797,tt1270797,335983
Venom: Let There Be Carnage,tt7097896,tt7097896,580489
Vivarium,tt8368406,tt8368406,458305
Walk of Shame,tt2463288,tt2463288,187596
War for the Planet of the Apes,tt3450958,tt3450958,281338
Warm Bodies,tt1588173,tt1588173,82654
Water for Elephants,tt1067583,tt1067583,55787
We Bought a Zoo,tt1389137,tt1389137,74465
We're the Millers,tt1723121,tt1723121,
Whiskey Tango Foxtrot,tt3553442,tt3553442,279641
Wicked,tt1262426,tt1262426,402431
Willy Wonka and the Chocolate Factory,tt6803390,tt6803390,455411
Winter's Bone,tt1399683,tt1399683,39013
Wonder,tt2543472,tt2543472,406997
Woodlawn,tt4183692,tt4183692,333596
Wreck-It Ralph,tt1772341,tt1772341,82690
X-Men: Apocalypse,tt3385516,tt3385516,246655
X-Men: Dark Phoenix,tt6565702,tt6565702,320288
X-Men: Days of Future Past,tt1877832,tt1877832,127585
X-Men: First Class,tt1270798,tt1270798,691677
Yesterday,tt8079248,tt8079248,
Zombieland: Double Tap,tt1560220,tt1560220,338967
Paddington,,tt1109624,116149
Knock at the Cabin,,tt15679400,631842
Gladiator II,,tt9218128,558449
Oppenheimer,,tt15398776,872585
Fall,,tt15325794,985939
The Ministry of Ungentlemanly Warfare,,tt5177120,799583
Ford v Ferrari,,tt1950186,359724
Abduction,,tt1600195,59965
Alice in Wonderland,,tt1014759,12155
All the Money in the World,,tt5294550,446791
Annabelle Comes Home,,tt8350360,521029
Arthur,,tt1334512,49012
Atomic Blonde,,tt2406566,341013
Back to Black,,tt21261712,998846
A Bad Moms Christmas,,tt6359956,431530
American Sniper,tt2179136,tt2179136,
Asteroid City,tt14230388,tt14230388,
By the Sea,tt3707106,tt3707106,
Hanni & Nanni 4,,tt6031104,429971
10 Cloverfield Lane,tt1179933,tt1179933,333371
13 Hours: The Secret Soldiers of Benghazi,tt4172430,tt4172430,300671
1917,tt8579674,tt8579674,530915
21 & Over,tt1711425,tt1711425,107811
21 Bridges,tt8688634,tt8688634,535292
21 Jump Street,tt1232829,tt1232829,64688
22 Jump Street,tt2294449,tt2294449,187017
300,tt0416449,tt33397756,1271
300: Rise of an Empire,tt1253863,tt1253863,53182
47 Meters Down,tt2932536,tt2932536,403119
47 Ronin,tt1335975,tt1335975,64686
A Christmas Carol,tt0291816,tt1067106,
A Christmas Story,tt10326928,tt10326928,606117
A Cure for Wellness,tt4731136,tt4731136,340837
A Ghost Story,tt0100625,tt6265828,9050
A Glitch in the Matrix,tt9847360,tt9847360,696109
A Good Day to Die Hard,tt1606378,tt1606378,47964
A Haunting in Venice,tt22687790,tt22687790,945729
A Million Ways to Die In the West,,tt2557490,
A Nightmare on Elm Street,tt1179056,tt1179056,
A Quiet Place,tt6644200,tt6644200,447332
A Simple Favor,tt7040874,tt7040874,484247
A Star Is Born,tt1517451,tt1517451,332562
Abraham Lincoln: Vampire Hunter,tt1611224,tt1611224,72331
Ad Astra,tt2935510,tt2935510,419704
Admission,tt1814621,tt1814621,144340
Alien: Covenant,tt2316204,tt2316204,126889
American Hustle,tt1800241,tt1800241,168672
Anchorman 2: The Legend Continues,tt1229340,tt1229340,109443
Anna,tt1715336,tt1715336,227700
Annabelle,tt3322940,tt3322940,250546
Annabelle: Creation,tt5140878,tt5140878,396422
Annihilation,tt2798920,tt2798920,300668
Antebellum,tt10065694,tt10065694,627290
Aquaman,tt8457394,tt8457394,513736
Arrival,tt2543164,tt2543164,329865
Arthur Christmas,tt1430607,tt1430607,51052
"As Above, So Below",tt2870612,tt2870612,256274
Avengers: Age of Ultron,tt2395427,tt2395427,99861
Avengers: Endgame,tt4154796,tt4154796,299534
Baby Driver,tt3890160,tt3890160,339403
Bad Words,tt2170299,tt2170299,209403
Barbie,tt1517268,tt1517268,346698
Battleship,tt1440129,tt1440129,44833
Baywatch,tt1469304,tt1469304,339846
Beauty and the Beast,tt2771200,tt2771200,321612
Big Eyes,tt1126590,tt1126590,87093
Big Hero 6,tt2245084,tt2245084,177572
Birdman,tt5130912,tt5130912,435092
Birds of Prey and the Fantabulous Emancipation of One Harley Quinn,tt7713068,tt7713068,495764
Black Mass,tt1355683,tt1355683,261023
Blackhat,tt2717822,tt2717822,201088
Blockers,tt2531344,tt2531344,437557
Bohemian Rhapsody,tt1727824,tt1727824,424694
Bombshell,tt0023825,tt6394270,43601
Book Club,tt18260564,tt18260564,1010826
Boyhood,tt1065073,tt1065073,85350
Brahms: The Boy II,tt9173418,tt9173418,555974
Bridesmaids,,tt1478338,
Bridge of Spies,tt3682448,tt3682448,296098
Brightburn,tt7752126,tt7752126,531309
Bros,tt9731598,tt9731598,614939
Bullet Train,tt33452974,tt33452974,1276073
Bumblebee,tt4701182,tt4701182,424783
Buried,tt1462758,tt1462758,26388
Cadillac Records,tt1042877,tt1042877,14299
Call Me By Your Name,tt5726616,tt5726616,398818
Captain America: Civil War,tt3498820,tt3498820,271110
Captain America: The Winter Soldier,tt1843866,tt1843866,100402
Captain Marvel,tt4154664,tt4154664,299537
Captain Phillips,tt1535109,tt1535109,109424
Captive,tt8273104,tt8273104,759213
Carrie,tt1939659,tt1939659,
Chaos Walking,tt2076822,tt2076822,412656
Chef,tt2883512,tt2883512,212778
Child's Play,tt0068369,tt5203760,82465
Cinderella,tt0218891,tt1661199,
Clue,tt23379618,tt23379618,938442
Coco,tt0353313,tt2380307,
Colossal,tt4680182,tt4680182,339967
Contagion,tt1598778,tt1598778,39538
Contraband,tt1524137,tt1524137,77866
Countdown,tt10039344,tt10039344,599975
Crank: High Voltage,tt1121931,tt1121931,15092
Crawl,tt8364368,tt8364368,511987
Criminal,tt3014866,tt3014866,302156
Crimson Peak,tt2554274,tt2554274,201085
Crypto,tt8563452,tt8563452,567733
Daddy's Home,tt1528854,tt1528854,274167
Daddy's Home 2,tt5657846,tt5657846,419680
Dark Web: Cicada 3301,tt8110246,tt8110246,791469
Darkest Hour,tt4555426,tt4555426,399404
Dawn of the Planet of the Apes,tt2103281,tt2103281,119450
Deadpool,tt1431045,tt1431045,293660
Deadpool & Wolverine,tt6263850,tt6263850,533535
Death on the Nile,tt7657566,tt7657566,
Death Race 2,tt1500491,tt1500491,51620
Deepwater Horizon,tt1860357,tt1860357,296524
Deliver Us from Evil,tt0066040,tt2377322,61683
Despicable Me 2,tt1690953,tt1690953,93456
Dirty Dancing,tt5262792,tt5262792,444902
Dirty Grandpa,,tt1860213,
Divergent,tt1840309,tt1840309,157350
Django Unchained,tt1853728,tt1853728,68718
Doctor Sleep,tt0286594,tt5606664,20321
Doctor Strange,tt1211837,tt1211837,284052
Dolittle,tt6673612,tt6673612,448119
Don Jon,tt2229499,tt2229499,138697
Downsizing,tt1389072,tt1389072,301337
Dr. Seuss' the Lorax,tt1482459,tt1482459,73723
Dredd,tt1343727,tt1343727,49049
Drinking Buddies,tt2265398,tt2265398,172533
Due Date,tt1231583,tt1231583,41733
Dumb and Dumber To,tt2096672,tt2096672,100042
Dumb Money,tt13957560,tt13957560,792293
Dune,tt1160419,tt1160419,438631
Dungeons & Dragons Honor Among Thieves,tt2906216,tt2906216,493529
Earth: One Amazing Day,tt6238896,tt6238896,464593
Easy A,tt1282140,tt1282140,37735
Elemental,tt15789038,tt15789038,
ELLIS,tt5109770,tt5109770,449911
Elvis,tt3704428,tt3704428,614934
Ender's Game,tt1731141,tt1731141,80274
Endless Love,tt0082329,tt2318092,19114
Escape Plan,tt1211956,tt1211956,107846
Escape Room,tt5748392,tt5748392,431259
Escape Room: Tournament of Champions,tt9844522,tt9844522,585216
Everest,tt2719848,tt2719848,
Everything Everywhere All at Once,tt6710474,tt6710474,545611
Evil Dead 2,tt0203132,tt3297314,44836
Ex Machina,tt1043842,tt1043842,13981
Eye In the Sky,tt2057392,tt2057392,333352
Fantastic Beasts and Where to Find Them,tt3183660,tt3183660,259316
Fantastic Beasts: The Crimes of Grindelwald,tt4123430,tt4123430,338952
Fantastic Beasts: The Secrets of Dumbledore,tt4123432,tt4123432,338953
Fast & Furious 6,,tt1905041,
Fear of Rain,tt10037014,tt10037014,599281
Fifty Shades Darker,tt4465564,tt4465564,341174
Fifty Shades Freed,tt4477536,tt4477536,337167
Fifty Shades of Grey,tt2322441,tt2322441,216015
Final Destination 5,tt1622979,tt1622979,55779
First Man,tt1213641,tt1213641,369972
Five Feet Apart,tt6472976,tt6472976,527641
Flight,tt1907668,tt1907668,87502
Freaky,tt10919380,tt10919380,551804
Free Guy,tt6264654,tt6264654,550988
Free State of Jones,tt1124037,tt1124037,316152
Friday the 13th Part 3: The Memoriam Documentary,tt3756302,tt3756302,498334
Frozen,tt1323045,tt1323045,44363
Frozen II,tt4520988,tt4520988,330457
Furiosa: A Mad Max Saga,tt12037194,tt12037194,786892
Furious 7,,tt2820852,
G.I. Joe: Retaliation,tt1583421,tt1583421,72559
G.I. Joe: The Rise of Cobra,tt1046173,tt1046173,14869
Game Night,tt2704998,tt2704998,
Gemini Man,tt1025100,tt1025100,453405
Geostorm,tt1981128,tt1981128,274855
Get Him to the Greek,tt1226229,tt1226229,32823
Get Out,tt5052448,tt5052448,419430
Ghost in the Shell,tt0113568,tt1219827,9323
Ghostbusters,tt1289401,tt1289401,43074
Ghostbusters: Afterlife,tt4513678,tt4513678,425909
Glass,tt6823368,tt6823368,450465
Gods of Egypt,tt2404233,tt2404233,205584
Gone Girl,tt2267998,tt2267998,210577
Goosebumps 2,tt5664636,tt5664636,442062
Gran Turismo: Based on a True Story,tt4495098,tt4495098,980489
Gravity,tt1454468,tt1454468,49047
Green Room,tt4062536,tt4062536,313922
Guardians of the Galaxy,tt2015381,tt2015381,118340
Guardians of the Galaxy Vol. 2,tt3896198,tt3896198,283995
Guardians of the Galaxy Vol. 3,tt6791350,tt6791350,447365
Hacksaw Ridge,tt2119532,tt2119532,324786
Halloween,tt1502407,tt1502407,1400676
Halloween Kills (Extended Cut),tt10665338,tt10665338,610253
Hansel & Gretel,tt1460002,tt1460002,117150
Hansel & Gretel: Witch Hunters,tt1428538,tt1428538,60304
Happy Death Day,tt5308322,tt5308322,440021
Happy Death Day 2U,tt8155288,tt8155288,512196
Hardcore Henry,tt3072482,tt3072482,325348
"Harry Potter and the Deathly Hallows, Part 2",tt1201607,tt1201607,12445
He's Just Not That Into You,tt1001508,tt1001508,10184
Her,tt1798709,tt1798709,152601
Hercules,tt1267297,tt1267297,184315
Hereditary,tt7784604,tt7784604,493922
Hidden Figures,tt4846340,tt4846340,381284
High Life,tt1143110,tt1143110,29388
Hocus Pocus,tt11909878,tt11909878,642885
Holmes & Watson,tt2108535,tt2108535,122191
Homefront,tt2312718,tt2312718,204082
Horrible Bosses,tt1499658,tt1499658,51540
Hot Tub Time Machine,,tt1231587,
Hot Tub Time Machine 2,tt2637294,tt2637294,243938
How to Train Your Dragon 2,tt1646971,tt1646971,82702
Hustlers,tt5503686,tt5503686,540901
"I, Frankenstein",tt1418377,tt1418377,100241
Identity Thief,tt2024432,tt2024432,109431
If I Stay,tt1355630,tt1355630,249164
Immortals,tt1253864,tt1253864,37958
In Time,tt1637688,tt1637688,49530
Inception,tt1375666,tt1375666,27205
Incredibles 2,tt3606756,tt3606756,260513
Independence Day: Resurgence,tt1628841,tt1628841,47933
Indiana Jones and the Dial of Destiny,tt1462764,tt1462764,335977
Inferno,tt3062096,tt3062096,207932
Inherent Vice,tt1791528,tt1791528,171274
Inside Out,tt2096673,tt2096673,
Inside Out 2,tt22022452,tt22022452,1022789
Insidious: The Last Key,tt5726086,tt5726086,406563
Instant Family,tt7401588,tt7401588,491418
Into the Woods,tt2180411,tt2180411,
Iron Man 2,tt1228705,tt1228705,10138
Iron Man 3,tt1300854,tt1300854,68721
Isn't It Romantic,tt2452244,tt2452244,
It,tt6529334,tt6529334,662365
It Chapter Two,tt7349950,tt7349950,474350
It Comes at Night,tt4695012,tt4695012,418078
It Follows,tt3235888,tt3235888,270303
It's Complicated,tt1230414,tt1230414,22897
Jack Reacher: Never Go Back,tt3393786,tt3393786,343611
Jack Ryan: Shadow Recruit,tt1205537,tt1205537,137094
Jackass Presents: Bad Grandpa,tt3063516,tt3063516,208134
Jason Bourne,tt4196776,tt4196776,324668
Jigsaw,tt0056121,tt3348730,93193
John Wick,tt2911666,tt2911666,245891
John Wick: Chapter 2,tt4425200,tt4425200,324552
John Wick: Chapter 3 - Parabellum,tt6146586,tt6146586,458156
John Wick: Chapter 4,tt10366206,tt10366206,603692
Joker,tt7286456,tt7286456,475557
Joy,tt2446980,tt2446980,274479
Jumanji: The Next Level,tt7975244,tt7975244,512200
Jumanji: Welcome to the Jungle,tt2283362,tt2283362,353486
Jurassic World Dominion,tt8041270,tt8041270,507086
Jurassic World: Fallen Kingdom,tt4881806,tt4881806,351286
Kick-Ass,tt1250777,tt1250777,23483
Kick-Ass 2,tt1650554,tt1650554,59859
Killers,tt1103153,tt1103153,37821
Killers of the Flower Moon,tt5537002,tt5537002,466420
Kingdom of the Planet of the Apes,tt11389872,tt11389872,653346
Kingsman: The Golden Circle,tt4649466,tt4649466,343668
Kingsman: The Secret Service,tt2802144,tt2802144,207703
Knives Out,tt8946378,tt8946378,546554
Kong: Skull Island,tt3731562,tt3731562,293167
Krampus,tt3850590,tt3850590,287903
La La Land,tt3783958,tt3783958,313369
Labor Day,tt1967545,tt1967545,130150
Labyrinth,tt0091369,tt32404356,1279315
Lawless,tt1212450,tt1212450,82633
Les misérables,tt0230534,tt1707386,
Let's Be Cops,tt1924435,tt1924435,193893
Lexi,tt13451112,tt13451112,930791
Life,tt5442430,tt5442430,395992
Lights Out,tt3605002,tt3605002,259761
Limitless,tt1219289,tt1219289,51876
Little Boy,tt1810683,tt1810683,
Live Die Repeat: Edge of Tomorrow,tt1631867,tt1631867,137113
Lockout,tt1592525,tt1592525,81796
Logan,tt3315342,tt3315342,263115
London Has Fallen,tt3300542,tt3300542,267860
Lone Survivor,tt1091191,tt1091191,193756
Long Shot,tt7344360,tt7344360,477331
Love and Monsters,tt2222042,tt2222042,590223
"Love, Simon",tt5164432,tt5164432,449176
Lucy,tt2872732,tt2872732,240832
M3GAN,tt8760708,tt8760708,536554
Ma,tt7958736,tt7958736,1074284
Mad Max: Fury Road,tt1392190,tt1392190,76341
Magic Mike,tt1915581,tt1915581,77930
Maleficent,tt1587310,tt1587310,102651
Maleficent: Mistress of Evil,tt4777008,tt4777008,420809
Malignant,tt3811906,tt3811906,619778
Mama,tt35049002,tt35049002,1127143
Mamma Mia! Here We Go Again,tt6911608,tt6911608,458423
Maps to the Stars,tt2172584,tt2172584,157851
Maze Runner: The Scorch Trials,tt4046784,tt4046784,294254
Mechanic: Resurrection,tt3522806,tt3522806,278924
Meet Me In St. Louis,tt0037059,tt3352232,909
Melancholia,tt1527186,tt1527186,62215
Men In Black 3,tt1409024,tt1409024,41154
MIB: International,tt2283336,tt2283336,479455
Midway,tt6924650,tt6924650,522162
Mike and Dave Need Wedding Dates,tt2823054,tt2823054,316023
Minions,tt2293640,tt2293640,211672
Missing Link,tt6348138,tt6348138,458253
Mission: Impossible - Fallout,tt4912910,tt4912910,353081
Mission: Impossible - Ghost Protocol,tt1229238,tt1229238,56292
Mission: Impossible - Rogue Nation,tt2381249,tt2381249,177677
Moana,tt3521164,tt3521164,
Monster Hunter,tt6475714,tt6475714,458576
Moon,tt1182345,tt1182345,17431
mother!,tt13039074,tt13039074,700979
Mr. & Mrs. Smith,tt0356910,tt2923564,787
Mrs. Doubtfire,tt0107614,tt1287348,788
Mud,tt1935179,tt1935179,103731
Murder On the Orient Express,tt3402236,tt3402236,392044
My Big Fat Greek Wedding 2,tt3760922,tt3760922,302688
Neighbors,tt0011508,tt2004420,51358
Neighbors 2: Sorority Rising,tt4438848,tt4438848,325133
Night At the Museum: Secret of the Tomb,tt2692250,tt2692250,181533
Nightcrawler,tt2872718,tt2872718,242582
Nightmare Alley,tt7740496,tt7740496,
No Hard Feelings,tt15671028,tt15671028,884605
No Strings Attached,tt1411238,tt1411238,41630
Noah,tt1959490,tt1959490,86834
Non-Stop,tt3065978,tt3065978,344464
Nope,tt10954984,tt10954984,762504
Norm of the North,tt7913394,tt7913394,545963
Now You See Me,tt1670345,tt1670345,75656
Now You See Me 2,tt3110958,tt3110958,291805
"O Brother, Where Art Thou?",tt0190590,tt16992456,134
Oblivion,tt1483013,tt1483013,75612
Ocean's 8,tt5164214,tt5164214,402900
Office Christmas Party,tt1711525,tt1711525,384682
Once Upon a Time...in Hollywood,tt7131622,tt7131622,466272
Orphan,tt1148204,tt1148204,21208
Ouija,tt1204977,tt1204977,242512
Ouija: Origin of Evil,tt4361050,tt4361050,335796
Oz the Great and Powerful,tt1623205,tt1623205,68728
Pacific Rim,tt1663662,tt1663662,68726
Pain & Gain,tt1980209,tt1980209,134374
Paranormal Activity 4,,tt2109184,
Paranormal Activity: The Marked Ones,tt2473682,tt2473682,227348
Parasite,tt0084472,tt6751668,48311
Passengers,tt0269697,tt1355644,
Patriots Day,tt4572514,tt4572514,388399
Pawn Sacrifice,tt1596345,tt1596345,245698
Peppermint,tt6850820,tt6850820,458594
Percy Jackson: Sea of Monsters,tt1854564,tt1854564,76285
Pirates of the Caribbean: Dead Men Tell No Tales,tt1790809,tt1790809,166426
Pirates of the Caribbean: On Stranger Tides,tt1298650,tt1298650,1865
Pitch Perfect,tt1981677,tt1981677,114150
Pitch Perfect 2,tt2848292,tt2848292,254470
Pitch Perfect 3,tt4765284,tt4765284,353616
Pompeii,tt1921064,tt1921064,76649
Poor Things,tt14230458,tt14230458,792307
Pride & Prejudice & Zombies,tt3611056,tt3611056,58431
Project Almanac,tt2436386,tt2436386,227719
Project X,tt1636826,tt1636826,57214
Prometheus,tt1446714,tt1446714,70981
Promised Land,tt2091473,tt2091473,133694
Ralph Breaks the Internet,tt5848272,tt5848272,404368
Rambo: Last Blood,tt1206885,tt1206885,522938
Rango,tt1192628,tt1192628,44896
Ratchet & Clank,tt2865120,tt2865120,234004
Ready or Not,tt7798634,tt7798634,567609
Ready Player One,tt1677720,tt1677720,333339
Red 2,tt1821694,tt1821694,146216
Red Riding Hood,tt1486185,tt1486185,49730
Red Rocket,tt13453006,tt13453006,763329
Red Sparrow,tt2873282,tt2873282,401981
Resident Evil: Afterlife,tt1220634,tt1220634,35791
Resident Evil: Retribution,tt1855325,tt1855325,71679
Resident Evil: The Final Chapter,tt2592614,tt2592614,173897
Ride Along,tt1408253,tt1408253,168530
Ride Along 2,tt2869728,tt2869728,323675
Rio 2,tt2357291,tt2357291,172385
Rise of the Planet of the Apes,tt1318514,tt1318514,61791
Rock the Kasbah,tt3164256,tt3164256,253414
Rocketman,tt2066051,tt2066051,504608
Rogue One: A Star Wars Story,tt3748528,tt3748528,330459
Rough Night,tt4799050,tt4799050,397422
Rush,tt1979320,tt1979320,96721
Sabotage,tt1742334,tt1742334,12684
Safe,tt1656190,tt1656190,72387
Safe House,tt1599348,tt1599348,59961
San Andreas,tt2126355,tt2126355,254128
Savages,tt1615065,tt1615065,82525
Saving Mr. Banks,tt2140373,tt2140373,140823
Saw 3D,tt1477076,tt1477076,41439
Saw V,tt1132626,tt1132626,11917
Saw VI,tt1233227,tt1233227,22804
Saw X,tt21807222,tt21807222,951491
Scary Stories to Tell In the Dark,tt3387520,tt3387520,417384
SCOOB!,tt3152592,tt3152592,385103
Seeking a Friend for the End of the World,tt1307068,tt1307068,88005
Self/Less,tt2140379,tt2140379,238615
Selma,tt1020072,tt1020072,273895
Seven Psychopaths,tt1931533,tt1931533,86838
Seventh Son,tt1121096,tt1121096,68737
Sex and the City: The Movie,tt16976248,tt16976248,4564
Shazam!,tt0448115,tt6723576,287947
Sherlock Gnomes,tt2296777,tt2296777,370567
Shutter Island,tt1130884,tt1130884,11324
Sicario,tt3397884,tt3397884,273481
Silence,tt0490215,tt5844048,68730
Silent House,tt1767382,tt1767382,92182
Silver Linings Playbook,tt1045658,tt1045658,82693
Sing,tt3470600,tt3470600,335797
Sing 2,tt6467266,tt6467266,438695
Sinister,tt1922777,tt1922777,82507
Sisters,,tt1850457,
Skyfall,tt1074638,tt1074638,37724
Skyscraper,tt5758778,tt5758778,447200
Sleepless,tt2072233,tt2072233,324542
Smile,tt15474916,tt15474916,42264
Snatched,tt2334871,tt2334871,373569
Snow White & the Huntsman,,tt1735898,
Snowden,tt3774114,tt3774114,302401
Snowpiercer,tt1706620,tt1706620,110415
Sonic The Hedgehog,tt3794354,tt3794354,939243
Sonic the Hedgehog 2,tt12412888,tt12412888,675353
Sonic The Hedgehog 3,tt18259086,tt18259086,939243
Spectre,tt2379713,tt2379713,206647
Spell,tt10736580,tt10736580,621151
Spider-Man 2,tt0316654,tt18351128,558
Spider-Man 3,tt0413300,tt1132238,559
Spider-Man: Across the Spider-Verse,tt9362722,tt9362722,569094
Spider-Man: Far From Home,tt6320628,tt6320628,429617
Spider-Man: Homecoming,tt2250912,tt2250912,315635
Spider-Man: No Way Home,tt10872600,tt10872600,634649
Spiral: From the Book of Saw,,tt10342730,602734
Split,tt4972582,tt4972582,
Spotlight,tt1895587,tt1895587,314365
Star Trek Beyond,tt2660888,tt2660888,188927
Star Trek Into Darkness,tt1408101,tt1408101,54138
Star Wars: The Force Awakens,tt10321138,tt10321138,140607
Star Wars: The Rise of Skywalker,tt15662564,tt15662564,181812
Subservience,tt24871974,tt24871974,1064028
Suicide Squad,tt1386697,tt1386697,
Supergirl,tt0088206,tt4016454,
Superman: The Movie,tt5852184,tt5852184,457825
Taken 2,tt1397280,tt1397280,82675
Taken 3,tt2446042,tt2446042,260346
Talk To Me,tt10638522,tt10638522,1008042
Ted,tt1637725,tt1637725,72105
Ted 2,,tt2637276,
Teenage Mutant Ninja Turtles,tt1291150,tt1291150,
Teenage Mutant Ninja Turtles: Out of the Shadows,tt3949660,tt3949660,308531
Tenet,tt6723592,tt6723592,577922
Terminator Genisys,tt1340138,tt1340138,87101
Terminator: Dark Fate,tt6450804,tt6450804,290859
Texas Chainsaw,tt1572315,tt1572315,9373
The Adjustment Bureau,tt1385826,tt1385826,38050
The Age of Adaline,tt1655441,tt1655441,293863
The Amazing Spider-Man 2,tt1872181,tt1872181,102382
The Batman,tt1877830,tt1877830,414906
The Big Short,tt1596363,tt1596363,318846
The Black Phone,tt7144666,tt7144666,756999
The Boss,,tt2702724,
The Bourne Legacy,tt1194173,tt1194173,49040
The Boy Next Door,tt3181822,tt3181822,
The Broken Hearts Gallery,tt2140571,tt2140571,616251
The Bye Bye Man,tt4030600,tt4030600,292280
The Cabin In the Woods,tt1259521,tt1259521,22970
The Call of the Wild,tt7504726,tt7504726,481848
The Choice,tt3797868,tt3797868,330483
The Conjuring,tt1457767,tt1457767,138843
The Conjuring: The Devil Made Me Do It,tt7069210,tt7069210,423108
The Courier,tt8368512,tt8368512,
The Dark Knight Rises,tt1345836,tt1345836,49026
The Darkness,tt1878841,tt1878841,257345
The Disappearance of Eleanor Rigby: Them,tt3729920,tt3729920,157829
The Divergent Series: Insurgent,tt2908446,tt2908446,262500
The DUFF,tt1666801,tt1666801,272693
The Endless,tt3986820,tt3986820,430231
The Expendables,tt1320253,tt1320253,27578
The Expendables 2,tt1764651,tt1764651,76163
The Fate of the Furious,tt4630562,tt4630562,337339
The First Purge,tt6133466,tt6133466,442249
The Forest,tt3387542,tt3387542,329440
The Gambler,tt2039393,tt2039393,284536
The Gentlemen,tt8367814,tt8367814,522627
The Gift,tt0219699,tt4178092,
The Girl on the Train,tt3631112,tt3631112,346685
The Good Liar,tt5563334,tt5563334,511322
The Grand Budapest Hotel,tt2278388,tt2278388,120467
The Great Gatsby,tt1343092,tt1343092,64682
The Great Wall,tt2034800,tt2034800,311324
The Green Inferno,tt2403021,tt2403021,171424
The Grey,tt1601913,tt1601913,75174
The Guest,tt2980592,tt2980592,241848
The Guilt Trip,tt1694020,tt1694020,82687
The Gunman,tt2515034,tt2515034,
The Hangover,tt1119646,tt1119646,18785
The Hangover Part II,tt1411697,tt1411697,45243
The Happytime Murders,tt1308728,tt1308728,412988
The Hateful Eight,tt3460252,tt3460252,273248
The Heat,tt2404463,tt2404463,136795
The Hitman's Bodyguard,tt1959563,tt1959563,390043
The Hobbit: The Battle of the Five Armies,tt2310332,tt2310332,122917
The Hobbit: The Desolation of Smaug,tt1170358,tt1170358,57158
The Hobbit: The Desolation of Smaug,tt21824192,tt21824192,
The House With a Clock In Its Walls,tt2119543,tt2119543,463821
The Hunger Games,tt1392170,tt1392170,70160
The Hunger Games: Catching Fire,tt1951264,tt1951264,101299
The Hunger Games: Mockingjay - Part 1,tt1951265,tt1951265,131631
The Hunger Games: Mockingjay - Part 2,tt1951266,tt1951266,131634
The Hunger Games: The Ballad of Songbirds and Snakes,,tt36110019,695721
The Hunt,tt8244784,tt8244784,514847
The Huntsman: Winter's War,,tt2381991,
The Internship,tt2234155,tt2234155,613130
The Invisible Man,tt1051906,tt1051906,570670
The Judge,tt1872194,tt1872194,205587
The Last Exorcism,tt1320244,tt1320244,38358
The Last Voyage of the Demeter,tt1001520,tt1001520,635910
The Last Witch Hunter,tt1618442,tt1618442,274854
The Legend of Hercules,tt1043726,tt1043726,188207
The LEGO Movie,tt1490017,tt1490017,137106
The Lincoln Lawyer,tt1189340,tt1189340,50348
The Lion King,tt6105098,tt6105098,420818
The Lodge,tt7347846,tt7347846,35247
The Loft,tt1850397,tt1850397,72784
The Longest Ride,tt2726560,tt2726560,228205
The Martian,tt3659388,tt3659388,286217
The Maze Runner,tt1790864,tt1790864,198663
The Meg,tt4779682,tt4779682,345940
The Menu,tt9764362,tt9764362,593643
The Mummy,tt2345759,tt2345759,282035
The Nice Guys,tt3799694,tt3799694,290250
The Northman,tt11138512,tt11138512,639933
The Nun,tt5814060,tt5814060,439079
The Other Side of the Door,tt3702652,tt3702652,364116
The Other Woman,tt2203939,tt2203939,52505
The Place Beyond the Pines,tt1817273,tt1817273,97367
The Purge,tt2184339,tt2184339,158015
The Purge: Anarchy,tt2975578,tt2975578,238636
The Purge: Election Year,tt4094724,tt4094724,316727
The Revenant,tt1663202,tt1663202,281957
The Scorpion King 3: Battle for Redemption,tt1781896,tt1781896,78049
The Secret Life of Pets,tt2709768,tt2709768,328111
The Shack,tt2872518,tt2872518,345938
The Snowman,tt1758810,tt1758810,
The Space Between Us,tt3922818,tt3922818,365942
The Spy Who Dumped Me,tt6663582,tt6663582,454992
The Suicide Squad,tt6334354,tt6334354,
The Super Mario Bros. Movie,tt6718170,tt6718170,502356
The Theory of Everything,tt2980516,tt2980516,266856
The Three Musketeers Part I: D'Artagnan,tt12672536,tt12672536,796185
The Three Musketeers Part II: Milady,tt12672620,tt12672620,845111
The Turning,tt7510346,tt7510346,725582
The Twilight Saga: Breaking Dawn - Part 1,,tt1324999,
The Twilight Saga: Breaking Dawn - Part 2,tt1673434,tt1673434,50620
The Unbearable Weight of Massive Talent,tt11291274,tt11291274,648579
The Visit,tt3567288,tt3567288,298312
The Voices,tt1567437,tt1567437,244458
The Way Back,tt1023114,tt1023114,529485
The Wolf's Call,tt7458762,tt7458762,484468
The Wolverine,tt1430132,tt1430132,76170
The Woman In Black,tt1596365,tt1596365,65086
The Woman King,tt8093700,tt8093700,724495
The World's End,tt1213663,tt1213663,107985
The Young Messiah,tt1002563,tt1002563,318850
This Is 40,tt1758830,tt1758830,89492
This Is the End,tt1245492,tt1245492,109414
Thor: Ragnarok,tt3501632,tt3501632,284053
Thor: The Dark World,tt1981115,tt1981115,76338
Tomorrowland,tt1964418,tt1964418,158852
Toy Story 4,tt1979376,tt1979376,301528
Tracks,tt2167266,tt2167266,108322
Trainwreck,tt3152624,tt3152624,271718
Transformers: Age of Extinction,tt2109248,tt2109248,91314
Transformers: Dark of the Moon,tt1399103,tt1399103,38356
Transformers: The Last Knight,tt3371366,tt3371366,335988
Triple 9,tt1712261,tt1712261,146198
Trolls World Tour,tt6587640,tt6587640,446893
Turbo,tt1860353,tt1860353,77950
Twisters,tt12584954,tt12584954,718821
Unbroken,tt1809398,tt1809398,227306
Uncharted,tt1464335,tt1464335,335787
Uncut Gems,tt5727208,tt5727208,473033
Underwater,tt5774060,tt5774060,443791
Unfriended,tt3713166,tt3713166,
Up In the Air,tt1193138,tt1193138,22947
Upgrade,tt6499752,tt6499752,500664
Us,tt6857112,tt6857112,458723
Valerian and the City of a Thousand Planets,tt2239822,tt2239822,339964
Venom,tt1270797,tt1270797,335983
Venom: Let There Be Carnage,tt7097896,tt7097896,580489
Vivarium,tt8368406,tt8368406,458305
Walk of Shame,tt2463288,tt2463288,187596
War for the Planet of the Apes,tt3450958,tt3450958,281338
Warm Bodies,tt1588173,tt1588173,82654
Water for Elephants,tt1067583,tt1067583,55787
We Bought a Zoo,tt1389137,tt1389137,74465
We're the Millers,tt1723121,tt1723121,
Whiskey Tango Foxtrot,tt3553442,tt3553442,279641
Wicked,tt1262426,tt1262426,402431
Willy Wonka and the Chocolate Factory,tt6803390,tt6803390,455411
Winter's Bone,tt1399683,tt1399683,39013
Wonder,tt2543472,tt2543472,406997
Woodlawn,tt4183692,tt4183692,333596
Wreck-It Ralph,tt1772341,tt1772341,82690
X-Men,tt0120903,tt14920216,246655
X-Men: Apocalypse,tt3385516,tt3385516,246655
X-Men: Dark Phoenix,tt6565702,tt6565702,320288
X-Men: Days of Future Past,tt1877832,tt1877832,127585
X-Men: First Class,tt1270798,tt1270798,691677
Yesterday,tt8079248,tt8079248,
Zombieland: Double Tap,tt1560220,tt1560220,338967
Paddington,,tt1109624,116149
Knock at the Cabin,,tt15679400,631842
Gladiator II,,tt9218128,558449
Oppenheimer,,tt15398776,872585
Fall,,tt15325794,985939
The Ministry of Ungentlemanly Warfare,,tt5177120,799583
Ford v Ferrari,,tt1950186,359724
Abduction,,tt1600195,59965
Alice in Wonderland,,tt1014759,12155
All the Money in the World,,tt5294550,446791
Annabelle Comes Home,,tt8350360,521029
Arthur,,tt1334512,49012
Atomic Blonde,,tt2406566,341013
Back to Black,,tt21261712,998846
A Bad Moms Christmas,,tt6359956,431530
American Sniper,tt2179136,tt2179136,
Asteroid City,tt14230388,tt14230388,
By the Sea,tt3707106,tt3707106,
Hanni & Nanni 4,,tt6031104,429971
10 Cloverfield Lane,tt1179933,tt1179933,333371
13 Hours: The Secret Soldiers of Benghazi,tt4172430,tt4172430,300671
1917,tt8579674,tt8579674,530915
21 & Over,tt1711425,tt1711425,107811
21 Bridges,tt8688634,tt8688634,535292
21 Jump Street,tt1232829,tt1232829,64688
22 Jump Street,tt2294449,tt2294449,187017
300,tt0416449,tt33397756,1271
300: Rise of an Empire,tt1253863,tt1253863,53182
47 Meters Down,tt2932536,tt2932536,403119
47 Ronin,tt1335975,tt1335975,64686
A Christmas Carol,tt0291816,tt1067106,
A Christmas Story,tt10326928,tt10326928,606117
A Cure for Wellness,tt4731136,tt4731136,340837
A Ghost Story,tt0100625,tt6265828,9050
A Glitch in the Matrix,tt9847360,tt9847360,696109
A Good Day to Die Hard,tt1606378,tt1606378,47964
A Haunting in Venice,tt22687790,tt22687790,945729
A Million Ways to Die In the West,,tt2557490,
A Nightmare on Elm Street,tt1179056,tt1179056,
A Quiet Place,tt6644200,tt6644200,447332
A Simple Favor,tt7040874,tt7040874,484247
A Star Is Born,tt1517451,tt1517451,332562
Abraham Lincoln: Vampire Hunter,tt1611224,tt1611224,72331
Ad Astra,tt2935510,tt2935510,419704
Admission,tt1814621,tt1814621,144340
Alien: Covenant,tt2316204,tt2316204,126889
American Hustle,tt1800241,tt1800241,168672
Anchorman 2: The Legend Continues,tt1229340,tt1229340,109443
Anna,tt1715336,tt1715336,227700
Annabelle,tt3322940,tt3322940,250546
Annabelle: Creation,tt5140878,tt5140878,396422
Annihilation,tt2798920,tt2798920,300668
Antebellum,tt10065694,tt10065694,627290
Aquaman,tt8457394,tt8457394,513736
Arrival,tt2543164,tt2543164,329865
Arthur Christmas,tt1430607,tt1430607,51052
"As Above, So Below",tt2870612,tt2870612,256274
Avengers: Age of Ultron,tt2395427,tt2395427,99861
Avengers: Endgame,tt4154796,tt4154796,299534
Baby Driver,tt3890160,tt3890160,339403
Bad Words,tt2170299,tt2170299,209403
Barbie,tt1517268,tt1517268,346698
Battleship,tt1440129,tt1440129,44833
Baywatch,tt1469304,tt1469304,339846
Beauty and the Beast,tt2771200,tt2771200,321612
Big Eyes,tt1126590,tt1126590,87093
Big Hero 6,tt2245084,tt2245084,177572
Birdman,tt5130912,tt5130912,435092
Birds of Prey and the Fantabulous Emancipation of One Harley Quinn,tt7713068,tt7713068,495764
Black Mass,tt1355683,tt1355683,261023
Blackhat,tt2717822,tt2717822,201088
Blockers,tt2531344,tt2531344,437557
Bohemian Rhapsody,tt1727824,tt1727824,424694
Bombshell,tt0023825,tt6394270,43601
Book Club,tt18260564,tt18260564,1010826
Boyhood,tt1065073,tt1065073,85350
Brahms: The Boy II,tt9173418,tt9173418,555974
Bridesmaids,,tt1478338,
Bridge of Spies,tt3682448,tt3682448,296098
Brightburn,tt7752126,tt7752126,531309
Bros,tt9731598,tt9731598,614939
Bullet Train,tt33452974,tt33452974,1276073
Bumblebee,tt4701182,tt4701182,424783
Buried,tt1462758,tt1462758,26388
Cadillac Records,tt1042877,tt1042877,14299
Call Me By Your Name,tt5726616,tt5726616,398818
Captain America: Civil War,tt3498820,tt3498820,271110
Captain America: The Winter Soldier,tt1843866,tt1843866,100402
Captain Marvel,tt4154664,tt4154664,299537
Captain Phillips,tt1535109,tt1535109,109424
Captive,tt8273104,tt8273104,759213
Carrie,tt1939659,tt1939659,
Chaos Walking,tt2076822,tt2076822,412656
Chef,tt2883512,tt2883512,212778
Child's Play,tt0068369,tt5203760,82465
Cinderella,tt0218891,tt1661199,
Clue,tt23379618,tt23379618,938442
Coco,tt0353313,tt2380307,
Colossal,tt4680182,tt4680182,339967
Contagion,tt1598778,tt1598778,39538
Contraband,tt1524137,tt1524137,77866
Countdown,tt10039344,tt10039344,599975
Crank: High Voltage,tt1121931,tt1121931,15092
Crawl,tt8364368,tt8364368,511987
Criminal,tt3014866,tt3014866,302156
Crimson Peak,tt2554274,tt2554274,201085
Crypto,tt8563452,tt8563452,567733
Daddy's Home,tt1528854,tt1528854,274167
Daddy's Home 2,tt5657846,tt5657846,419680
Dark Web: Cicada 3301,tt8110246,tt8110246,791469
Darkest Hour,tt4555426,tt4555426,399404
Dawn of the Planet of the Apes,tt2103281,tt2103281,119450
Deadpool,tt1431045,tt1431045,293660
Deadpool & Wolverine,tt6263850,tt6263850,533535
Death on the Nile,tt7657566,tt7657566,
Death Race 2,tt1500491,tt1500491,51620
Deepwater Horizon,tt1860357,tt1860357,296524
Deliver Us from Evil,tt0066040,tt2377322,61683
Despicable Me 2,tt1690953,tt1690953,93456
Dirty Dancing,tt5262792,tt5262792,444902
Dirty Grandpa,,tt1860213,
Divergent,tt1840309,tt1840309,157350
Django Unchained,tt1853728,tt1853728,68718
Doctor Sleep,tt0286594,tt5606664,20321
Doctor Strange,tt1211837,tt1211837,284052
Dolittle,tt6673612,tt6673612,448119
Don Jon,tt2229499,tt2229499,138697
Downsizing,tt1389072,tt1389072,301337
Dr. Seuss' the Lorax,tt1482459,tt1482459,73723
Dredd,tt1343727,tt1343727,49049
Drinking Buddies,tt2265398,tt2265398,172533
Due Date,tt1231583,tt1231583,41733
Dumb and Dumber To,tt2096672,tt2096672,100042
Dumb Money,tt13957560,tt13957560,792293
Dune,tt1160419,tt1160419,438631
Dungeons & Dragons Honor Among Thieves,tt2906216,tt2906216,493529
Earth: One Amazing Day,tt6238896,tt6238896,464593
Easy A,tt1282140,tt1282140,37735
Elemental,tt15789038,tt15789038,
ELLIS,tt5109770,tt5109770,449911
Elvis,tt3704428,tt3704428,614934
Ender's Game,tt1731141,tt1731141,80274
Endless Love,tt0082329,tt2318092,19114
Escape Plan,tt1211956,tt1211956,107846
Escape Room,tt5748392,tt5748392,431259
Escape Room: Tournament of Champions,tt9844522,tt9844522,585216
Everest,tt2719848,tt2719848,
Everything Everywhere All at Once,tt6710474,tt6710474,545611
Evil Dead 2,tt0203132,tt3297314,44836
Ex Machina,tt1043842,tt1043842,13981
Eye In the Sky,tt2057392,tt2057392,333352
Fantastic Beasts and Where to Find Them,tt3183660,tt3183660,259316
Fantastic Beasts: The Crimes of Grindelwald,tt4123430,tt4123430,338952
Fantastic Beasts: The Secrets of Dumbledore,tt4123432,tt4123432,338953
Fast & Furious 6,,tt1905041,
Fear of Rain,tt10037014,tt10037014,599281
Fifty Shades Darker,tt4465564,tt4465564,341174
Fifty Shades Freed,tt4477536,tt4477536,337167
Fifty Shades of Grey,tt2322441,tt2322441,216015
Final Destination 5,tt1622979,tt1622979,55779
First Man,tt1213641,tt1213641,369972
Five Feet Apart,tt6472976,tt6472976,527641
Flight,tt1907668,tt1907668,87502
Freaky,tt10919380,tt10919380,551804
Free Guy,tt6264654,tt6264654,550988
Free State of Jones,tt1124037,tt1124037,316152
Friday the 13th Part 3: The Memoriam Documentary,tt3756302,tt3756302,498334
Frozen,tt1323045,tt1323045,44363
Frozen II,tt4520988,tt4520988,330457
Furiosa: A Mad Max Saga,tt12037194,tt12037194,786892
Furious 7,,tt2820852,
G.I. Joe: Retaliation,tt1583421,tt1583421,72559
G.I. Joe: The Rise of Cobra,tt1046173,tt1046173,14869
Game Night,tt2704998,tt2704998,
Gemini Man,tt1025100,tt1025100,453405
Geostorm,tt1981128,tt1981128,274855
Get Him to the Greek,tt1226229,tt1226229,32823
Get Out,tt5052448,tt5052448,419430
Ghost in the Shell,tt0113568,tt1219827,9323
Ghostbusters,tt1289401,tt1289401,43074
Ghostbusters: Afterlife,tt4513678,tt4513678,425909
Glass,tt6823368,tt6823368,450465
Gods of Egypt,tt2404233,tt2404233,205584
Gone Girl,tt2267998,tt2267998,210577
Goosebumps 2,tt5664636,tt5664636,442062
Gran Turismo: Based on a True Story,tt4495098,tt4495098,980489
Gravity,tt1454468,tt1454468,49047
Green Room,tt4062536,tt4062536,313922
Guardians of the Galaxy,tt2015381,tt2015381,118340
Guardians of the Galaxy Vol. 2,tt3896198,tt3896198,283995
Guardians of the Galaxy Vol. 3,tt6791350,tt6791350,447365
Hacksaw Ridge,tt2119532,tt2119532,324786
Halloween,tt1502407,tt1502407,1400676
Halloween Kills (Extended Cut),tt10665338,tt10665338,610253
Hansel & Gretel,tt1460002,tt1460002,117150
Hansel & Gretel: Witch Hunters,tt1428538,tt1428538,60304
Happy Death Day,tt5308322,tt5308322,440021
Happy Death Day 2U,tt8155288,tt8155288,512196
Hardcore Henry,tt3072482,tt3072482,325348
"Harry Potter and the Deathly Hallows, Part 2",tt1201607,tt1201607,12445
He's Just Not That Into You,tt1001508,tt1001508,10184
Her,tt1798709,tt1798709,152601
Hercules,tt1267297,tt1267297,184315
Hereditary,tt7784604,tt7784604,493922
Hidden Figures,tt4846340,tt4846340,381284
High Life,tt1143110,tt1143110,29388
Hocus Pocus,tt11909878,tt11909878,642885
Holmes & Watson,tt2108535,tt2108535,122191
Homefront,tt2312718,tt2312718,204082
Horrible Bosses,tt1499658,tt1499658,51540
Hot Tub Time Machine,,tt1231587,
Hot Tub Time Machine 2,tt2637294,tt2637294,243938
How to Train Your Dragon 2,tt1646971,tt1646971,82702
Hustlers,tt5503686,tt5503686,540901
"I, Frankenstein",tt1418377,tt1418377,100241
Identity Thief,tt2024432,tt2024432,109431
If I Stay,tt1355630,tt1355630,249164
Immortals,tt1253864,tt1253864,37958
In Time,tt1637688,tt1637688,49530
Inception,tt1375666,tt1375666,27205
Incredibles 2,tt3606756,tt3606756,260513
Independence Day: Resurgence,tt1628841,tt1628841,47933
Indiana Jones and the Dial of Destiny,tt1462764,tt1462764,335977
Inferno,tt3062096,tt3062096,207932
Inherent Vice,tt1791528,tt1791528,171274
Inside Out,tt2096673,tt2096673,
Inside Out 2,tt22022452,tt22022452,1022789
Insidious: The Last Key,tt5726086,tt5726086,406563
Instant Family,tt7401588,tt7401588,491418
Into the Woods,tt2180411,tt2180411,
Iron Man 2,tt1228705,tt1228705,10138
Iron Man 3,tt1300854,tt1300854,68721
Isn't It Romantic,tt2452244,tt2452244,
It,tt6529334,tt6529334,662365
It Chapter Two,tt7349950,tt7349950,474350
It Comes at Night,tt4695012,tt4695012,418078
It Follows,tt3235888,tt3235888,270303
It's Complicated,tt1230414,tt1230414,22897
Jack Reacher: Never Go Back,tt3393786,tt3393786,343611
Jack Ryan: Shadow Recruit,tt1205537,tt1205537,137094
Jackass Presents: Bad Grandpa,tt3063516,tt3063516,208134
Jason Bourne,tt4196776,tt4196776,324668
Jigsaw,tt0056121,tt3348730,93193
John Wick,tt2911666,tt2911666,245891
John Wick: Chapter 2,tt4425200,tt4425200,324552
John Wick: Chapter 3 - Parabellum,tt6146586,tt6146586,458156
John Wick: Chapter 4,tt10366206,tt10366206,603692
Joker,tt7286456,tt7286456,475557
Joy,tt2446980,tt2446980,274479
Jumanji: The Next Level,tt7975244,tt7975244,512200
Jumanji: Welcome to the Jungle,tt2283362,tt2283362,353486
Jurassic World Dominion,tt8041270,tt8041270,507086
Jurassic World: Fallen Kingdom,tt4881806,tt4881806,351286
Kick-Ass,tt1250777,tt1250777,23483
Kick-Ass 2,tt1650554,tt1650554,59859
Killers,tt1103153,tt1103153,37821
Killers of the Flower Moon,tt5537002,tt5537002,466420
Kingdom of the Planet of the Apes,tt11389872,tt11389872,653346
Kingsman: The Golden Circle,tt4649466,tt4649466,343668
Kingsman: The Secret Service,tt2802144,tt2802144,207703
Knives Out,tt8946378,tt8946378,546554
Kong: Skull Island,tt3731562,tt3731562,293167
Krampus,tt3850590,tt3850590,287903
La La Land,tt3783958,tt3783958,313369
Labor Day,tt1967545,tt1967545,130150
Labyrinth,tt0091369,tt32404356,1279315
Lawless,tt1212450,tt1212450,82633
Les misérables,tt0230534,tt1707386,
Let's Be Cops,tt1924435,tt1924435,193893
Lexi,tt13451112,tt13451112,930791
Life,tt5442430,tt5442430,395992
Lights Out,tt3605002,tt3605002,259761
Limitless,tt1219289,tt1219289,51876
Little Boy,tt1810683,tt1810683,
Live Die Repeat: Edge of Tomorrow,tt1631867,tt1631867,137113
Lockout,tt1592525,tt1592525,81796
Logan,tt3315342,tt3315342,263115
London Has Fallen,tt3300542,tt3300542,267860
Lone Survivor,tt1091191,tt1091191,193756
Long Shot,tt7344360,tt7344360,477331
Love and Monsters,tt2222042,tt2222042,590223
"Love, Simon",tt5164432,tt5164432,449176
Lucy,tt2872732,tt2872732,240832
M3GAN,tt8760708,tt8760708,536554
Ma,tt7958736,tt7958736,1074284
Mad Max: Fury Road,tt1392190,tt1392190,76341
Magic Mike,tt1915581,tt1915581,77930
Maleficent,tt1587310,tt1587310,102651
Maleficent: Mistress of Evil,tt4777008,tt4777008,420809
Malignant,tt3811906,tt3811906,619778
Mama,tt35049002,tt35049002,1127143
Mamma Mia! Here We Go Again,tt6911608,tt6911608,458423
Maps to the Stars,tt2172584,tt2172584,157851
Maze Runner: The Scorch Trials,tt4046784,tt4046784,294254
Mechanic: Resurrection,tt3522806,tt3522806,278924
Meet Me In St. Louis,tt0037059,tt3352232,909
Melancholia,tt1527186,tt1527186,62215
Men In Black 3,tt1409024,tt1409024,41154
MIB: International,tt2283336,tt2283336,479455
Midway,tt6924650,tt6924650,522162
Mike and Dave Need Wedding Dates,tt2823054,tt2823054,316023
Minions,tt2293640,tt2293640,211672
Missing Link,tt6348138,tt6348138,458253
Mission: Impossible - Fallout,tt4912910,tt4912910,353081
Mission: Impossible - Ghost Protocol,tt1229238,tt1229238,56292
Mission: Impossible - Rogue Nation,tt2381249,tt2381249,177677
Moana,tt3521164,tt3521164,
Monster Hunter,tt6475714,tt6475714,458576
Moon,tt1182345,tt1182345,17431
mother!,tt13039074,tt13039074,700979
Mr. & Mrs. Smith,tt0356910,tt2923564,787
Mrs. Doubtfire,tt0107614,tt1287348,788
Mud,tt1935179,tt1935179,103731
Murder On the Orient Express,tt3402236,tt3402236,392044
My Big Fat Greek Wedding 2,tt3760922,tt3760922,302688
Neighbors,tt0011508,tt2004420,51358
Neighbors 2: Sorority Rising,tt4438848,tt4438848,325133
Night At the Museum: Secret of the Tomb,tt2692250,tt2692250,181533
Nightcrawler,tt2872718,tt2872718,242582
Nightmare Alley,tt7740496,tt7740496,
No Hard Feelings,tt15671028,tt15671028,884605
No Strings Attached,tt1411238,tt1411238,41630
Noah,tt1959490,tt1959490,86834
Non-Stop,tt3065978,tt3065978,344464
Nope,tt10954984,tt10954984,762504
Norm of the North,tt7913394,tt7913394,545963
Now You See Me,tt1670345,tt1670345,75656
Now You See Me 2,tt3110958,tt3110958,291805
"O Brother, Where Art Thou?",tt0190590,tt16992456,134
Oblivion,tt1483013,tt1483013,75612
Ocean's 8,tt5164214,tt5164214,402900
Office Christmas Party,tt1711525,tt1711525,384682
Once Upon a Time...in Hollywood,tt7131622,tt7131622,466272
Orphan,tt1148204,tt1148204,21208
Ouija,tt1204977,tt1204977,242512
Ouija: Origin of Evil,tt4361050,tt4361050,335796
Oz the Great and Powerful,tt1623205,tt1623205,68728
Pacific Rim,tt1663662,tt1663662,68726
Pain & Gain,tt1980209,tt1980209,134374
Paranormal Activity 4,,tt2109184,
Paranormal Activity: The Marked Ones,tt2473682,tt2473682,227348
Parasite,tt0084472,tt6751668,48311
Passengers,tt0269697,tt1355644,
Patriots Day,tt4572514,tt4572514,388399
Pawn Sacrifice,tt1596345,tt1596345,245698
Peppermint,tt6850820,tt6850820,458594
Percy Jackson: Sea of Monsters,tt1854564,tt1854564,76285
Pirates of the Caribbean: Dead Men Tell No Tales,tt1790809,tt1790809,166426
Pirates of the Caribbean: On Stranger Tides,tt1298650,tt1298650,1865
Pitch Perfect,tt1981677,tt1981677,114150
Pitch Perfect 2,tt2848292,tt2848292,254470
Pitch Perfect 3,tt4765284,tt4765284,353616
Pompeii,tt1921064,tt1921064,76649
Poor Things,tt14230458,tt14230458,792307
Pride & Prejudice & Zombies,tt3611056,tt3611056,58431
Project Almanac,tt2436386,tt2436386,227719
Project X,tt1636826,tt1636826,57214
Prometheus,tt1446714,tt1446714,70981
Promised Land,tt2091473,tt2091473,133694
Ralph Breaks the Internet,tt5848272,tt5848272,404368
Rambo: Last Blood,tt1206885,tt1206885,522938
Rango,tt1192628,tt1192628,44896
Ratchet & Clank,tt2865120,tt2865120,234004
Ready or Not,tt7798634,tt7798634,567609
Ready Player One,tt1677720,tt1677720,333339
Red 2,tt1821694,tt1821694,146216
Red Riding Hood,tt1486185,tt1486185,49730
Red Rocket,tt13453006,tt13453006,763329
Red Sparrow,tt2873282,tt2873282,401981
Resident Evil: Afterlife,tt1220634,tt1220634,35791
Resident Evil: Retribution,tt1855325,tt1855325,71679
Resident Evil: The Final Chapter,tt2592614,tt2592614,173897
Ride Along,tt1408253,tt1408253,168530
Ride Along 2,tt2869728,tt2869728,323675
Rio 2,tt2357291,tt2357291,172385
Rise of the Planet of the Apes,tt1318514,tt1318514,61791
Rock the Kasbah,tt3164256,tt3164256,253414
Rocketman,tt2066051,tt2066051,504608
Rogue One: A Star Wars Story,tt3748528,tt3748528,330459
Rough Night,tt4799050,tt4799050,397422
Rush,tt1979320,tt1979320,96721
Sabotage,tt1742334,tt1742334,12684
Safe,tt1656190,tt1656190,72387
Safe House,tt1599348,tt1599348,59961
San Andreas,tt2126355,tt2126355,254128
Savages,tt1615065,tt1615065,82525
Saving Mr. Banks,tt2140373,tt2140373,140823
Saw 3D,tt1477076,tt1477076,41439
Saw V,tt1132626,tt1132626,11917
Saw VI,tt1233227,tt1233227,22804
Saw X,tt21807222,tt21807222,951491
Scary Stories to Tell In the Dark,tt3387520,tt3387520,417384
SCOOB!,tt3152592,tt3152592,385103
Seeking a Friend for the End of the World,tt1307068,tt1307068,88005
Self/Less,tt2140379,tt2140379,238615
Selma,tt1020072,tt1020072,273895
Seven Psychopaths,tt1931533,tt1931533,86838
Seventh Son,tt1121096,tt1121096,68737
Sex and the City: The Movie,tt16976248,tt16976248,4564
Shazam!,tt0448115,tt6723576,287947
Sherlock Gnomes,tt2296777,tt2296777,370567
Shutter Island,tt1130884,tt1130884,11324
Sicario,tt3397884,tt3397884,273481
Silence,tt0490215,tt5844048,68730
Silent House,tt1767382,tt1767382,92182
Silver Linings Playbook,tt1045658,tt1045658,82693
Sing,tt3470600,tt3470600,335797
Sing 2,tt6467266,tt6467266,438695
Sinister,tt1922777,tt1922777,82507
Sisters,,tt1850457,
Skyfall,tt1074638,tt1074638,37724
Skyscraper,tt5758778,tt5758778,447200
Sleepless,tt2072233,tt2072233,324542
Smile,tt15474916,tt15474916,42264
Snatched,tt2334871,tt2334871,373569
Snow White & the Huntsman,,tt1735898,
Snowden,tt3774114,tt3774114,302401
Snowpiercer,tt1706620,tt1706620,110415
Sonic The Hedgehog,tt3794354,tt3794354,939243
Sonic the Hedgehog 2,tt12412888,tt12412888,675353
Sonic The Hedgehog 3,tt18259086,tt18259086,939243
Spectre,tt2379713,tt2379713,206647
Spell,tt10736580,tt10736580,621151
Spider-Man 2,tt0316654,tt18351128,558
Spider-Man 3,tt0413300,tt1132238,559
Spider-Man: Across the Spider-Verse,tt9362722,tt9362722,569094
Spider-Man: Far From Home,tt6320628,tt6320628,429617
Spider-Man: Homecoming,tt2250912,tt2250912,315635
Spider-Man: No Way Home,tt10872600,tt10872600,634649
Spiral: From the Book of Saw,,tt10342730,602734
Split,tt4972582,tt4972582,
Spotlight,tt1895587,tt1895587,314365
Star Trek Beyond,tt2660888,tt2660888,188927
Star Trek Into Darkness,tt1408101,tt1408101,54138
Star Wars: The Force Awakens,tt10321138,tt10321138,140607
Star Wars: The Rise of Skywalker,tt15662564,tt15662564,181812
Subservience,tt24871974,tt24871974,1064028
Suicide Squad,tt1386697,tt1386697,
Supergirl,tt0088206,tt4016454,
Superman: The Movie,tt5852184,tt5852184,457825
Taken 2,tt1397280,tt1397280,82675
Taken 3,tt2446042,tt2446042,260346
Talk To Me,tt10638522,tt10638522,1008042
Ted,tt1637725,tt1637725,72105
Ted 2,,tt2637276,
Teenage Mutant Ninja Turtles,tt1291150,tt1291150,
Teenage Mutant Ninja Turtles: Out of the Shadows,tt3949660,tt3949660,308531
Tenet,tt6723592,tt6723592,577922
Terminator Genisys,tt1340138,tt1340138,87101
Terminator: Dark Fate,tt6450804,tt6450804,290859
Texas Chainsaw,tt1572315,tt1572315,9373
The Adjustment Bureau,tt1385826,tt1385826,38050
The Age of Adaline,tt1655441,tt1655441,293863
The Amazing Spider-Man 2,tt1872181,tt1872181,102382
The Batman,tt1877830,tt1877830,414906
The Big Short,tt1596363,tt1596363,318846
The Black Phone,tt7144666,tt7144666,756999
The Boss,,tt2702724,
The Bourne Legacy,tt1194173,tt1194173,49040
The Boy Next Door,tt3181822,tt3181822,
The Broken Hearts Gallery,tt2140571,tt2140571,616251
The Bye Bye Man,tt4030600,tt4030600,292280
The Cabin In the Woods,tt1259521,tt1259521,22970
The Call of the Wild,tt7504726,tt7504726,481848
The Choice,tt3797868,tt3797868,330483
The Conjuring,tt1457767,tt1457767,138843
The Conjuring: The Devil Made Me Do It,tt7069210,tt7069210,423108
The Courier,tt8368512,tt8368512,
The Dark Knight Rises,tt1345836,tt1345836,49026
The Darkness,tt1878841,tt1878841,257345
The Disappearance of Eleanor Rigby: Them,tt3729920,tt3729920,157829
The Divergent Series: Insurgent,tt2908446,tt2908446,262500
The DUFF,tt1666801,tt1666801,272693
The Endless,tt3986820,tt3986820,430231
The Expendables,tt1320253,tt1320253,27578
The Expendables 2,tt1764651,tt1764651,76163
The Fate of the Furious,tt4630562,tt4630562,337339
The First Purge,tt6133466,tt6133466,442249
The Forest,tt3387542,tt3387542,329440
The Gambler,tt2039393,tt2039393,284536
The Gentlemen,tt8367814,tt8367814,522627
The Gift,tt0219699,tt4178092,
The Girl on the Train,tt3631112,tt3631112,346685
The Good Liar,tt5563334,tt5563334,511322
The Grand Budapest Hotel,tt2278388,tt2278388,120467
The Great Gatsby,tt1343092,tt1343092,64682
The Great Wall,tt2034800,tt2034800,311324
The Green Inferno,tt2403021,tt2403021,171424
The Grey,tt1601913,tt1601913,75174
The Guest,tt2980592,tt2980592,241848
The Guilt Trip,tt1694020,tt1694020,82687
The Gunman,tt2515034,tt2515034,
The Hangover,tt1119646,tt1119646,18785
The Hangover Part II,tt1411697,tt1411697,45243
The Happytime Murders,tt1308728,tt1308728,412988
The Hateful Eight,tt3460252,tt3460252,273248
The Heat,tt2404463,tt2404463,136795
The Hitman's Bodyguard,tt1959563,tt1959563,390043
The Hobbit: The Battle of the Five Armies,tt2310332,tt2310332,122917
The Hobbit: The Desolation of Smaug,tt1170358,tt1170358,57158
The Hobbit: The Desolation of Smaug,tt21824192,tt21824192,
The House With a Clock In Its Walls,tt2119543,tt2119543,463821
The Hunger Games,tt1392170,tt1392170,70160
The Hunger Games: Catching Fire,tt1951264,tt1951264,101299
The Hunger Games: Mockingjay - Part 1,tt1951265,tt1951265,131631
The Hunger Games: Mockingjay - Part 2,tt1951266,tt1951266,131634
The Hunger Games: The Ballad of Songbirds and Snakes,,tt36110019,695721
The Hunt,tt8244784,tt8244784,514847
The Huntsman: Winter's War,,tt2381991,
The Internship,tt2234155,tt2234155,613130
The Invisible Man,tt1051906,tt1051906,570670
The Judge,tt1872194,tt1872194,205587
The Last Exorcism,tt1320244,tt1320244,38358
The Last Voyage of the Demeter,tt1001520,tt1001520,635910
The Last Witch Hunter,tt1618442,tt1618442,274854
The Legend of Hercules,tt1043726,tt1043726,188207
The LEGO Movie,tt1490017,tt1490017,137106
The Lincoln Lawyer,tt1189340,tt1189340,50348
The Lion King,tt6105098,tt6105098,420818
The Lodge,tt7347846,tt7347846,35247
The Loft,tt1850397,tt1850397,72784
The Longest Ride,tt2726560,tt2726560,228205
The Martian,tt3659388,tt3659388,286217
The Maze Runner,tt1790864,tt1790864,198663
The Meg,tt4779682,tt4779682,345940
The Menu,tt9764362,tt9764362,593643
The Mummy,tt2345759,tt2345759,282035
The Nice Guys,tt3799694,tt3799694,290250
The Northman,tt11138512,tt11138512,639933
The Nun,tt5814060,tt5814060,439079
The Other Side of the Door,tt3702652,tt3702652,364116
The Other Woman,tt2203939,tt2203939,52505
The Place Beyond the Pines,tt1817273,tt1817273,97367
The Purge,tt2184339,tt2184339,158015
The Purge: Anarchy,tt2975578,tt2975578,238636
The Purge: Election Year,tt4094724,tt4094724,316727
The Revenant,tt1663202,tt1663202,281957
The Scorpion King 3: Battle for Redemption,tt1781896,tt1781896,78049
The Secret Life of Pets,tt2709768,tt2709768,328111
The Shack,tt2872518,tt2872518,345938
The Snowman,tt1758810,tt1758810,
The Space Between Us,tt3922818,tt3922818,365942
The Spy Who Dumped Me,tt6663582,tt6663582,454992
The Suicide Squad,tt6334354,tt6334354,
The Super Mario Bros. Movie,tt6718170,tt6718170,502356
The Theory of Everything,tt2980516,tt2980516,266856
The Three Musketeers Part I: D'Artagnan,tt12672536,tt12672536,796185
The Three Musketeers Part II: Milady,tt12672620,tt12672620,845111
The Turning,tt7510346,tt7510346,725582
The Twilight Saga: Breaking Dawn - Part 1,,tt1324999,
The Twilight Saga: Breaking Dawn - Part 2,tt1673434,tt1673434,50620
The Unbearable Weight of Massive Talent,tt11291274,tt11291274,648579
The Visit,tt3567288,tt3567288,298312
The Voices,tt1567437,tt1567437,244458
The Way Back,tt1023114,tt1023114,529485
The Wolf's Call,tt7458762,tt7458762,484468
The Wolverine,tt1430132,tt1430132,76170
The Woman In Black,tt1596365,tt1596365,65086
The Woman King,tt8093700,tt8093700,724495
The World's End,tt1213663,tt1213663,107985
The Young Messiah,tt1002563,tt1002563,318850
This Is 40,tt1758830,tt1758830,89492
This Is the End,tt1245492,tt1245492,109414
Thor: Ragnarok,tt3501632,tt3501632,284053
Thor: The Dark World,tt1981115,tt1981115,76338
Tomorrowland,tt1964418,tt1964418,158852
Toy Story 4,tt1979376,tt1979376,301528
Tracks,tt2167266,tt2167266,108322
Trainwreck,tt3152624,tt3152624,271718
Transformers: Age of Extinction,tt2109248,tt2109248,91314
Transformers: Dark of the Moon,tt1399103,tt1399103,38356
Transformers: The Last Knight,tt3371366,tt3371366,335988
Triple 9,tt1712261,tt1712261,146198
Trolls World Tour,tt6587640,tt6587640,446893
Turbo,tt1860353,tt1860353,77950
Twisters,tt12584954,tt12584954,718821
Unbroken,tt1809398,tt1809398,227306
Uncharted,tt1464335,tt1464335,335787
Uncut Gems,tt5727208,tt5727208,473033
Underwater,tt5774060,tt5774060,443791
Unfriended,tt3713166,tt3713166,
Up In the Air,tt1193138,tt1193138,22947
Upgrade,tt6499752,tt6499752,500664
Us,tt6857112,tt6857112,458723
Valerian and the City of a Thousand Planets,tt2239822,tt2239822,339964
Venom,tt1270797,tt1270797,335983
Venom: Let There Be Carnage,tt7097896,tt7097896,580489
Vivarium,tt8368406,tt8368406,458305
Walk of Shame,tt2463288,tt2463288,187596
War for the Planet of the Apes,tt3450958,tt3450958,281338
Warm Bodies,tt1588173,tt1588173,82654
Water for Elephants,tt1067583,tt1067583,55787
We Bought a Zoo,tt1389137,tt1389137,74465
We're the Millers,tt1723121,tt1723121,
Whiskey Tango Foxtrot,tt3553442,tt3553442,279641
Wicked,tt1262426,tt1262426,402431
Willy Wonka and the Chocolate Factory,tt6803390,tt6803390,455411
Winter's Bone,tt1399683,tt1399683,39013
Wonder,tt2543472,tt2543472,406997
Woodlawn,tt4183692,tt4183692,333596
Wreck-It Ralph,tt1772341,tt1772341,82690
X-Men,tt0120903,tt14920216,246655
X-Men: Apocalypse,tt3385516,tt3385516,246655
X-Men: Dark Phoenix,tt6565702,tt6565702,320288
X-Men: Days of Future Past,tt1877832,tt1877832,127585
X-Men: First Class,tt1270798,tt1270798,691677
Yesterday,tt8079248,tt8079248,
Zombieland: Double Tap,tt1560220,tt1560220,338967
Paddington,,tt1109624,116149
Knock at the Cabin,,tt15679400,631842
Gladiator II,,tt9218128,558449
Oppenheimer,,tt15398776,872585
Fall,,tt15325794,985939
The Ministry of Ungentlemanly Warfare,,tt5177120,799583
Ford v Ferrari,,tt1950186,359724
Abduction,,tt1600195,59965
Alice in Wonderland,,tt1014759,12155
All the Money in the World,,tt5294550,446791
Annabelle Comes Home,,tt8350360,521029
Arthur,,tt1334512,49012
Atomic Blonde,,tt2406566,341013
Back to Black,,tt21261712,998846
A Bad Moms Christmas,,tt6359956,431530
American Sniper,tt2179136,tt2179136,
Asteroid City,tt14230388,tt14230388,
By the Sea,tt3707106,tt3707106,
Hanni & Nanni 4,,tt6031104,429971
Abduction,,tt1600195,
Abraham Lincoln: Vampire Hunter,,tt1611224,
Ad Astra,,tt2935510,
The Adjustment Bureau,,tt1385826,
Admission,,tt1814621,
The Age of Adaline,,tt1655441,
Alice In Wonderland,,tt1014759,
Alien: Covenant,,tt2316204,
All the Money In the World,,tt5294550,
The Amazing Spider-Man 2,,tt1872181,
American Hustle,,tt1800241,
American Sniper,,tt2179136,
Anchorman 2: The Legend Continues,,tt1229340,
The Angry Birds Movie,,tt1985949,
Anna,,tt7456310,
Annabelle,,tt3322940,
Annabelle Comes Home,,tt8350360,
Annabelle: Creation,,tt5140878,
Annihilation,,tt2798920,
Antebellum,,tt10065694,
Arrival,,tt2543164,
Arthur Christmas,,tt1430607,
"As Above, So Below",,tt2870612,
Asteroid City,,tt14230388,
Atomic Blonde,,tt2406566,
Avatar (2009),,tt22524856,
Avengers: Age of Ultron,,tt2395427,
Avengers: Endgame,,tt4154796,
Baby Driver,,tt3890160,
Back to Black,,tt21261712,
A Bad Moms Christmas,,tt6359956,
Bad Words,,tt2170299,
Barbie,,tt1517268,
The Batman,,tt1877830,
Battleship,,tt1440129,
Baywatch,,tt1469304,
Big Eyes,,tt1126590,
Big Hero 6,,tt2245084,
The Big Short,,tt1596363,
Birdman,,tt5130912,
Birds of Prey and the Fantabulous Emancipation of One Harley Quinn,,tt7713068,
Black Mass,,tt1355683,
The Black Phone,,tt7144666,
Blackhat,,tt2717822,
Blair Witch,,tt1540011,
Blockers,,tt2531344,
Blow,,tt7739238,
Bohemian Rhapsody,,tt1727824,
Book Club,,tt6857166,
The Bourne Legacy,,tt1194173,
Boyhood,,tt1065073,
Brahms: The Boy II,,tt9173418,
Bridge of Spies,,tt3682448,
Brightburn,,tt7752126,
The Broken Hearts Gallery,,tt2140571,
Bros,,tt9731598,
Bullet Train,,tt12593682,
Bumblebee,,tt4701182,
The Bye Bye Man,,tt4030600,
The Cabin In the Woods,,tt1259521,
Cadillac Records,,tt1042877,
Call Me By Your Name,,tt5726616,
The Call of the Wild,,tt7504726,
Captain America: Civil War,,tt3498820,
Captain America: The Winter Soldier,,tt1843866,
Captain Marvel,,tt4154664,
Captain Phillips,,tt1535109,
Captive,,tt3268668,
Chaos Walking,,tt2076822,
Chef,,tt2883512,
Child's Play,,tt5203760,
The Choice,,tt3797868,
Colossal,,tt4680182,
The Conjuring,,tt1457767,
The Conjuring: The Devil Made Me Do It,,tt7069210,
Contagion,,tt1598778,
Contraband,,tt1524137,
The Count of Monte Cristo,,tt26446278,
Countdown,,tt10039344,
Crawl,,tt8364368,
Criminal,,tt3014866,
Crimson Peak,,tt2554274,
Crypto,,tt8563452,
A Cure for Wellness,,tt4731136,
Daddy's Home,,tt1528854,
Daddy's Home 2,,tt5657846,
The Dark Knight Rises,,tt1345836,
Dark Web: Cicada 3301,,tt8110246,
Darkest Hour,,tt4555426,
The Darkness,,tt1878841,
Dawn of the Planet of the Apes,,tt2103281,
Deadpool,,tt1431045,
Deadpool & Wolverine,,tt6263850,
Death Race 2,,tt1500491,
Deepwater Horizon,,tt1860357,
Deliver Us from Evil,,tt2377322,
The Descent,,tt1611176,
Despicable Me 2,,tt1690953,
Divergent,,tt1840309,
Django Unchained,,tt1853728,
Doctor Sleep,,tt5606664,
Dolittle,,tt6673612,
Don Jon,,tt2229499,
Downsizing,,tt1389072,
Dredd,,tt1343727,
Drinking Buddies,,tt2265398,
Due Date,,tt1231583,
The DUFF,,tt1666801,
Dumb and Dumber To,,tt2096672,
Dumb Money,,tt13957560,
Dune,,tt1160419,
Dungeons & Dragons Honor Among Thieves,,tt2906216,
Earth: One Amazing Day,,tt6238896,
Easy A,,tt1282140,
ELLIS,,tt5109770,
Elvis,,tt3704428,
Ender's Game,,tt1731141,
The Endless,,tt3986820,
Endless Love,,tt2318092,
Escape Plan,,tt1211956,
Escape Room,,tt5886046,
Escape Room: Tournament of Champions,,tt9844522,
Evil Dead 2,,tt3297314,
Ex Machina,,tt5262674,
The Expendables,,tt1320253,
The Expendables 2,,tt1764651,
Eye In the Sky,,tt2057392,
Fall,,tt15325794,
Fantastic Beasts and Where to Find Them,,tt3183660,
Fantastic Beasts: The Crimes of Grindelwald,,tt4123430,
Fantastic Beasts: The Secrets of Dumbledore,,tt4123432,
The Fate of the Furious,,tt4630562,
Fear of Rain,,tt10037014,
Fifty Shades Darker,,tt4465564,
Fifty Shades Freed,,tt4477536,
Fifty Shades of Grey,,tt2322441,
Final Destination 5,,tt1622979,
Final Destination Bloodlines,,tt9619824,
First Man,,tt1213641,
The First Purge,,tt6133466,
Five Feet Apart,,tt6472976,
Flight,,tt1907668,
Footloose (1984),,tt17304912,
Ford v Ferrari,,tt1950186,
The Forest,,tt3387542,
Freaky,,tt10919380,
Free Guy,,tt6264654,
Free State of Jones,,tt1124037,
Friday (1995),,tt26094694,
Friday the 13th (1980),,tt12291628,
Frozen,,tt2294629,
Frozen II,,tt4520988,
Furiosa: A Mad Max Saga,,tt12037194,
G.I. Joe: Retaliation,,tt1583421,
G.I. Joe: The Rise of Cobra,,tt1046173,
The Gambler,,tt2039393,
Gemini Man,,tt1025100,
The Gentlemen,,tt8367814,
Geostorm,,tt1981128,
Get Him to the Greek,,tt1226229,
Get Out,,tt5052448,
Ghost in the Shell,,tt1219827,
A Ghost Story,,tt6265828,
Ghostbusters: Afterlife,,tt4513678,
Gladiator II,,tt9218128,
Glass,,tt6823368,
A Glitch in the Matrix,,tt9847360,
Gods of Egypt,,tt2404233,
Godzilla (2014),,tt24798746,
Gone Girl,,tt2267998,
A Good Day to Die Hard,,tt1606378,
The Good Liar,,tt5563334,
Goosebumps 2,,tt5664636,
Gran Torino,,tt1205489,
The Grand Budapest Hotel,,tt2278388,
Gravity,,tt1454468,
The Great Wall,,tt2034800,
The Green Inferno,,tt2403021,
Green Room,,tt4062536,
The Grey,,tt1601913,
The Grudge,,tt3612126,
Guardians of the Galaxy,,tt2015381,
Guardians of the Galaxy Vol. 2,,tt3896198,
Guardians of the Galaxy Vol. 3,,tt6791350,
The Guest,,tt2980592,
The Guilt Trip,,tt1694020,
Hacksaw Ridge,,tt2119532,
The Hangover,,tt1119646,
The Hangover Part II,,tt1411697,
Happy Death Day,,tt5308322,
Happy Death Day 2U,,tt8155288,
The Happytime Murders,,tt1308728,
Hardcore Henry,,tt3072482,
"Harry Potter and the Deathly Hallows, Part 2",,tt1201607,
The Hateful Eight,,tt3460252,
A Haunting in Venice,,tt22687790,
He's Just Not That Into You,,tt1001508,
The Heat,,tt2404463,
Hellboy,,tt2274648,
Hidden Figures,,tt4846340,
High Life,,tt4827558,
The Hitman's Bodyguard,,tt1959563,
The Hobbit: The Battle of the Five Armies,,tt2310332,
The Hobbit: The Desolation of Smaug,,tt1170358,
The Hobbit: The Desolation of Smaug (Extended Edition),,tt21824192,
Holmes & Watson,,tt1255919,
Horrible Bosses,,tt1499658,
Hot Tub Time Machine 2,,tt2637294,
The House With a Clock In Its Walls,,tt2119543,
How to Train Your Dragon 2,,tt1646971,
The Hunger Games,,tt1392170,
The Hunger Games: Catching Fire,,tt1951264,
The Hunger Games: Mockingjay - Part 1,,tt1951265,
The Hunger Games: Mockingjay - Part 2,,tt1951266,
Hustlers,,tt5503686,
"I, Frankenstein",,tt1418377,
Identity Thief,,tt2024432,
If I Stay,,tt1355630,
Immortals,,tt1253864,
In Time,,tt1637688,
Inception,,tt1375666,
Incredibles 2,,tt3606756,
Independence Day: Resurgence,,tt1628841,
Indiana Jones and the Dial of Destiny,,tt1462764,
Inferno,,tt3062096,
Inherent Vice,,tt1791528,
Inside Out 2,,tt22022452,
Insidious: The Last Key,,tt5726086,
Instant Family,,tt7401588,
The Internship,,tt2234155,
Iron Man 2,,tt1228705,
Iron Man 3,,tt1300854,
It Chapter Two,,tt7349950,
It Follows,,tt3235888,
It's Complicated,,tt1230414,
Jack Reacher: Never Go Back,,tt3393786,
Jack Ryan: Shadow Recruit,,tt1205537,
Jackass Presents: Bad Grandpa,,tt3063516,
Jason Bourne,,tt4196776,
John Wick,,tt2911666,
John Wick: Chapter 2,,tt4425200,
John Wick: Chapter 3 - Parabellum,,tt6146586,
John Wick: Chapter 4,,tt10366206,
Joker,,tt7286456,
Joy,,tt2446980,
The Judge,,tt1872194,
Jumanji: The Next Level,,tt7975244,
Jumanji: Welcome to the Jungle,,tt2283362,
Jurassic World Dominion,,tt8041270,
Jurassic World: Fallen Kingdom,,tt4881806,
Kick-Ass,,tt1250777,
Kick-Ass 2,,tt1650554,
Killers of the Flower Moon,,tt5537002,
Kingdom of the Planet of the Apes,,tt11389872,
Kingsman: The Golden Circle,,tt4649466,
Kingsman: The Secret Service,,tt2802144,
Knives Out,,tt8946378,
Knock at the Cabin,,tt15679400,
Kong: Skull Island,,tt3731562,
Krampus,,tt3850590,
La La Land,,tt3783958,
Labor Day,,tt1967545,
The Last Exorcism,,tt1320244,
The Last Voyage of the Demeter,,tt1001520,
The Last Witch Hunter,,tt1618442,
Lawless,,tt1212450,
The Legend of Hercules,,tt1043726,
The LEGO Movie,,tt1490017,
Let's Be Cops,,tt1924435,
Life,,tt5442430,
Lights Out,,tt4786282,
Limitless,,tt1219289,
The Lincoln Lawyer,,tt1189340,
Lockout,,tt1592525,
The Lodge,,tt7347846,
The Loft,,tt1850397,
Logan,,tt3315342,
London Has Fallen,,tt3300542,
Lone Survivor,,tt1091191,
Long Shot,,tt2139881,
The Longest Ride,,tt2726560,
Love and Monsters,,tt2222042,
"Love, Simon",,tt5164432,
Lucy,,tt2872732,
M3GAN,,tt8760708,
Mad Max: Fury Road,,tt1392190,
Magic Mike,,tt1915581,
Maleficent,,tt1587310,
Maleficent: Mistress of Evil,,tt4777008,
Malignant,,tt3811906,
Mama,,tt2023587,
Mamma Mia! Here We Go Again,,tt6911608,
Man of Steel (2013),,tt28268482,
Maps to the Stars,,tt2172584,
The Martian,,tt3659388,
The Maze Runner,,tt1790864,
Maze Runner: The Scorch Trials,,tt4046784,
Meet Me In St. Louis,,tt3352232,
The Meg,,tt4779682,
Melancholia,,tt1527186,
Men In Black 3,,tt1409024,
The Menu,,tt9764362,
Mickey 17,,tt12299608,
Mike and Dave Need Wedding Dates,,tt2823054,
Minions,,tt2293640,
The Ministry of Ungentlemanly Warfare,,tt5177120,
Miss Congeniality,,tt6112088,
Missing Link,,tt6348138,
Mission: Impossible - Fallout,,tt4912910,
Mission: Impossible - Ghost Protocol,,tt1229238,
Mission: Impossible - Rogue Nation,,tt2381249,
Monster Hunter,,tt6475714,
Moon,,tt1182345,
mother!,,tt5109784,
Mrs. Doubtfire,,tt1287348,
Mud,,tt1935179,
Murder On the Orient Express,,tt3402236,
My Big Fat Greek Wedding 2,,tt3760922,
Neighbors,,tt2004420,
Neighbors 2: Sorority Rising,,tt4438848,
The Nice Guys,,tt3799694,
Night At the Museum: Secret of the Tomb,,tt2692250,
Nightcrawler,,tt2872718,
No Hard Feelings,,tt15671028,
No Strings Attached,,tt1411238,
No Time to Die,,tt2382320,
Noah,,tt1959490,
Non-Stop,,tt2024469,
Nope,,tt10954984,
Norm of the North,,tt1594972,
The Northman,,tt11138512,
Now You See Me,,tt1670345,
Now You See Me 2,,tt3110958,
"O Brother, Where Art Thou?",,tt16992456,
Oblivion,,tt1483013,
Ocean's 8,,tt9108974,
Ocean's Eleven (2001),,tt17978584,
Office Christmas Party,,tt1711525,
Once Upon a Time...in Hollywood,,tt7131622,
Oppenheimer,,tt15398776,
Orphan,,tt1148204,
The Other Side of the Door,,tt3702652,
The Other Woman,,tt2203939,
Ouija,,tt1204977,
Ouija: Origin of Evil,,tt4361050,
Oz the Great and Powerful,,tt1623205,
Pacific Rim,,tt1663662,
Paddington,,tt1109624,
Pain & Gain,,tt1980209,
Paranormal Activity: The Marked Ones,,tt2473682,
Parasite,,tt6751668,
Patriots Day,,tt4572514,
Pawn Sacrifice,,tt1596345,
Peppermint,,tt6850820,
Percy Jackson: Sea of Monsters,,tt1854564,
Pet Sematary (2019),,tt15433746,
Pirates of the Caribbean: Dead Men Tell No Tales,,tt1790809,
Pirates of the Caribbean: On Stranger Tides,,tt1298650,
Pitch Perfect,,tt1981677,
Pitch Perfect 2,,tt2848292,
Pitch Perfect 3,,tt4765284,
The Place Beyond the Pines,,tt1817273,
Pleasantville (1998),,tt17305308,
Pompeii,,tt1921064,
Poor Things,,tt14230458,
Project Almanac,,tt2436386,
Project X,,tt1636826,
Prometheus,,tt1446714,
Promised Land,,tt2091473,
The Purge,,tt2184339,
The Purge: Anarchy,,tt2975578,
The Purge: Election Year,,tt4094724,
A Quiet Place,,tt6644200,
Ralph Breaks the Internet,,tt5848272,
Ran (1985),,tt22087412,
Rango,,tt1192628,
Ratchet & Clank,,tt2865120,
Ready or Not,,tt7798634,
Ready Player One,,tt1677720,
Red 2,,tt1821694,
Red Riding Hood,,tt1486185,
Red Rocket,,tt13453006,
Red Sparrow,,tt2873282,
Resident Evil: Afterlife,,tt1220634,
Resident Evil: Retribution,,tt1855325,
Resident Evil: The Final Chapter,,tt2592614,
The Revenant,,tt1663202,
Ride Along,,tt1408253,
Ride Along 2,,tt2869728,
Rio 2,,tt2357291,
Rise of the Planet of the Apes,,tt1318514,
Rock the Kasbah,,tt3164256,
Rocketman,,tt2066051,
Rogue One: A Star Wars Story,,tt3748528,
Rough Night,,tt4799050,
Rush,,tt1979320,
Sabotage,,tt1742334,
Safe,,tt1656190,
Safe House,,tt1599348,
San Andreas,,tt2126355,
Savages,,tt1615065,
Saving Mr. Banks,,tt2140373,
Saw X,,tt21807222,
Scarface (1983),,tt22934226,
Scary Stories to Tell In the Dark,,tt3387520,
SCOOB!,,tt3152592,
The Scorpion King 3: Battle for Redemption,,tt1781896,
The Secret Life of Pets,,tt2709768,
Seeking a Friend for the End of the World,,tt1307068,
Self/Less,,tt2140379,
Selma,,tt1020072,
Seven Psychopaths,,tt1931533,
Seventh Son,,tt1121096,
Sex and the City: The Movie,,tt16976248,
The Shack,,tt2872518,
Shazam!,,tt6723576,
Sherlock Gnomes,,tt2296777,
Sherlock Holmes (2009),,tt19738224,
Shutter Island,,tt1130884,
Sicario,,tt3397884,
Silence,,tt5844048,
Silent House,,tt1767382,
Silver Linings Playbook,,tt1045658,
Sing,,tt3470600,
Sing 2,,tt6467266,
Sinister,,tt1922777,
Skyfall,,tt1074638,
Skyscraper,,tt5758778,
Sleepless,,tt2072233,
Smile,,tt15474916,
Snatched,,tt2334871,
Snowden,,tt3774114,
Snowpiercer,,tt1706620,
Sonic The Hedgehog,,tt3794354,
Sonic the Hedgehog 2,,tt12412888,
Sonic The Hedgehog 3,,tt18259086,
The Space Between Us,,tt6344626,
Spectre,,tt2379713,
Spell,,tt10736580,
Spider-Man 2,,tt18351128,
Spider-Man 3,,tt1132238,
Spider-Man: Across the Spider-Verse,,tt9362722,
Spider-Man: Far From Home,,tt6320628,
Spider-Man: Homecoming,,tt2250912,
Spider-Man: No Way Home,,tt10872600,
Spiral: From the Book of Saw,,tt10342730,
Spotlight,,tt1895587,
The Spy Who Dumped Me,,tt6663582,
Star Trek Beyond,,tt2660888,
Star Trek Into Darkness,,tt1408101,
Star Wars: The Force Awakens,,tt2488496,
Star Wars: The Rise of Skywalker,,tt2527338,
Subservience,,tt24871974,
Sully,,tt3263904,
The Super Mario Bros. Movie,,tt6718170,
Supergirl (1984),,tt16996394,
Superman: The Movie,,tt5852184,
Taken,,tt1391871,
Taken 2,,tt1397280,
Taken 3,,tt2446042,
Talk To Me,,tt10638522,
Teenage Mutant Ninja Turtles: Out of the Shadows,,tt3949660,
Tenet,,tt6723592,
Terminator Genisys,,tt1340138,
Terminator: Dark Fate,,tt6450804,
Texas Chainsaw,,tt1572315,
The Theory of Everything,,tt2980516,
This Is 40,,tt1758830,
This Is the End,,tt1245492,
Thor: Ragnarok,,tt3501632,
Thor: The Dark World,,tt1981115,
The Three Musketeers Part I: D'Artagnan,,tt12672536,
The Three Musketeers Part II: Milady,,tt12672620,
Tomorrowland,,tt1964418,
Toy Story 4,,tt1979376,
Tracks,,tt2167266,
Trainwreck,,tt3152624,
Transformers: Age of Extinction,,tt2109248,
Transformers: Dark of the Moon,,tt1399103,
Transformers: The Last Knight,,tt3371366,
Triple 9,,tt1712261,
Trolls World Tour,,tt6587640,
Trouble with the Curve,,tt2083383,
The Twilight Saga: Breaking Dawn - Part 2,,tt1673434,
Twister (1996),,tt28426494,
Twisters,,tt12584954,
The Unbearable Weight of Massive Talent,,tt11291274,
Unbroken,,tt1809398,
Uncharted,,tt1464335,
Underwater,,tt5774060,
Up In the Air,,tt1193138,
Upgrade,,tt6499752,
Valerian and the City of a Thousand Planets,,tt2239822,
Venom,,tt1270797,
Venom: Let There Be Carnage,,tt7097896,
The Visit,,tt3567288,
Vivarium,,tt8368406,
Walk of Shame,,tt2463288,
War for the Planet of the Apes,,tt3450958,
Warm Bodies,,tt1588173,
Water for Elephants,,tt1067583,
The Way Back,,tt8544498,
We Bought a Zoo,,tt1389137,
Whiskey Tango Foxtrot,,tt3553442,
Wicked,,tt1262426,
Willy Wonka and the Chocolate Factory,,tt22690268,
Winter's Bone,,tt1399683,
The Wolf's Call,,tt7458762,
The Wolverine,,tt1430132,
The Woman In Black,,tt1596365,
The Woman King,,tt8093700,
Wonder,,tt2543472,
Woodlawn,,tt4183692,
The World's End,,tt1213663,
Wreck-It Ralph,,tt1772341,
X-Men,,tt14920216,
X-Men: Apocalypse,,tt3385516,
X-Men: Dark Phoenix,,tt6565702,
X-Men: Days of Future Past,,tt1877832,
X-Men: First Class,,tt1270798,
The Young Messiah,,tt1002563,
Zombieland: Double Tap,,tt1560220,
10 Cloverfield Lane,,tt1179933,
12 Angry Men (1957),,tt25601256,
13 Hours: The Secret Soldiers of Benghazi,,tt4172430,
21 & Over,,tt1711425,
21 Bridges,,tt8688634,
21 Jump Street,,tt1232829,
22 Jump Street,,tt2294449,
47 Meters Down,,tt2932536,
47 Ronin,,tt1335975,
300,,tt33397756,
300: Rise of an Empire,,tt1253863,
1917,,tt8579674,
Mad Max: Fury Road,,tt1392190,
Abduction,,tt1600195,
Abraham Lincoln: Vampire Hunter,,tt1611224,
Ad Astra,,tt2935510,
The Adjustment Bureau,,tt1385826,
Admission,,tt1814621,
The Age of Adaline,,tt1655441,
Alice In Wonderland,,tt1014759,
Alien: Covenant,,tt2316204,
All the Money In the World,,tt5294550,
The Amazing Spider-Man 2,,tt1872181,
American Hustle,,tt1800241,
American Sniper,,tt2179136,
Anchorman 2: The Legend Continues,,tt1229340,
The Angry Birds Movie,,tt1985949,
Anna,,tt7456310,
Annabelle,,tt3322940,
Annabelle Comes Home,,tt8350360,
Annabelle: Creation,,tt5140878,
Annihilation,,tt2798920,
Antebellum,,tt10065694,
Arrival,,tt2543164,
Arthur Christmas,,tt1430607,
"As Above, So Below",,tt2870612,
Asteroid City,,tt14230388,
Atomic Blonde,,tt2406566,
Avengers: Age of Ultron,,tt2395427,
Avengers: Endgame,,tt4154796,
Baby Driver,,tt3890160,
Back to Black,,tt21261712,
A Bad Moms Christmas,,tt6359956,
Bad Words,,tt2170299,
Barbie,,tt1517268,
The Batman,,tt1877830,
Battleship,,tt1440129,
Baywatch,,tt1469304,
Big Eyes,,tt1126590,
Big Hero 6,,tt2245084,
The Big Short,,tt1596363,
Birds of Prey and the Fantabulous Emancipation of One Harley Quinn,,tt7713068,
Black Mass,,tt1355683,
The Black Phone,,tt7144666,
Blackhat,,tt2717822,
Blair Witch,,tt1540011,
Blockers,,tt2531344,
Blow,,tt7739238,
Bohemian Rhapsody,,tt1727824,
Book Club,,tt6857166,
The Bourne Legacy,,tt1194173,
Boyhood,,tt1065073,
Brahms: The Boy II,,tt9173418,
Bridge of Spies,,tt3682448,
Brightburn,,tt7752126,
The Broken Hearts Gallery,,tt2140571,
Bros,,tt9731598,
Bullet Train,,tt12593682,
Bumblebee,,tt4701182,
The Bye Bye Man,,tt4030600,
The Cabin In the Woods,,tt1259521,
Cadillac Records,,tt1042877,
Call Me By Your Name,,tt5726616,
The Call of the Wild,,tt7504726,
Captain America: Civil War,,tt3498820,
Captain America: The Winter Soldier,,tt1843866,
Captain Marvel,,tt4154664,
Captain Phillips,,tt1535109,
Captive,,tt3268668,
Chaos Walking,,tt2076822,
Chef,,tt2883512,
The Choice,,tt3797868,
Colossal,,tt4680182,
The Conjuring,,tt1457767,
The Conjuring: The Devil Made Me Do It,,tt7069210,
Contagion,,tt1598778,
Contraband,,tt1524137,
The Count of Monte Cristo,,tt26446278,
Countdown,,tt10039344,
Crawl,,tt8364368,
Criminal,,tt3014866,
Crimson Peak,,tt2554274,
Crypto,,tt8563452,
A Cure for Wellness,,tt4731136,
Daddy's Home,,tt1528854,
Daddy's Home 2,,tt5657846,
The Dark Knight Rises,,tt1345836,
Dark Web: Cicada 3301,,tt8110246,
Darkest Hour,,tt4555426,
The Darkness,,tt1878841,
Dawn of the Planet of the Apes,,tt2103281,
Deadpool,,tt1431045,
Deadpool & Wolverine,,tt6263850,
Death Race 2,,tt1500491,
Deepwater Horizon,,tt1860357,
Deliver Us from Evil,,tt2377322,
Despicable Me 2,,tt1690953,
Divergent,,tt1840309,
Django Unchained,,tt1853728,
Doctor Sleep,,tt5606664,
Dolittle,,tt6673612,
Don Jon,,tt2229499,
Downsizing,,tt1389072,
Dredd,,tt1343727,
Drinking Buddies,,tt2265398,
Due Date,,tt1231583,
The DUFF,,tt1666801,
Dumb and Dumber To,,tt2096672,
Dumb Money,,tt13957560,
Dune,,tt1160419,
Dungeons & Dragons Honor Among Thieves,,tt2906216,
Earth: One Amazing Day,,tt6238896,
Easy A,,tt1282140,
ELLIS,,tt5109770,
Elvis,,tt3704428,
Ender's Game,,tt1731141,
The Endless,,tt3986820,
Escape Plan,,tt1211956,
Escape Room,,tt5886046,
Escape Room: Tournament of Champions,,tt9844522,
Evil Dead 2,,tt3297314,
The Expendables,,tt1320253,
The Expendables 2,,tt1764651,
Eye In the Sky,,tt2057392,
Fall,,tt15325794,
Fantastic Beasts and Where to Find Them,,tt3183660,
Fantastic Beasts: The Crimes of Grindelwald,,tt4123430,
Fantastic Beasts: The Secrets of Dumbledore,,tt4123432,
The Fate of the Furious,,tt4630562,
Fear of Rain,,tt10037014,
Fifty Shades Darker,,tt4465564,
Fifty Shades Freed,,tt4477536,
Fifty Shades of Grey,,tt2322441,
Final Destination 5,,tt1622979,
Final Destination Bloodlines,,tt9619824,
First Man,,tt1213641,
The First Purge,,tt6133466,
Five Feet Apart,,tt6472976,
Flight,,tt1907668,
Ford v Ferrari,,tt1950186,
The Forest,,tt3387542,
Freaky,,tt10919380,
Free Guy,,tt6264654,
Free State of Jones,,tt1124037,
Frozen,,tt2294629,
Frozen II,,tt4520988,
Furiosa: A Mad Max Saga,,tt12037194,
G.I. Joe: Retaliation,,tt1583421,
G.I. Joe: The Rise of Cobra,,tt1046173,
The Gambler,,tt2039393,
Gemini Man,,tt1025100,
The Gentlemen,,tt8367814,
Geostorm,,tt1981128,
Get Him to the Greek,,tt1226229,
Get Out,,tt5052448,
Ghost in the Shell,,tt1219827,
A Ghost Story,,tt6265828,
Ghostbusters: Afterlife,,tt4513678,
Gladiator II,,tt9218128,
Glass,,tt6823368,
A Glitch in the Matrix,,tt9847360,
Gods of Egypt,,tt2404233,
Gone Girl,,tt2267998,
A Good Day to Die Hard,,tt1606378,
The Good Liar,,tt5563334,
Goosebumps 2,,tt5664636,
Gran Torino,,tt1205489,
The Grand Budapest Hotel,,tt2278388,
Gravity,,tt1454468,
The Great Wall,,tt2034800,
Green Room,,tt4062536,
The Grey,,tt1601913,
The Grudge,,tt3612126,
Guardians of the Galaxy,,tt2015381,
Guardians of the Galaxy Vol. 2,,tt3896198,
Guardians of the Galaxy Vol. 3,,tt6791350,
The Guest,,tt2980592,
The Guilt Trip,,tt1694020,
Hacksaw Ridge,,tt2119532,
The Hangover,,tt1119646,
The Hangover Part II,,tt1411697,
Happy Death Day,,tt5308322,
Happy Death Day 2U,,tt8155288,
The Happytime Murders,,tt1308728,
Hardcore Henry,,tt3072482,
"Harry Potter and the Deathly Hallows, Part 2",,tt1201607,
The Hateful Eight,,tt3460252,
A Haunting in Venice,,tt22687790,
He's Just Not That Into You,,tt1001508,
The Heat,,tt2404463,
Hellboy,,tt2274648,
Hidden Figures,,tt4846340,
High Life,,tt4827558,
The Hitman's Bodyguard,,tt1959563,
The Hobbit: The Battle of the Five Armies,,tt2310332,
The Hobbit: The Desolation of Smaug,,tt1170358,
Holmes & Watson,,tt1255919,
Horrible Bosses,,tt1499658,
Hot Tub Time Machine 2,,tt2637294,
The House With a Clock In Its Walls,,tt2119543,
How to Train Your Dragon 2,,tt1646971,
The Hunger Games,,tt1392170,
The Hunger Games: Catching Fire,,tt1951264,
The Hunger Games: Mockingjay - Part 1,,tt1951265,
The Hunger Games: Mockingjay - Part 2,,tt1951266,
The Hunger Games: The Ballad of Songbirds and Snakes,,tt10545296,
Hustlers,,tt5503686,
"I, Frankenstein",,tt1418377,
Identity Thief,,tt2024432,
If I Stay,,tt1355630,
Immortals,,tt1253864,
In Time,,tt1637688,
Inception,,tt1375666,
Incredibles 2,,tt3606756,
Independence Day: Resurgence,,tt1628841,
Indiana Jones and the Dial of Destiny,,tt1462764,
Inferno,,tt3062096,
Inherent Vice,,tt1791528,
Inside Out 2,,tt22022452,
Insidious: The Last Key,,tt5726086,
Instant Family,,tt7401588,
The Internship,,tt2234155,
Iron Man 2,,tt1228705,
Iron Man 3,,tt1300854,
It Chapter Two,,tt7349950,
It Follows,,tt3235888,
It's Complicated,,tt1230414,
Jack Reacher: Never Go Back,,tt3393786,
Jack Ryan: Shadow Recruit,,tt1205537,
Jackass Presents: Bad Grandpa,,tt3063516,
Jason Bourne,,tt4196776,
John Wick,,tt2911666,
John Wick: Chapter 2,,tt4425200,
John Wick: Chapter 3 - Parabellum,,tt6146586,
John Wick: Chapter 4,,tt10366206,
Joker,,tt7286456,
Joy,,tt2446980,
The Judge,,tt1872194,
Jumanji: The Next Level,,tt7975244,
Jumanji: Welcome to the Jungle,,tt2283362,
Jurassic World Dominion,,tt8041270,
Jurassic World: Fallen Kingdom,,tt4881806,
Kick-Ass,,tt1250777,
Kick-Ass 2,,tt1650554,
Killers of the Flower Moon,,tt5537002,
Kingdom of the Planet of the Apes,,tt11389872,
Kingsman: The Golden Circle,,tt4649466,
Kingsman: The Secret Service,,tt2802144,
Knives Out,,tt8946378,
Knock at the Cabin,,tt15679400,
Kong: Skull Island,,tt3731562,
Krampus,,tt3850590,
La La Land,,tt3783958,
Labor Day,,tt1967545,
The Last Exorcism,,tt1320244,
The Last Voyage of the Demeter,,tt1001520,
The Last Witch Hunter,,tt1618442,
Lawless,,tt1212450,
The Legend of Hercules,,tt1043726,
The LEGO Movie,,tt1490017,
Let's Be Cops,,tt1924435,
Life,,tt5442430,
Lights Out,,tt4786282,
Limitless,,tt1219289,
The Lincoln Lawyer,,tt1189340,
Lockout,,tt1592525,
The Lodge,,tt7347846,
The Loft,,tt1850397,
Logan,,tt3315342,
London Has Fallen,,tt3300542,
Lone Survivor,,tt1091191,
Long Shot,,tt2139881,
The Longest Ride,,tt2726560,
Love and Monsters,,tt2222042,
"Love, Simon",,tt5164432,
Lucy,,tt2872732,
M3GAN,,tt8760708,
Mad Max: Fury Road,,tt1392190,
Magic Mike,,tt1915581,
Maleficent,,tt1587310,
Maleficent: Mistress of Evil,,tt4777008,
Malignant,,tt3811906,
Mama,,tt2023587,
Mamma Mia! Here We Go Again,,tt6911608,
Maps to the Stars,,tt2172584,
The Martian,,tt3659388,
The Maze Runner,,tt1790864,
Maze Runner: The Scorch Trials,,tt4046784,
The Meg,,tt4779682,
Melancholia,,tt1527186,
Men In Black 3,,tt1409024,
The Menu,,tt9764362,
Mickey 17,,tt12299608,
Mike and Dave Need Wedding Dates,,tt2823054,
Minions,,tt2293640,
The Ministry of Ungentlemanly Warfare,,tt5177120,
Missing Link,,tt6348138,
Mission: Impossible - Fallout,,tt4912910,
Mission: Impossible - Ghost Protocol,,tt1229238,
Mission: Impossible - Rogue Nation,,tt2381249,
Monster Hunter,,tt6475714,
Moon,,tt1182345,
mother!,,tt5109784,
Mud,,tt1935179,
Murder On the Orient Express,,tt3402236,
My Big Fat Greek Wedding 2,,tt3760922,
Neighbors,,tt2004420,
Neighbors 2: Sorority Rising,,tt4438848,
The Nice Guys,,tt3799694,
Night At the Museum: Secret of the Tomb,,tt2692250,
Nightcrawler,,tt2872718,
No Hard Feelings,,tt15671028,
No Strings Attached,,tt1411238,
No Time to Die,,tt2382320,
Noah,,tt1959490,
Non-Stop,,tt2024469,
Nope,,tt10954984,
Norm of the North,,tt1594972,
The Northman,,tt11138512,
Now You See Me,,tt1670345,
Now You See Me 2,,tt3110958,
Oblivion,,tt1483013,
Ocean's 8,,tt9108974,
Office Christmas Party,,tt1711525,
Once Upon a Time...in Hollywood,,tt7131622,
Oppenheimer,,tt15398776,
Orphan,,tt1148204,
The Other Side of the Door,,tt3702652,
The Other Woman,,tt2203939,
Ouija,,tt1204977,
Ouija: Origin of Evil,,tt4361050,
Oz the Great and Powerful,,tt1623205,
Pacific Rim,,tt1663662,
Paddington,,tt1109624,
Pain & Gain,,tt1980209,
Paranormal Activity: The Marked Ones,,tt2473682,
Parasite,,tt6751668,
Patriots Day,,tt4572514,
Pawn Sacrifice,,tt1596345,
Peppermint,,tt6850820,
Percy Jackson: Sea of Monsters,,tt1854564,
Pirates of the Caribbean: Dead Men Tell No Tales,,tt1790809,
Pirates of the Caribbean: On Stranger Tides,,tt1298650,
Pitch Perfect,,tt1981677,
Pitch Perfect 2,,tt2848292,
Pitch Perfect 3,,tt4765284,
The Place Beyond the Pines,,tt1817273,
Pompeii,,tt1921064,
Poor Things,,tt14230458,
Pride & Prejudice & Zombies,,tt1374989,
Project Almanac,,tt2436386,
Project X,,tt1636826,
Prometheus,,tt1446714,
Promised Land,,tt2091473,
The Purge,,tt2184339,
The Purge: Anarchy,,tt2975578,
The Purge: Election Year,,tt4094724,
A Quiet Place,,tt6644200,
Ralph Breaks the Internet,,tt5848272,
Rango,,tt1192628,
Ratchet & Clank,,tt2865120,
Ready or Not,,tt7798634,
Ready Player One,,tt1677720,
Red 2,,tt1821694,
Red Riding Hood,,tt1486185,
Red Rocket,,tt13453006,
Red Sparrow,,tt2873282,
Resident Evil: Afterlife,,tt1220634,
Resident Evil: Retribution,,tt1855325,
Resident Evil: The Final Chapter,,tt2592614,
The Revenant,,tt1663202,
Ride Along,,tt1408253,
Ride Along 2,,tt2869728,
Rio 2,,tt2357291,
Rise of the Planet of the Apes,,tt1318514,
Rock the Kasbah,,tt3164256,
Rocketman,,tt2066051,
Rogue One: A Star Wars Story,,tt3748528,
Rough Night,,tt4799050,
Rush,,tt1979320,
Sabotage,,tt1742334,
Safe,,tt1656190,
Safe House,,tt1599348,
San Andreas,,tt2126355,
Savages,,tt1615065,
Saving Mr. Banks,,tt2140373,
Saw X,,tt21807222,
Scary Stories to Tell In the Dark,,tt3387520,
SCOOB!,,tt3152592,
The Scorpion King 3: Battle for Redemption,,tt1781896,
The Secret Life of Pets,,tt2709768,
Seeking a Friend for the End of the World,,tt1307068,
Self/Less,,tt2140379,
Selma,,tt1020072,
Seven Psychopaths,,tt1931533,
Seventh Son,,tt1121096,
The Shack,,tt2872518,
Sherlock Gnomes,,tt2296777,
Shutter Island,,tt1130884,
Sicario,,tt3397884,
Silent House,,tt1767382,
Silver Linings Playbook,,tt1045658,
Sing,,tt3470600,
Sing 2,,tt6467266,
Sinister,,tt1922777,
Skyfall,,tt1074638,
Skyscraper,,tt5758778,
Sleepless,,tt2072233,
Smile,,tt15474916,
Snatched,,tt2334871,
Snowden,,tt3774114,
Snowpiercer,,tt1706620,
Sonic The Hedgehog,,tt3794354,
Sonic the Hedgehog 2,,tt12412888,
Sonic The Hedgehog 3,,tt18259086,
The Space Between Us,,tt6344626,
Spectre,,tt2379713,
Spell,,tt10736580,
Spider-Man: Across the Spider-Verse,,tt9362722,
Spider-Man: Far From Home,,tt6320628,
Spider-Man: Homecoming,,tt2250912,
Spider-Man: No Way Home,,tt10872600,
Spiral: From the Book of Saw,,tt10342730,
Spotlight,,tt1895587,
The Spy Who Dumped Me,,tt6663582,
Star Trek Beyond,,tt2660888,
Star Trek Into Darkness,,tt1408101,
Star Wars: The Force Awakens,,tt2488496,
Star Wars: The Rise of Skywalker,,tt2527338,
Subservience,,tt24871974,
Sully,,tt3263904,
The Super Mario Bros. Movie,,tt6718170,
Taken 2,,tt1397280,
Taken 3,,tt2446042,
Talk To Me,,tt10638522,
Teenage Mutant Ninja Turtles: Out of the Shadows,,tt3949660,
Tenet,,tt6723592,
Terminator Genisys,,tt1340138,
Terminator: Dark Fate,,tt6450804,
Texas Chainsaw,,tt1572315,
The Theory of Everything,,tt2980516,
This Is 40,,tt1758830,
This Is the End,,tt1245492,
Thor: Ragnarok,,tt3501632,
Thor: The Dark World,,tt1981115,
The Three Musketeers Part II: Milady,,tt12672620,
Tomorrowland,,tt1964418,
Toy Story 4,,tt1979376,
Tracks,,tt2167266,
Trainwreck,,tt3152624,
Transformers: Age of Extinction,,tt2109248,
Transformers: Dark of the Moon,,tt1399103,
Transformers: The Last Knight,,tt3371366,
Triple 9,,tt1712261,
Trolls World Tour,,tt6587640,
Trouble with the Curve,,tt2083383,
The Twilight Saga: Breaking Dawn - Part 2,,tt1673434,
Twisters,,tt12584954,
The Unbearable Weight of Massive Talent,,tt11291274,
Unbroken,,tt1809398,
Uncharted,,tt1464335,
Underwater,,tt5774060,
Up In the Air,,tt1193138,
Upgrade,,tt6499752,
Valerian and the City of a Thousand Planets,,tt2239822,
Venom,,tt1270797,
Venom: Let There Be Carnage,,tt7097896,
The Visit,,tt3567288,
Vivarium,,tt8368406,
Walk of Shame,,tt2463288,
War for the Planet of the Apes,,tt3450958,
Warm Bodies,,tt1588173,
Water for Elephants,,tt1067583,
The Way Back,,tt8544498,
We Bought a Zoo,,tt1389137,
Whiskey Tango Foxtrot,,tt3553442,
Wicked,,tt1262426,
Winter's Bone,,tt1399683,
The Wolf's Call,,tt7458762,
The Wolverine,,tt1430132,
The Woman In Black,,tt1596365,
The Woman King,,tt8093700,
Wonder,,tt2543472,
Woodlawn,,tt4183692,
The World's End,,tt1213663,
Wreck-It Ralph,,tt1772341,
X-Men: Apocalypse,,tt3385516,
X-Men: Dark Phoenix,,tt6565702,
X-Men: Days of Future Past,,tt1877832,
X-Men: First Class,,tt1270798,
The Young Messiah,,tt1002563,
Zombieland: Double Tap,,tt1560220,
10 Cloverfield Lane,,tt1179933,
13 Hours: The Secret Soldiers of Benghazi,,tt4172430,
21 & Over,,tt1711425,
21 Bridges,,tt8688634,
21 Jump Street,,tt1232829,
22 Jump Street,,tt2294449,
47 Meters Down,,tt2932536,
47 Ronin,,tt1335975,
300: Rise of an Empire,,tt1253863,
1917,,tt8579674,
ELLIS,tt5109770,tt5109770,449911
The Internship,tt2234155,tt2234155,613130
10 Cloverfield Lane,tt1179933,tt1179933,333371
12 Angry Men,tt0050083,tt0050083,389
13 Hours: The Secret Soldiers of Benghazi,tt4172430,tt4172430,300671
1917,tt8579674,tt8579674,530915
2001: A Space Odyssey,tt0062622,tt0062622,62
21 & Over,tt1711425,tt1711425,107811
21 Bridges,tt8688634,tt8688634,535292
21 Grams,tt0315733,tt0315733,470
21 Jump Street,tt1232829,tt1232829,64688
22 Jump Street,tt2294449,tt2294449,187017
300,tt0416449,tt0416449,1271
300: Rise of an Empire,tt1253863,tt1253863,53182
3:10 to Yuma,tt0050086,tt0050086,14168
47 Meters Down,tt2932536,tt2932536,403119
47 Ronin,tt1335975,tt1335975,64686
A Christmas Story,tt10326928,tt10326928,606117
A Cure for Wellness,tt4731136,tt4731136,340837
A Date With Judy,tt0040271,tt0040271,96252
A Ghost Story,tt0100625,tt0100625,9050
A Glitch in the Matrix,tt9847360,tt9847360,696109
A Good Day to Die Hard,tt1606378,tt1606378,47964
A Haunting in Venice,tt22687790,tt22687790,945729
A Knight's Tale,tt0183790,tt0183790,9476
A League of Their Own,tt0104694,tt0104694,11287
A Quiet Place,tt6644200,tt6644200,447332
A Simple Favor,tt7040874,tt7040874,484247
A Star Is Born,tt1517451,tt1517451,332562
A Walk Among the Tombstones,tt0365907,tt0365907,169917
Abraham Lincoln: Vampire Hunter,tt1611224,tt1611224,72331
Ad Astra,tt2935510,tt2935510,419704
Admission,tt1814621,tt1814621,144340
Alien: Covenant,tt2316204,tt2316204,126889
Aliens,tt0090605,tt0090605,679
American Hustle,tt1800241,tt1800241,168672
American Pie,tt0163651,tt0163651,2105
Anchorman 2: The Legend Continues,tt1229340,tt1229340,109443
Angel Heart,tt0092563,tt0092563,635
Anna,tt1715336,tt1715336,227700
Annabelle,tt3322940,tt3322940,250546
Annabelle: Creation,tt5140878,tt5140878,396422
Annihilation,tt2798920,tt2798920,300668
Antebellum,tt10065694,tt10065694,627290
Apocalypse Now (Final Cut),tt0078788,tt0078788,28
Aquaman,tt8457394,tt8457394,513736
Arrival,tt2543164,tt2543164,329865
Arthur Christmas,tt1430607,tt1430607,51052
"As Above, So Below",tt2870612,tt2870612,256274
Austin Powers In Goldmember,tt0295178,tt0295178,818
Austin Powers: International Man of Mystery,tt0118655,tt0118655,816
Avengers: Age of Ultron,tt2395427,tt2395427,99861
Avengers: Endgame,tt4154796,tt4154796,299534
Baby Driver,tt3890160,tt3890160,339403
Back to the Future,tt0088763,tt0088763,105
Back to the Future Part II,tt0096874,tt0096874,165
Back to the Future Part III,tt0099088,tt0099088,196
Bad Words,tt2170299,tt2170299,209403
Barbie,tt1517268,tt1517268,346698
Basic Instinct,tt0103772,tt0103772,402
Batman,tt0096895,tt0096895,268
Batman Begins,tt0372784,tt0372784,272
Batman Returns,tt0103776,tt0103776,364
Battleship,tt1440129,tt1440129,44833
Baywatch,tt1469304,tt1469304,339846
Beauty and the Beast,tt2771200,tt2771200,321612
Behind Enemy Lines,tt0159273,tt0159273,8007
Beverly Hills Cop,tt0086960,tt0086960,90
Big Eyes,tt1126590,tt1126590,87093
Big Hero 6,tt2245084,tt2245084,177572
Big Trouble In Little China,tt0090728,tt0090728,6978
Birdman,tt5130912,tt5130912,435092
Birds of Prey and the Fantabulous Emancipation of One Harley Quinn,tt7713068,tt7713068,495764
Black Mass,tt1355683,tt1355683,261023
Black Swan,tt0947798,tt0947798,44214
Blackhat,tt2717822,tt2717822,201088
Blair Witch,tt0185937,tt0185937,2667
Blockers,tt2531344,tt2531344,437557
Blow,tt0221027,tt0221027,4133
Bohemian Rhapsody,tt1727824,tt1727824,424694
Bombshell,tt0023825,tt0023825,43601
Book Club,tt18260564,tt18260564,1010826
Boyhood,tt1065073,tt1065073,85350
Brahms: The Boy II,tt9173418,tt9173418,555974
Braveheart,tt0112573,tt0112573,197
Breakfast At Tiffany's,tt0054698,tt0054698,164
Bridge of Spies,tt3682448,tt3682448,296098
Brightburn,tt7752126,tt7752126,531309
Bros,tt9731598,tt9731598,614939
Bullet Train,tt33452974,tt33452974,1276073
Bumblebee,tt4701182,tt4701182,424783
Buried,tt1462758,tt1462758,26388
Cadillac Records,tt1042877,tt1042877,14299
Call Me By Your Name,tt5726616,tt5726616,398818
Captain America: Civil War,tt3498820,tt3498820,271110
Captain America: The Winter Soldier,tt1843866,tt1843866,100402
Captain Marvel,tt4154664,tt4154664,299537
Captain Phillips,tt1535109,tt1535109,109424
Captive,tt8273104,tt8273104,759213
Casablanca,tt0034583,tt0034583,289
Casino,tt0112641,tt0112641,524
Cast Away,tt0162222,tt0162222,8358
Chaos Walking,tt2076822,tt2076822,412656
Charlie and the Chocolate Factory,tt0367594,tt0367594,118
Charlie's Angels,tt0305357,tt0305357,9471
Chef,tt2883512,tt2883512,212778
Chicago,tt0299658,tt0299658,1574
Child's Play,tt0068369,tt0068369,82465
Christine,tt0051477,tt0051477,4956
Christmas With the Kranks,tt0388419,tt0388419,13673
Clerks,tt0109445,tt0109445,2292
Clue,tt23379618,tt23379618,938442
Clueless,tt0112697,tt0112697,9603
Colossal,tt4680182,tt4680182,339967
Constantine,tt0360486,tt0360486,561
Contagion,tt1598778,tt1598778,39538
Contraband,tt1524137,tt1524137,77866
Cool Hand Luke,tt0061512,tt0061512,903
Countdown,tt10039344,tt10039344,599975
Cowboys & Aliens,tt0409847,tt0409847,49849
Crank,tt0479884,tt0479884,1948
Crank: High Voltage,tt1121931,tt1121931,15092
Crash,tt0115964,tt0115964,884
Crawl,tt8364368,tt8364368,511987
Criminal,tt3014866,tt3014866,302156
Crimson Peak,tt2554274,tt2554274,201085
"Crouching Tiger, Hidden Dragon",tt0190332,tt0190332,146
Crypto,tt8563452,tt8563452,567733
Cujo,tt0085382,tt0085382,10489
Daddy's Home,tt1528854,tt1528854,274167
Daddy's Home 2,tt5657846,tt5657846,419680
Dallas Buyers Club,tt0790636,tt0790636,152532
Dark Web: Cicada 3301,tt8110246,tt8110246,791469
Darkest Hour,tt4555426,tt4555426,399404
Dawn of the Planet of the Apes,tt2103281,tt2103281,119450
Deadpool,tt1431045,tt1431045,293660
Deadpool & Wolverine,tt6263850,tt6263850,533535
Death Becomes Her,tt0104070,tt0104070,9374
Death Race 2,tt1500491,tt1500491,51620
Deep Impact,tt0120647,tt0120647,8656
Deepwater Horizon,tt1860357,tt1860357,296524
Deliver Us from Evil,tt0066040,tt0066040,61683
Despicable Me 2,tt1690953,tt1690953,93456
Die Another Day,tt0246460,tt0246460,36669
Die Hard,tt0095016,tt0095016,562
Die Hard 2: Die Harder,tt0099423,tt0099423,1573
Die Hard: With a Vengeance,tt0112864,tt0112864,1572
Dirty Dancing,tt5262792,tt5262792,444902
Divergent,tt1840309,tt1840309,157350
Django Unchained,tt1853728,tt1853728,68718
Doctor Sleep,tt0286594,tt0286594,20321
Doctor Strange,tt1211837,tt1211837,284052
Dolittle,tt6673612,tt6673612,448119
Don Jon,tt2229499,tt2229499,138697
Downsizing,tt1389072,tt1389072,301337
Dr. Seuss' Horton Hears a Who!,tt0451079,tt0451079,12222
Dr. Seuss' How the Grinch Stole Christmas,tt0060345,tt0060345,13377
Dr. Seuss' the Lorax,tt1482459,tt1482459,73723
Dracula Untold,tt0829150,tt0829150,49017
Dredd,tt1343727,tt1343727,49049
Drinking Buddies,tt2265398,tt2265398,172533
Drugstore Cowboy,tt0097240,tt0097240,476
Due Date,tt1231583,tt1231583,41733
Dumb Money,tt13957560,tt13957560,792293
Dumb and Dumber To,tt2096672,tt2096672,100042
Dune,tt1160419,tt1160419,438631
Dungeons & Dragons Honor Among Thieves,tt2906216,tt2906216,493529
Duplex,tt0266489,tt0266489,7288
E.T. The Extra-Terrestrial,tt0083866,tt0083866,601
ELLIS,tt5109770,tt5109770,449911
Earth Girls Are Easy,tt0097257,tt0097257,2210
Earth: One Amazing Day,tt6238896,tt6238896,464593
Easy A,tt1282140,tt1282140,37735
Edward Scissorhands,tt0099487,tt0099487,162
Elvis,tt3704428,tt3704428,614934
Ender's Game,tt1731141,tt1731141,80274
Endless Love,tt0082329,tt0082329,19114
Endless Love,tt2318092,tt2318092,483488
Erin Brockovich,tt0195685,tt0195685,462
Escape Plan,tt1211956,tt1211956,107846
Escape Room,tt5748392,tt5748392,431259
Escape Room: Tournament of Champions,tt9844522,tt9844522,585216
Eternal Sunshine of the Spotless Mind,tt0338013,tt0338013,38
Everything Everywhere All at Once,tt6710474,tt6710474,545611
Evil Dead 2,tt0203132,tt0203132,44836
Ex Machina,tt1043842,tt1043842,13981
Eye In the Sky,tt2057392,tt2057392,333352
Fantastic Beasts and Where to Find Them,tt3183660,tt3183660,259316
Fantastic Beasts: The Crimes of Grindelwald,tt4123430,tt4123430,338952
Fantastic Beasts: The Secrets of Dumbledore,tt4123432,tt4123432,338953
Fear of Rain,tt10037014,tt10037014,599281
Ferris Bueller's Day Off,tt0091042,tt0091042,9377
Fiddler On the Roof,tt0067093,tt0067093,14811
Fifty Shades Darker,tt4465564,tt4465564,341174
Fifty Shades Freed,tt4477536,tt4477536,337167
Fifty Shades of Grey,tt2322441,tt2322441,216015
Fight Club,tt0137523,tt0137523,550
Final Destination,tt0195714,tt0195714,9532
Final Destination 2,tt0309593,tt0309593,9358
Final Destination 3,tt0414982,tt0414982,9286
Final Destination 5,tt1622979,tt1622979,55779
Finding Nemo,tt0266543,tt0266543,12
First Man,tt1213641,tt1213641,369972
Five Feet Apart,tt6472976,tt6472976,527641
Flight,tt1907668,tt1907668,87502
Flightplan,tt0408790,tt0408790,9315
Forrest Gump,tt0109830,tt0109830,13
Freaky,tt10919380,tt10919380,551804
Free Guy,tt6264654,tt6264654,550988
Free State of Jones,tt1124037,tt1124037,316152
Friday the 13th,tt0080761,tt0080761,4488
Friday the 13th Part 2,tt0082418,tt0082418,9725
Friday the 13th Part 3: The Memoriam Documentary,tt3756302,tt3756302,498334
Friday the 13th: The Final Chapter,tt0087298,tt0087298,9730
Frozen,tt1323045,tt1323045,44363
Frozen II,tt4520988,tt4520988,330457
Furiosa: A Mad Max Saga,tt12037194,tt12037194,786892
G.I. Joe: Retaliation,tt1583421,tt1583421,72559
G.I. Joe: The Rise of Cobra,tt1046173,tt1046173,14869
Gemini Man,tt1025100,tt1025100,453405
Gentlemen Prefer Blondes,tt0045810,tt0045810,759
Geostorm,tt1981128,tt1981128,274855
Get Him to the Greek,tt1226229,tt1226229,32823
Get Out,tt5052448,tt5052448,419430
Ghost,tt0099653,tt0099653,251
Ghost in the Shell,tt0113568,tt0113568,9323
Ghostbusters,tt0087332,tt0087332,620
Ghostbusters,tt1289401,tt1289401,43074
Ghostbusters II,tt0097428,tt0097428,2978
Ghostbusters: Afterlife,tt4513678,tt4513678,425909
Gladiator,tt0104346,tt0104346,16219
Glass,tt6823368,tt6823368,450465
Glengarry Glen Ross,tt0104348,tt0104348,9504
Gods of Egypt,tt2404233,tt2404233,205584
Godzilla,tt0831387,tt0831387,124905
GoldenEye,tt0113189,tt0113189,710
Gone Girl,tt2267998,tt2267998,210577
Good Will Hunting,tt0119217,tt0119217,489
Goosebumps 2,tt5664636,tt5664636,442062
Gran Turismo: Based on a True Story,tt4495098,tt4495098,980489
Gravity,tt1454468,tt1454468,49047
Grease,tt0077631,tt0077631,621
Green Room,tt4062536,tt4062536,313922
Gremlins,tt0087363,tt0087363,927
Groundhog Day,tt0107048,tt0107048,137
Guardians of the Galaxy,tt2015381,tt2015381,118340
Guardians of the Galaxy Vol. 2,tt3896198,tt3896198,283995
Guardians of the Galaxy Vol. 3,tt6791350,tt6791350,447365
Hacksaw Ridge,tt2119532,tt2119532,324786
"Hail, Caesar!",tt0475290,tt0475290,270487
Hall Pass,tt0480687,tt0480687,48988
Halloween,tt1502407,tt1502407,1400676
Halloween Kills (Extended Cut),tt10665338,tt10665338,610253
Hancock,tt0448157,tt0448157,8960
Hansel & Gretel,tt1460002,tt1460002,117150
Hansel & Gretel: Witch Hunters,tt1428538,tt1428538,60304
Happy Death Day,tt5308322,tt5308322,440021
Happy Death Day 2U,tt8155288,tt8155288,512196
Hardcore Henry,tt3072482,tt3072482,325348
Harold & Kumar Go to White Castle,tt0366551,tt0366551,11282
Harry Potter and the Chamber of Secrets,tt0295297,tt0295297,672
Harry Potter and the Deathly Hallows – Part 1,tt0926084,tt0926084,12444
"Harry Potter and the Deathly Hallows, Part 2",tt1201607,tt1201607,12445
Harry Potter and the Goblet of Fire,tt0330373,tt0330373,674
Harry Potter and the Half-Blood Prince,tt0417741,tt0417741,767
Harry Potter and the Order of the Phoenix,tt0373889,tt0373889,675
Harry Potter and the Prisoner of Azkaban,tt0304141,tt0304141,673
Harry Potter and the Sorcerer's Stone,tt0241527,tt0241527,671
He's Just Not That Into You,tt1001508,tt1001508,10184
Hellboy,tt0167190,tt0167190,1487
Her,tt1798709,tt1798709,152601
Hercules,tt1267297,tt1267297,184315
Hereditary,tt7784604,tt7784604,493922
Hidden Figures,tt4846340,tt4846340,381284
High Life,tt1143110,tt1143110,29388
Hocus Pocus,tt11909878,tt11909878,642885
Holiday Inn,tt0034862,tt0034862,13485
Holmes & Watson,tt2108535,tt2108535,122191
Home Alone,tt0099785,tt0099785,771
Homefront,tt2312718,tt2312718,204082
Hook,tt0102057,tt0102057,879
Horrible Bosses,tt1499658,tt1499658,51540
Hot Tub Time Machine 2,tt2637294,tt2637294,243938
House Party,tt0099800,tt0099800,16094
How to Train Your Dragon 2,tt1646971,tt1646971,82702
Hugo,tt0970179,tt0970179,44826
Hustlers,tt5503686,tt5503686,540901
"I, Frankenstein",tt1418377,tt1418377,100241
Ice Age,tt0268380,tt0268380,425
Identity Thief,tt2024432,tt2024432,109431
If I Stay,tt1355630,tt1355630,249164
Immortals,tt1253864,tt1253864,37958
In Time,tt1637688,tt1637688,49530
Inception,tt1375666,tt1375666,27205
Incredibles 2,tt3606756,tt3606756,260513
Independence Day,tt0116629,tt0116629,602
Independence Day: Resurgence,tt1628841,tt1628841,47933
Indiana Jones and the Dial of Destiny,tt1462764,tt1462764,335977
Indiana Jones and the Raiders of the Lost Ark,tt0082971,tt0082971,85
Indiana Jones and the Temple of Doom,tt0087469,tt0087469,87
Inferno,tt3062096,tt3062096,207932
Inglourious Basterds,tt0361748,tt0361748,16869
Inherent Vice,tt1791528,tt1791528,171274
Inside Out 2,tt22022452,tt22022452,1022789
Insidious: The Last Key,tt5726086,tt5726086,406563
Instant Family,tt7401588,tt7401588,491418
Interstellar,tt0816692,tt0816692,157336
Interview With the Vampire: The Vampire Chronicles,tt0110148,tt0110148,628
Iron Man 2,tt1228705,tt1228705,10138
Iron Man 3,tt1300854,tt1300854,68721
It,tt6529334,tt6529334,662365
It Chapter Two,tt7349950,tt7349950,474350
It Comes at Night,tt4695012,tt4695012,418078
It Follows,tt3235888,tt3235888,270303
It's Complicated,tt1230414,tt1230414,22897
It's a Wonderful Life,tt0038650,tt0038650,1585
Jack Reacher,tt0790724,tt0790724,75780
Jack Reacher: Never Go Back,tt3393786,tt3393786,343611
Jack Ryan: Shadow Recruit,tt1205537,tt1205537,137094
Jackass Presents: Bad Grandpa,tt3063516,tt3063516,208134
Jason Bourne,tt4196776,tt4196776,324668
Jaws,tt0073195,tt0073195,578
Jigsaw,tt0056121,tt0056121,93193
John Wick,tt2911666,tt2911666,245891
John Wick: Chapter 2,tt4425200,tt4425200,324552
John Wick: Chapter 3 - Parabellum,tt6146586,tt6146586,458156
John Wick: Chapter 4,tt10366206,tt10366206,603692
Joker,tt7286456,tt7286456,475557
Joy,tt2446980,tt2446980,274479
Joyeux Noel,tt0424205,tt0424205,11661
Jumanji,tt0113497,tt0113497,8844
Jumanji: The Next Level,tt7975244,tt7975244,512200
Jumanji: Welcome to the Jungle,tt2283362,tt2283362,353486
Jumper,tt0489099,tt0489099,8247
Jurassic Park,tt0107290,tt0107290,329
Jurassic Park III,tt0362841,tt0362841,1200709
Jurassic World,tt0369610,tt0369610,135397
Jurassic World Dominion,tt8041270,tt8041270,507086
Jurassic World: Fallen Kingdom,tt4881806,tt4881806,351286
Justice League,tt0974015,tt0974015,141052
Kick-Ass,tt1250777,tt1250777,23483
Kick-Ass 2,tt1650554,tt1650554,59859
Kickboxer,tt0097659,tt0097659,10222
Kill Bill: Volume 1,tt0266697,tt0266697,24
Kill Bill: Volume 2,tt0378194,tt0378194,393
Killers,tt1103153,tt1103153,37821
Killers of the Flower Moon,tt5537002,tt5537002,466420
Kingdom of the Planet of the Apes,tt11389872,tt11389872,653346
Kingsman: The Golden Circle,tt4649466,tt4649466,343668
Kingsman: The Secret Service,tt2802144,tt2802144,207703
Knives Out,tt8946378,tt8946378,546554
Kong: Skull Island,tt3731562,tt3731562,293167
Krampus,tt3850590,tt3850590,287903
La La Land,tt3783958,tt3783958,313369
Labor Day,tt1967545,tt1967545,130150
Labyrinth,tt0091369,tt0091369,1279315
Lara Croft Tomb Raider: The Cradle of Life,tt0325703,tt0325703,1996
Lara Croft: Tomb Raider,tt0146316,tt0146316,1995
Lawless,tt1212450,tt1212450,82633
Legally Blonde,tt0250494,tt0250494,8835
"Legally Blonde 2: Red, White and Blonde",tt0333780,tt0333780,10327
Let's Be Cops,tt1924435,tt1924435,193893
Lethal Weapon,tt0093409,tt0093409,941
Lexi,tt13451112,tt13451112,930791
Liar Liar,tt0119528,tt0119528,1624
Life,tt5442430,tt5442430,395992
Lights Out,tt3605002,tt3605002,259761
Limitless,tt1219289,tt1219289,51876
Lincoln,tt0443272,tt0443272,72976
Little Fockers,tt0970866,tt0970866,39451
Live Die Repeat: Edge of Tomorrow,tt1631867,tt1631867,137113
Live Free or Die Hard,tt0337978,tt0337978,1571
Lockout,tt1592525,tt1592525,81796
Logan,tt3315342,tt3315342,263115
London Has Fallen,tt3300542,tt3300542,267860
Lone Survivor,tt1091191,tt1091191,193756
Long Shot,tt7344360,tt7344360,477331
Love Actually,tt0314331,tt0314331,508
Love and Monsters,tt2222042,tt2222042,590223
"Love, Simon",tt5164432,tt5164432,449176
Lucy,tt2872732,tt2872732,240832
M3GAN,tt8760708,tt8760708,536554
MIB: International,tt2283336,tt2283336,479455
Ma,tt7958736,tt7958736,1074284
Mad Max,tt0079501,tt0079501,9659
Mad Max: Fury Road,tt1392190,tt1392190,76341
Magic Mike,tt1915581,tt1915581,77930
Maleficent,tt1587310,tt1587310,102651
Maleficent: Mistress of Evil,tt4777008,tt4777008,420809
Malignant,tt3811906,tt3811906,619778
Mama,tt35049002,tt35049002,1127143
Mamma Mia! Here We Go Again,tt6911608,tt6911608,458423
Mamma Mia! The Movie,tt0795421,tt0795421,11631
Manhunter,tt0071809,tt0071809,100279
Maps to the Stars,tt2172584,tt2172584,157851
Master and Commander: The Far Side of the World,tt0311113,tt0311113,8619
Maze Runner: The Scorch Trials,tt4046784,tt4046784,294254
Mean Girls,tt0377092,tt0377092,10625
Mechanic: Resurrection,tt3522806,tt3522806,278924
Meet Me In St. Louis,tt0037059,tt0037059,909
Melancholia,tt1527186,tt1527186,62215
Memento,tt0209144,tt0209144,77
Men In Black,tt0119654,tt0119654,607
Men In Black 3,tt1409024,tt1409024,41154
Men In Black II,tt0120912,tt0120912,608
Midway,tt6924650,tt6924650,522162
Mike and Dave Need Wedding Dates,tt2823054,tt2823054,316023
Minions,tt2293640,tt2293640,211672
Misery,tt0100157,tt0100157,1700
Miss Congeniality,tt0212346,tt0212346,1493
Miss Congeniality 2: Armed and Fabulous,tt0385307,tt0385307,10040
Missing Link,tt6348138,tt6348138,458253
Mission: Impossible - Fallout,tt4912910,tt4912910,353081
Mission: Impossible - Ghost Protocol,tt1229238,tt1229238,56292
Mission: Impossible - Rogue Nation,tt2381249,tt2381249,177677
Monster Hunter,tt6475714,tt6475714,458576
"Monsters, Inc.",tt0198781,tt0198781,585
Moon,tt1182345,tt1182345,17431
Mr. & Mrs. Smith,tt0356910,tt0356910,787
Mrs. Doubtfire,tt0107614,tt0107614,788
Mud,tt1935179,tt1935179,103731
Murder On the Orient Express,tt3402236,tt3402236,392044
My Big Fat Greek Wedding,tt0259446,tt0259446,8346
My Big Fat Greek Wedding 2,tt3760922,tt3760922,302688
My Cousin Vinny,tt0104952,tt0104952,10377
My Fair Lady,tt0058385,tt0058385,11113
National Lampoon's Christmas Vacation,tt0097958,tt0097958,5825
Needful Things,tt0107665,tt0107665,10657
Neighbors,tt0011508,tt0011508,51358
Neighbors 2: Sorority Rising,tt4438848,tt4438848,325133
Night At the Museum: Secret of the Tomb,tt2692250,tt2692250,181533
Nightcrawler,tt2872718,tt2872718,242582
No Country for Old Men,tt0477348,tt0477348,6977
No Hard Feelings,tt15671028,tt15671028,884605
No Strings Attached,tt1411238,tt1411238,41630
Noah,tt1959490,tt1959490,86834
Non-Stop,tt3065978,tt3065978,344464
Nope,tt10954984,tt10954984,762504
Norm of the North,tt7913394,tt7913394,545963
Now You See Me,tt1670345,tt1670345,75656
Now You See Me 2,tt3110958,tt3110958,291805
"O Brother, Where Art Thou?",tt0190590,tt0190590,134
Oblivion,tt1483013,tt1483013,75612
Ocean's 8,tt5164214,tt5164214,402900
Ocean's Eleven,tt0240772,tt0240772,161
Ocean's Thirteen,tt0496806,tt0496806,298
Ocean's Twelve,tt0349903,tt0349903,163
Office Christmas Party,tt1711525,tt1711525,384682
Once Upon a Time...in Hollywood,tt7131622,tt7131622,466272
One True Thing,tt0120776,tt0120776,53113
Orphan,tt1148204,tt1148204,21208
Ouija,tt1204977,tt1204977,242512
Ouija: Origin of Evil,tt4361050,tt4361050,335796
Out of Africa,tt0089755,tt0089755,606
Oz the Great and Powerful,tt1623205,tt1623205,68728
Pacific Rim,tt1663662,tt1663662,68726
Pain & Gain,tt1980209,tt1980209,134374
Pan's Labyrinth,tt0457430,tt0457430,1417
Paranormal Activity: The Marked Ones,tt2473682,tt2473682,227348
Parasite,tt0084472,tt0084472,48311
Patriots Day,tt4572514,tt4572514,388399
Pawn Sacrifice,tt1596345,tt1596345,245698
Pay It Forward,tt0223897,tt0223897,10647
Peppermint,tt6850820,tt6850820,458594
Percy Jackson: Sea of Monsters,tt1854564,tt1854564,76285
Pet Sematary,tt0098084,tt0098084,8913
Pi,tt0138704,tt0138704,473
Pirates of the Caribbean: Dead Men Tell No Tales,tt1790809,tt1790809,166426
Pirates of the Caribbean: On Stranger Tides,tt1298650,tt1298650,1865
Pitch Perfect,tt1981677,tt1981677,114150
Pitch Perfect 2,tt2848292,tt2848292,254470
Pitch Perfect 3,tt4765284,tt4765284,353616
Poltergeist,tt0084516,tt0084516,609
Poltergeist II: The Other Side,tt0091778,tt0091778,11133
Pompeii,tt1921064,tt1921064,76649
Poor Things,tt14230458,tt14230458,792307
Practical Magic,tt0120791,tt0120791,6435
Pride & Prejudice & Zombies,tt3611056,tt3611056,58431
Prime,tt0387514,tt0387514,2313
Prince of Persia: The Sands of Time,tt0473075,tt0473075,9543
Project Almanac,tt2436386,tt2436386,227719
Project X,tt1636826,tt1636826,57214
Prometheus,tt1446714,tt1446714,70981
Promised Land,tt2091473,tt2091473,133694
Pulp Fiction,tt0110912,tt0110912,680
Pumpkinhead,tt0095925,tt0095925,26515
Puss In Boots,tt0448694,tt0448694,83201
R.I.P.D.,tt0790736,tt0790736,49524
Radio,tt0316465,tt0316465,13920
Ralph Breaks the Internet,tt5848272,tt5848272,404368
Rambo,tt0462499,tt0462499,7555
Rambo III,tt0095956,tt0095956,1370
Rambo: First Blood,tt0089880,tt0089880,1369
Rambo: Last Blood,tt1206885,tt1206885,522938
Ran,tt0089881,tt0089881,11645
Rango,tt1192628,tt1192628,44896
Ratatouille,tt0382932,tt0382932,2062
Ratchet & Clank,tt2865120,tt2865120,234004
Ready Player One,tt1677720,tt1677720,333339
Ready or Not,tt7798634,tt7798634,567609
Red 2,tt1821694,tt1821694,146216
Red Dragon,tt0289765,tt0289765,9533
Red Riding Hood,tt1486185,tt1486185,49730
Red Rocket,tt13453006,tt13453006,763329
Red Sparrow,tt2873282,tt2873282,401981
Reservoir Dogs,tt0105236,tt0105236,500
Resident Evil,tt0120804,tt0120804,133121
Resident Evil: Afterlife,tt1220634,tt1220634,35791
Resident Evil: Apocalypse,tt0318627,tt0318627,1577
Resident Evil: Extinction,tt0432021,tt0432021,7737
Resident Evil: Retribution,tt1855325,tt1855325,71679
Resident Evil: The Final Chapter,tt2592614,tt2592614,173897
Ride Along,tt1408253,tt1408253,168530
Ride Along 2,tt2869728,tt2869728,323675
Rings,tt0498381,tt0498381,91908
Rio 2,tt2357291,tt2357291,172385
Rise of the Planet of the Apes,tt1318514,tt1318514,61791
Rock the Kasbah,tt3164256,tt3164256,253414
Rocketman,tt2066051,tt2066051,504608
Rogue One: A Star Wars Story,tt3748528,tt3748528,330459
Roman Holiday,tt0046250,tt0046250,804
Rough Night,tt4799050,tt4799050,397422
Rush,tt1979320,tt1979320,96721
SCOOB!,tt3152592,tt3152592,385103
Sabotage,tt1742334,tt1742334,12684
Safe,tt1656190,tt1656190,72387
Safe House,tt1599348,tt1599348,59961
San Andreas,tt2126355,tt2126355,254128
Savages,tt1615065,tt1615065,82525
Saving Mr. Banks,tt2140373,tt2140373,140823
Saving Private Ryan,tt0120815,tt0120815,857
Saw,tt0387564,tt0387564,246355
Saw 3D,tt1477076,tt1477076,41439
Saw II,tt0432348,tt0432348,215
Saw III,tt0489270,tt0489270,214
Saw IV,tt0890870,tt0890870,663
Saw V,tt1132626,tt1132626,11917
Saw VI,tt1233227,tt1233227,22804
Saw X,tt21807222,tt21807222,951491
Scary Stories to Tell In the Dark,tt3387520,tt3387520,417384
Schindler's List,tt0108052,tt0108052,424
Scream,tt0117571,tt0117571,646385
Seeking a Friend for the End of the World,tt1307068,tt1307068,88005
Self/Less,tt2140379,tt2140379,238615
Selma,tt1020072,tt1020072,273895
Seven Psychopaths,tt1931533,tt1931533,86838
Seventh Son,tt1121096,tt1121096,68737
Sex and the City: The Movie,tt16976248,tt16976248,4564
Shakespeare in Love,tt0138097,tt0138097,1934
Shaun of the Dead,tt0365748,tt0365748,747
Shazam!,tt0448115,tt0448115,287947
Sherlock Gnomes,tt2296777,tt2296777,370567
Shrek,tt0126029,tt0126029,808
Shrek 2,tt0298148,tt0298148,809
Shrek Forever After,tt0892791,tt0892791,10192
Shrek the Third,tt0413267,tt0413267,810
Shutter Island,tt1130884,tt1130884,11324
Sicario,tt3397884,tt3397884,273481
Silence,tt0490215,tt0490215,68730
Silent Hill: Revelation,tt0938330,tt0938330,61012
Silent House,tt1767382,tt1767382,92182
Silver Linings Playbook,tt1045658,tt1045658,82693
Sing,tt3470600,tt3470600,335797
Sing 2,tt6467266,tt6467266,438695
Sinister,tt1922777,tt1922777,82507
Sixteen Candles,tt0088128,tt0088128,15144
Skyfall,tt1074638,tt1074638,37724
Skyscraper,tt5758778,tt5758778,447200
Sleepless,tt2072233,tt2072233,324542
Sleepy Hollow,tt0162661,tt0162661,2668
Smile,tt15474916,tt15474916,42264
Snatched,tt2334871,tt2334871,373569
Snitch,tt0882977,tt0882977,134411
Snowden,tt3774114,tt3774114,302401
Snowpiercer,tt1706620,tt1706620,110415
Sonic The Hedgehog,tt3794354,tt3794354,939243
Sonic The Hedgehog 3,tt18259086,tt18259086,939243
Sonic the Hedgehog 2,tt12412888,tt12412888,675353
Space Jam,tt0117705,tt0117705,2300
Spaceballs,tt0094012,tt0094012,957
Spectre,tt2379713,tt2379713,206647
Speed,tt0111257,tt0111257,1637
Spell,tt10736580,tt10736580,621151
Spider-Man,tt0145487,tt0145487,315635
Spider-Man 2,tt0316654,tt0316654,558
Spider-Man 3,tt0413300,tt0413300,559
Spider-Man: Across the Spider-Verse,tt9362722,tt9362722,569094
Spider-Man: Far From Home,tt6320628,tt6320628,429617
Spider-Man: Homecoming,tt2250912,tt2250912,315635
Spider-Man: No Way Home,tt10872600,tt10872600,634649
Spotlight,tt1895587,tt1895587,314365
Star Trek Beyond,tt2660888,tt2660888,188927
Star Trek Into Darkness,tt1408101,tt1408101,54138
Star Wars: The Force Awakens,tt10321138,tt10321138,140607
Star Wars: The Rise of Skywalker,tt15662564,tt15662564,181812
Stardust,tt0486655,tt0486655,579400
Stargate,tt0111282,tt0111282,2164
Step Brothers,tt0838283,tt0838283,12133
Subservience,tt24871974,tt24871974,1064028
Superman Returns,tt0348150,tt0348150,1452
Superman: The Movie,tt5852184,tt5852184,457825
Sweeney Todd: The Demon Barber of Fleet Street,tt0408236,tt0408236,1280646
Swingers,tt0117802,tt0117802,93685
Taken,tt0936501,tt0936501,8681
Taken 2,tt1397280,tt1397280,82675
Taken 3,tt2446042,tt2446042,260346
Tales from the Darkside: The Movie,tt0100740,tt0100740,20701
Talk To Me,tt10638522,tt10638522,1008042
Taxi Driver,tt0075314,tt0075314,103
Ted,tt1637725,tt1637725,72105
Teenage Mutant Ninja Turtles: Out of the Shadows,tt3949660,tt3949660,308531
Tenacious D In the Pick of Destiny,tt0365830,tt0365830,2179
Tenet,tt6723592,tt6723592,577922
Terminator 2: Judgment Day,tt0103064,tt0103064,280
Terminator 3: Rise of the Machines,tt0181852,tt0181852,296
Terminator Genisys,tt1340138,tt1340138,87101
Terminator: Dark Fate,tt6450804,tt6450804,290859
Texas Chainsaw,tt1572315,tt1572315,9373
The Adjustment Bureau,tt1385826,tt1385826,38050
The Age of Adaline,tt1655441,tt1655441,293863
The Amazing Spider-Man 2,tt1872181,tt1872181,102382
The Batman,tt1877830,tt1877830,414906
The Big Lebowski,tt0118715,tt0118715,115
The Big Short,tt1596363,tt1596363,318846
The Birdcage,tt0115685,tt0115685,11000
The Black Phone,tt7144666,tt7144666,756999
The Bourne Identity,tt0258463,tt0258463,2501
The Bourne Legacy,tt1194173,tt1194173,49040
The Bourne Supremacy,tt0372183,tt0372183,2502
The Bourne Ultimatum,tt0440963,tt0440963,2503
The Boxtrolls,tt0787474,tt0787474,170687
The Breakfast Club,tt0088847,tt0088847,2108
The Broken Hearts Gallery,tt2140571,tt2140571,616251
The Bye Bye Man,tt4030600,tt4030600,292280
The Cabin In the Woods,tt1259521,tt1259521,22970
The Cable Guy,tt0115798,tt0115798,9894
The Call of the Wild,tt7504726,tt7504726,481848
The Choice,tt3797868,tt3797868,330483
The Cider House Rules,tt0124315,tt0124315,1715
The Conjuring,tt1457767,tt1457767,138843
The Conjuring: The Devil Made Me Do It,tt7069210,tt7069210,423108
The Count of Monte Cristo,tt0245844,tt0245844,11362
The Curious Case of Benjamin Button,tt0421715,tt0421715,4922
The DUFF,tt1666801,tt1666801,272693
The Da Vinci Code,tt0382625,tt0382625,591
The Danish Girl,tt0810819,tt0810819,306819
The Dark Knight,tt0468569,tt0468569,155
The Dark Knight Rises,tt1345836,tt1345836,49026
The Darkness,tt1878841,tt1878841,257345
The Day After Tomorrow,tt0319262,tt0319262,435
The Dead Zone,tt0085407,tt0085407,352128
The Descent,tt0435625,tt0435625,9392
The Devil Wears Prada,tt0458352,tt0458352,350
The Disappearance of Eleanor Rigby: Them,tt3729920,tt3729920,157829
The Divergent Series: Insurgent,tt2908446,tt2908446,262500
The Endless,tt3986820,tt3986820,430231
The English Patient,tt0116209,tt0116209,409
The Expendables,tt1320253,tt1320253,27578
The Expendables 2,tt1764651,tt1764651,76163
The Family Stone,tt0356680,tt0356680,9043
The Farewell,tt8637428,tt8637428,515593
The Fast and the Furious,tt0232500,tt0232500,9799
The Fast and the Furious: Tokyo Drift,tt0463985,tt0463985,9615
The Fate of the Furious,tt4630562,tt4630562,337339
The Fifth Element,tt0119116,tt0119116,18
The Fighter,tt0964517,tt0964517,45317
The First Purge,tt6133466,tt6133466,442249
The Forest,tt3387542,tt3387542,329440
The Gambler,tt2039393,tt2039393,284536
The Gentlemen,tt8367814,tt8367814,522627
The Girl on the Train,tt3631112,tt3631112,346685
The Godfather,tt0068646,tt0068646,238
The Godfather Part II,tt0071562,tt0071562,240
The Good Liar,tt5563334,tt5563334,511322
The Grand Budapest Hotel,tt2278388,tt2278388,120467
The Great Gatsby,tt1343092,tt1343092,64682
The Great Wall,tt2034800,tt2034800,311324
The Green Inferno,tt2403021,tt2403021,171424
The Grey,tt1601913,tt1601913,75174
The Grudge,tt0391198,tt0391198,1970
The Guest,tt2980592,tt2980592,241848
The Guilt Trip,tt1694020,tt1694020,82687
The Hangover,tt1119646,tt1119646,18785
The Hangover Part II,tt1411697,tt1411697,45243
The Happytime Murders,tt1308728,tt1308728,412988
The Harvey Girls,tt0038589,tt0038589,28907
The Hateful Eight,tt3460252,tt3460252,273248
The Heat,tt2404463,tt2404463,136795
The Hitman's Bodyguard,tt1959563,tt1959563,390043
The Hobbit: An Unexpected Journey,tt0903624,tt0903624,49051
The Hobbit: The Battle of the Five Armies,tt2310332,tt2310332,122917
The Hobbit: The Desolation of Smaug,tt1170358,tt1170358,57158
The Holiday,tt0457939,tt0457939,1581
The House With a Clock In Its Walls,tt2119543,tt2119543,463821
The Hunger Games,tt1392170,tt1392170,70160
The Hunger Games: Catching Fire,tt1951264,tt1951264,101299
The Hunger Games: Mockingjay - Part 1,tt1951265,tt1951265,131631
The Hunger Games: Mockingjay - Part 2,tt1951266,tt1951266,131634
The Hunt,tt8244784,tt8244784,514847
The Incredibles,tt0317705,tt0317705,9806
The Internship,tt2234155,tt2234155,613130
The Invisible Man,tt1051906,tt1051906,570670
The Italian Job,tt0317740,tt0317740,9654
The Judge,tt1872194,tt1872194,205587
The Karate Kid,tt0087538,tt0087538,38575
The LEGO Movie,tt1490017,tt1490017,137106
The Last Exorcism,tt1320244,tt1320244,38358
The Last Voyage of the Demeter,tt1001520,tt1001520,635910
The Last Witch Hunter,tt1618442,tt1618442,274854
The Legend of Hercules,tt1043726,tt1043726,188207
The Limey,tt0165854,tt0165854,10388
The Lincoln Lawyer,tt1189340,tt1189340,50348
The Lion King,tt6105098,tt6105098,420818
The Lodge,tt7347846,tt7347846,35247
The Loft,tt1850397,tt1850397,72784
The Longest Ride,tt2726560,tt2726560,228205
The Lord of the Rings: The Fellowship of the Ring,tt0120737,tt0120737,120
The Lost Boys,tt0093437,tt0093437,1405651
The Lost World: Jurassic Park,tt0119567,tt0119567,330
The Martian,tt3659388,tt3659388,286217
The Matrix,tt0133093,tt0133093,603
The Matrix Reloaded,tt0234215,tt0234215,604
The Matrix Revolutions,tt0242653,tt0242653,605
The Maze Runner,tt1790864,tt1790864,198663
The Meg,tt4779682,tt4779682,345940
The Menu,tt9764362,tt9764362,593643
The Midnight Meat Train,tt0805570,tt0805570,10185
The Mummy,tt0120616,tt0120616,564
The Mummy,tt2345759,tt2345759,282035
The Mummy: Tomb of the Dragon Emperor,tt0859163,tt0859163,1735
The Neverending Story,tt0088323,tt0088323,34584
The Nice Guys,tt3799694,tt3799694,290250
The Nightmare Before Christmas,tt0107688,tt0107688,9479
The Northman,tt11138512,tt11138512,639933
The Nun,tt5814060,tt5814060,439079
The Other Side of the Door,tt3702652,tt3702652,364116
The Other Woman,tt2203939,tt2203939,52505
The Perfect Storm,tt0177971,tt0177971,2133
The Place Beyond the Pines,tt1817273,tt1817273,97367
The Polar Express,tt0338348,tt0338348,5255
The Possession,tt0431021,tt0431021,77883
The Prestige,tt0482571,tt0482571,1124
The Princess Bride,tt0093779,tt0093779,2493
The Purge,tt2184339,tt2184339,158015
The Purge: Anarchy,tt2975578,tt2975578,238636
The Purge: Election Year,tt4094724,tt4094724,316727
The Revenant,tt1663202,tt1663202,281957
The River Wild,tt0110997,tt0110997,8987
The Rocky Horror Picture Show,tt0073629,tt0073629,36685
The Running Man,tt0093894,tt0093894,144299
The Sandlot,tt0108037,tt0108037,11528
The Santa Clause,tt0111070,tt0111070,11395
The Scorpion King 3: Battle for Redemption,tt1781896,tt1781896,78049
The Secret Life of Pets,tt2709768,tt2709768,328111
The Secret Life of Walter Mitty,tt0359950,tt0359950,116745
The Shack,tt2872518,tt2872518,345938
The Shawshank Redemption,tt0111161,tt0111161,278
The Shining,tt0081505,tt0081505,694
The Sound of Music,tt0059742,tt0059742,15121
The Space Between Us,tt3922818,tt3922818,365942
The Spy Who Dumped Me,tt6663582,tt6663582,454992
The Super Mario Bros. Movie,tt6718170,tt6718170,502356
The Terminator,tt0088247,tt0088247,218
The Theory of Everything,tt2980516,tt2980516,266856
The Three Musketeers Part I: D'Artagnan,tt12672536,tt12672536,796185
The Three Musketeers Part II: Milady,tt12672620,tt12672620,845111
The Truman Show,tt0120382,tt0120382,37165
The Turning,tt7510346,tt7510346,725582
The Twilight Saga: Breaking Dawn - Part 2,tt1673434,tt1673434,50620
The Unbearable Weight of Massive Talent,tt11291274,tt11291274,648579
The Visit,tt3567288,tt3567288,298312
The Voices,tt1567437,tt1567437,244458
The Way Back,tt1023114,tt1023114,529485
The Wizard of Oz,tt0032138,tt0032138,630
The Wolf of Wall Street,tt0993846,tt0993846,106646
The Wolf's Call,tt7458762,tt7458762,484468
The Wolverine,tt1430132,tt1430132,76170
The Woman In Black,tt1596365,tt1596365,65086
The Woman King,tt8093700,tt8093700,724495
The World Is Not Enough,tt0143145,tt0143145,36643
The World's End,tt1213663,tt1213663,107985
The Young Messiah,tt1002563,tt1002563,318850
There's Something About Mary,tt0129387,tt0129387,544
This Is 40,tt1758830,tt1758830,89492
This Is the End,tt1245492,tt1245492,109414
Thor,tt0800369,tt0800369,10195
Thor: Ragnarok,tt3501632,tt3501632,284053
Thor: The Dark World,tt1981115,tt1981115,76338
Titanic,tt0120338,tt0120338,597
Tommy Boy,tt0114694,tt0114694,11381
Tomorrow Never Dies,tt0120347,tt0120347,714
Tomorrowland,tt1964418,tt1964418,158852
Top Gun,tt0092099,tt0092099,744
Tower Heist,tt0471042,tt0471042,59108
Toy Story 3,tt0435761,tt0435761,10193
Toy Story 4,tt1979376,tt1979376,301528
Tracks,tt2167266,tt2167266,108322
Trading Places,tt0086465,tt0086465,1621
Trainwreck,tt3152624,tt3152624,271718
Transformers: Age of Extinction,tt2109248,tt2109248,91314
Transformers: Dark of the Moon,tt1399103,tt1399103,38356
Transformers: The Last Knight,tt3371366,tt3371366,335988
Tremors,tt0100814,tt0100814,9362
Triple 9,tt1712261,tt1712261,146198
Trolls World Tour,tt6587640,tt6587640,446893
Turbo,tt1860353,tt1860353,77950
Twisters,tt12584954,tt12584954,718821
Unbroken,tt1809398,tt1809398,227306
Uncharted,tt1464335,tt1464335,335787
Uncut Gems,tt5727208,tt5727208,473033
Underwater,tt5774060,tt5774060,443791
Up In Smoke,tt0078446,tt0078446,1208810
Up In the Air,tt1193138,tt1193138,22947
Upgrade,tt6499752,tt6499752,500664
Us,tt6857112,tt6857112,458723
V for Vendetta,tt0434409,tt0434409,752
Valerian and the City of a Thousand Planets,tt2239822,tt2239822,339964
Vegas Vacation,tt0120434,tt0120434,11419
Venom,tt1270797,tt1270797,335983
Venom: Let There Be Carnage,tt7097896,tt7097896,580489
Vivarium,tt8368406,tt8368406,458305
Walk of Shame,tt2463288,tt2463288,187596
War for the Planet of the Apes,tt3450958,tt3450958,281338
Warm Bodies,tt1588173,tt1588173,82654
Water for Elephants,tt1067583,tt1067583,55787
Wayne's World 2,tt0108525,tt0108525,8873
We Bought a Zoo,tt1389137,tt1389137,74465
Whiskey Tango Foxtrot,tt3553442,tt3553442,279641
Who's Afraid of Virginia Woolf?,tt0061184,tt0061184,396
Wicked,tt1262426,tt1262426,402431
Willy Wonka and the Chocolate Factory,tt6803390,tt6803390,455411
Winter's Bone,tt1399683,tt1399683,39013
Wonder,tt2543472,tt2543472,406997
Wonder Woman,tt0451279,tt0451279,297762
Woodlawn,tt4183692,tt4183692,333596
World War Z,tt0816711,tt0816711,72190
Wreck-It Ralph,tt1772341,tt1772341,82690
X-Men,tt0120903,tt0120903,246655
X-Men Origins: Wolverine,tt0458525,tt0458525,2080
X-Men: Apocalypse,tt3385516,tt3385516,246655
X-Men: Dark Phoenix,tt6565702,tt6565702,320288
X-Men: Days of Future Past,tt1877832,tt1877832,127585
X-Men: First Class,tt1270798,tt1270798,691677
X-Men: The Last Stand,tt0376994,tt0376994,36668
X2: X-Men United,tt0290334,tt0290334,36658
Zodiac,tt0443706,tt0443706,1949
Zombieland: Double Tap,tt1560220,tt1560220,338967
mother!,tt13039074,tt13039074,700979
xXx,tt0295701,tt0295701,7451
