title,vault_id,imdb_rating,rt_percent,certificate,franchise,keywords,director,release_year,genres,awards,runtime_min,verified_year,top_billed_actor,top_3_actors,plot_summary,imdb_votes,imdb_id,tmdb_id,digital_location,poster_url
10 Cloverfield Lane,V0001,7.2,91.0,PG-13,,Kidnapping; paranoia; bunker; basement; survivalist; apocalypse; car accident; captive,Dan Trachtenberg,2016.0,"Drama, Horror, Sci-Fi",16 wins & 48 nominations total,104.0,2016.0,John Goodman,John Gallagher Jr. | John Goodman | Mary Elizabeth Winstead,A young woman is held in an underground bunker by a man who insists that a hostile event has left the surface of the Earth uninhabitable.,368165.0,tt1179933,333371.0,iTunes,https://image.tmdb.org/t/p/w500/84Dhwz93vCin6T1PX6ctSvWEuNE.jpg
12 Angry Men,V0002,8.549,,,,Death penalty; anonymity; court case; court; judge; jurors; father murder; class; heat; innocence; puerto rico; based on play or musical; black and white; courtroom; hostile; courtroom drama; cautionary; dialog driven; callous; persidangan; sidang,Sidney Lumet,1957.0,"Crime, Drama",,97.0,1957.0,Henry Fonda,,The jury in a New York City murder trial is frustrated by a single member whose skeptical caution forces them to more carefully consider the evidence before jumping to a hasty verdict.,9387.0,tt0050083,389.0,iTunes,https://image.tmdb.org/t/p/w500/ow3wq89wM8qd5X7hWKxiRfsFf9C.jpg
13 Hours: The Secret Soldiers of Benghazi,V0003,7.3,51.0,R,,Central intelligence agency (cia); based on novel or book; libya; assault rifle; mercenary; heroism; biography; based on true story; explosion; american abroad; death; u.s. ambassador,Michael Bay,2016.0,Action | Drama | History | Thriller | War,Nominated for 1 Oscar. 5 nominations total,144.0,2016.0,John Krasinski,Dominic Fumusa | James Badge Dale | John Krasinski,An American Ambassador is killed during an attack at a U.S. compound in Libya as a security team struggles to make sense out of the chaos.,167993.0,tt4172430,300671.0,iTunes,https://image.tmdb.org/t/p/w500/AskDcQ6Sa6jImyt2KDQbgRuPebH.jpg
1917,V0004,8.2,88.0,R,,Race against time; world war i; british army; soldier; real time; trenches; 1910s; trench warfare; no man's land,Sam Mendes,2019.0,Drama | History | Thriller | War,Won 3 Oscars. 135 wins & 207 nominations total,119.0,2019.0,George MacKay,Dean-Charles Chapman | George MacKay | Mark Strong,"At the height of the First World War, two young British soldiers must cross enemy territory and deliver a message that will stop a deadly attack on hundreds of soldiers.",725123.0,tt8579674,530915.0,iTunes,https://image.tmdb.org/t/p/w500/iZf0KyrE25z1sage4SYFLCCrMi9.jpg
2001: A Space Odyssey,V0005,8.3,90.0,G,The Space Odyssey Series,Man vs machine; moon; jupiter; artificial intelligence (a.i.); based on novel or book; technology; super computer; space travel; space mission; moon base; astronaut; evolution; monolith; space station; space opera; philosophical; complex; 2000s; dreary; grand; ai rebellion; tense; audacious; baffled; excited,Stanley Kubrick,1968.0,Adventure | Mystery | Science Fiction,Won 1 Oscar. 18 wins & 14 nominations total,149.0,1968.0,Keir Dullea,Gary Lockwood | Keir Dullea | William Sylvester,"Humanity finds a mysterious object buried beneath the lunar surface and sets off to find its origins with the help of HAL 9000, the world's most advanced super computer.",743796.0,tt0062622,62.0,iTunes,https://image.tmdb.org/t/p/w500/ve72VxNqjGM69Uky4WTo2bK6rfq.jpg
21 & Over,V0006,5.8,26.0,R,,Alcohol; birthday; friends; debauchery,"Jon Lucas, Scott Moore",2013.0,Comedy,1 win & 1 nomination total,93.0,2013.0,Skylar Astin,Justin Chon | Miles Teller | Skylar Astin,"Brilliant student Jeff Chang has the most important interview of his life tomorrow.  But today is still his birthday, what starts off as a casual celebration with friends evolves into a night of debauchery that risks to derail his life plan.",77982.0,tt1711425,107811.0,iTunes,https://image.tmdb.org/t/p/w500/ruPRsaWpSbHv2085k1bO2HbSAUV.jpg
21 Bridges,V0007,6.6,55.0,R,,New york city; hostage; subway; detective; shootout; police officer killed; nypd; one night; neo-noir; manhunt,Brian Kirk,2019.0,Action | Crime | Drama,2 nominations total,99.0,2019.0,Chadwick Boseman,Chadwick Boseman | J.K. Simmons | Sienna Miller,"An embattled NYPD detective, is thrust into a citywide manhunt for a pair of cop killers after uncovering a massive and unexpected conspiracy. As the night unfolds, lines become blurred on who he is pursuing, and who is in pursuit of him.",78103.0,tt8688634,535292.0,iTunes,https://image.tmdb.org/t/p/w500/kDlmrGZROewneCoSwPjKx6Qfown.jpg
21 Grams,V0008,7.6,80.0,R,,Life and death; rage and hate; transplantation; faith; suicide attempt; loss of loved one; widow; ex-detainee; new mexico; sadness; car crash; multiple storylines,Alejandro González Iñárritu,2003.0,Crime | Drama | Thriller,Nominated for 2 Oscars. 30 wins & 79 nominations total,124.0,2003.0,Sean Penn,Benicio del Toro | Naomi Watts | Sean Penn,"Paul Rivers, an ailing mathematician lovelessly married to an English émigré; Christina Peck, an upper-middle-class suburban housewife and mother of two girls; and Jack Jordan, a born-again ex-con, are brought together by a terrible accident that changes their lives.",248524.0,tt0315733,470.0,iTunes,https://image.tmdb.org/t/p/w500/wZ0l6or5juuVWqDkLEgaghs4f9l.jpg
21 Jump Street,V0009,7.2,85.0,R,Jump Street Collection,Drug dealer; high school; investigation; nerd; male friendship; parody; jock; crude humor; undercover cop; high school student; police academy; buddy cop; buddy comedy; duringcreditsstinger; high school rivalry; bicycle cop; based on tv series; cops; party drugs; high school classmates,"Phil Lord, Christopher Miller",2012.0,Action | Comedy | Crime,11 wins & 21 nominations total,109.0,2012.0,Jonah Hill,Brie Larson | Channing Tatum | Jonah Hill,"When cops Schmidt and Jenko join the secret Jump Street unit, they use their youthful appearances to go undercover as high school students. They trade in their guns and badges for backpacks, and set out to shut down a dangerous drug ring. But, as time goes on, Schmidt and Jenko discover that high school is nothing like it was just a few years earlier -- and, what's more, they must again confront the teenage terror and anxiety they thought they had left behind.",622349.0,tt1232829,64688.0,iTunes,https://image.tmdb.org/t/p/w500/8v3Sqv9UcIUC4ebmpKWROqPBINZ.jpg
22 Jump Street,V0010,7.0,84.0,R,Jump Street Collection,Drug dealer; sarcasm; college; male friendship; sequel; undercover cop; buddy cop; buddy comedy; aftercreditsstinger; duringcreditsstinger; based on tv series,"Phil Lord, Christopher Miller",2014.0,Action | Comedy | Crime,7 wins & 25 nominations total,112.0,2014.0,Jonah Hill,Channing Tatum | Jonah Hill | Peter Stormare,"After making their way through high school (twice), big changes are in store for officers Schmidt and Jenko when they go deep undercover at a local college. But when Jenko meets a kindred spirit on the football team, and Schmidt infiltrates the bohemian art major scene, they begin to question their partnership. Now they don't have to just crack the case - they have to figure out if they can have a mature relationship. If these two overgrown adolescents can grow from freshmen into real men, college might be the best thing that ever happened to them.",421816.0,tt2294449,187017.0,iTunes,https://image.tmdb.org/t/p/w500/850chzYHYbT3IISl6Q7dbBuFP2B.jpg
300,V0011,7.6,61.0,R,300 Collection,Epic; army; narration; gore; based on comic; sword fight; massacre; ancient world; based on graphic novel; ancient greece; warrior; ancient warfare; sparta greece; 5th century bc; war; bloody death; sparta; spartans; battle of thermopylae; god king; battle axe; amused; audacious; based on real events,Zack Snyder,2007.0,Action | Adventure | War,,116.0,2007.0,Gerard Butler,Dominic West | Gerard Butler | Lena Headey,"Based on Frank Miller's graphic novel, ""300"" is very loosely based the 480 B.C. Battle of Thermopylae, where the King of Sparta led his army against the advancing Persians; the battle is said to have inspired all of Greece to band together against the Persians, and helped usher in the world's first democracy.",890195.0,tt0416449,1271.0,iTunes,https://image.tmdb.org/t/p/w500/h7Lcio0c9ohxPhSZg42eTlKIVVY.jpg
300: Rise of an Empire,V0012,6.2,45.0,R,300 Collection,Based on comic; sword fight; soldier; massacre; slow motion; based on graphic novel; ancient greece; duringcreditsstinger; sea battle; hand to hand combat; naval warfare; ancient warfare; sparta greece; warriors; 5th century bc; athenian; sword and sandal; god king; sword and shield,Noam Murro,2014.0,Action | Drama | War,2 wins & 7 nominations total,102.0,2014.0,Sullivan Stapleton,Eva Green | Lena Headey | Sullivan Stapleton,"Greek general Themistocles attempts to unite all of Greece by leading the charge that will change the course of the war. Themistocles faces the massive invading Persian forces led by mortal-turned-god, Xerxes and Artemesia, the vengeful commander of the Persian navy.",322559.0,tt1253863,53182.0,iTunes,https://image.tmdb.org/t/p/w500/wYDdWN1McB1Sio4z1dPSkb40Z78.jpg
3:10 to Yuma,V0013,7.6,89.0,R,,Hotel; small town; arizona; hunger; ranch; outlaw; shootout; black and white; train; bandit; stagecoach; based on short story; drought; 19th century,Delmer Daves,1957.0,Drama | Thriller | Western,Nominated for 1 BAFTA Award1 win & 3 nominations total,92.0,1957.0,Glenn Ford,Felicia Farr | Glenn Ford | Van Heflin,"Dan Evans, a small time farmer, is hired to escort Ben Wade, a dangerous outlaw, to Yuma. As Evans and Wade wait for the 3:10 train to Yuma, Wade's gang is racing to free him.",340310.0,tt0050086,14168.0,iTunes,https://image.tmdb.org/t/p/w500/emYeJVZrpl2WfndJlhbls1e7lzQ.jpg
47 Meters Down,V0014,5.6,53.0,PG-13,47 Meters Down Collection,Sibling relationship; diving; shark attack; cage; creature; shark; trapped underwater,Johannes Roberts,2017.0,Horror,2 nominations total,89.0,2017.0,Mandy Moore,Claire Holt | Mandy Moore | Matthew Modine,"Two sisters on Mexican vacation are trapped in a shark observation cage at the bottom of the ocean, with oxygen running low and great whites circling nearby, they have less than an hour of air left to figure out how to get to the surface.",62593.0,tt2932536,403119.0,iTunes,https://image.tmdb.org/t/p/w500/2IgdRUTdHyoI3nFORcnnYEKOGIH.jpg
47 Ronin,V0015,6.2,16.0,PG-13,47 Ronin Collection,Suicide; japan; samurai; based on true story; revenge; samurai sword; ronin; shogun; half breed; aggressive; vindictive,Carl Rinsch,2013.0,Action | Drama | Fantasy,5 nominations total,119.0,2013.0,Keanu Reeves,Hiroyuki Sanada | Keanu Reeves | Ko Shibasaki,"Kai—an outcast—joins Oishi, the leader of 47 outcast samurai.  Together they seek vengeance upon the treacherous overlord who killed their master and banished their kind.  To restore honour to their homeland, the warriors embark upon a quest that challenges them with a series of trials that would destroy ordinary warriors.",175496.0,tt1335975,64686.0,iTunes,https://image.tmdb.org/t/p/w500/xDHnmcroujCRG0ysYQaiswjbyHd.jpg
A Christmas Carol,V0016,6.9,,,,,Catherine Morshead,2000.0,"Drama, Fantasy",,75.0,2011.0,Ray Fearon,,An unscrupulous loan shark who makes excuses for his uncaring nature learns real compassion when three ghosts visit him on Christmas Eve.,208.0,tt0291816,,iTunes,https://m.media-amazon.com/images/M/MV5BM2RjYjk3NzktYWU0NC00OWM1LWI1MzgtYjRjNThjZjhmYmY1XkEyXkFqcGc@._V1_SX300.jpg
A Christmas Story,V0017,7.9,89.0,PG,Cinderella Story Collection,Musical; christmas; christmas songs,Michelle Johnston,2019.0,Comedy | Fantasy | Music | Romance,,93.0,2019.0,,,"Kat is an aspiring singer-songwriter who dreams of making it big. However, her dreams are stalled by her reality: a conniving and cruel stepfamily  and a demoralizing job working as a singing elf at billionaire Terrence Wintergarden’s Santa Land.",174513.0,tt10326928,606117.0,iTunes,https://image.tmdb.org/t/p/w500/ozBX0u5caaJFli9AssqJmARb5R.jpg
A Cure for Wellness,V0018,6.4,42.0,R,,Darkness; therapist; switzerland; mountain; wellness; employee; health; patient; spa; drugs; remote; swiss alps; treatment; cure; accident; wellness center; institute; incertitude; bitter; derogatory; frustrated,Gore Verbinski,2017.0,Horror | Mystery | Science Fiction,,146.0,2017.0,Dane DeHaan,Dane DeHaan | Jason Isaacs | Mia Goth,"An ambitious young executive is sent to retrieve his company's CEO from an idyllic but mysterious ""wellness center"" at a remote location in the Swiss Alps but soon suspects that the spa's miraculous treatments are not what they seem.",113310.0,tt4731136,340837.0,iTunes,https://image.tmdb.org/t/p/w500/8QWJtne0pTsNoJ86KE993aQYTLW.jpg
A Date With Judy,V0019,6.5,57.0,Approved,,Musical,Richard Thorpe,1948.0,Comedy | Music | Romance,,113.0,1948.0,,,"Best friends Judy and Carol compete for the affection of an older man during their high school dance. As Carol tries to rekindle Judy's relationship with Carol's bumbling brother, Oogie, Judy suspects that her father is having an affair with a beautiful dance instructor. The two girls team up to expose Judy's father -- who is only taking innocent dance lessons.",1491.0,tt0040271,96252.0,iTunes,https://image.tmdb.org/t/p/w500/akvjD6n3AGT4QzMvtaIi7vgHYky.jpg
A Ghost Story,V0020,6.8,91.0,R,A Chinese Ghost Story Collection,Escape; rebel; minister; uprising; imperial court; spirit; demon,Tony Ching Siu-Tung,1990.0,Action | Comedy | Fantasy,,104.0,1990.0,,,"In this installment of a phenomenal saga of the super natural, four young people are caught in a tug-o-war of evil between an Imperial Wizard and a corrupt General. Outrageous special effects galore.",82075.0,tt0100625,9050.0,iTunes,https://image.tmdb.org/t/p/w500/nPvTSZKh2OIq41g0kDw1BhBz2rw.jpg
A Glitch in the Matrix,V0021,5.2,,Not Rated,,,Rodney Ascher,2021.0,Documentary,2 nominations,108.0,2021.0,Nick Bostrom,Erik Davis | Joshua Cooke | Nick Bostrom,"Are we in fact living in a simulation? This is the question postulated, wrestled with, and ultimately argued for through archival footage, compelling interviews with real people shrouded in digital avatars, and a collection of cases from some of our most iconoclastic figures in contemporary culture.",40.0,tt9847360,696109.0,iTunes,https://image.tmdb.org/t/p/w500/bn0BLVadmvzq6MmJ0n97MLxGpNQ.jpg
A Good Day to Die Hard,V0022,5.2,15.0,R,Die Hard Collection,Central intelligence agency (cia); undercover agent; escape; bomb; plutonium; sequel; shootout; police detective; courthouse; safe house; nuclear weapons; undercover operation; father son reunion; rogue; chernobyl; action hero; father son conflict; father son relationship; high octane; comforting; cia agent,John Moore,2013.0,Action | Thriller,5 wins & 8 nominations total,98.0,2013.0,Bruce Willis,Bruce Willis | Jai Courtney | Sebastian Koch,"Iconoclastic, take-no-prisoners cop John McClane, finds himself for the first time on foreign soil after traveling to Moscow to help his wayward son Jack - unaware that Jack is really a highly-trained CIA operative out to stop a nuclear weapons heist. With the Russian underworld in pursuit, and battling a countdown to war, the two McClanes discover that their opposing methods make them unstoppable heroes.",218448.0,tt1606378,47964.0,iTunes,https://image.tmdb.org/t/p/w500/qJ0csDXAVFMsNn0cRcjy6W6PxAK.jpg
A Haunting in Venice,V0023,6.5,75.0,PG-13,Hercule Poirot (Kenneth Branagh) Collection,Based on novel or book; venice | Italy; loss of loved one; detective; medium; grief; whodunit; investigator; guilt; novelist; post world war ii; murder investigation; ghost; séance; murder mystery; spiritism; halloween night; palazzo; retired detective,Kenneth Branagh,2023.0,Crime | Mystery | Thriller,6 wins & 4 nominations total,104.0,2023.0,Kenneth Branagh,Camille Cottin | Kenneth Branagh | Kyle Allen,"Celebrated sleuth Hercule Poirot, now retired and living in self-imposed exile in Venice, reluctantly attends a Halloween séance at a decaying, haunted palazzo. When one of the guests is murdered, the detective is thrust into a sinister world of shadows and secrets.",126223.0,tt22687790,945729.0,iTunes,https://image.tmdb.org/t/p/w500/l6iwxT0NbVw6QiF08YTIuTnXS82.jpg
A Knight's Tale,V0024,7.0,59.0,PG-13,,England; poetry; rivalry; sword fight; knight; tournament; duel; torture; writer; impostor; church; game; jousting; medieval; aftercreditsstinger | London,Brian Helgeland,2001.0,Action | Adventure | Drama | Romance,4 wins & 13 nominations total,133.0,2001.0,Heath Ledger,Heath Ledger | Rufus Sewell | Shannyn Sossamon,"William Thatcher, a knight's peasant apprentice, gets a chance at glory when the knight dies suddenly mid-tournament. Posing as a knight himself, William won't stop until he's crowned tournament champion—assuming matters of the heart don't get in the way.",208282.0,tt0183790,9476.0,iTunes,https://image.tmdb.org/t/p/w500/srb1XnrlDZHcdpjBKqUu4qAzxKU.jpg
A League of Their Own,V0025,7.3,82.0,PG,,Sports; baseball; world war ii; baseball player; female athlete; home front; woman director; 1940s,Penny Marshall,1992.0,Comedy | Drama,6 wins & 13 nominations total,128.0,1992.0,Tom Hanks,Geena Davis | Lori Petty | Tom Hanks,"As America's stock of athletic young men is depleted during World War II, a professional all-female baseball league springs up in the Midwest, funded by publicity-hungry candy maker Walter Harvey. Competitive sisters Dottie Hinson and Kit Keller spar with each other, scout Ernie Capadino and grumpy has-been coach Jimmy Dugan on their way to fame.",124006.0,tt0104694,11287.0,iTunes,https://image.tmdb.org/t/p/w500/7xpFXAOjgzFPE3vyVerFGfrXhFK.jpg
A Million Ways to Die In the West,V0026,6.1,,,,,Not Found,2014.0,Comedy | Western,,116.0,2014.0,,,"As a cowardly farmer begins to fall for the mysterious new woman in town, he must put his new-found courage to the test when her husband, a notorious gun-slinger, announces his arrival.",4225.0,,,iTunes,https://m.media-amazon.com/images/M/MV5BMTQ0NDcyNjg0MV5BMl5BanBnXkFtZTgwMzk4NTA4MTE@._V1_SX300.jpg
A Nightmare on Elm Street,V0027,7.3,,,,,Samuel Bayer,2010.0,"Crime, Drama, Horror",,95.0,1984.0,Jackie Earle Haley,,"The spectre of a disfigured man haunts the children of the parents who murdered him, stalking and killing them in their dreams.",5417.0,tt1179056,,iTunes,https://m.media-amazon.com/images/M/MV5BODIxMTQ0NTIxM15BMl5BanBnXkFtZTcwMzY1NDAyMw@@._V1_SX300.jpg
A Quiet Place,V0028,7.5,96.0,PG-13,A Quiet Place Collection,Pregnancy; fireworks; deaf; post-apocalyptic future; alien life-form; child in peril; creature; alien invasion; parenting; survival horror; human vs alien; sign languages; angry,John Krasinski,2018.0,Drama | Horror | Science Fiction,Nominated for 1 Oscar. 38 wins & 129 nominations total,91.0,2018.0,Emily Blunt,Emily Blunt | John Krasinski | Millicent Simmonds,A family is forced to live in silence while hiding from creatures that hunt by sound.,628351.0,tt6644200,447332.0,iTunes,https://image.tmdb.org/t/p/w500/nAU74GmpUk7t5iklEp3bufwDq4n.jpg
A Simple Favor,V0029,6.8,84.0,R,A Simple Favor Collection,Small town; based on novel or book; widow; dark comedy; female friendship; life insurance; best friend; single mother; missing person; vlogger,Paul Feig,2018.0,Comedy | Crime | Thriller,3 wins & 10 nominations total,117.0,2018.0,Anna Kendrick,Anna Kendrick | Blake Lively | Henry Golding,"Stephanie, a dedicated mother and popular vlogger, befriends Emily, a mysterious upper-class woman whose son Nicky attends the same school as Miles, Stephanie's son. When Emily asks her to pick Nicky up from school and then disappears, Stephanie undertakes an investigation that will dive deep into Emily's cloudy past.",176327.0,tt7040874,484247.0,Vudu,https://image.tmdb.org/t/p/w500/aIYsjQM0piKc0ibPBCTWv3sqshj.jpg
A Star Is Born,V0030,7.497,,,,Concert; country music; waitress; pop star; self-destruction; talent; addiction; death of father; alcoholism; remake; aspiring singer; singer; fame; tinnitus; falling in love; insecurity; alcoholic; death of mother; aspiration; death of parent; showbiz; emotional vulnerability; hearing impaired; brother brother relationship; dramatic; romantic; admiring,Bradley Cooper,2018.0,"Drama, Music, Romance",,136.0,1937.0,Lady Gaga,,A hard-drinking country music star falls in love with a singer whose career quickly takes off.,11938.0,tt1517451,332562.0,iTunes,https://image.tmdb.org/t/p/w500/wrFpXMNBRj2PBiN4Z5kix51XaIZ.jpg
A Walk Among the Tombstones,V0031,6.5,68.0,R,,New york city; based on novel or book; murder; private investigator; mafia; drugs; alcoholic; kingpin; wife murder; 1990s,Scott Frank,2014.0,Crime | Drama | Mystery | Thriller,1 nomination total,114.0,2014.0,Liam Neeson,Dan Stevens | David Harbour | Liam Neeson,Private investigator Matthew Scudder is hired by a drug kingpin to find out who kidnapped and murdered his wife.,129214.0,tt0365907,169917.0,iTunes,https://image.tmdb.org/t/p/w500/euPgyPsiNFp6gOBB7nUFxvN5ZaY.jpg
Abraham Lincoln: Vampire Hunter,V0032,5.9,34.0,R,,Usa president; vampire; supernatural; steam locomotive; american civil war; slave owner; 19th century; abraham lincoln; axe,Timur Bekmambetov,2012.0,Action | Fantasy | Horror,1 nomination total,105.0,2012.0,Benjamin Walker,Anthony Mackie | Benjamin Walker | Dominic Cooper,"President Lincoln's mother is killed by a supernatural creature, which fuels his passion to crush vampires and their slave-owning helpers.",164674.0,tt1611224,72331.0,iTunes,https://image.tmdb.org/t/p/w500/qv8deK0ZmutAuEpejruQKApIy6r.jpg
Ad Astra,V0033,6.5,83.0,PG-13,,Moon; planet mars; loss of loved one; astronaut; moon colony; solar system; spacewalk; father son relationship; near future; planet neptune; space walk,James Gray,2019.0,Drama | Science Fiction,Nominated for 1 Oscar. 13 wins & 76 nominations total,123.0,2019.0,Brad Pitt,Brad Pitt | Ruth Negga | Tommy Lee Jones,"The near future, a time when both hope and hardships drive humanity to look to the stars and beyond. While a mysterious phenomenon menaces to destroy life on planet Earth, astronaut Roy McBride undertakes a mission across the immensity of space and its many perils to uncover the truth about a lost expedition that decades before boldly faced emptiness and silence in search of the unknown.",269636.0,tt2935510,419704.0,iTunes,https://image.tmdb.org/t/p/w500/xBHvZcjRiWyobQ9kxBhO6B2dtRI.jpg
Admission,V0034,5.7,37.0,PG-13,,Adoption; princeton university; wedding; admissions; romantic dramedy; college admissions,Paul Weitz,2013.0,Comedy | Drama | Romance,,107.0,2013.0,Tina Fey,Ann Harada | Ben Levin | Tina Fey,"Straitlaced Princeton University admissions officer Portia Nathan is caught off-guard when she makes a recruiting visit to an alternative high school overseen by her former classmate, the freewheeling John Pressman. Pressman has surmised that Jeremiah, his gifted yet very unconventional student, might well be the son that Portia secretly gave up for adoption many years ago.",36510.0,tt1814621,144340.0,iTunes,https://image.tmdb.org/t/p/w500/f3HoCikJxypRtLJptBwvs7L7etE.jpg
Alien: Covenant,V0035,6.4,65.0,R,Prometheus Collection,Android; spacecraft; experiment; space travel; infection; engineer; alien life-form; sequel; alien; space; creature; robot; scientist; genocide; creation; acid; xenomorph; alien technology; genetic mutation,Ridley Scott,2017.0,Horror | Science Fiction | Thriller,3 wins & 26 nominations total,122.0,2017.0,Michael Fassbender,Billy Crudup | Katherine Waterston | Michael Fassbender,"The crew of the colony ship Covenant, bound for a remote planet on the far side of the galaxy, discovers what they think is an uncharted paradise but is actually a dark, dangerous world.",327823.0,tt2316204,126889.0,iTunes,https://image.tmdb.org/t/p/w500/zecMELPbU5YMQpC81Z8ImaaXuf9.jpg
Aliens,V0036,8.4,94.0,R,Alien Collection,Android; space marine; extraterrestrial technology; spaceman; space travel; settler; colony; cryogenics; vacuum; space colony; warrior woman; alien; space; female protagonist; creature; desolate; female hero; shocking; aggressive; xenomorph; desolate planet; suspenseful; critical; hilarious; sinister; assertive; commanding; defiant; empathetic; exhilarated; optimistic; powerful,James Cameron,1986.0,Action | Science Fiction | Thriller,Won 2 Oscars. 20 wins & 25 nominations total,137.0,1986.0,Sigourney Weaver,Carrie Henn | Michael Biehn | Sigourney Weaver,"Ripley, the sole survivor of the Nostromo's deadly encounter with the monstrous Alien, returns to Earth after drifting through space in hypersleep for 57 years. Although her story is initially met with skepticism, she agrees to accompany a team of Colonial Marines back to LV-426.",803271.0,tt0090605,679.0,iTunes,https://image.tmdb.org/t/p/w500/r1x5JGpyqZU8PYhbs4UcrO1Xb6x.jpg
American Hustle,V0037,7.2,92.0,R,,New jersey; 1970s; fbi; mayor; con artist; mobster; scam; hair; century,David O. Russell,2013.0,Crime | Drama,Nominated for 10 Oscars. 70 wins & 228 nominations total,138.0,2013.0,Christian Bale,Amy Adams | Bradley Cooper | Christian Bale,"A conman and his seductive partner are forced to work for a wild FBI agent, who pushes them into a world of Jersey power-brokers and the Mafia.",509633.0,tt1800241,168672.0,iTunes,https://image.tmdb.org/t/p/w500/z6O1KDhfWDTm5ZBr6Ovr0eg8LqO.jpg
American Pie,V0038,6.6,,,American Pie Collection,Innocence; graduation; loss of virginity; coming of age; high school student; pie; teen comedy; teenage sexuality; exchange student; sex comedy; voyeurism; virginity; laxative; prom night; teenager,Paul Weitz,1999.0,Comedy | Romance,,95.0,1999.0,,,"At a high-school party, four friends find that losing their collective virginity isn't as easy as they had thought. But they still believe that they need to do so before college. To motivate themselves, they enter a pact to all ""score"" by their senior prom.",7956.0,tt0163651,2105.0,iTunes,https://image.tmdb.org/t/p/w500/5P68by2Thn8wHAziyWGEw2O7hco.jpg
Anchorman 2: The Legend Continues,V0039,6.3,74.0,PG-13,Anchorman Collection,Journalism; language; mustache; gang warfare; aftercreditsstinger; news spoof; news; tv news anchor; cable news,Adam McKay,2013.0,Comedy,1 win & 23 nominations total,119.0,2013.0,Will Ferrell,Paul Rudd | Steve Carell | Will Ferrell,"With the 70s behind him, San Diego's top rated newsman, Ron Burgundy, returns to take New York's first 24-hour news channel by storm.",197392.0,tt1229340,109443.0,iTunes,https://image.tmdb.org/t/p/w500/BAdmxMdCqzjs6hx3KuEtnoWP8d.jpg
Angel Heart,V0040,7.2,82.0,R,,Louisiana; investigation; neurosis; sanatorium; surrealism; satanist; sale of soul; pact with the devil; times square; satan; flashback; murder; vision; soul selling; psychological thriller; church; drugs; devil; incest; private detective; missing person; mephistopheles; satanic ritual; beelzebub; devil worship; faustian pact; beating heart; never aging; ceiling fan | New york city; amnesia; heart; southern usa; voodoo; detective; drug addiction; new orleans,Alan Parker,1987.0,Horror | Mystery,2 wins & 5 nominations,113.0,1987.0,Mickey Rourke,Lisa Bonet | Mickey Rourke | Robert De Niro,"A down-and-out Brooklyn detective is hired to track down a singer on an odyssey that will take him through the desperate streets of Harlem, the smoke-filled jazz clubs of New Orleans, and the swamps of Louisiana and its seedy underworld of voodoo.",98181.0,tt0092563,635.0,iTunes,https://image.tmdb.org/t/p/w500/h5v3wjJQNB7q2RntEnKDLhKtTFE.jpg
Anna,V0041,6.7,34.0,R,,Trauma; teenage girl; psychic; memories; accessibility; enter someone's mind,Jorge Dorado,2013.0,Drama | Thriller,3 nominations total,99.0,2013.0,Mark Strong,Brian Cox | Mark Strong | Taissa Farmiga,"A man with the ability to enter peoples' memories takes on the case of a brilliant, troubled sixteen-year-old girl to determine whether she is a sociopath or a victim of trauma.",102143.0,tt1715336,227700.0,iTunes,https://image.tmdb.org/t/p/w500/sgMGvWai7E1Ryf9IvB5m0ILS7hl.jpg
Annabelle,V0042,5.5,28.0,R,Annabelle Collection,Prequel; evil doll; killer doll; spirit; demon; spin off; doll; demonic possession; ghost; killer toys; toy comes to life; the conjuring universe,John R. Leonetti,2014.0,Horror,3 wins & 7 nominations total,99.0,2014.0,Annabelle Wallis,Annabelle Wallis | Tony Amendola | Ward Horton,A couple begins to experience terrifying supernatural occurrences involving a vintage doll shortly after their home is invaded by satanic cultists.,183509.0,tt3322940,250546.0,iTunes,https://image.tmdb.org/t/p/w500/yLsuU2P2SpDYFwtZQ7dtfVAf6TE.jpg
Annabelle: Creation,V0043,6.5,70.0,R,Annabelle Collection,Prequel; evil doll; demon; spin off; demonic possession; ghost; aftercreditsstinger; duringcreditsstinger; the conjuring universe,David F. Sandberg,2017.0,Horror,1 win & 8 nominations total,110.0,2017.0,Stephanie Sigman,Lulu Wilson | Stephanie Sigman | Talitha Eliana Bateman,"Several years after the tragic death of their little girl, a doll maker and his wife welcome a nun and several girls from a shuttered orphanage into their home, soon becoming the target of the doll maker's possessed creation—Annabelle.",158124.0,tt5140878,396422.0,iTunes,https://image.tmdb.org/t/p/w500/tb86j8jVCVsdZnzf8I6cIi65IeM.jpg
Annihilation,V0044,6.8,88.0,R,,Depression; florida; quarantine; coma; based on novel or book; mutation; self-destruction; professor; dna; expedition; transformation; alligator; hybrid; swamp; meteor; grief; physicist; cancer; memory loss; psychologist; scientist; paramedic; missing person; mourning; beast; geologist; biologist; unusual phenomena; speculative; meditative; compound; missing husband; fauna; mysterious life form; flora; dreary; grand; absurd; ambiguous; audacious,Alex Garland,2018.0,Horror | Science Fiction,17 wins & 63 nominations total,115.0,2018.0,Natalie Portman,Gina Rodriguez | Jennifer Jason Leigh | Natalie Portman,"A biologist signs up for a dangerous, secret expedition into a mysterious zone where the laws of nature don't apply.",378801.0,tt2798920,300668.0,iTunes,https://image.tmdb.org/t/p/w500/4YRplSk6BhH6PRuE9gfyw9byUJ6.jpg
Antebellum,V0045,5.8,31.0,R,,Civil war; strong woman; kidnapping; slavery; racism; reenactment; psychotic; hard; shocking; hostile; white supremacists; philosophical; antebellum south; authoritarian; awestruck; empathetic; enchant; enthusiastic; exhilarated; frightened; ghoulish; harsh; horrified,"Gerard Bush, Christopher Renz",2020.0,Horror,3 wins & 11 nominations total,105.0,2020.0,Janelle Monáe,Eric Lange | Janelle Monáe | Jena Malone,Successful author Veronica finds herself trapped in a horrifying reality and must uncover the mind-bending mystery before it's too late.,30977.0,tt10065694,627290.0,iTunes,https://image.tmdb.org/t/p/w500/irkse1FMm9dWemwlxKJ7RINT9Iy.jpg
Apocalypse Now (Final Cut),V0046,8.271,,,,Guerrilla warfare; epic; vietnam war; journalist; mission; vietnam; vietcong; central intelligence agency (cia); cambodia; army; drug abuse; based on novel or book; secret mission; insanity; surrealism; tribe; green beret; jungle; descent into madness; brutality; riverboat; military; macabre; anti war; absurd; awestruck; commanding; distressing,Francis Ford Coppola,1979.0,Drama | War,,147.0,1979.0,,,"At the height of the Vietnam war, Captain Benjamin Willard is sent on a dangerous mission that, officially, ""does not exist, nor will it ever exist."" His goal is to locate - and eliminate - a mysterious Green Beret Colonel named Walter Kurtz, who has been leading his personal army on illegal guerrilla missions into enemy territory.",8639.0,tt0078788,28.0,iTunes,https://image.tmdb.org/t/p/w500/gQB8Y5RCMkv2zwzFHbUJX3kAhvA.jpg
Aquaman,V0047,6.874,,,LEGO DC Comics Super Heroes Collection,,James Wan,2018.0,"Action, Adventure, Fantasy",,77.0,2006.0,Jason Momoa,,"Arthur Curry, the human-born heir to the underwater kingdom of Atlantis, goes on a quest to prevent a war between the worlds of ocean and land.",14474.0,tt8457394,513736.0,iTunes,https://image.tmdb.org/t/p/w500/vVTZLKNIkI7HyPeoFbPE3edAWaa.jpg
Arrival,V0048,7.9,94.0,PG-13,,Spacecraft; loss; time; alien; language; female protagonist; scientist; heartbreak; based on short story; military; alien language; linguist; first contact; communication; linguistics; time-manipulation; determinism; time manipulation,Denis Villeneuve,2016.0,Drama | Mystery | Science Fiction,Won 1 Oscar. 71 wins & 268 nominations total,116.0,2016.0,Amy Adams,Amy Adams | Forest Whitaker | Jeremy Renner,"Taking place after alien crafts land around the world, an expert linguist is recruited by the military to determine whether they come in peace or are a threat.",810200.0,tt2543164,329865.0,iTunes,https://image.tmdb.org/t/p/w500/x2FJsf1ElAgr63Y3PNPtJrcmpoe.jpg
Arthur Christmas,V0049,7.1,92.0,PG,,Sleigh; elves; holiday; assistant; santa claus; wish; reindeer; family; north pole; high tech; clumsiness; duringcreditsstinger; letter to santa claus; woman director; christmas; father son relationship; brother brother relationship,Sarah Smith,2011.0,Animation | Comedy | Drama | Family,Nominated for 2 BAFTA 3 wins & 23 nominations total,97.0,2011.0,James McAvoy,Bill Nighy | Hugh Laurie | James McAvoy,"For hundreds of years, the Claus family has delegated the title ""Santa"" to a chosen few of its members, which can be passed down upon retirement. Each Christmas, Santa and his vast army of highly trained elves produce gifts and distribute them around the world in a one-night high-tech operation. However, when one of 600 million children to receive a gift from Santa on Christmas Eve is missed, it is deemed ‘acceptable’ to all but one—Arthur Claus, the current Santa’s misfit son deemed ineligible for the title, who executes an unauthorised rookie mission to get the last present halfway around the globe before dawn on Christmas morning.",70349.0,tt1430607,51052.0,iTunes,https://image.tmdb.org/t/p/w500/brELZkSbkLrcCXJ0xt5hQUMXhut.jpg
"As Above, So Below",V0050,6.3,29.0,R,,France; loss of loved one; catacombs; female protagonist; scientist; archaeologist; subjective camera; found footage; adventurer; archeology; female archeologist; philosopher's stone | Treasure; paris,John Erick Dowdle,2014.0,Horror | Thriller,1 win & 6 nominations total,93.0,2014.0,Perdita Weeks,Ben Feldman | Edwin Hodge | Perdita Weeks,"When a team of explorers ventures into the uncharted maze of bones that lies beneath the streets of Paris, they embark on a journey into madness and terror.",121069.0,tt2870612,256274.0,iTunes,https://image.tmdb.org/t/p/w500/oJZSajKLJkoTOzSZQN2ZwRnPwHZ.jpg
Austin Powers In Goldmember,V0051,6.2,52.0,PG-13,Austin Powers Collection,Gold; helicopter; sibling relationship; saving the world; submarine; asteroid; undercover; submachine gun; clone; spy; journey in the past; car journey; nightclub; laser; sumo ringer; family history; time travel; conciliation; clowning; overweight man; belgium; parody; james bond spoof; duringcreditsstinger,Jay Roach,2002.0,Comedy | Crime | Science Fiction,5 wins & 23 nominations total,94.0,2002.0,,,"The world's most shagadelic spy continues his fight against Dr. Evil. This time, the diabolical doctor and his clone, Mini-Me, team up with a new foe—'70s kingpin Goldmember. While pursuing the team of villains to stop them from world domination, Austin gets help from his dad and an old girlfriend.",227105.0,tt0295178,818.0,iTunes,https://image.tmdb.org/t/p/w500/n8V61f1v7idya4WJzGEJNoIp9iL.jpg
Austin Powers: International Man of Mystery,V0052,7.0,73.0,PG-13,Austin Powers Collection,Android; telescope; airplane; undercover; missile; spy; group therapy; time travel; penthouse apartment; judo; trapdoor; clowning; secret agent; parody; las vegas; swinging; james bond spoof; swinging 60s; duringcreditsstinger; satirical; playful; romantic; adoring; celebratory; farcical,Jay Roach,1997.0,Comedy | Crime | Science Fiction,3 wins & 8 nominations total,89.0,1997.0,Mike Myers,Elizabeth Hurley | Michael York | Mike Myers,"As a swinging fashion photographer by day and a groovy British superagent by night, Austin Powers is the '60s' most shagadelic spy. But can he stop megalomaniac Dr. Evil after the bald villain freezes himself and unthaws in the '90s? With the help of sexy sidekick Vanessa Kensington, he just might.",265525.0,tt0118655,816.0,iTunes,https://image.tmdb.org/t/p/w500/5uD4dxNX8JKFjWKYMHyOsqhi5pN.jpg
Avatar,V0053,7.594,,,,,James Cameron,2009.0,"Action, Adventure, Fantasy",,162.0,2009.0,Sam Worthington,,A paraplegic Marine dispatched to the moon Pandora on a unique mission becomes torn between following his orders and protecting the world he feels is his home.,32603.0,tt0499549,,iTunes,https://m.media-amazon.com/images/M/MV5BMDEzMmQwZjctZWU2My00MWNlLWE0NjItMDJlYTRlNGJiZjcyXkEyXkFqcGc@._V1_SX300.jpg
Avengers: Age of Ultron,V0054,7.3,76.0,PG-13,The Avengers Collection,Artificial intelligence (a.i.); saving the world; superhero; based on comic; sequel; vision; superhero team; creator; super villain; duringcreditsstinger; marvel cinematic universe (mcu); fictitious country; complex; evil robot; good versus evil,Joss Whedon,2015.0,Action | Adventure | Science Fiction,8 wins & 52 nominations total,141.0,2015.0,Robert Downey Jr.,Chris Hemsworth | Mark Ruffalo | Robert Downey Jr.,"When Tony Stark tries to jumpstart a dormant peacekeeping program, things go awry and Earth’s Mightiest Heroes are put to the ultimate test as the fate of the planet hangs in the balance. As the villainous Ultron emerges, it is up to The Avengers to stop him from enacting his terrible plans, and soon uneasy alliances and unexpected action pave the way for an epic and unique global adventure.",949059.0,tt2395427,99861.0,iTunes,https://image.tmdb.org/t/p/w500/4ssDuvEDkSArWEdyBl2X5EHvYKU.jpg
Avengers: Endgame,V0055,8.4,94.0,PG-13,The Avengers Collection,Superhero; time travel; space travel; time machine; based on comic; sequel; alien invasion; superhero team; marvel cinematic universe (mcu); alternate timeline; father daughter relationship; sister sister relationship; awestruck; excited; powerful; vibrant,"Anthony Russo, Joe Russo",2019.0,Action | Adventure | Science Fiction,Nominated for 1 Oscar. 71 wins & 133 nominations total,181.0,2019.0,Robert Downey Jr.,Chris Evans | Mark Ruffalo | Robert Downey Jr.,"After the devastating events of Avengers: Infinity War, the universe is in ruins due to the efforts of the Mad Titan, Thanos. With the help of remaining allies, the Avengers must assemble once more in order to undo Thanos' actions and restore order to the universe once and for all, no matter what consequences may be in store.",1339749.0,tt4154796,299534.0,iTunes,https://image.tmdb.org/t/p/w500/ulzhLuWrPK07P1YkdWQLZnQh1JL.jpg
Baby Driver,V0056,7.5,92.0,R,Baby Driver Collection,Robbery; waitress; atlanta; crime boss; romance; heist; getaway car; on the run; shootout; bank robbery; getaway driver; sign languages; armed robbery; aggressive; hearing impaired; joyful; urgent,Edgar Wright,2017.0,Action | Crime,Nominated for 3 Oscars. 43 wins & 66 nominations total,113.0,2017.0,Ansel Elgort,Ansel Elgort | Kevin Spacey | Lily James,"After being coerced into working for a crime boss, a young getaway driver finds himself taking part in a heist doomed to fail.",641809.0,tt3890160,339403.0,iTunes,https://image.tmdb.org/t/p/w500/tYzFuYXmT8LOYASlFCkaPiAFAl0.jpg
Back to the Future,V0057,8.5,93.0,PG,Back to the Future Collection,Flying car; race against time; clock tower; car race; lightning; guitar; plutonium; inventor; journey in the past; invention; time travel; bullying; mad scientist; love; fish out of water; terrorism; teenage love; destiny; nostalgic; hidden identity; teenage life; changing the past or future; 1950s; suspenseful; amused; exhilarated; optimistic; cientifico loco,Robert Zemeckis,1985.0,Adventure | Comedy | Science Fiction,Won 1 Oscar. 27 wins & 25 nominations total,116.0,1985.0,Michael J. Fox,Christopher Lloyd | Crispin Glover | Michael J. Fox,"Eighties teenager Marty McFly is accidentally sent back in time to 1955, inadvertently disrupting his parents' first meeting and attracting his mother's romantic interest. Marty must repair the damage to history by rekindling his parents' romance and - with the help of his eccentric inventor friend Doc Brown - return to 1985.",1376002.0,tt0088763,105.0,iTunes,https://image.tmdb.org/t/p/w500/vN5B5WgYscRGcQpVhHl6p9DDTP0.jpg
Back to the Future Part II,V0058,7.8,63.0,PG,Back to the Future Collection,Flying car; skateboarding; car race; lightning; guitar; inventor; time travel; diner; car crash; sequel; alternate history; thunderstorm; nostalgic; tunnel; high school dance; hoverboard; 2010s; playful; suspenseful; enthusiastic; exhilarated; optimistic,Robert Zemeckis,1989.0,Adventure | Comedy | Science Fiction,Nominated for 1 Oscar. 9 wins & 11 nominations total,108.0,1989.0,Michael J. Fox,Christopher Lloyd | Lea Thompson | Michael J. Fox,"Marty and Doc are at it again as the time-traveling duo head to 2015 to nip some McFly family woes in the bud. But things go awry thanks to bully Biff Tannen and a pesky sports almanac. In a last-ditch attempt to set things straight, Marty finds himself bound for 1955 and face to face with his teenage parents -- again.",594233.0,tt0096874,165.0,iTunes,https://image.tmdb.org/t/p/w500/YBawEsTkUZBDajKbd5LiHkmMGf.jpg
Back to the Future Part III,V0059,7.4,79.0,PG,Back to the Future Collection,California; saloon; sports car; inventor; horseback riding; indian territory; locomotive; time travel; native american; mad scientist; sequel; outlaw; shootout; gunfight; train; wild west; cavalry; nostalgic; 1950s; hoverboard; playful; suspenseful; enthusiastic; exhilarated; optimistic,Robert Zemeckis,1990.0,Adventure | Comedy | Science Fiction,5 wins & 11 nominations total,119.0,1990.0,Michael J. Fox,Christopher Lloyd | Mary Steenburgen | Michael J. Fox,"The final installment finds Marty digging the trusty DeLorean out of a mineshaft and looking for Doc in the Wild West of 1885. But when their time machine breaks down, the travelers are stranded in a land of spurs. More problems arise when Doc falls for pretty schoolteacher Clara Clayton, and Marty tangles with Buford Tannen.",500007.0,tt0099088,196.0,iTunes,https://image.tmdb.org/t/p/w500/crzoVQnMzIrRfHtQw0tLBirNfVg.jpg
Bad Words,V0060,6.6,65.0,R,,Competition; satire; spelling bee; unlikely friendship; anger issues,Jason Bateman,2013.0,Comedy,2 wins & 4 nominations total,89.0,2013.0,Jason Bateman,Jason Bateman | Kathryn Hahn | Rohan Chand,"Forty-year-old misanthrope, Guy Trilby, enters the National Golden Quill Spelling Bee through a loophole in the rules.",56531.0,tt2170299,209403.0,iTunes,https://image.tmdb.org/t/p/w500/hZo399sszo6QxEPOmqJiq5NhQeU.jpg
Barbie,V0061,6.8,88.0,PG-13,,Feminism; satire; patriarchy; based on toy; female protagonist; doll; fantasy world; motherhood; existentialism; woman director; mother daughter relationship; playful; gender discrimination; sentimental; hilarious; secret world; whimsical; amused; audacious; celebratory; sarcastic; sympathetic; matel,Greta Gerwig,2023.0,Adventure | Comedy,Won 1 Oscar. 208 wins & 437 nominations total,114.0,2023.0,Margot Robbie,America Ferrera | Margot Robbie | Ryan Gosling,"Barbie and Ken are having the time of their lives in the colorful and seemingly perfect world of Barbie Land. However, when they get a chance to go to the real world, they soon discover the joys and perils of living among humans.",596493.0,tt1517268,346698.0,iTunes,https://image.tmdb.org/t/p/w500/iuFNMS8U5cb6xfzi51Dbkovj7vM.jpg
Basic Instinct,V0062,7.1,55.0,R,Basic Instinct Collection,California; sadism; psychopath; detective; eroticism; bisexuality; suspicion of murder; lover; striptease; celebrity; femme fatale; sociopath; dead; neo-noir; erotic thriller; manipulative woman; book writing; killed during sex; american giallo | Dying and death; california; jealousy; sexual obsession; police; san francisco,Paul Verhoeven,1992.0,Mystery | Thriller,Nominated for 2 Oscars. 6 wins & 23 nominations total,128.0,1992.0,Michael Douglas,George Dzundza | Michael Douglas | Sharon Stone,"Catherine, a novelist with an insatiable sexual appetite, becomes a prime suspect when her boyfriend is brutally murdered -- a crime she had described in her latest story.",228068.0,tt0103772,402.0,iTunes,https://image.tmdb.org/t/p/w500/76Ts0yoHk8kVQj9MMnoMixhRWoh.jpg
Batman,V0063,7.5,77.0,PG-13,Batman Collection,Dual identity; double life; joker; chemical; crime fighter; superhero; villain; based on comic; vigilante; mobster; organized crime; criminal; super power; madness; vigilantism; cautionary; good versus evil,Tim Burton,1989.0,Action | Crime | Fantasy,Won 1 Oscar. 13 wins & 30 nominations total,126.0,1989.0,Michael Keaton,Jack Nicholson | Kim Basinger | Michael Keaton,"Batman must face his most ruthless nemesis when a deformed madman calling himself ""The Joker"" seizes control of Gotham's criminal underworld.",417346.0,tt0096895,268.0,iTunes,https://image.tmdb.org/t/p/w500/cij4dd21v2Rk2YtUQbV5kW69WB2.jpg
Batman Begins,V0064,8.2,85.0,PG-13,The Dark Knight Collection,Martial arts; undercover; loss of loved one; secret identity; crime fighter; superhero; based on comic; rivalry; ninja; vigilante; tragic hero; super power; haunted by the past; evil doctor; master villain; unfulfilled love; inspirational,Christopher Nolan,2005.0,Action | Crime | Drama,Nominated for 1 Oscar. 15 wins & 79 nominations total,140.0,2005.0,Christian Bale,Christian Bale | Liam Neeson | Michael Caine,"Driven by tragedy, billionaire Bruce Wayne dedicates his life to uncovering and defeating the corruption that plagues his home, Gotham City.  Unable to work within the system, he instead creates a new identity, a symbol of fear for the criminal underworld - The Batman.",1641193.0,tt0372784,272.0,iTunes,https://image.tmdb.org/t/p/w500/sPX89Td70IDDjVr85jdSBb4rWGr.jpg
Batman Returns,V0065,7.1,82.0,PG-13,Batman Collection,Double life; corruption; darkness; crime fighter; superhero; hallucination; villain; christmas tree; based on comic; revenge; vigilante; dark hero; super power; super villain; deformed; bird cage; evil circus; christmas; good versus evil,Tim Burton,1992.0,Action | Fantasy,Nominated for 2 Oscars. 2 wins & 29 nominations total,126.0,1992.0,Danny DeVito,Danny DeVito | Michael Keaton | Michelle Pfeiffer,"Batman must face The Penguin, a sewer-dwelling gangleader intent on being accepted into Gotham society.  Meanwhile, another Gotham resident finds herself transformed into Catwoman and is out for revenge...",339354.0,tt0103776,364.0,iTunes,https://image.tmdb.org/t/p/w500/jKBjeXM7iBBV9UkUcOXx3m7FSHY.jpg
Battleship,V0066,5.8,34.0,PG-13,,Fight; u.s. navy; mind reading; hong kong; football (soccer); scientist; fictional war; naval; armada; battleship; naval combat; jds myoko; lost communication; taser; buoy; communications expert; joint chiefs of staff; crash landing; jet fighter pilot; navy lieutenant; permission to marry; aftercreditsstinger; naval warfare; uss missouri; based on board game,Peter Berg,2012.0,Action | Adventure | Science Fiction | Thriller,4 wins & 16 nominations total,131.0,2012.0,Taylor Kitsch,Alexander Skarsgård | Rihanna | Taylor Kitsch,"When mankind beams a radio signal into space, a reply comes from ‘Planet G’, in the form of several alien crafts that splash down in the waters off Hawaii. Lieutenant Alex Hopper is a weapons officer assigned to the USS John Paul Jones, part of an international naval coalition which becomes the world's last hope for survival as they engage the hostile alien force of unimaginable strength. While taking on the invaders, Hopper must also try to live up to the potential that his brother, and his fiancée's father—an Admiral—expect of him.",261505.0,tt1440129,44833.0,iTunes,https://image.tmdb.org/t/p/w500/9b0Im7SfedHiajTwzSL9zGyBI7M.jpg
Baywatch,V0067,5.5,18.0,R,,Drug dealer; sea; beach; yacht; life-saver; lifeguard; rookie; vigilantism,Seth Gordon,2017.0,Action | Comedy | Crime,5 wins & 11 nominations total,116.0,2017.0,Dwayne Johnson,Dwayne Johnson | Priyanka Chopra Jonas | Zac Efron,"Devoted lifeguard Mitch Buchannon butts heads with a brash new recruit. Together, they uncover a local criminal plot that threatens the future of the Bay.",211443.0,tt1469304,339846.0,iTunes,https://image.tmdb.org/t/p/w500/6HE4xd8zloDqmjMZuhUCCw2UcY1.jpg
Beauty and the Beast,V0068,6.969,,,,France; magic; fairy tale; transformation; cartoon; castle; musical; remake; curse; creature; 18th century; beast; live action and animation; live action remake,Bill Condon,2017.0,"Adventure, Family, Fantasy",,129.0,2010.0,Emma Watson,,"A brave, beautiful, and brilliant young woman is imprisoned by a beast in his castle. Despite her fears, she learns to see beyond the beast's hideous exterior and realize the gentle heart of the true prince within him.",15757.0,tt2771200,321612.0,iTunes,https://image.tmdb.org/t/p/w500/hKegSKIDep2ewJWPUQD7u0KqFIp.jpg
Behind Enemy Lines,V0069,6.4,36.0,PG-13,Behind Enemy Lines Collection,Sniper; war crimes; bosnia and herzegovina; rescue mission; u.s. navy; based on true story; north atlantic treaty organization (nato); naval officer; bosnian war (1992-95); serbian; atrocity; combat; behind enemy lines; jet fighter pilot; mine field; hunted; jet crash; aircraft carrier; reconnaissance; mass grave; marines; enemy territory; naval flight officer; navy pilot; running for one's life; no fly zone,John Moore,2001.0,Action | Drama | Thriller | War,1 win & 2 nominations,106.0,2001.0,Owen Wilson,Gabriel Macht | Gene Hackman | Owen Wilson,"While flying a routine reconnaissance mission over Bosnia, fighter pilot Lt. Chris Burnett photographs something he wasn't supposed to see and gets shot down behind enemy lines, where he must outrun an army led by a ruthless Serbian general. With time running out and a deadly tracker on his trail, Burnett's commanding officer, Admiral Reigart, decides to risk his career and launch a renegade rescue mission to save his life.",114765.0,tt0159273,8007.0,iTunes,https://image.tmdb.org/t/p/w500/fZReMWU3zszvaktDUqOoWCzHssZ.jpg
Beverly Hills Cop,V0070,7.4,82.0,R,Beverly Hills Cop Collection,California; foot chase; art gallery; detroit | Michigan; warehouse; childhood friends; murder investigation; beverly hills; black cop; buddy cop; buddy comedy; country club; maverick cop; narcotics detective; damsel in distress; bar fight; bearer bonds; mischievous; detective comedy; food delivery; absurd; hilarious | Showdown; drug smuggling; undercover; cocaine; strip club; gunfight; mansion; los angeles,Martin Brest,1984.0,Action | Comedy | Crime,Nominated for 1 Oscar. 6 wins & 7 nominations total,105.0,1984.0,Eddie Murphy,Eddie Murphy | John Ashton | Judge Reinhold,"Fast-talking, quick-thinking Detroit street cop Axel Foley has bent more than a few rules and regs in his time, but when his best friend is murdered, he heads to sunny Beverly Hills to work the case like only he can.",223835.0,tt0086960,90.0,iTunes,https://image.tmdb.org/t/p/w500/eBJEvKkhQ0tUt1dBAcTEYW6kCle.jpg
Big Eyes,V0071,7.0,72.0,PG-13,,Hawaii; jehovah's witness; 1950s; 1960s | Husband wife relationship; court case; hawaii; painting; artist; biography; based on true story; honolulu,Tim Burton,2014.0,Drama,Nominated for 2 BAFTA 3 wins & 18 nominations total,106.0,2014.0,Amy Adams,Amy Adams | Christoph Waltz | Danny Huston,"In the late 1950s and early '60s, artist Walter Keane achieves unbelievable fame and success with portraits of saucer-eyed waifs. However, no one realizes that his wife, Margaret, is the real painter behind the brush. Although Margaret is horrified to learn that Walter is passing off her work as his own, she is too meek to protest too loudly. It isn't until the Keanes' marriage comes to an end and a lawsuit follows that the truth finally comes to light.",101455.0,tt1126590,87093.0,iTunes,https://image.tmdb.org/t/p/w500/203HAjJcLMl7xThcTqZx4zmEGcV.jpg
Big Hero 6,V0072,7.8,90.0,PG,,California; superhero; talent; cartoon; villain; based on comic; revenge; tokyo | Friendship; martial arts; hero; sibling relationship; san francisco | Japan; best friend; another dimension; robot; east asian lead; boy genius; super villain; aftercreditsstinger; villain arrested; supervillain; moral dilemma; teen superhero; dead brother; hopeful,"Chris Williams, Don Hall",2014.0,Action | Adventure | Animation | Comedy | Family,Won 1 Oscar. 17 wins & 58 nominations total,102.0,2014.0,Scott Adsit,Daniel Henney | Ryan Potter | Scott Adsit,"A special bond develops between plus-sized inflatable robot Baymax, and prodigy Hiro Hamada, who team up with a group of friends to form a band of high-tech heroes.",527175.0,tt2245084,177572.0,iTunes,https://image.tmdb.org/t/p/w500/2mxS4wUimwlLmI1xp6QW6NSU361.jpg
Big Trouble In Little China,V0073,7.2,73.0,PG-13,,California; kidnapping; chinatown; mercenary; mythology; truck driver; adventurer; 1980s; fantasy; absurd; amused; awestruck; exhilarated | Martial arts; kung fu; magic; san francisco,John Carpenter,1986.0,Action | Adventure | Comedy | Fantasy,1 win & 1 nomination total,100.0,1986.0,,,"Truck driver Jack Burton gets embroiled in a supernatural battle when his best friend Wang Chi's green-eyed fiancée is kidnapped by henchmen of the sorcerer Lo Pan, who must marry a girl with green eyes in order to return to the human realm.",160689.0,tt0090728,6978.0,iTunes,https://image.tmdb.org/t/p/w500/aeGy6SZua7eFXEZP9zAvrLkkbI2.jpg
Birdman,V0074,6.7,91.0,TV-G,,Short film,Guy Bolongaro,2015.0,Documentary,6 wins & 4 nominations,13.0,2015.0,,,"A portrait of Robert, a troubled but poetic soul struggling with his purgatorial existence in a hackney scrapyard.",174.0,tt5130912,435092.0,iTunes,https://image.tmdb.org/t/p/w500/9n0u3Ee7OUjgeyF5kIwahxkf4xm.jpg
Birds of Prey and the Fantabulous Emancipation of One Harley Quinn,V0075,6.1,79.0,R,,Police; pickpocket; chase; joker; psychopath; superhero; nightclub; gang leader; based on comic; breaking the fourth wall; betrayal; vigilante; mobster; organized crime; shootout; female protagonist; orphan; criminal; police officer; police detective; spin off; hyena; held at gunpoint; henchman; exploding body; death of family; crime family; female police officer; nightclub owner; crime lord; woman director; hand to hand combat; vigilantism; suspended cop; murder of family; dc extended universe (dceu); dumped by boyfriend; loss of family; supernatural power; female antihero; vigilantes; betrayal of trust; vigilante justice; jailbreak; suspended from job; grand; hilarious; amused; audacious,Cathy Yan,2020.0,Action | Crime,19 wins & 85 nominations total,109.0,2020.0,,,"Harley Quinn joins forces with a singer, an assassin and a police detective to help a young girl who had a hit placed on her after she stole a rare diamond from a crime lord.",272936.0,tt7713068,495764.0,iTunes,https://image.tmdb.org/t/p/w500/h4VB6m0RwcicVEZvzftYZyKXs6K.jpg
Black Mass,V0076,6.8,73.0,R,,Massachusetts; gangster; fbi; senator; based on true story; irish mob; beaten to death; pay phone; murder; organized crime; extortion; brutality; informant; illness; 1980s | Prostitute; corruption; boston,Scott Cooper,2015.0,Crime | Drama | History,6 wins & 24 nominations total,123.0,2015.0,Johnny Depp,Joel Edgerton | Johnny Depp | Julianne Nicholson,"The true story of Whitey Bulger, the brother of a state senator and the most infamous violent criminal in the history of South Boston, who became an FBI informant to take down a Mafia family invading his turf.",196468.0,tt1355683,261023.0,iTunes,https://image.tmdb.org/t/p/w500/zfwciv4LIJkNQsfuhYGv0Nkiweg.jpg
Black Swan,V0077,8.0,85.0,R,,New york city; dancing; dancer; nightmare; competition; obsession; insanity; paranoia; hallucination; ballet dancer; ballet; female protagonist; psychological thriller; fear; heartbreak; mental illness; madness; macabre; reality vs fantasy; swan lake; ballerina; stage performance; mysterious; aggressive; self-harm; complex; mother daughter relationship; self destructiveness; theater; provocative; suspenseful; intense; pointe shoes; antagonistic; distressing; exhilarated; frightened,Darren Aronofsky,2010.0,Drama | Horror | Thriller,Won 1 Oscar. 98 wins & 279 nominations total,109.0,2010.0,Natalie Portman,Mila Kunis | Natalie Portman | Vincent Cassel,"The story of Nina, a ballerina in a New York City ballet company whose life, like all those in her profession, is completely consumed with dance. She lives with her retired ballerina mother Erica who zealously supports her daughter's professional ambition. When artistic director Thomas Leroy decides to replace prima ballerina Beth MacIntyre for the opening production of their new season, Swan Lake, Nina is his first choice.",847805.0,tt0947798,44214.0,iTunes,https://image.tmdb.org/t/p/w500/viWheBd44bouiLCHgNMvahLThqx.jpg
Blackhat,V0078,5.5,33.0,R,,Race against time; computer; hacker; computer virus; technology; anti hero; nuclear power plant; national security agency (nsa); malaysia; betrayal; fugitive; on the run; conspiracy; shootout; hacking; terrorism; cat and mouse; one against many; terrorist plot; stock exchange; cybercrime; cyber terrorism; chinese military; cyber thriller,Michael Mann,2015.0,Action | Crime | Thriller,1 win & 5 nominations,133.0,2015.0,Chris Hemsworth,Chris Hemsworth | Leehom Wang | Tang Wei,"Nicholas Hathaway, a furloughed convict, and his American and Chinese partners hunt a high-level cybercrime network from Chicago to Los Angeles to Hong Kong to Jakarta. As Hathaway closes in, the stakes become personal as he discovers that the attack on a Chinese nuclear power plant was just the beginning.",65300.0,tt2717822,201088.0,iTunes,https://image.tmdb.org/t/p/w500/7zu6HPnKPjNA7NuR4DGRdaH0PdX.jpg
Blair Witch,V0079,5.0,38.0,R,Blair Witch Collection,Witch; legend; camping; map; supernatural; wilderness; forest; maryland; paranormal; friends; survival; urban legend; fear; witchcraft; evil; found footage; videotape; hopeless; lost in the woods; mokumentary,"Daniel Myrick, Eduardo Sánchez",1999.0,Horror | Mystery,23 wins & 26 nominations total,81.0,1999.0,,,"In October of 1994 three student filmmakers disappeared in the woods near Burkittsville, Maryland, while shooting a documentary. A year later their footage was found.",51084.0,tt0185937,2667.0,iTunes,https://image.tmdb.org/t/p/w500/9050VGrYjYrEjpOvDZVAngLbg1f.jpg
Blockers,V0080,6.2,84.0,R,,Parent child relationship; loss of virginity; house party; prom; teenage girl; teen comedy; teenage sexuality; woman director; prom night; mid-life crisis; teenager,Kay Cannon,2018.0,Comedy,1 win & 7 nominations total,102.0,2018.0,Leslie Mann,Ike Barinholtz | John Cena | Leslie Mann,"When three parents discover that each of their daughters have a pact to lose their virginity at prom, they launch a covert one-night operation to stop the teens from sealing the deal.",88547.0,tt2531344,437557.0,iTunes,https://image.tmdb.org/t/p/w500/uvlUQXg0AlpGzKukO11K7QtW3Yu.jpg
Blow,V0081,7.5,56.0,R,,Drug smuggling; war on drugs; drug trafficking; 1970s; drug addiction; rise and fall; cautionary; factual; dramatic; suspenseful; intense,Ted Demme,2001.0,Crime | Drama,3 wins & 9 nominations total,124.0,2001.0,Johnny Depp,Franka Potente | Johnny Depp | Penélope Cruz,"A boy named George Jung grows up in a struggling family in the 1950's. His mother nags at her husband as he is trying to make a living for the family. It is finally revealed that George's father cannot make a living and the family goes bankrupt. George does not want the same thing to happen to him, and his friend Tuna, in the 1960's, suggests that he deal marijuana. He is a big hit in California in the 1960's, yet he goes to jail, where he finds out about the wonders of cocaine. As a result, when released, he gets rich by bringing cocaine to America. However, he soon pays the price.",281631.0,tt0221027,4133.0,iTunes,https://image.tmdb.org/t/p/w500/yYZFVfk8aeMP4GxBSU9MTvqs9mJ.jpg
Bohemian Rhapsody,V0082,7.9,60.0,PG-13,,England; aids; musician; 1970s; biography; based on true story; singer; hiv; male homosexuality; fame; rock band; lgbt; 1980s; gay theme | London,Bryan Singer,2018.0,Drama | Music,Won 4 Oscars. 50 wins & 80 nominations total,135.0,2018.0,Rami Malek,Ben Hardy | Gwilym Lee | Rami Malek,"Singer Freddie Mercury, guitarist Brian May, drummer Roger Taylor and bass guitarist John Deacon take the music world by storm when they form the rock 'n' roll band Queen in 1970. Hit songs become instant classics. When Mercury's increasingly wild lifestyle starts to spiral out of control, Queen soon faces its greatest challenge yet – finding a way to keep the band together amid the success and excess.",618782.0,tt1727824,424694.0,iTunes,https://image.tmdb.org/t/p/w500/lHu1wtNaczFPGFDTrjCSzeLPTKN.jpg
Bombshell,V0083,6.8,68.0,R,,Newspaper; publicity; paparazzi; celebrity; hollywood; screwball comedy; pre-code; movie star; press agent; tabloid reporter; publicity stunt; old hollywood; blonde bombshell; publicity agent,Victor Fleming,2019.0,Comedy | Romance,,96.0,2019.0,Jean Harlow,Frank Morgan | Jean Harlow | Lee Tracy,"A glamorous film star rebels against the studio, her pushy press agent and a family of hangers-on.",131539.0,tt0023825,43601.0,Vudu,https://image.tmdb.org/t/p/w500/dFWEo4b1kxu997TFetFDjk1RwJm.jpg
Book Club,V0084,6.1,54.0,PG-13,,Based on novel or book; slasher; killer clown,Carlos Alonso-Ojea,2023.0,Horror | Thriller,2 wins,89.0,2023.0,,,"Eight horror-loving friends fight for their lives when a killer clown who seems to know the grim secret they share begins to pick them off, one by one.",33708.0,tt18260564,1010826.0,iTunes,https://image.tmdb.org/t/p/w500/zZH0sAUV0nfEEDBUdWBMLjs2XnN.jpg
Boyhood,V0085,7.9,97.0,R,,High school; family's daily life; college; urban life; coming of age; growing up; domestic abuse; parenting; divorce; family; nostalgic; divorced parents; abusive husband; teenager,Richard Linklater,2014.0,Drama,Won 1 Oscar. 177 wins & 218 nominations total,166.0,2014.0,Ellar Coltrane,Ellar Coltrane | Ethan Hawke | Patricia Arquette,"The film tells a story of a divorced couple trying to raise their young son. The story follows the boy for twelve years, from first grade at age 6 through 12th grade at age 17-18, and examines his relationship with his parents as he grows.",373700.0,tt1065073,85350.0,iTunes,https://image.tmdb.org/t/p/w500/2BvtvDUyxiMJ4dmKfiQf4qdOHQN.jpg
Brahms: The Boy II,V0087,4.7,11.0,PG-13,The Boy Collection,Country house; murder; mansion; home invasion; doll,William Brent Bell,2020.0,Horror | Mystery | Thriller,1 win & 2 nominations total,86.0,2020.0,Katie Holmes,Christopher Convery | Katie Holmes | Owain Yeoman,"After a family moves into the Heelshire Mansion, their young son soon makes friends with a life-like doll called Brahms.",21697.0,tt9173418,555974.0,iTunes,https://image.tmdb.org/t/p/w500/swTC1DSZcvdxTOzmAKrtoUUPiDW.jpg
Braveheart,V0088,8.3,76.0,R,Braveheart Collection,Epic; england; scotland; loss of loved one; idealism; based on true story; medieval; war,Mel Gibson,1995.0,Action | Drama | History | War,Won 5 Oscars. 34 wins & 34 nominations total,177.0,1995.0,Mel Gibson,Catherine McCormack | Mel Gibson | Sophie Marceau,"Enraged at the slaughter of Murron, his new bride and childhood love, Scottish warrior William Wallace slays a platoon of the local English lord's soldiers. This leads the village to revolt and, eventually, the entire country to rise up against English rule.",1116147.0,tt0112573,197.0,iTunes,https://image.tmdb.org/t/p/w500/or1gBugydmjToAEq7OZY0owwFk.jpg
Breakfast At Tiffany's,V0089,7.6,88.0,Approved,,New york city; love of one's life; broken engagement; cat; store window; cigarette; free spirit; writer; millionaire; jewelry store; gold digger; older woman younger man relationship; kept man; rich woman; best friends; yellowface; romantic; amused,Blake Edwards,1961.0,Comedy | Drama | Romance,Won 2 Oscars. 12 wins & 13 nominations total,115.0,1961.0,,,"Holly Golightly is an eccentric New York City playgirl determined to marry a Brazilian millionaire. But when young writer Paul Varjak moves into her apartment building, her past threatens to get in their way.",197740.0,tt0054698,164.0,iTunes,https://image.tmdb.org/t/p/w500/79xm4gXw4l7A5D0XukUOJRocFYQ.jpg
Bridesmaids,V0090,6.519,,,,,Not Found,2011.0,Comedy | Romance,,125.0,2011.0,,,"Annie's life is a mess. But when she finds out her lifetime best friend is engaged, she simply must serve as Lillian's maid of honor. Though lovelorn and broke, Annie bluffs her way through the expensive and bizarre rituals. With one chance to get it perfect, she’ll show Lillian and her bridesmaids just how far you’ll go for someone you love.",4492.0,,,iTunes,https://m.media-amazon.com/images/M/MV5BMjAyOTMyMzUxNl5BMl5BanBnXkFtZTcwODI4MzE0NA@@._V1_SX300.jpg
Bridge of Spies,V0091,7.6,91.0,PG-13,,Central intelligence agency (cia); spy; cold war; soviet union; pilot; lawyer; american; courtroom; russian spy; legal drama,Steven Spielberg,2015.0,Drama | Thriller,Won 1 Oscar. 30 wins & 105 nominations total,141.0,2015.0,Tom Hanks,Amy Ryan | Mark Rylance | Tom Hanks,"During the Cold War, the Soviet Union captures U.S. pilot Francis Gary Powers after shooting down his U-2 spy plane. Sentenced to 10 years in prison, Powers' only hope is New York lawyer James Donovan, recruited by a CIA operative to negotiate his release. Donovan boards a plane to Berlin, hoping to win the young man's freedom through a prisoner exchange. If all goes well, the Russians would get Rudolf Abel, the convicted spy who Donovan defended in court.",336285.0,tt3682448,296098.0,iTunes,https://image.tmdb.org/t/p/w500/fmOOjHAQzxr0c1sfcY4qkiSRBH6.jpg
Brightburn,V0092,6.1,57.0,R,,Husband wife relationship; countryside; child murder; country life; super power; super villain; kansas state; father son relationship; mother son relationship,David Yarovesky,2019.0,Horror | Mystery | Science Fiction | Thriller,1 win & 2 nominations total,91.0,2019.0,Jackson A. Dunn,David Denman | Elizabeth Banks | Jackson A. Dunn,"What if a child from another world crash-landed on Earth, but instead of becoming a hero to mankind, he proved to be something far more sinister?",113300.0,tt7752126,531309.0,iTunes,https://image.tmdb.org/t/p/w500/sJWwkYc9ajwnPRSkqj8Aue5JbKz.jpg
Bros,V0093,6.4,89.0,R,,Chocolate; screenwriter; museum; romcom; lgbt; emotional vulnerability; gay pride; pride parade; investment banker; gay romance; emotional breakdown; gay theme; gay relationship,Nicholas Stoller,2022.0,Comedy | Romance,2 wins & 16 nominations total,115.0,2022.0,Billy Eichner,Billy Eichner | Guy Branum | Luke Macfarlane,Two emotionally unavailable men attempt a relationship.,37422.0,tt9731598,614939.0,iTunes,https://image.tmdb.org/t/p/w500/6iFBzZ3LjmlE83pHok03Z9QPkAB.jpg
Bullet Train,V0094,7.3,53.0,R,Bullet Train Collection,Japan; police; bomb; remake; train; criminal; reboot; based on movie; frantic; high speed; didactic; gloomy; shinkansen,Shinji Higuchi,2025.0,Action | Crime | Drama | Thriller,,137.0,2025.0,,,"When panic erupts on a Tokyo-bound bullet train that will explode if it slows below 100 kph, authorities race against time to save everyone on board.",489971.0,tt33452974,1276073.0,iTunes,https://image.tmdb.org/t/p/w500/jmzxlDBwgvRbpPJzNQwizyn9UEn.jpg
Bumblebee,V0095,6.7,91.0,PG-13,,Technology; based on toy; robot; spin off; duringcreditsstinger; 1980s,Travis Knight,2018.0,Action | Adventure | Science Fiction,2 wins & 13 nominations total,113.0,2018.0,Dylan O'Brien,Dylan O'Brien | Hailee Steinfeld | John Cena,"On the run in the year 1987, Bumblebee finds refuge in a junkyard in a small Californian beach town. Charlie, on the cusp of turning 18 and trying to find her place in the world, discovers Bumblebee, battle-scarred and broken.  When Charlie revives him, she quickly learns this is no ordinary yellow VW bug.",198781.0,tt4701182,424783.0,iTunes,https://image.tmdb.org/t/p/w500/fw02ONlDhrYjTSZV8XO6hhU3ds3.jpg
Buried,V0096,7.0,87.0,R,,Race against time; isolation; coffin; buried alive; survival; terrorism; cell phone; desert; survival horror; aftercreditsstinger; captivity; confined,Rodrigo Cortés,2010.0,Drama | Mystery | Thriller,16 wins & 33 nominations total,95.0,2010.0,Ryan Reynolds,José Luis García Pérez | Robert Paterson | Ryan Reynolds,Paul is a U.S. truck driver working in Iraq. After an attack by a group of Iraqis he wakes to find he is buried alive inside a coffin. With only a lighter and a cell phone it's a race against time to escape this claustrophobic death trap.,172915.0,tt1462758,26388.0,Vudu,https://image.tmdb.org/t/p/w500/splPNB0vAoNlb8l5WYxz2E3FK2G.jpg
By the Light of the Silvery Moon,V0097,5.9,,,,,David Butler,1953.0,"Comedy, Family, Musical",,101.0,1953.0,Doris Day,,"Marjorie Winfield's engagement to Bill Sherman, who has just arrived home from fighting in World War I, serves as the backdrop for the trials and tribulations of her family.",18.0,tt0045586,,iTunes,https://m.media-amazon.com/images/M/MV5BOWE0NzFjMTUtMjg1MS00YzJkLWEyMWQtOGE2ZDQzNTNlMmZmXkEyXkFqcGc@._V1_SX300.jpg
Scenes by the Sea: Takeshi Kitano,V0098,0.0,,,,,Louis Heaton,2000.0,"Documentary, Biography",,60.0,2015.0,Tatyana Ali,,"First major English-language documentary profile of the cult Japanese actor/director, Takeshi Kitano. Featuring interviews with many of his regular contributors and colleagues, the film explores Kitano's rise from working-class po...",0.0,tt0314617,,iTunes,https://image.tmdb.org/t/p/w500/dFMIqknZiWGIOBllkGcQ7qOeB8E.jpg
Cadillac Records,V0099,7.0,66.0,R,,Chicago | Illinois; woman director; music,Darnell Martin,2008.0,Drama | History | Music,6 wins & 22 nominations,109.0,2008.0,Adrien Brody,Adrien Brody | Gabrielle Union | Jeffrey Wright,"The story of sex, violence, race and rock and roll in 1950s Chicago, and the exciting but turbulent lives of some of America's musical legends, including Muddy Waters, Leonard Chess, Little Walter, Howlin' Wolf, Etta James and Chuck Berry.",23480.0,tt1042877,14299.0,iTunes,https://image.tmdb.org/t/p/w500/u2GtllItFwaXMLj4uCeKYt9wf4l.jpg
Call Me By Your Name,V0100,7.8,95.0,R,Call Me by Your Name Collection,Based on novel or book; upper class; italy; swimming pool; coming of age; love; breaking the fourth wall; summer; teenage boy; masturbation; first love; lgbt; jewish family; 1980s; peach; gay theme,Luca Guadagnino,2017.0,Drama | Romance,Won 1 Oscar. 107 wins & 263 nominations total,132.0,2017.0,,,"In 1980s Italy, a relationship begins between seventeen-year-old teenage Elio and the older adult man hired as his father's research assistant.",333865.0,tt5726616,398818.0,iTunes,https://image.tmdb.org/t/p/w500/mZ4gBdfkhP9tvLH1DO4m4HYtiyi.jpg
Captain America: Civil War,V0101,7.8,90.0,PG-13,Captain America Collection,Superhero; based on comic; sequel; super soldier; aftercreditsstinger; duringcreditsstinger; marvel cinematic universe (mcu); angry; superhero teamup; bitter,"Joe Russo, Anthony Russo",2016.0,Action | Adventure | Science Fiction,16 wins & 74 nominations total,147.0,2016.0,Chris Evans,Chris Evans | Robert Downey Jr. | Scarlett Johansson,"Following the events of Age of Ultron, the collective governments of the world pass an act designed to regulate all superhuman activity. This polarizes opinion amongst the Avengers, causing two factions to side with Iron Man or Captain America, which causes an epic battle between former allies.",881640.0,tt3498820,271110.0,iTunes,https://image.tmdb.org/t/p/w500/rAGiXaUfPzY7CDEyNKUofk3Kw2e.jpg
Captain America: The Winter Soldier,V0102,7.7,90.0,PG-13,Captain America Collection,Usa; superhero; shield; based on comic; aftercreditsstinger; duringcreditsstinger; marvel cinematic universe (mcu); political thriller | Washington dc,"Joe Russo, Anthony Russo",2014.0,Action | Adventure | Science Fiction,Nominated for 1 Oscar. 5 wins & 52 nominations total,136.0,2014.0,Chris Evans,Chris Evans | Samuel L. Jackson | Scarlett Johansson,"After the cataclysmic events in New York with The Avengers, Steve Rogers, aka Captain America is living quietly in Washington, D.C. and trying to adjust to the modern world. But when a S.H.I.E.L.D. colleague comes under attack, Steve becomes embroiled in a web of intrigue that threatens to put the world at risk. Joining forces with the Black Widow, Captain America struggles to expose the ever-widening conspiracy while fighting off professional assassins sent to silence him at every turn. When the full scope of the villainous plot is revealed, Captain America and the Black Widow enlist the help of a new ally, the Falcon. However, they soon find themselves up against an unexpected and formidable enemy—the Winter Soldier.",928296.0,tt1843866,100402.0,iTunes,https://image.tmdb.org/t/p/w500/tVFRpFw3xTedgPGqxW0AOI8Qhh0.jpg
Captain Marvel,V0103,6.8,79.0,PG-13,Captain Marvel Collection,Superhero; based on comic; alien invasion; super power; female hero; aftercreditsstinger; duringcreditsstinger; marvel cinematic universe (mcu); woman director; 1990s; alien technology; introspective; complicated,"Ryan Fleck, Anna Boden",2019.0,Action | Adventure | Science Fiction,10 wins & 56 nominations total,124.0,2019.0,Brie Larson,Ben Mendelsohn | Brie Larson | Samuel L. Jackson,"The story follows Carol Danvers as she becomes one of the universe’s most powerful heroes when Earth is caught in the middle of a galactic war between two alien races. Set in the 1990s, Captain Marvel is an all-new adventure from a previously unseen period in the history of the Marvel Cinematic Universe.",634777.0,tt4154664,299537.0,iTunes,https://image.tmdb.org/t/p/w500/AtsgWhDnHTq68L0lLsUrCnM7TjG.jpg
Captain Phillips,V0104,7.8,93.0,PG-13,,Ship; africa; fisherman; hijacking; somalia; poverty; pirate; terrorism; commando; hijack; cargo ship; ship hijacking; somali; set in africa,Paul Greengrass,2013.0,Action | Drama | Thriller,Nominated for 6 Oscars. 17 wins & 155 nominations total,134.0,2013.0,Tom Hanks,Barkhad Abdi | Barkhad Abdirahman | Tom Hanks,"The true story of Captain Richard Phillips and the 2009 hijacking by Somali pirates of the US-flagged MV Maersk Alabama, the first American cargo ship to be hijacked in two hundred years.",506837.0,tt1535109,109424.0,iTunes,https://image.tmdb.org/t/p/w500/2x8ida0rHokUv80Ah4eBNb2eXas.jpg
Captive,V0105,5.4,28.0,PG-13,,Kidnapping; twist; family relationships; survival; psychological thriller; captive; trapped; delusional,Savvas Christou,2020.0,Horror | Thriller,5 wins & 4 nominations,89.0,2020.0,William Kircher,Jolene Andersen | Tori Kostic | William Kircher,"A teenage runaway who’s trapped by a delusional man, pretends to be his daughter in order to escape.",7350.0,tt8273104,759213.0,iTunes,https://image.tmdb.org/t/p/w500/8ofszdXTti3my1RGvyruu3rl9Hc.jpg
Carrie,V0106,7.3,,,,,Brian De Palma,1976.0,"Horror, Mystery",,98.0,1952.0,Sissy Spacek,,"Carrie White, a shy, friendless teenage girl who is sheltered by her domineering, religious mother, unleashes her telekinetic powers after being humiliated by her classmates at her senior prom.",4053.0,tt0074285,,iTunes,https://m.media-amazon.com/images/M/MV5BNjMwMDVlZjYtMWRlZS00OTU1LTlmYTQtOGViNTdmYTE0ZjRlXkEyXkFqcGc@._V1_SX300.jpg
Carrie,V0107,6.0,,,,,Kimberly Peirce,2013.0,"Drama, Horror, Thriller",,100.0,1952.0,Chloë Grace Moretz,,"A shy girl, outcast by her peers and sheltered by her religious mother, unleashes telekinetic terror on her small town after being pushed too far at her senior prom.",4580.0,tt1939659,,iTunes,https://m.media-amazon.com/images/M/MV5BODg2MDU2MjYxNl5BMl5BanBnXkFtZTcwMDQ5MzU0OQ@@._V1_SX300.jpg
Casablanca,V0108,8.5,99.0,PG,,Corruption; nazi; escape; love triangle; resistance; spy; patriotism; casablanca | Morocco; vichy regime; visa; nationalism; world war ii; morocco; film noir; war,Michael Curtiz,1943.0,Drama | Romance,,103.0,1943.0,Humphrey Bogart,Humphrey Bogart | Ingrid Bergman | Paul Henreid,"In Casablanca, Morocco in December 1941, a cynical American expatriate meets a former lover, with unforeseen complications.",627789.0,tt0034583,289.0,iTunes,https://image.tmdb.org/t/p/w500/oyGRZVIthHJjc98ekKpeWpDh8Ws.jpg
Casino,V0109,8.2,79.0,R,,Drug abuse; casino; based on novel or book; poker; italian american; gambling; 1970s; fbi; pimp; greed; cocaine; overdose; marriage; car bomb; rise and fall; money; murder; organized crime; mafia; jewish american; las vegas; desert; cynical; safe deposit box; aggressive; 1980s; dreary; dramatic; suspenseful; audacious; brutal violence; fbi surveillance,Martin Scorsese,1995.0,Crime | Drama,Nominated for 1 Oscar. 4 wins & 11 nominations total,179.0,1995.0,Robert De Niro,Joe Pesci | Robert De Niro | Sharon Stone,"In early-1970s Las Vegas, Sam ""Ace"" Rothstein gets tapped by his bosses to head the Tangiers Casino. At first, he's a great success in the job, but over the years, problems with his loose-cannon enforcer Nicky Santoro, his ex-hustler wife Ginger, her con-artist ex Lester Diamond and a handful of corrupt politicians put Sam in ever-increasing danger.",587997.0,tt0112641,524.0,iTunes,https://image.tmdb.org/t/p/w500/gziIkUSnYuj9ChCi8qOu2ZunpSC.jpg
Cast Away,V0110,7.8,88.0,PG-13,,Exotic island; suicide attempt; volleyball; survival; loneliness; airplane crash; deserted island; tropical island,Robert Zemeckis,2000.0,Adventure | Drama,Nominated for 2 Oscars. 15 wins & 36 nominations total,143.0,2000.0,Tom Hanks,Chris Noth | Helen Hunt | Tom Hanks,"Chuck Nolan, a top international manager for FedEx, and Kelly, a Ph.D. student, are in love and heading towards marriage. Then Chuck's plane to Malaysia crashes at sea during a terrible storm. He's the only survivor, and finds himself marooned on a desolate island. With no way to escape, Chuck must find ways to survive in his new home.",663830.0,tt0162222,8358.0,iTunes,https://image.tmdb.org/t/p/w500/7lLJgKnAicAcR5UEuo8xhSMj18w.jpg
Chaos Walking,V0111,5.7,21.0,PG-13,,Based on novel or book; dystopia; post-apocalyptic future; unassuming; based on young adult novel; derisive,Doug Liman,2021.0,Adventure | Fantasy | Science Fiction,2 wins total,109.0,2021.0,Tom Holland,Daisy Ridley | Mads Mikkelsen | Tom Holland,"Two unlikely companions embark on a perilous adventure through the badlands of an unexplored planet as they try to escape a dangerous and disorienting reality, where all inner thoughts are seen and heard by everyone.",58745.0,tt2076822,412656.0,iTunes,https://image.tmdb.org/t/p/w500/xAYGdGBGptNkisXRpmhZSry6SPF.jpg
Charlie and the Chocolate Factory,V0112,6.7,83.0,PG,,England; based on novel or book; chocolate; candy; overweight child; parent child relationship; grandparent grandchild relationship; teacher; candy bar | Factory worker; london,Tim Burton,2005.0,Adventure | Comedy | Family | Fantasy,Nominated for 1 Oscar. 15 wins & 52 nominations total,115.0,2005.0,Johnny Depp,David Kelly | Freddie Highmore | Johnny Depp,"A young boy wins a tour through the most magnificent chocolate factory in the world, led by the world's most unusual candy maker.",547982.0,tt0367594,118.0,iTunes,https://image.tmdb.org/t/p/w500/iKP6wg3c6COUe8gYutoGG7qcPnO.jpg
Charlie's Angels,V0113,5.6,68.0,PG-13,Charlie's Angels Collection,California; heroine; nostalgic; spy hero; based on tv series; provocative; dramatic; hilarious; admiring; adoring; vibrant | Martial arts; robbery; undercover agent; spy; secret identity; villainess; secret agent; organized crime; los angeles,McG,2003.0,Action | Adventure | Comedy,9 wins & 21 nominations total,106.0,2003.0,,,"The Angels are charged with finding a pair of missing rings that are encoded with the personal information of members of the Witness Protection Program. As informants are killed, the ladies target a rogue agent who might be responsible.",201252.0,tt0305357,9471.0,iTunes,https://image.tmdb.org/t/p/w500/n4cdJ0Wqxb7C0HmZbcaC4eYnkIf.jpg
Chef,V0114,7.3,87.0,R,,Parent child relationship; restaurant owner; road trip; food; chef; ex-husband ex-wife relationship; semi autobiographical; twitter; social media; duringcreditsstinger; food truck; gastronomia,Jon Favreau,2014.0,Comedy,2 wins & 4 nominations total,114.0,2014.0,Jon Favreau,Bobby Cannavale | John Leguizamo | Jon Favreau,"When Chef Carl Casper suddenly quits his job at a prominent Los Angeles restaurant after refusing to compromise his creative integrity for its controlling owner, he is left to figure out what's next. Finding himself in Miami, he teams up with his ex-wife, his friend and his son to launch a food truck. Taking to the road, Chef Carl goes back to his roots to reignite his passion for the kitchen -- and zest for life and love.",239265.0,tt2883512,212778.0,iTunes,https://image.tmdb.org/t/p/w500/hyp8EXDmO4dSC8V6Q5jU7gD1kcg.jpg
Chicago,V0115,7.2,87.0,PG-13,,Chicago | Illinois; gallows; musical; based on play or musical; jail; lawyer; execution; noose; hanging; prison matron; jazz age; 1920s; death by hanging; public execution; execution by hanging; hanged woman,Rob Marshall,2002.0,Comedy | Crime | Drama,Won 6 Oscars. 59 wins & 129 nominations total,113.0,2002.0,Renée Zellweger,Catherine Zeta-Jones | Renée Zellweger | Richard Gere,Murderesses Velma Kelly and Roxie Hart find themselves on death row together and fight for the fame that will keep them from the gallows in 1920s Chicago.,247886.0,tt0299658,1574.0,Vudu,https://image.tmdb.org/t/p/w500/3ED8cWCXY9zkx77Sd0N5qMbsdDP.jpg
Child's Play,V0116,6.7,75.0,R,,Boarding school; school teacher; boys' school,Sidney Lumet,1972.0,Drama | Mystery | Thriller,1 nomination total,100.0,1972.0,James Mason,Beau Bridges | James Mason | Robert Preston,"At an exclusive boys' school, a new gym teacher is drawn into a feud between two older instructors, and he discovers that everything at the school is not quite as staid, tranquil and harmless as it seems.",124718.0,tt0068369,82465.0,iTunes,https://image.tmdb.org/t/p/w500/wVj20650r9QPgfM9YIYNkMkZ3iH.jpg
Christine,V0117,6.8,73.0,R,,Austria; opera singer; turn of the century | Lieutenant; vienna,Pierre Gaspard-Huit,1958.0,Drama | Romance,,100.0,1958.0,Romy Schneider,Alain Delon | Jean-Claude Brialy | Romy Schneider,"Vienna, 1906. A passionate love story develops between Franz Lobheiner and the young Christine. Lobheiner is, however, currently seeing the married Baroness von Eggersdorf. Upon learning of his wife's infidelity, the Baron von Eggersdorf provokes a duel with Lobheiner. But the former is no longer a real threat to the Baron. Lobheiner is now passionately in love with Christine. How will this love quartet end?",96741.0,tt0051477,4956.0,iTunes,https://image.tmdb.org/t/p/w500/mGCJpRSp3XKKZqqsm8TXCNjZfDX.jpg
Christmas With the Kranks,V0118,5.5,5.0,PG,,Chicago | Illinois; husband wife relationship; based on novel or book; holiday; christmas party; christmas tree; christmas; sentimental; hilarious; celebratory; joyful,Joe Roth,2004.0,Comedy | Family,3 wins & 4 nominations total,99.0,2004.0,,,"When their only daughter Blair leaves the family nest, Luther and Nora Krank decide to book an island cruise to beat the yuletide blues and just skip the holidays. But their decision to boycott tradition has the whole neighborhood in an uproar, and when Blair calls on Christmas Eve to announce a surprise visit with her new fiancée, the Kranks have just twelve hours to perform a miracle and pull themselves and their neighbors together to throw the best celebration ever!",61619.0,tt0388419,13673.0,iTunes,https://image.tmdb.org/t/p/w500/q866vL3KhAjbkZH1enT7AoxmRHx.jpg
Cinderella,V0119,6.0,,,,,Beeban Kidron,2000.0,"Drama, Fantasy, Romance",,83.0,2015.0,Sharon Maughan,,"Cinderella (named Zezolla) and her family live mid 20th century, where fashion is practically everything. As her father is won over by a selfish woman named Claudette, Cinderella must keep her new step-mother from murdering the on...",24.0,tt0218891,,iTunes,https://m.media-amazon.com/images/M/MV5BNjIxZDhiYzEtN2NiMi00YThiLTk3OTQtMzk1YjQ4NjJlZjMxXkEyXkFqcGdeQXVyNTM3MDMyMDQ@._V1_SX300.jpg
Clerks,V0120,7.7,90.0,R,Clerks Collection,Salesclerk; work; new jersey; loser; male friendship; junk food; black and white; video store; aftercreditsstinger; day in a life; workplace comedy; convenience store; wry,Kevin Smith,1994.0,Comedy,7 wins & 10 nominations total,92.0,1994.0,Brian O'Halloran,Brian O'Halloran | Jeff Anderson | Marilyn Ghigliotti,"Convenience and video store clerks Dante and Randal are sharp-witted, potty-mouthed and bored out of their minds. So in between needling customers, the counter jockeys play hockey on the roof, visit a funeral home and deal with their love lives.",235883.0,tt0109445,2292.0,iTunes,https://image.tmdb.org/t/p/w500/9IiSgiq4h4siTIS9H3o4nZ3h5L9.jpg
Clue,V0121,7.3,72.0,PG,,Clue; murder mystery; based on board game,Casey Hushion,2022.0,Comedy | Mystery,,75.0,2022.0,Mark Price,Hazel Anne Raymundo | Isabella McCalla | Mark Price,"Murder and blackmail are on the menu when six mysterious guests assemble for a dinner party at Boddy Manor. Was it Mrs. Peacock in the study with the knife? Or Colonel Mustard in the library with the wrench? Based on the cult 1985 Paramount movie and inspired by the classic Hasbro game, this farce-meets-murder-mystery is bloody good fun.",113652.0,tt23379618,938442.0,iTunes,https://image.tmdb.org/t/p/w500/o9oVfFGNiQeWpqF6PHSodirh97y.jpg
Clueless,V0122,7.268,,PG-13,,Puberty; high school; based on novel or book; make a match; spoiled child; coming of age; matchmaking; conflict; wedding; high school friends; makeover; woman director; popular girl; matchmaker; gay theme; match making,Amy Heckerling,1995.0,Comedy | Romance,6 wins & 12 nominations total,97.0,1995.0,Alicia Silverstone,Alicia Silverstone | Brittany Murphy | Stacey Dash,"Shallow, rich and socially successful Cher is at the top of her Beverly Hills high school's pecking scale. Seeing herself as a matchmaker, Cher first coaxes two teachers into dating each other. Emboldened by her success, she decides to give hopelessly klutzy new student Tai a makeover. When Tai becomes more popular than she is, Cher realizes that her disapproving ex-stepbrother was right about how misguided she was -- and falls for him.",4608.0,tt0112697,9603.0,iTunes,https://image.tmdb.org/t/p/w500/8AwVTcgpTnmeOs4TdTWqcFDXEsA.jpg
Coco,V0123,6.2,,,,,"Dominique Boisvert, Luc Otter",2000.0,"Animation, Comedy, Short",,2.0,2017.0,,,,5.0,tt0353313,,iTunes,https://m.media-amazon.com/images/M/MV5BMDIyM2E2NTAtMzlhNy00ZGUxLWI1NjgtZDY5MzhiMDc5NGU3XkEyXkFqcGc@._V1_SX300.jpg
Colossal,V0124,6.2,82.0,R,,New york city; small town; monster; mental breakdown; creature; loss of job; alcoholic; psychotic; childhood friends; kaiju; catastrophe; angry; aggressive; seoul | South korea; antagonistic; callous; disgusted; mean spirited,Nacho Vigalondo,2017.0,Drama | Fantasy | Science Fiction,,109.0,2017.0,Anne Hathaway,Anne Hathaway | Austin Stowell | Jason Sudeikis,A woman discovers that severe catastrophic events are somehow connected to the mental breakdown from which she's suffering.,70969.0,tt4680182,339967.0,iTunes,https://image.tmdb.org/t/p/w500/4VOyofBd1pexblxtDZYtYIk7NI4.jpg
Constantine,V0125,7.0,46.0,R,Constantine Collection,Self sacrifice; angel; christianity; confession; superhero; supernatural; exorcism; archangel gabriel; holy water; redemption; based on comic; lucifer; demon; occult; aftercreditsstinger; mysticism; supernatural power; good versus evil; conceited; defiant,Francis Lawrence,2005.0,Action | Fantasy | Horror,2 wins & 11 nominations total,121.0,2005.0,Keanu Reeves,Keanu Reeves | Rachel Weisz | Shia LaBeouf,"John Constantine has literally been to Hell and back. When he teams up with a policewoman to solve the mysterious suicide of her twin sister, their investigation takes them through the world of demons and angels that exists beneath the landscape of contemporary Los Angeles.",389020.0,tt0360486,561.0,iTunes,https://image.tmdb.org/t/p/w500/vPYgvd2MwHlxTamAOjwVQp4qs1W.jpg
Contagion,V0126,6.8,85.0,PG-13,,Quarantine; saving the world; mutation; melancholy; infection; terminal illness; outbreak; disease; vaccine; lethal virus; scientist; epidemic; prophetic; virus; pandemic; medical drama; anxious; cautionary; provocative; suspenseful; intense; authoritarian,Steven Soderbergh,2011.0,Drama | Science Fiction | Thriller,2 wins & 14 nominations total,106.0,2011.0,Marion Cotillard,Laurence Fishburne | Marion Cotillard | Matt Damon,"As an epidemic of a lethal airborne virus - that kills within days - rapidly grows, the worldwide medical community races to find a cure and control the panic that spreads faster than the virus itself.",324128.0,tt1598778,39538.0,iTunes,https://image.tmdb.org/t/p/w500/qL0IooP0bjXy0KXl9KEyPo22ll0.jpg
Contraband,V0127,6.4,50.0,R,,Smuggling (contraband); head wound; criminal; security guard,Baltasar Kormákur,2012.0,Action | Crime | Drama | Thriller,1 win total,109.0,2012.0,Mark Wahlberg,Ben Foster | Kate Beckinsale | Mark Wahlberg,"When his brother-in-law runs afoul of a drug lord, family man Chris Farraday turns to a skill he abandoned long ago—smuggling—to repay the debt. But the job goes wrong, and Farraday finds himself wanted by cops, crooks and killers alike.",127440.0,tt1524137,77866.0,iTunes,https://image.tmdb.org/t/p/w500/dNNjyZQ0zVtmPa74nJE63Kn0xEx.jpg
Cool Hand Luke,V0128,8.0,100.0,Approved,,Prison; dying and death; florida; based on novel or book; escape; loss of loved one; rebel; harassment; imprisonment; barbed wire; death; prison farm,Stuart Rosenberg,1967.0,Action | Crime | Drama,Won 1 Oscar. 5 wins & 11 nominations total,127.0,1967.0,Paul Newman,George Kennedy | Luke Askew | Paul Newman,"When petty criminal Luke Jackson is sentenced to two years in a Florida prison farm, he doesn't play by the rules of either the sadistic warden or the yard's resident heavy, Dragline, who ends up admiring the new guy's unbreakable will. Luke's bravado, even in the face of repeated stints in the prison's dreaded solitary confinement cell, ""the box,"" make him a rebel hero to his fellow convicts and a thorn in the side of the prison officers.",194198.0,tt0061512,903.0,iTunes,https://image.tmdb.org/t/p/w500/4ykzTiHKLamh3eZJ8orVICtU2Jp.jpg
Countdown,V0129,5.4,26.0,PG-13,,Nurse; countdown; supernatural; religion; phone terror; devil; duringcreditsstinger; mysterious; sinister,Justin Dec,2019.0,Horror | Thriller,,90.0,2019.0,Elizabeth Lail,Elizabeth Lail | Jordan Calloway | Talitha Eliana Bateman,"A young nurse downloads an app that tells her she only has three days to live. With time ticking away and a mysterious figure haunting her, she must find a way to save her life before time runs out.",48523.0,tt10039344,599975.0,iTunes,https://image.tmdb.org/t/p/w500/5TQ0kM41vWFWFAPbZGitOxDysZU.jpg
Cowboys & Aliens,V0130,6.0,44.0,PG-13,,Spacecraft; sheriff; robbery; escape; arizona; laser; apache nation; native american; based on comic; alien; outlaw; ufo; gunfight; creature; alien invasion; 19th century,Jon Favreau,2011.0,Action | Science Fiction | Thriller | Western,1 win & 17 nominations total,119.0,2011.0,Daniel Craig,Daniel Craig | Harrison Ford | Olivia Wilde,"A stranger stumbles into the desert town of Absolution with no memory of his past and a futuristic shackle around his wrist. With the help of mysterious beauty Ella and the iron-fisted Colonel Dolarhyde, he finds himself leading an unlikely posse of cowboys, outlaws, and Apache warriors against a common enemy from beyond this world in an epic showdown for survival.",235833.0,tt0409847,49849.0,iTunes,https://image.tmdb.org/t/p/w500/9uZsGCP4rvOHVGCpMpYq5gNCuNI.jpg
Crank,V0131,6.9,62.0,R,Crank Collection,Assassin; helicopter; hitman; poison; adrenaline; fistfight; swimming pool; revenge; shootout; motorcycle; drugs; cell phone; pharmacy; defibrillation; hospital gown; emergency room; aftercreditsstinger; sweatshop; epinephrine; desperate; forceful,Brian Taylor,2006.0,Action | Crime | Thriller,2 wins & 2 nominations total,88.0,2006.0,Jason Statham,Amy Smart | Jason Statham | Jose Pablo Cantillo,"Chev Chelios, a hit man wanting to go straight, lets his latest target slip away. Then he awakes the next morning to a phone call that informs him he has been poisoned and has only an hour to live unless he keeps adrenaline coursing through his body while he searches for an antidote.",268849.0,tt0479884,1948.0,Vudu,https://image.tmdb.org/t/p/w500/rsKmhnvzJezjwC1Ud2Hh37oNpdQ.jpg
Crank: High Voltage,V0132,6.1,64.0,R,Crank Collection,Prostitute; heart; horse race; cigarette; electric shock; strip club; sequel; flashback; tourette syndrome; gang; shootout; mansion; foot chase; surgery; taser; duringcreditsstinger; absurdism; ultraviolence,Mark Neveldine,2009.0,Action | Crime | Thriller,1 win & 2 nominations total,96.0,2009.0,Jason Statham,Amy Smart | David Carradine | Jason Statham,Chelios faces a Chinese mobster who has stolen his nearly indestructible heart and replaced it with a battery-powered ticker that requires regular jolts of electricity to keep working.,163275.0,tt1121931,15092.0,Vudu,https://image.tmdb.org/t/p/w500/tzTC4EEvF0OPL63frEiogxL2T8M.jpg
Crash,V0133,7.7,73.0,R,,Dying and death; adultery; husband wife relationship; based on novel or book; sexual obsession; pain; sadism; sexuality; obsession; fetish; eroticism; car journey; fetishism; wound; masochism; deceived husband; cult; hospital; car accident; car wreck; anti-social behaviour; romantic; symphoriphilia,David Cronenberg,1996.0,Drama | Thriller,9 wins & 6 nominations total,100.0,1996.0,James Spader,Elias Koteas | Holly Hunter | James Spader,"After getting into a serious car accident, a TV director discovers an underground sub-culture of scarred, omnisexual car-crash victims, and he begins to use car accidents and the raw sexual energy they produce to try to rejuvenate his sex life with his wife.",454574.0,tt0115964,884.0,iTunes,https://image.tmdb.org/t/p/w500/gpai5oUFyFGLHOCsYTvVMqlbY7A.jpg
Crawl,V0134,6.1,84.0,R,Crawl Collection,Florida; hurricane; animal attack; alligator; creature; flood; animal horror; crawlspace; father daughter relationship,Alexandre Aja,2019.0,Horror | Thriller,5 nominations total,87.0,2019.0,Kaya Scodelario,Barry Pepper | Kaya Scodelario | Morfydd Clark,"When a huge hurricane hits her hometown in Florida, Haley ignores evacuation orders to look for her father. After finding him badly wounded, both are trapped by the flood. With virtually no time to escape the storm, they discover that rising water levels are the least of their problems.",98843.0,tt8364368,511987.0,Vudu,https://image.tmdb.org/t/p/w500/4WH6AZd473lRZ3hUp8TYiv2LfZW.jpg
Criminal,V0136,6.3,30.0,R,,Mission; central intelligence agency (cia); robbery; prisoner; undercover; london underground; memory; terrorism; brutality; convict; interrogation; implant; manhunt,Ariel Vromen,2016.0,Action | Crime | Science Fiction,,113.0,2016.0,Ryan Reynolds,Gary Oldman | Kevin Costner | Ryan Reynolds,"CIA Agent Bill Pope is on a mission to track down a shadowy hacker named 'The Dutchman'. When he gets mysteriously killed, an experimental procedure transfers his memories into a dangerous ex-convict. When he wakes up Pope's memories, his mission is to eliminate The Dutchman before the hacker launches ICBMs and starts World War III.",73235.0,tt3014866,302156.0,iTunes,https://image.tmdb.org/t/p/w500/hn6HmGTopbbxv4Myy2IwGWxViFP.jpg
Crimson Peak,V0137,6.5,72.0,R,,Psychopath; poison; haunted house; mining; murder; gothic; incest; ghost; old mansion; gothic romance; brutal murder; dramatic; suspenseful; comforting; ghoulish,Guillermo del Toro,2015.0,Drama | Horror | Mystery | Romance | Thriller,7 wins & 44 nominations total,119.0,2015.0,Mia Wasikowska,Jessica Chastain | Mia Wasikowska | Tom Hiddleston,"In the aftermath of a family tragedy, an aspiring author is torn between love for her childhood friend and the temptation of a mysterious outsider. Trying to escape the ghosts of her past, she is swept away to a house that breathes, bleeds… and remembers.",162346.0,tt2554274,201085.0,iTunes,https://image.tmdb.org/t/p/w500/f9TOb5anVwZeSbYjU1qNxPk3KUk.jpg
"Crouching Tiger, Hidden Dragon",V0138,7.9,98.0,PG-13,"Crouching Tiger, Hidden Dragon Collection",Martial arts; kung fu; based on novel or book; flying; taskmaster; sword; tiger; villainess; mountain; comb; fistfight; sword fight; thief; revenge; theft; historical; female martial artist; 18th century; wuxia; warrior; aggressive; bamboo; tavern fight; action hero; qing dynasty; vibrant,Ang Lee,2000.0,Action | Adventure | Drama | Romance,Won 4 Oscars. 101 wins & 132 nominations total,120.0,2000.0,Chow Yun-Fat,Chow Yun-Fat | Michelle Yeoh | Zhang Ziyi,"Two warriors in pursuit of a stolen sword and a notorious fugitive are led to an impetuous, physically-skilled, teenage nobleman's daughter, who is at a crossroads in her life.",285783.0,tt0190332,146.0,iTunes,https://image.tmdb.org/t/p/w500/iNDVBFNz4XyYzM9Lwip6atSTFqf.jpg
Crypto,V0139,5.2,17.0,R,,Small town; hacker; bratva (russian mafia); money laundering; banking; wall street; iraq war veteran; money; hacking; farming; financial; bitcoin; crypto-currencies; finance,John Stalberg Jr.,2019.0,Crime | Drama | Thriller,,105.0,2019.0,Beau Knapp,Alexis Bledel | Beau Knapp | Luke Hemsworth,A young agent is tasked with investigating a tangled web of corruption and fraud in New York.,4913.0,tt8563452,567733.0,iTunes,https://image.tmdb.org/t/p/w500/fzTvnA3buXsjdmjrYRDozKBFF78.jpg
Cujo,V0140,6.1,60.0,R,,Based on novel or book; animal attack; cadillac; dam; corpse; dog; rabies; rabid dog; rabbit hole; trapped in car; mad dog; pets; animal horror; saint bernard dog; suspenseful; amused,Lewis Teague,1983.0,Horror | Thriller,1 win & 4 nominations,93.0,1983.0,Dee Wallace,Daniel Hugh Kelly | Danny Pintauro | Dee Wallace,"A friendly St. Bernard named ""Cujo"" contracts rabies and conducts a reign of terror on a small American town.",52369.0,tt0085382,10489.0,iTunes,https://image.tmdb.org/t/p/w500/uNBt2YxrQdyOjnm2rDQ5QiCmQ0K.jpg
Daddy's Home,V0141,6.2,30.0,PG-13,Daddy's Home Collection,Father; family,Sean Anders,2015.0,Comedy,1 win & 4 nominations total,96.0,2015.0,Will Ferrell,Linda Cardellini | Mark Wahlberg | Will Ferrell,"The story of a mild-mannered radio executive who strives to become the best stepdad ever to his wife's two children, but complications ensue when their freewheeling, freeloading real father arrives, forcing stepdad to compete for the affection of the kids.",133456.0,tt1528854,274167.0,iTunes,https://image.tmdb.org/t/p/w500/fB9lALk9zKsMYWvf0bJSkJN219Z.jpg
Daddy's Home 2,V0142,6.0,21.0,PG-13,Daddy's Home Collection,Holiday; sequel; christmas; amused; cheerful,Sean Anders,2017.0,Comedy,1 win & 8 nominations total,100.0,2017.0,Will Ferrell,Mark Wahlberg | Mel Gibson | Will Ferrell,Brad and Dusty must deal with their intrusive fathers during the holidays.,86687.0,tt5657846,419680.0,iTunes,https://image.tmdb.org/t/p/w500/rF2IoKL0IFmumEXQFUuB8LajTYP.jpg
Dallas Buyers Club,V0143,7.9,92.0,R,,Aids; homophobia; rodeo; texas; biography; dallas texas; based on true story; hiv; drugs; lgbt; treatment; 1980s; trans woman; inspirational; intense; informative,Jean-Marc Vallée,2013.0,Drama | History,Won 3 Oscars. 85 wins & 88 nominations total,117.0,2013.0,Matthew McConaughey,Jared Leto | Jennifer Garner | Matthew McConaughey,"Loosely based on the true-life tale of Ron Woodroof, a drug-taking, women-loving, homophobic man who in 1986 was diagnosed with HIV/AIDS and given thirty days to live.",532298.0,tt0790636,152532.0,iTunes,https://image.tmdb.org/t/p/w500/7Fdh7gUq3plvQqxRbNYhWvDABXA.jpg
Dark Web: Cicada 3301,V0144,6.0,,R,Dark Web Collection,Hacking; online hookup; online mobile game,Alan Ritchson,2021.0,Action | Comedy | Thriller,,104.0,2021.0,Jack Kesy,Conor Leslie | Jack Kesy | Ron Funches,"Genius hacker Connor discovers Cicada 3301, an online treasure hunt that could be a recruiting tool for a secret society. Soon Conner, art-expert friend Avi, and secretive librarian Gwen are dashing from graffiti sites to ancient libraries to uncover real-world clues. But they must outrun aggressive NSA agents, also hot on the trail of Cicada, who want the glory for themselves.",126.0,tt8110246,791469.0,iTunes,https://image.tmdb.org/t/p/w500/tJlLfuvIBBn5aFoyW1IQWeFHl6v.jpg
Darkest Hour,V0145,7.4,84.0,PG-13,,World war ii; biography; based on true story; london underground; british politics; british prime minister; british history; autobiographical; dunkirk; 1940s; winston churchill; based on real person; based on real events; biographical drama,Joe Wright,2017.0,Drama | History,Won 2 Oscars. 54 wins & 81 nominations total,125.0,2017.0,Gary Oldman,Gary Oldman | Lily James | Stephen Dillane,"In May 1940, the fate of World War II hangs on Winston Churchill, who must decide whether to negotiate with Adolf Hitler or fight on knowing that it could mean the end of the British Empire.",228237.0,tt4555426,399404.0,iTunes,https://image.tmdb.org/t/p/w500/xa6G3aKlysQeVg9wOb0dRcIGlWu.jpg
Dawn of the Planet of the Apes,V0146,7.6,91.0,PG-13,Planet of the Apes (Reboot) Collection,California; peace; solidarity; gorilla; intelligence; dystopia; horse; post-apocalyptic future; pacifism; animal attack; colony; tank; forest; sequel; woods; anthropomorphism; dam; revenge; betrayal; golden gate bridge; explosion; ape; scientist; orangutan; death; chimpanzee; medical research; primate; dead horse; allegorical; sign languages; virus; plague; assassination attempt; shocking; aggressive; murder by gunshot; contagion; guns; soldiers; 2030s; animal human friendship; war; cgi-live action hybrid; violence against animals; war horse; intense; depressing; bitter; bold; powerful; horse riding | San francisco,Matt Reeves,2014.0,Action | Drama | Science Fiction | Thriller,Nominated for 1 Oscar. 17 wins & 48 nominations total,130.0,2014.0,Andy Serkis,Andy Serkis | Jason Clarke | Toby Kebbell,"A group of scientists in San Francisco struggle to stay alive in the aftermath of a plague that is wiping out humanity, while Caesar tries to maintain dominance over his community of intelligent apes.",496491.0,tt2103281,119450.0,iTunes,https://image.tmdb.org/t/p/w500/kScdQEwS9jPEdnO23XjGAtaoRcT.jpg
Deadpool,V0147,8.0,85.0,R,Deadpool Collection,Superhero; anti hero; mercenary; based on comic; aftercreditsstinger; duringcreditsstinger,Tim Miller,2016.0,Action | Adventure | Comedy,29 wins & 78 nominations total,108.0,2016.0,Ryan Reynolds,Ed Skrein | Morena Baccarin | Ryan Reynolds,"The origin story of former Special Forces operative turned mercenary Wade Wilson, who, after being subjected to a rogue experiment that leaves him with accelerated healing powers, adopts the alter ego Deadpool. Armed with his new abilities and a dark, twisted sense of humor, Deadpool hunts down the man who nearly destroyed his life.",1204874.0,tt1431045,293660.0,iTunes,https://image.tmdb.org/t/p/w500/3E53WEZJqP6aM84D8CckXx4pIHw.jpg
Deadpool & Wolverine,V0148,7.6,78.0,R,Deadpool Collection,Hero; superhero; anti hero; mutant; breaking the fourth wall; aftercreditsstinger; duringcreditsstinger; marvel cinematic universe (mcu); mutants; superhero teamup,Shawn Levy,2024.0,Action | Comedy | Science Fiction,24 wins & 63 nominations total,128.0,2024.0,Ryan Reynolds,Emma Corrin | Hugh Jackman | Ryan Reynolds,"A listless Wade Wilson toils away in civilian life with his days as the morally flexible mercenary, Deadpool, behind him. But when his homeworld faces an existential threat, Wade must reluctantly suit-up again with an even more reluctant Wolverine.",495026.0,tt6263850,533535.0,iTunes,https://image.tmdb.org/t/p/w500/8cdWjvZQUExUUTzyp4t6EDMubfO.jpg
Death Becomes Her,V0149,6.777,,PG-13,,Jealousy; immortality; beauty; rivalry; potion; drinking; mischievous; playful; hilarious,Robert Zemeckis,1992.0,Comedy | Fantasy | Horror,Won 1 Oscar. 5 wins & 16 nominations total,104.0,1992.0,Goldie Hawn,Bruce Willis | Goldie Hawn | Meryl Streep,"Madeline is married to Ernest, who was once arch-rival Helen's fiance. After recovering from a mental breakdown, Helen vows to kill Madeline and steal back Ernest. Unfortunately for everyone, the introduction of a magic potion causes things to be a great deal more complicated than a mere murder plot.",2796.0,tt0104070,9374.0,iTunes,https://image.tmdb.org/t/p/w500/kkWxyyyWFK5KNk9WVwQuGEC9H9H.jpg
Death on the Nile,V0150,6.4,,,,,Kenneth Branagh,2022.0,"Crime, Drama, Mystery",,127.0,2022.0,Tom Bateman,,"While on vacation on the Nile, Hercule Poirot must investigate the murder of a young heiress.",3917.0,tt7657566,,iTunes,https://m.media-amazon.com/images/M/MV5BYjBkMTRkMmUtNGQ5Ni00YjkwLThhMmMtZjI1M2U2NzRhNjkwXkEyXkFqcGc@._V1_SX300.jpg
Death Race 2,V0151,5.6,17.0,R,Death Race Collection,Virgin; car race; dystopia; parachute; bikini; street race; prequel; chinese; silencer; rapist; car fire; triad; death game,Roel Reiné,2010.0,Action | Science Fiction | Thriller,,100.0,2010.0,Luke Goss,Lauren Cohan | Luke Goss | Sean Bean,"In the world's most dangerous prison, a new game is born: Death Race. The rules of this adrenaline-fueled blood sport are simple, drive or die. When repentant convict Carl Lucas discovers there's a price on his head, his only hope is to survive a twisted race against an army of hardened criminals and tricked-out cars.",31469.0,tt1500491,51620.0,iTunes,https://image.tmdb.org/t/p/w500/80mBFNVvak2bA9TJN1MD0yM7Lfi.jpg
Deep Impact,V0152,6.3,45.0,PG-13,,Usa president; nasa; natural disaster; metereologist; space mission; comet; tsunami; astronomer; astronaut; tidal wave; woman director; disaster movie,Mimi Leder,1998.0,Action | Drama | Science Fiction,5 wins & 14 nominations total,121.0,1998.0,Robert Duvall,Elijah Wood | Robert Duvall | Téa Leoni,"A seven-mile-wide space rock is hurtling toward Earth, threatening to obliterate the planet. Now, it's up to the president of the United States to save the world. He appoints a tough-as-nails veteran astronaut to lead a joint American-Russian crew into space to destroy the comet before impact. Meanwhile, an enterprising reporter uses her smarts to uncover the scoop of the century.",194975.0,tt0120647,8656.0,iTunes,https://image.tmdb.org/t/p/w500/a3vQS7JKqlOb3MdVJHuTCP9s7Mg.jpg
Deepwater Horizon,V0153,7.1,82.0,PG-13,,Rescue; sea; post-traumatic stress disorder (ptsd); based on true story; disaster; explosion; oil spill; trapped; oil rig ; disaster movie; gulf of mexico; bp; intense; melodramatic,Peter Berg,2016.0,Action | Drama,Nominated for 2 Oscars. 4 wins & 15 nominations total,107.0,2016.0,Mark Wahlberg,John Malkovich | Kurt Russell | Mark Wahlberg,"A story set on the offshore drilling rig Deepwater Horizon, which exploded during April 2010 and created the worst oil spill in U.S. history.",190840.0,tt1860357,296524.0,iTunes,https://image.tmdb.org/t/p/w500/jgBIYCZACe3iaS9TL2XzVGkO5p5.jpg
Deliver Us from Evil,V0154,6.2,30.0,R,,Nun; seduction; satanism; vacation; summer; convent school; evil,Joël Séria,1971.0,Drama | Horror,,102.0,1971.0,,,"Anne and Lore, neighbors and best friends, barely into their teens, board at a convent school where they have taken a vow to sin and to serve Satan. Anne keeps a secret diary, they read a salacious novel, they get a classmate in trouble, they spy on the nuns, they set aside their communion wafers; they make a pact of devotion.",87955.0,tt0066040,61683.0,iTunes,https://image.tmdb.org/t/p/w500/gPm3D4yYqPHkVTezY7BdQN7Cu5K.jpg
Despicable Me 2,V0155,7.3,75.0,PG,Despicable Me Collection,Parent child relationship; villain; adoptive father; secret agent; bakery; sequel; falling in love; family; single father; audition; female agent; duringcreditsstinger; first date; supervillain; masked supervillain; illumination; absurd; hilarious; amused; brisk,"Chris Renaud, Pierre Coffin",2013.0,Animation | Comedy | Family,Nominated for 2 Oscars. 12 wins & 66 nominations total,98.0,2013.0,Steve Carell,Benjamin Bratt | Kristen Wiig | Steve Carell,Gru is recruited by the Anti-Villain League to help deal with a powerful new super criminal.,443902.0,tt1690953,93456.0,iTunes,https://image.tmdb.org/t/p/w500/oyMPJJZoOpLHgJoFPUOn6DgkbWJ.jpg
Die Another Day,V0156,6.1,56.0,PG-13,James Bond Collection,Cuba; captured; u.s. secret service agent; publicist; space based weapon; adrenaline junkie; dmz; north korea; spycraft; james bond; prisoner exchange; conflict diamonds | Post-traumatic stress disorder (ptsd); espionage; spy; demonstration; fencing; laser; satellite; iceland; sequel; hong kong; torture; mi6; british spy; british secret service; havana,Lee Tamahori,2002.0,Action | Adventure | Thriller,6 wins & 36 nominations total,133.0,2002.0,Pierce Brosnan,Halle Berry | Pierce Brosnan | Toby Stephens,"James Bond is sent to investigate the connection between a North Korean terrorist and a diamond mogul, who is funding the development of an international space weapon.",233104.0,tt0246460,36669.0,Vudu,https://image.tmdb.org/t/p/w500/bZmGqOhMhaLn8AoFMvFDct4tbrL.jpg
Die Hard,V0157,8.2,94.0,R,Die Hard Collection,California; terrorism; one man army; explosion; police officer; hostage negotiator; one night; lapd; aggressive; christmas; 1980s; action hero; german; hostages; heist thriller; patrol officer; furious; high octane; intense; commanding; defiant; euphoric | Husband wife relationship; based on novel or book; s.w.a.t.; fbi; christmas party; vault; heist; murder; shootout; los angeles,John McTiernan,1988.0,Action | Thriller,Nominated for 4 Oscars. 8 wins & 9 nominations total,132.0,1988.0,Bruce Willis,Alan Rickman | Alexander Godunov | Bruce Willis,"NYPD cop John McClane's plan to reconcile with his estranged wife is thrown for a serious loop when, minutes after he arrives at her offices Christmas Party, the entire building is overtaken by a group of terrorists. With little help from the LAPD, wisecracking McClane sets out to single-handedly rescue the hostages and bring the bad guys down.",987460.0,tt0095016,562.0,iTunes,https://image.tmdb.org/t/p/w500/aJCpHDC6RoGz7d1Fzayl019xnxX.jpg
Die Hard 2: Die Harder,V0158,6.958,,,Die Hard Collection,Helicopter; airport; based on novel or book; ambush; cop; sequel; snow; shootout; terrorism; explosion; church; commando; news reporter; air traffic control; virginia; terrorist plot; christmas; snowmobile; action hero; plane crash; christmas eve; tense; airplanes; airport police; rogue military; washington dulles international airport; xmas eve,Renny Harlin,1990.0,Action | Thriller,,124.0,1990.0,,,"One year after his heroics in Los Angeles, John McClane is an off-duty cop who is the wrong guy in the wrong place at the wrong time. On a snowy Christmas Eve, as he waits for his wife's plane to land at Washington Dulles International Airport, terrorists take over the air traffic control system in a plot to free a South American army general and drug smuggler being flown into the US to face drug charges. It's now up to McClane to take on the terrorists, while coping with an inept airport police chief, an uncooperative anti-terrorist squad, and the life of his wife and everyone else trapped in planes circling overhead.",6085.0,tt0099423,1573.0,iTunes,https://image.tmdb.org/t/p/w500/lDFO7D4MdbhjOwaPwe18QG69Rt0.jpg
Die Hard: With a Vengeance,V0159,7.6,60.0,R,Die Hard Collection,New york city; aqueduct; bomb threat; action hero; deadly game; federal reserve bank; nyc subway | New york city; taxi; gold; helicopter; robbery; police; bomb; riddle; detective; fbi; sequel; flashback; revenge; shootout; explosion; nypd; cargo ship; wild goose chase; simon says; dump truck; harlem,John McTiernan,1995.0,Action | Thriller,2 wins & 3 nominations total,128.0,1995.0,Bruce Willis,Bruce Willis | Jeremy Irons | Samuel L. Jackson,"New York detective John McClane is back and kicking bad-guy butt in the third installment of this action-packed series, which finds him teaming with civilian Zeus Carver to prevent the loss of innocent lives. McClane thought he'd seen it all, until a genius named Simon engages McClane, his new ""partner"" -- and his beloved city -- in a deadly game that demands their concentration.",419996.0,tt0112864,1572.0,iTunes,https://image.tmdb.org/t/p/w500/buqmCdFQEWwEpL3agGgg2GVjN2d.jpg
Dirty Dancing,V0160,7.1,72.0,PG-13,,Musical; remake; catskills; 1960s; re-imagining,Wayne Blair,2017.0,Drama | Romance,,130.0,2017.0,Abigail Breslin,Abigail Breslin | Colt Prattes | Sarah Hyland,"Spending the summer at a Catskills resort with her family, Frances ""Baby"" Houseman falls in love with the camp's dance instructor, Johnny Castle, and nothing is ever the same for anyone in the Houseman family.",265593.0,tt5262792,444902.0,iTunes,https://image.tmdb.org/t/p/w500/ySL7B4FgYZR5xFBWc7c7lssuCN9.jpg
Lisa Lampanelli: Dirty Girl,V0161,7.0,,,,,David Higby,2007.0,"Documentary, Comedy",,42.0,2010.0,Lisa Lampanelli,,"Lisa Lampanelli, Comedy's ""Lovable Queen of Mean,"" is back with her tough-talking, no-holds-barred comedy. Her ability to make people laugh at their own stereotypes and differences has made her one of the hottest comedians in Amer...",4.0,tt0887148,,iTunes,https://m.media-amazon.com/images/M/MV5BMjA5MDAwNTEyOF5BMl5BanBnXkFtZTgwNTk0MTA2MDE@._V1_SX300.jpg
Dirty Grandpa,V0162,5.932,,,,,Not Found,2016.0,Comedy,,102.0,2016.0,,,"Jason Kelly is one week away from marrying his boss's uber-controlling daughter, putting him on the fast track for a partnership at the law firm. However, when the straight-laced Jason is tricked into driving his foul-mouthed grandfather, Dick, to Daytona for spring break, his pending nuptials are suddenly in jeopardy. Between riotous frat parties, bar fights, and an epic night of karaoke, Dick is on a quest to live his life to the fullest and bring Jason along for the ride.",4468.0,,,iTunes,https://m.media-amazon.com/images/M/MV5BMzk0NzkyNDk2M15BMl5BanBnXkFtZTgwNDczOTU3NzE@._V1_SX300.jpg
Divergent,V0163,6.6,41.0,PG-13,Divergent Collection,Future; based on novel or book; dystopia; futuristic; individuality; alternative reality; caste system; based on young adult novel,Neil Burger,2014.0,Action | Adventure | Science Fiction,7 wins & 11 nominations total,139.0,2014.0,Shailene Woodley,Shailene Woodley | Theo James | Zoë Kravitz,"In a world divided into factions based on personality types, Tris learns that she's been classified as Divergent and won't fit in. When she discovers a plot to destroy Divergents, Tris and the mysterious Four must find out what makes Divergents dangerous before it's too late.",504426.0,tt1840309,157350.0,iTunes,https://image.tmdb.org/t/p/w500/aNh4Q3iuPKDMPi2SL7GgOpiLukX.jpg
Django Unchained,V0164,8.5,87.0,R,,Rescue; friendship; bounty hunter; texas; slavery; plantation; rivalry; revenge; shootout; racism; kindness; dentist; django; slave trade; aftercreditsstinger; black slave; agreement; 19th century; chattanooga; german; cotton plantation; plantation owner; old west; western; 1850s; mississippi,Quentin Tarantino,2012.0,Drama | Western,Won 2 Oscars. 58 wins & 158 nominations total,165.0,2012.0,Jamie Foxx,Christoph Waltz | Jamie Foxx | Leonardo DiCaprio,"With the help of a German bounty hunter, a freed slave sets out to rescue his wife from a brutal Mississippi plantation owner.",1763019.0,tt1853728,68718.0,iTunes,https://image.tmdb.org/t/p/w500/7oWY8VDWW7thTzWh3OKYRkWUlD5.jpg
Doctor Sleep,V0165,7.3,78.0,R,,England; psychology | London,Nick Willing,2002.0,Crime | Horror | Mystery | Thriller,,108.0,2002.0,Goran Višnjić,Goran Višnjić | Miranda Otto | Shirley Henderson,"While treating a policewoman for smoking, hypnotherapist Michael Strother has a telepathic vision of a young girl floating beneath the surface of a stream. The escaped victim of a ritualistic serial killer, the girl has become mute, and Michael is called upon by Scotland Yard to unlock the secrets she holds in order to catch a man who believes he has discovered the key to immortality.",228324.0,tt0286594,20321.0,iTunes,https://image.tmdb.org/t/p/w500/eBRcmhQakzeYPU6AWLP1DtAoLtC.jpg
Doctor Strange,V0166,7.418,,,Doctor Strange Collection,Magic; superhero; training; time; based on comic; sorcerer; doctor; neurosurgeon; wizard; aftercreditsstinger; duringcreditsstinger; marvel cinematic universe (mcu); suspenseful,Scott Derrickson,2016.0,"Action, Adventure, Fantasy",,115.0,2016.0,Benedict Cumberbatch,,"While on a journey of physical and spiritual healing, a brilliant neurosurgeon is drawn into the world of the mystic arts.",22783.0,tt1211837,284052.0,iTunes,https://image.tmdb.org/t/p/w500/uGBVj3bEbCoZbDjjl9wTxcygko1.jpg
Dolittle,V0167,5.6,15.0,PG,,Ship; island; based on novel or book; victorian england; doctor; based on children's book; animals; veterinary; talking to animals; voyage,Stephen Gaghan,2020.0,Adventure | Comedy | Family | Fantasy,4 wins & 9 nominations total,101.0,2020.0,Robert Downey Jr.,Harry Collett | Michael Sheen | Robert Downey Jr.,"After losing his wife seven years earlier, the eccentric Dr. John Dolittle, famed doctor and veterinarian of Queen Victoria’s England, hermits himself away behind the high walls of Dolittle Manor with only his menagerie of exotic animals for company. But when the young queen falls gravely ill, a reluctant Dolittle is forced to set sail on an epic adventure to a mythical island in search of a cure, regaining his wit and courage as he crosses old adversaries and discovers wondrous creatures.",74105.0,tt6673612,448119.0,iTunes,https://image.tmdb.org/t/p/w500/uoplwswBDy7gsOyrbGuKyPFoPCs.jpg
Don Jon,V0168,6.5,80.0,R,,Pornography; new jersey; sex addiction; sexual fantasy; internet porn; male masturbation; masturbation; exercise; true love,Joseph Gordon-Levitt,2013.0,Comedy | Drama | Romance,2 wins & 28 nominations total,90.0,2013.0,Joseph Gordon-Levitt,Joseph Gordon-Levitt | Julianne Moore | Scarlett Johansson,"A New Jersey guy dedicated to his family, friends, and church, develops unrealistic expectations from watching porn and works to find happiness and intimacy with his potential true love.",251190.0,tt2229499,138697.0,iTunes,https://image.tmdb.org/t/p/w500/uh8bwvgGXeUKzdL4oSul9zxyTcd.jpg
Downsizing,V0169,5.8,47.0,R,,Future; computer; therapist; married couple; shrinking; crowd; speculative; meditative; caucasian; thoughtful; reflective; pc; procedure; loving; inspirational; grand; provocative; direct; dramatic; sentimental; awestruck; bold; dignified; euphoric; exhilarated; hopeful; powerful,Alexander Payne,2017.0,Comedy | Drama | Science Fiction,1 win & 16 nominations total,135.0,2017.0,Matt Damon,Christoph Waltz | Hong Chau | Matt Damon,A kindly occupational therapist undergoes a new procedure to be shrunken to four inches tall so that he and his wife can help save the planet and afford a nice lifestyle at the same time.,129476.0,tt1389072,301337.0,iTunes,https://image.tmdb.org/t/p/w500/5bNzInSSAXfr0MFlHfb4IoQePVx.jpg
Dr. Seuss' Horton Hears a Who!,V0170,6.505,,,,Rescue; elephant; jungle; dr. seuss; who; cartoon elephant,"Steve Martino, Jimmy Hayward",2008.0,Adventure | Animation | Comedy | Family | Fantasy,,86.0,2008.0,,,"The classic and beloved story from Dr. Seuss is now a CG animated film from 20th Century Fox Animation, the makers of the Ice Age films. An imaginative elephant named Horton (Jim Carrey) hears a faint cry for help coming from a tiny speck of dust floating through the air. Horton suspects there may be life on that speck and despite a surrounding community, which thinks he has lost his mind, he is determined to save the tiny particle! Jim Carrey and Steve Carell lead an all-star cast in bringing this wonderful family picture to life!",3410.0,tt0451079,12222.0,iTunes,https://image.tmdb.org/t/p/w500/6k47Z3A5zI2rxubTMwiLyIqQLLr.jpg
Dr. Seuss' How the Grinch Stole Christmas,V0171,7.5,,,,Sleigh; monster; based on novel or book; heart; holiday; obsession; santa claus; materialism; christmas tree; surrealism; affection; snow; dog; christmas,Chuck Jones,1966.0,Animation | Comedy | Family,,25.0,1966.0,,,"Bitter and hateful, the Grinch is irritated at the thought of a nearby village having a happy time celebrating Christmas. Disguised as Santa Claus, with his dog made to look like a reindeer, he decides to raid the village to steal all the Christmas things.",1072.0,tt0060345,13377.0,iTunes,https://image.tmdb.org/t/p/w500/7ir0iRuPK9OEuH569cp0nF5CJce.jpg
Dr. Seuss' the Lorax,V0172,6.51,,,,Aftermath; tree; villain; musical; family business ; money; tragic villain; consumerism; air; based on children's book; animal killing; walled city; reforestation; tree cutting; mad family; clothes factory; meme; social; abused child; illumination; singing animals; fish trio; biggering; unless,Chris Renaud,2012.0,Animation | Family,,86.0,2012.0,,,"A 12-year-old boy searches for the one thing that will enable him to win the affection of the girl of his dreams. To find it he must discover the story of the Lorax, the grumpy yet charming creature who fights to protect his world.",3720.0,tt1482459,73723.0,iTunes,https://image.tmdb.org/t/p/w500/tePFnZFw5JvjwjQjaKkqDPNMLPU.jpg
Dracula Untold,V0173,6.2,26.0,PG-13,,Hero; monster; vampire; bite; bravery; supernatural; prince; heroism; battle; 15th century; ottoman empire; dracula; dramatic; intense,Gary Shore,2014.0,Action | Fantasy | Horror,3 wins & 5 nominations total,92.0,2014.0,Luke Evans,Dominic Cooper | Luke Evans | Sarah Gadon,"Vlad Tepes is a great hero, but when he learns the Sultan is preparing for battle and needs to form an army of 1,000 boys, he vows to find a way to protect his family. Vlad turns to dark forces in order to get the power to destroy his enemies and agrees to go from hero to monster as he's turned into the mythological vampire, Dracula.",215597.0,tt0829150,49017.0,iTunes,https://image.tmdb.org/t/p/w500/xJJFZ7tYASyQ7rNOLTrb2JpDc7A.jpg
Dredd,V0174,7.1,80.0,R,,Metropolis; corruption; police; judge; gangster; crime fighter; dystopia; post-apocalyptic future; executive case; based on comic; futuristic; survival; cyberpunk; criminal; justice; drug lord; based on graphic novel; female villain,Pete Travis,2012.0,Action | Science Fiction,2 wins & 14 nominations total,95.0,2012.0,Karl Urban,Karl Urban | Lena Headey | Olivia Thirlby,"In the future, America is a dystopian wasteland. The latest scourge is Ma-Ma, a prostitute-turned-drug pusher with a dangerous new drug and aims to take over the city. The only possibility of stopping her is an elite group of urban police called Judges, who combine the duties of judge, jury and executioner to deliver a brutal brand of swift justice. But even the top-ranking Judge, Dredd, discovers that taking down Ma-Ma isn’t as easy as it seems in this explosive adaptation of the hugely popular comic series.",303406.0,tt1343727,49049.0,iTunes,https://image.tmdb.org/t/p/w500/wLx65gtGVnUFCxceHWGszcruCZj.jpg
Drinking Buddies,V0175,6.1,84.0,R,,Co-workers relationship; relationship; mumblecore; independent film,Joe Swanberg,2013.0,Comedy | Drama | Romance,1 win & 4 nominations total,90.0,2013.0,Olivia Wilde,Anna Kendrick | Jake Johnson | Olivia Wilde,"Weekend trips, office parties, late night conversations, drinking on the job, marriage pressure, biological clocks, holding eye contact a second too long… you know what makes the line between “friends” and “more than friends” really blurry? Beer.",61419.0,tt2265398,172533.0,iTunes,https://image.tmdb.org/t/p/w500/iunbsMWtkwfrtRzU7hdCHhPjjJf.jpg
Drugstore Cowboy,V0176,7.2,97.0,R,,Drug abuse; support group; 1970s; drug addiction; junkie; portland | Oregon; drugstore; group therapy; drug stealing; burglars; opioid use disorder,Gus Van Sant,1989.0,Crime | Drama,12 wins & 11 nominations total,102.0,1989.0,Matt Dillon,James Remar | Kelly Lynch | Matt Dillon,"Portland, Oregon, 1971. Bob Hughes is the charismatic leader of a peculiar quartet, formed by his wife, Dianne, and another couple, Rick and Nadine, who skillfully steal from drugstores and hospital medicine cabinets in order to appease their insatiable need for drugs. But neither fun nor luck last forever.",42231.0,tt0097240,476.0,iTunes,https://image.tmdb.org/t/p/w500/2bQXK39axyedUL6DE1pzdMYgAw1.jpg
Due Date,V0177,6.5,39.0,R,,Highway; slacker; hitchhiker; wallet; sunglasses; rest stop; vicodin; waffle,Todd Phillips,2010.0,Comedy | Drama,7 nominations,95.0,2010.0,Robert Downey Jr.,Michelle Monaghan | Robert Downey Jr. | Zach Galifianakis,"Peter Highman must scramble across the US in five days to be present for the birth of his first child. He gets off to a bad start when his wallet and luggage are stolen, and put on the 'no-fly' list. Peter embarks on a terrifying journey when he accepts a ride from an actor.",361820.0,tt1231583,41733.0,iTunes,https://image.tmdb.org/t/p/w500/sBxWS09pOOyXZ0dcnqfqqCAQGan.jpg
Dumb and Dumber To,V0178,5.6,30.0,PG-13,Dumb and Dumber Collection,Friendship; road trip; sequel; buddy comedy; aftercreditsstinger; duringcreditsstinger,"Bobby Farrelly, Peter Farrelly",2014.0,Comedy,1 win & 7 nominations total,110.0,2014.0,Jim Carrey,Jeff Daniels | Jim Carrey | Laurie Holden,"20 years since their first adventure, Lloyd and Harry go on a road trip to find Harry's newly discovered daughter, who was given up for adoption.",149030.0,tt2096672,100042.0,iTunes,https://image.tmdb.org/t/p/w500/cvEi0xV7TUkabJGuzulhvbMjrHi.jpg
Dumb Money,V0179,6.9,84.0,R,,Massachusetts; manipulation of the media; based on true story; securities | Stocks and bonds ; stock price; social media; stock market; meditative; dramedy; philosophical; investing; investment; stockholder; stock swindle; insider trading; vlogger; brother brother relationship; internet scam; social media influencer; finance trading; inspirational; manipulative relationship; critical; internet personality; intense; gamestop; reddit; audacious; bold; compassionate; defiant; dignified; earnest; instructive; powerful; urgent; 2020s,Craig Gillespie,2023.0,Comedy | Drama | History,1 win & 2 nominations total,105.0,2023.0,Paul Dano,America Ferrera | Paul Dano | Shailene Woodley,"Vlogger Keith Gill sinks his life savings into GameStop stock and posts about it. When social media starts blowing up, so do his life and the lives of everyone following him. As a stock tip becomes a movement, everyone gets rich—until the billionaires fight back, and both sides find their worlds turned upside down.",53490.0,tt13957560,792293.0,iTunes,https://image.tmdb.org/t/p/w500/e9u7luSxFKOZgPTB9XHFnPArGdP.jpg
Dune,V0180,6.3,36.0,PG-13,Dune Collection,Empire; future; epic; army; based on novel or book; prophecy; dystopia; emperor; sand; spice; hallucinogen; treason; baron; revenge; premonition; betrayal; space; water shortage; creature; desert; knife fight; destiny; giant worm; space opera; sand dune; messiah; domineering; mother son relationship; wonder; giant creature; intense; foreboding; powerful,Denis Villeneuve,2021.0,Adventure | Science Fiction,Won 6 Oscars. 177 wins & 303 nominations total,155.0,2021.0,Timothée Chalamet,Oscar Isaac | Rebecca Ferguson | Timothée Chalamet,"Paul Atreides, a brilliant and gifted young man born into a great destiny beyond his understanding, must travel to the most dangerous planet in the universe to ensure the future of his family and his people. As malevolent forces explode into conflict over the planet's exclusive supply of the most precious resource in existence-a commodity capable of unlocking humanity's greatest potential-only those who can conquer their fear will survive.",187539.0,tt1160419,438631.0,iTunes,https://image.tmdb.org/t/p/w500/d5NXSklXo0qyIYkgV94XAgMIckC.jpg
Dungeons & Dragons Honor Among Thieves,V0181,7.333,,PG-13,,Platonic love; gang of thieves; dragon; role playing game; heist gone wrong; wizard; duringcreditsstinger; father daughter relationship; wizardry,"John Francis Daley, Jonathan Goldstein",2023.0,Adventure | Comedy | Fantasy,4 wins & 20 nominations total,134.0,2023.0,,,"A charming thief and a band of unlikely adventurers undertake an epic heist to retrieve a lost relic, but things go dangerously awry when they run afoul of the wrong people.",4133.0,tt2906216,493529.0,iTunes,https://image.tmdb.org/t/p/w500/v7UF7ypAqjsFZFdjksjQ7IUpXdn.jpg
Duplex,V0182,5.9,35.0,PG-13,,Dark comedy; new home; neighbor neighbor relationship,Danny DeVito,2003.0,Comedy,2 nominations total,89.0,2003.0,Ben Stiller,Amber Valletta | Ben Stiller | Drew Barrymore,"When a young couple buys their dream home, they have no idea what the sweet little old lady upstairs is going to put them through!",63798.0,tt0266489,7288.0,Vudu,https://image.tmdb.org/t/p/w500/rGw6I9TsgRIaBHa5JMg6MpARxjw.jpg
E.T. The Extra-Terrestrial,V0183,7.9,99.0,PG,,Farewell; space marine; operation; flying saucer; nasa; homesickness; loss of loved one; extraterrestrial technology; prosecution; riding a bicycle; halloween; finger; flowerpot; alien; single; single mother; hopeful; joyful,Steven Spielberg,1982.0,Adventure | Family | Fantasy | Science Fiction,Won 4 Oscars. 52 wins & 38 nominations total,115.0,1982.0,,,"An alien is left behind on Earth and saved by the 10-year-old Elliot who decides to keep him hidden in his home. While a task force hunts for the extra-terrestrial, Elliot, his brother, and his little sister Gertie form an emotional bond with their new friend, and try to help him find his way home.",451476.0,tt0083866,601.0,iTunes,https://image.tmdb.org/t/p/w500/an0nD6uq6byfxXCfk6lQBzdL2J1.jpg
Earth Girls Are Easy,V0184,5.5,68.0,PG,,Spacecraft; dancing; dreams; police; musical; romcom; bikini; swimming pool; romance; alien; beauty salon; hospital; makeover; nosy neighbor; discotheque; valley girl,Julien Temple,1988.0,Comedy | Music | Romance | Science Fiction,3 nominations,100.0,1988.0,Geena Davis,Geena Davis | Jeff Goldblum | Jim Carrey,"In this musical comedy, Valerie is dealing with her philandering fiancé, Ted, when she finds that a trio of aliens have crashed their spaceship into her swimming pool. Once the furry beings are shaved at her girlfriend's salon, the women discover three handsome men underneath. After absorbing the native culture via television, the spacemen are ready to hit the dating scene in 1980s Los Angeles.",25755.0,tt0097257,2210.0,iTunes,https://image.tmdb.org/t/p/w500/pO9Edq8mgp9kD3N6EkCGYLnIVaA.jpg
Earth: One Amazing Day,V0185,7.8,100.0,G,,Earth; animals; nature,"Peter Webber, Lixin Fan, Richard Dale",2017.0,Adventure | Documentary | Family,3 wins & 5 nominations,93.0,2017.0,Robert Redford,Jackie Chan | Lee Je-hoon | Robert Redford,"An astonishing journey revealing the awesome power of the natural world. Over the course of one single day, we track the sun from the highest mountains to the remotest islands to exotic jungles.",3162.0,tt6238896,464593.0,iTunes,https://image.tmdb.org/t/p/w500/wUt2efBP0Ar8PR7WyakSA2azX0w.jpg
Easy A,V0186,7.0,85.0,PG-13,,High school; small town; lie; loss of virginity; coming of age; teen movie; school; female protagonist; high school student; teen comedy; intelligent; duringcreditsstinger; small town girl; rumor; teen drama; pretend relationship; gay friend; teenager,Will Gluck,2010.0,Comedy,9 wins & 22 nominations total,93.0,2010.0,Emma Stone,Amanda Bynes | Emma Stone | Penn Badgley,"Olive, an average high school student, sees her below-the-radar existence turn around overnight once she decides to use the school's gossip grapevine to advance her social standing. Now her classmates are turning against her and the school board is becoming concerned, including her favorite teacher and the distracted guidance counselor. With the support of her hilariously idiosyncratic parents and a little help from a long-time crush, Olive attempts to take on her notorious new identity and crush the rumor mill once and for all.",429673.0,tt1282140,37735.0,iTunes,https://image.tmdb.org/t/p/w500/v5f1qO6NJnxWgONgkYg21TW39DT.jpg
Edward Scissorhands,V0187,7.9,90.0,PG-13,,Underdog; small town; unsociability; inventor; hairdresser; isolation; scissors; burglar; love at first sight; fairy tale; sadness; symbolism; castle; alone; flashback; tragic love; snow; gothic; told in flashback; christmas horror; christmas; artificial; hair salon; signs & wonders; wonder; love story; goth; frankenstein; introspective; topiary; sentimental; awestruck; compassionate; earnest; gentle; suburban gothic,Tim Burton,1990.0,Drama | Fantasy | Romance,Nominated for 1 Oscar. 10 wins & 24 nominations total,105.0,1990.0,Johnny Depp,Dianne Wiest | Johnny Depp | Winona Ryder,A small suburban town receives a visit from a castaway unfinished science experiment named Edward.,541949.0,tt0099487,162.0,iTunes,https://image.tmdb.org/t/p/w500/e0FqKFvGPdQNWG8tF9cZBtev9Em.jpg
Elemental,V0188,7.6,,,,,Peter Sohn,2023.0,"Animation, Adventure, Comedy",,101.0,2023.0,Leah Lewis,,"Follows Ember and Wade, in a city where fire-, water-, earth- and air-residents live together.",4954.0,tt15789038,,iTunes,https://m.media-amazon.com/images/M/MV5BNjU2MjE1OGItZjdmYS00ZmIyLTljNjYtOWI5ZGRkZjM4NDEwXkEyXkFqcGc@._V1_SX300.jpg
The Elf Who Didn't Believe,V0189,3.8,,,,,Rodney McDonald,2000.0,"Comedy, Family",,90.0,2003.0,Sean Donnelly,,"Young elf Elmer wants to become a real boy. He steals Santa's sleigh and escapes to the real world, where he meets a young girl who needs a heart transplant.",,tt0123055,,iTunes,https://m.media-amazon.com/images/M/MV5BMTI1Mzg2ODk3OF5BMl5BanBnXkFtZTcwMTQ2MDY4MQ@@._V1_SX300.jpg
ELLIS,V0190,0.0,,,,,Nolan Cubero,2015.0,Drama,1 win,17.0,2015.0,,,"A young father is forced to share custody of his daughters with his ex-wife, whose new boyfriend has a history of sexual assault.",0.0,tt5109770,449911.0,iTunes,https://image.tmdb.org/t/p/w500/oI0pgBEDDRFkkPLjNbS8ZEzKOGZ.jpg
Elvis,V0191,7.3,77.0,PG-13,,Rock 'n' roll; biography; based on true story; singer; music business; 1950s; apathetic; disdainful,Baz Luhrmann,2022.0,Drama | History | Music,Nominated for 8 Oscars. 93 wins & 241 nominations total,159.0,2022.0,Austin Butler,Austin Butler | Olivia DeJonge | Tom Hanks,"The life story of Elvis Presley as seen through the complicated relationship with his enigmatic manager, Colonel Tom Parker.",247008.0,tt3704428,614934.0,iTunes,https://image.tmdb.org/t/p/w500/qBOKWqAFbveZ4ryjJJwbie6tXkQ.jpg
Ender's Game,V0192,6.6,63.0,PG-13,,Based on novel or book; fight; starship; intolerance; war strategy; chosen one; earth; child prodigy; futuristic; space; alien invasion; universe; military school; adventurer; morality tale; based on young adult novel; boy group; starships; complicated; disheartening; frustrated,Gavin Hood,2013.0,Action | Adventure | Science Fiction,1 win & 6 nominations total,114.0,2013.0,Asa Butterfield,Asa Butterfield | Hailee Steinfeld | Harrison Ford,"Based on the classic novel by Orson Scott Card, Ender's Game is the story of the Earth's most gifted children training to defend their homeplanet in the space wars of the future.",258190.0,tt1731141,80274.0,iTunes,https://image.tmdb.org/t/p/w500/vmd3CNeG2B9FXsit61oc7oxabej.jpg
Endless Love,V0193,6.2,16.0,PG-13,,Shocking; cautionary; wistful; dramatic; adoring; enchant,Franco Zeffirelli,1981.0,Drama | Romance,Nominated for 1 Oscar. 3 wins & 18 nominations total,116.0,1981.0,Brooke Shields,Brooke Shields | Martin Hewitt | Shirley Knight,"As their romance unfolds, Jade and David's growing love for one another becomes the scorn of Jade's father. However, when Jade's grades begin to drop, her father forbids the young couple from seeing each other for 30 days. Driven insane with frustration and desire, David attempts to reverse the decision, with catastrophic results.",48338.0,tt0082329,19114.0,iTunes,https://image.tmdb.org/t/p/w500/eAU5kEn3n2PROao46iqs0w57Tqr.jpg
Endless Love,V0194,6.904,,,μ's Live Collection,,Shana Feste,2014.0,"Drama, Mystery, Romance",,300.0,1981.0,Gabriella Wilde,,The story of a privileged girl and a charismatic boy whose instant desire sparks a love affair made only more reckless by parents trying to keep them apart.,1714.0,tt2318092,483488.0,iTunes,https://image.tmdb.org/t/p/w500/ljFanlzziYjn7MSxpQCjMcSRHJu.jpg
Erin Brockovich,V0195,7.4,85.0,R,,Biography; based on true story; single mother; water pollution; environmental law; legal drama; corporate negligence; inspirational,Steven Soderbergh,2000.0,Drama,Won 1 Oscar. 33 wins & 59 nominations total,131.0,2000.0,Julia Roberts,Aaron Eckhart | Albert Finney | Julia Roberts,"A twice-divorced mother of three who sees an injustice, takes on the bad guy and wins -- with a little help from her push-up bra. Erin goes to work for an attorney and comes across medical records describing illnesses clustered in one nearby town. She starts investigating and soon exposes a monumental cover-up.",232375.0,tt0195685,462.0,iTunes,https://image.tmdb.org/t/p/w500/jEMvWBWVjndZT0vJnLrRWi9ajea.jpg
Escape Plan,V0196,6.7,50.0,R,Escape Plan Collection,Ship; prison warden; prison escape; escape artist; maximum security prison,Mikael Håfström,2013.0,Action | Thriller,2 nominations total,115.0,2013.0,Sylvester Stallone,Arnold Schwarzenegger | Jim Caviezel | Sylvester Stallone,"Ray Breslin is the world's foremost authority on structural security. After analyzing every high security prison and learning a vast array of survival skills so he can design escape-proof prisons, his skills are put to the test. He's framed and incarcerated in a master prison he designed himself. He needs to escape and find the person who put him behind bars.",264497.0,tt1211956,107846.0,iTunes,https://image.tmdb.org/t/p/w500/qOZPLflxDqKogu9v9hYw3lolxGs.jpg
Escape Room,V0197,6.4,51.0,PG-13,,Death game,Peter Dukes,2017.0,Fantasy | Horror | Thriller,,90.0,2017.0,Skeet Ulrich,Christine Donlon | Sean Young | Skeet Ulrich,Four friends who partake in a popular Los Angeles escape room find themselves stuck with a demonically possessed killer. They have less than an hour to solve the puzzles needed to escape the room alive.,147970.0,tt5748392,431259.0,iTunes,https://image.tmdb.org/t/p/w500/dCthgwsV0AXIMqliQL6njAWf7Sb.jpg
Escape Room: Tournament of Champions,V0198,5.7,52.0,PG-13,Escape Room Collection,Sequel; no escape; escape room; death game,Adam Robitel,2021.0,Horror | Mystery | Thriller,1 win & 1 nomination total,88.0,2021.0,Taylor Russell,Indya Moore | Logan Miller | Taylor Russell,"Six people unwittingly find themselves locked in another series of escape rooms, slowly uncovering what they have in common to survive... and discovering they've all played the games before.",64040.0,tt9844522,585216.0,iTunes,https://image.tmdb.org/t/p/w500/jGYJyPzVgrVV2bgClI9uvEZgVLE.jpg
Eternal Sunshine of the Spotless Mind,V0199,8.3,92.0,R,,New york city; regret; jealousy; deja vu; amnesia; dreams; operation; relationship problems; love; memory; brainwashing; relationship; heartbreak; nonlinear timeline; 2000s; memory manipulation; joyful,Michel Gondry,2004.0,Drama | Romance | Science Fiction,Won 1 Oscar. 73 wins & 111 nominations total,108.0,2004.0,Jim Carrey,Jim Carrey | Kate Winslet | Kirsten Dunst,"Joel Barish, heartbroken that his girlfriend underwent a procedure to erase him from her memory, decides to do the same. However, as he watches his memories of her fade away, he realises that he still loves her, and may be too late to correct his mistake.",1135109.0,tt0338013,38.0,iTunes,https://image.tmdb.org/t/p/w500/5MwkWH9tYHv3mV9OdYTMR5qreIz.jpg
Everest,V0200,6.823,,,,,Baltasar Kormákur,2015.0,"Adventure, Biography, Drama",,121.0,2015.0,Jason Clarke,,"On May 10, 1996, mountain guides Rob Hall and Scott Fischer combine their expedition teams for a final ascent to the summit of Mount Everest. With little warning, a storm strikes the mountain and the climbers must now battle to su...",5030.0,tt2719848,,iTunes,https://m.media-amazon.com/images/M/MV5BNDAzOTYxMTctY2ViNi00NDI3LTgwMGItY2FhN2JjZWE5MjRkXkEyXkFqcGc@._V1_SX300.jpg
Everything Everywhere All at Once,V0201,7.8,94.0,R,,Mother; martial arts; kung fu; philosophy; generations conflict; chinese woman; surrealism; laundromat; chinese; east asian lead; divorce; family; lgbt; hot dog; asian woman; chinese immigrant; imaginative; mother daughter relationship; action comedy; asian american; intergenerational trauma; internal revenue service; interdimensional travel; absurd; 瞬息全宇宙,Daniel Scheinert,2022.0,Action | Adventure | Science Fiction,Won 7 Oscars. 411 wins & 398 nominations total,140.0,2022.0,Michelle Yeoh,Ke Huy Quan | Michelle Yeoh | Stephanie Hsu,"An aging Chinese immigrant is swept up in an insane adventure, where she alone can save what's important to her by connecting with the lives she could have led in other universes.",570853.0,tt6710474,545611.0,Vudu,https://image.tmdb.org/t/p/w500/u68AjlvlutfEIcpmbYpKcdi09ut.jpg
Evil Dead 2,V0202,7.1,88.0,,Evil Dead Trap Collection,,Izo Hashimoto,1992.0,Horror | Thriller,,97.0,1992.0,,,A female projectionist is haunted by the image of a small boy while a killer prowls the city. The projectionist's relationship with her attractive and successful reporter friend drives the plot deeper into insanity.,14.0,tt0203132,44836.0,iTunes,https://image.tmdb.org/t/p/w500/6qE1ONotur97ktwMvthcUDs5eLk.jpg
Ex Machina,V0203,7.7,92.0,R,Appleseed Collection,Future; cyborg; mecha; cyberpunk; terrorism; based on manga; adult animation; anime,Shinji Aramaki,2007.0,Action | Animation | Science Fiction | Thriller,1 nomination,105.0,2007.0,,,"As members of ESWAT, the elite forces serving Olympus, Deunan and Briaereos are deployed anywhere trouble strikes. Olympus finds itself under a stealth attack - cyborg terrorism, deadly nanotech zealots, and rioting citizens are just some of the threats that Deunan must contend with as she fights to save Olympus!",616656.0,tt1043842,13981.0,iTunes,https://image.tmdb.org/t/p/w500/mxhr2e2Xky4cQ96NpI24xc2GUPn.jpg
Eye In the Sky,V0204,7.3,95.0,R,,Drone; terrorism; duringcreditsstinger; us military; air force base; combat drone,Gavin Hood,2015.0,Drama | Thriller | War,3 wins & 10 nominations total,102.0,2015.0,,,"A UK-based military officer in command of a top secret drone operation to capture terrorists in Kenya discovers the targets are planning a suicide bombing and the mission escalates from “capture” to “kill.” As American pilot Steve Watts is about to engage, a nine-year old girl enters the kill zone, triggering an international dispute reaching the highest levels of US and British government over the moral, political, and personal implications of modern warfare.",93270.0,tt2057392,333352.0,iTunes,https://image.tmdb.org/t/p/w500/xMY2XbaRtmto9LXwo83wnYRKN2U.jpg
Fantastic Beasts and Where to Find Them,V0205,7.2,74.0,PG-13,Fantastic Beasts Collection,Witch; new york city; robbery; escape; teleportation; magic; suitcase; mistake; spin off; subway station; wizard; goblin; magical creature; 1920s; based on young adult novel,David Yates,2016.0,Adventure | Fantasy,Won 1 Oscar. 15 wins & 54 nominations total,133.0,2016.0,Eddie Redmayne,Dan Fogler | Eddie Redmayne | Katherine Waterston,"In 1926, Newt Scamander arrives at the Magical Congress of the United States of America with a magically expanded briefcase, which houses a number of dangerous creatures and their habitats. When the creatures escape from the briefcase, it sends the American wizarding authorities after Newt, and threatens to strain even further the state of magical and non-magical relations.",524770.0,tt3183660,259316.0,iTunes,https://image.tmdb.org/t/p/w500/h6NYfVUyM6CDURtZSnBpz647Ldd.jpg
Fantastic Beasts: The Crimes of Grindelwald,V0206,6.5,36.0,PG-13,Fantastic Beasts Collection,France; magic; school of witchcraft; sequel; prison escape; old flame; wizard; magical creature; 1920s; based on young adult novel; good versus evil; dark magic; follower | Witch; new york city; paris,David Yates,2018.0,Adventure | Fantasy,Nominated for 2 BAFTA 3 wins & 22 nominations total,134.0,2018.0,Eddie Redmayne,Dan Fogler | Eddie Redmayne | Katherine Waterston,"Gellert Grindelwald has escaped imprisonment and has begun gathering followers to his cause—elevating wizards above all non-magical beings. The only one capable of putting a stop to him is the wizard he once called his closest friend, Albus Dumbledore. However, Dumbledore will need to seek help from the wizard who had thwarted Grindelwald once before, his former student Newt Scamander, who agrees to help, unaware of the dangers that lie ahead. Lines are drawn as love and loyalty are tested, even among the truest friends and family, in an increasingly divided wizarding world.",318629.0,tt4123430,338952.0,iTunes,https://image.tmdb.org/t/p/w500/fMMrl8fD9gRCFJvsx0SuFwkEOop.jpg
Fantastic Beasts: The Secrets of Dumbledore,V0207,6.637,,PG-13,Fantastic Beasts Collection,"prison | witch | berlin, germany | magic | election campaign | affectation | curse | bhutan | lgbt | fantasy world | wizard | magical creature | 1930s | based on young adult novel | good versus evil | amused | powerful",David Yates,2022.0,Fantasy | Adventure,,142.0,2022.0,Eddie Redmayne,Eddie Redmayne | Jude Law | Mads Mikkelsen,"Professor Albus Dumbledore knows the powerful, dark wizard Gellert Grindelwald is moving to seize control of the wizarding world. Unable to stop him alone, he entrusts magizoologist Newt Scamander to lead an intrepid team of wizards and witches. They soon encounter an array of old and new beasts as they clash with Grindelwald's growing legion of followers.",4820.0,tt4123432,338953.0,,https://image.tmdb.org/t/p/w500/3c5GNLB4yRSLBby0trHoA1DSQxQ.jpg
Fantasy Island,V0208,5.781,,,,,Not Found,2020.0,Nan,,109.0,2020.0,,,,2548.0,,,iTunes,https://m.media-amazon.com/images/M/MV5BMjhiNGM2NGQtNDlkNi00NTg4LWFlNTctMTE0ODNlOWY3NWI5XkEyXkFqcGc@._V1_SX300.jpg
Fast & Furious 6,V0209,6.8,,,,,Not Found,2001.0,Action | Crime | Thriller,,106.0,2001.0,,,"Hobbs has Dominic and Brian reassemble their crew to take down a team of mercenaries; Dominic unexpectedly gets sidetracked with facing his presumed deceased girlfriend, Letty.",,,,iTunes,https://m.media-amazon.com/images/M/MV5BZGRiMDE1NTMtMThmZS00YjE4LWI1ODQtNjRkZGZlOTg2MGE1XkEyXkFqcGc@._V1_SX300.jpg
Fear of Rain,V0210,5.9,47.0,PG-13,,Kidnapping; neighbor; fear; mental illness; hearing voices,Castille Landon,2021.0,Drama | Horror | Thriller,1 nomination,109.0,2021.0,Madison Iseman,Israel Broussard | Katherine Heigl | Madison Iseman,"A teenage girl living with schizophrenia begins to suspect her neighbor has kidnapped a child. Her parents try desperately to help her live a normal life, without exposing their own tragic secrets, and the only person who believes her is Caleb – a boy she isn’t even sure exists.",10205.0,tt10037014,599281.0,iTunes,https://image.tmdb.org/t/p/w500/5hmaACPJfI2M0v38DeltW3dSggT.jpg
Ferris Bueller's Day Off,V0211,7.8,83.0,PG-13,,Chicago | Illinois; high school; independence; coming of age; caper; breaking the fourth wall; teen movie; fantasy sequence; car theft; skipping school; taunting; aftercreditsstinger; duringcreditsstinger; truancy; day in a life; 1980s; introspective; teenager; reminiscent; witty,John Hughes,1986.0,Comedy,3 wins & 1 nomination total,103.0,1986.0,Matthew Broderick,Alan Ruck | Matthew Broderick | Mia Sara,"After high school slacker Ferris Bueller successfully fakes an illness in order to skip school for the day, he goes on a series of adventures throughout Chicago with his girlfriend Sloane and best friend Cameron, all the while trying to outwit his wily school principal and fed-up sister.",402166.0,tt0091042,9377.0,iTunes,https://image.tmdb.org/t/p/w500/9LTQNCvoLsKXP0LtaKAaYVtRaQL.jpg
Fiddler On the Roof,V0212,8.0,81.0,G,,Dreams; parent child relationship; tradition; musical; based on play or musical; pogrom; milkman; russian orthodox church; judaism; tavern; constable; suitor; breaking the fourth wall; russian soldier; elopement; fiddler; 1900s,Norman Jewison,1971.0,Drama | Romance,Won 3 Oscars. 10 wins & 14 nominations total,181.0,1971.0,,,"In a pre-revolutionary Russia, a poor Jewish milkman struggles with the challenges of a changing world as his daughters fall in love and antisemitism grows.",48809.0,tt0067093,14811.0,iTunes,https://image.tmdb.org/t/p/w500/v65PHx7Q6Jx0anyNeUOX07SJic9.jpg
Fifty Shades Darker,V0213,4.6,11.0,R,Fifty Shades Collection,Based on novel or book; boat; eroticism; kiss; sequel; bdsm; dreary,James Foley,2017.0,Drama | Romance,3 wins & 13 nominations total,118.0,2017.0,Dakota Johnson,Dakota Johnson | Eric Johnson | Jamie Dornan,"When a wounded Christian Grey tries to entice a cautious Ana Steele back into his life, she demands a new arrangement before she will give him another chance. As the two begin to build trust and find stability, shadowy figures from Christian’s past start to circle the couple, determined to destroy their hopes for a future together.",115226.0,tt4465564,341174.0,iTunes,https://image.tmdb.org/t/p/w500/w3qa274gvca9t8pkUoG8nfQgTU3.jpg
Fifty Shades Freed,V0214,4.5,11.0,R,Fifty Shades Collection,Based on novel or book; eroticism; sequel; bdsm,James Foley,2018.0,Drama | Romance,6 wins & 16 nominations total,105.0,2018.0,Dakota Johnson,Dakota Johnson | Eric Johnson | Jamie Dornan,"Believing they have left behind shadowy figures from their past, newlyweds Christian and Ana fully embrace an inextricable connection and shared life of luxury. But just as she steps into her role as Mrs. Grey and he relaxes into an unfamiliar stability, new threats could jeopardize their happy ending before it even begins.",78211.0,tt4477536,337167.0,iTunes,https://image.tmdb.org/t/p/w500/jjPJ4s3DWZZvI4vw8Xfi4Vqa1Q8.jpg
Fifty Shades of Grey,V0215,4.2,25.0,R,Fifty Shades Collection,Bad smell; based on novel or book; eroticism; perversion; spanking; billionaire; rich; bdsm; woman director; baffled,Sam Taylor-Johnson,2015.0,Drama | Romance | Thriller,Nominated for 1 Oscar. 9 wins & 30 nominations total,125.0,2015.0,Dakota Johnson,Dakota Johnson | Jamie Dornan | Jennifer Ehle,"When college senior Anastasia Steele steps in for her sick roommate to interview prominent businessman Christian Grey for their campus paper, little does she realize the path her life will take. Christian, as enigmatic as he is rich and powerful, finds himself strangely drawn to Ana, and she to him. Though sexually inexperienced, Ana plunges headlong into an affair -- and learns that Christian's true sexual proclivities push the boundaries of pain and pleasure.",345707.0,tt2322441,216015.0,iTunes,https://image.tmdb.org/t/p/w500/63kGofUkt1Mx0SIL4XI4Z5AoSgt.jpg
Fight Club,V0216,8.8,81.0,R,,Dual identity; rage and hate; based on novel or book; nihilism; fight; support group; dystopia; insomnia; alter ego; breaking the fourth wall; split personality; quitting a job; dissociative identity disorder; self destructiveness,David Fincher,1999.0,Drama,Nominated for 1 Oscar. 12 wins & 38 nominations total,139.0,1999.0,Edward Norton,Brad Pitt | Edward Norton | Helena Bonham Carter,"A ticking-time-bomb insomniac and a slippery soap salesman channel primal male aggression into a shocking new form of therapy. Their concept catches on, with underground ""fight clubs"" forming in every town, until an eccentric gets in the way and ignites an out-of-control spiral toward oblivion.",2456010.0,tt0137523,550.0,iTunes,https://image.tmdb.org/t/p/w500/jSziioSwPVrOy9Yow3XhWIBDjq1.jpg
Final Destination,V0217,6.7,40.0,R,Final Destination Collection,Airport; time travel; omen; premonition; airplane accident; airplane crash; corpse; death; near-death experience; cheating death; supernatural horror; horror; intense; teen scream,James Wong,2000.0,Horror,3 wins & 5 nominations total,98.0,2000.0,Devon Sawa,Ali Larter | Devon Sawa | Kerr Smith,"After a teenager has a terrifying vision of him and his friends dying in a plane crash, he prevents the accident only to have Death hunt them down, one by one.",294202.0,tt0195714,9532.0,iTunes,https://image.tmdb.org/t/p/w500/1mXhlQMnlfvJ2frxTjZSQNnA9Vp.jpg
Final Destination 2,V0218,6.2,52.0,R,Final Destination Collection,Ambulance; car crash; premonition; vision; hospital; death; cheating death; supernatural horror; horror; apathetic; indifferent; teen scream,David R. Ellis,2003.0,Horror | Mystery,4 nominations total,90.0,2003.0,A. J. Cook,A. J. Cook | Ali Larter | Michael Landes,"When Kimberly has a violent premonition of a highway pileup she blocks the freeway, keeping a few others meant to die, safe...Or are they? The survivors mysteriously start dying and it's up to Kimberly to stop it before she's next.",189642.0,tt0309593,9358.0,iTunes,https://image.tmdb.org/t/p/w500/dg6Tf98InieJSClSKQJTQevYWmB.jpg
Final Destination 3,V0219,5.8,44.0,R,Final Destination Collection,Dying and death; stroke of fate; beheading; omen; premonition; burned alive; fate; death; roller coaster / rollercoaster; cheating death; supernatural horror; suspenseful; horror; teen scream,James Wong,2006.0,Horror | Mystery,6 nominations total,92.0,2006.0,Mary Elizabeth Winstead,Kris Lemche | Mary Elizabeth Winstead | Ryan Merriman,"High school senior Wendy's premonition of a deadly rollercoaster ride saves her life and a lucky few, but not from death itself — which seeks out those who escaped their fate.",163401.0,tt0414982,9286.0,iTunes,https://image.tmdb.org/t/p/w500/p7ARuNKUGPGvkBiDtIDvAzYzonX.jpg
Final Destination 5,V0220,5.9,63.0,R,Final Destination Collection,Premonition; accidental death; crash; end is here; death; duringcreditsstinger; cheating death; suspension bridge; supernatural horror; 3d; horror; twist ending; teen scream,Steven Quale,2011.0,Horror | Mystery,2 wins & 6 nominations total,91.0,2011.0,Nicholas D'Agosto,Emma Bell | Miles Fisher | Nicholas D'Agosto,"Death is just as omnipresent as ever, and is unleashed after one man’s premonition saves a group of coworkers from a terrifying suspension bridge collapse. But this group of unsuspecting souls was never supposed to survive, and, in a terrifying race against time, the ill-fated group frantically tries to discover a way to escape Death’s sinister agenda.",131827.0,tt1622979,55779.0,iTunes,https://image.tmdb.org/t/p/w500/Akx1Po4ZLetOWfYJhQf75tbhTtK.jpg
Finding Nemo,V0221,8.2,99.0,G,Finding Nemo Collection,Australia; parent child relationship; anthropomorphism; harbor; underwater; shark; pelican; fish tank; great barrier reef; sea turtle; missing child; aftercreditsstinger; duringcreditsstinger; short-term memory loss; clownfish; father son reunion; protective father; melodramatic | Fish; sydney,Andrew Stanton,2003.0,Animation | Family,Won 1 Oscar. 49 wins & 63 nominations total,100.0,2003.0,Albert Brooks,Albert Brooks | Alexander Gould | Ellen DeGeneres,"Nemo, an adventurous young clownfish, is unexpectedly taken from his Great Barrier Reef home to a dentist's office aquarium. It's up to his worrisome father Marlin and a friendly but forgetful fish Dory to bring Nemo home -- meeting vegetarian sharks, surfer dude turtles, hypnotic jellyfish, hungry seagulls, and more along the way.",1157141.0,tt0266543,12.0,iTunes,https://image.tmdb.org/t/p/w500/eHuGQ10FUzK1mdOY69wF5pGgEf5.jpg
First Man,V0222,7.3,87.0,PG-13,,Moon; based on novel or book; sacrifice; nasa; wife; obsession; space travel; space mission; biography; engineer; based on true story; moon landing; space; cancer; astronaut; historical event; death of daughter; compromise; test pilot; 1960s; apollo program; america,Damien Chazelle,2018.0,Drama | History,Won 1 Oscar. 32 wins & 193 nominations total,141.0,2018.0,Ryan Gosling,Claire Foy | Jason Clarke | Ryan Gosling,"A look at the life of the astronaut, Neil Armstrong, and the legendary space mission that led him to become the first man to walk on the Moon on July 20, 1969.",208139.0,tt1213641,369972.0,iTunes,https://image.tmdb.org/t/p/w500/i91mfvFcPPlaegcbOyjGgiWfZzh.jpg
Five Feet Apart,V0223,7.2,52.0,PG-13,,Forbidden love; terminal illness; hospital; best friend; falling in love; cystic fibrosis; star crossed lovers; first date; true love; teenager; dramatic; sentimental; romantic; melodramatic,Justin Baldoni,2019.0,Drama | Romance,3 wins & 8 nominations total,116.0,2019.0,Haley Lu Richardson,Cole Sprouse | Haley Lu Richardson | Moisés Arias,"Seventeen-year-old Stella spends most of her time in the hospital as a cystic fibrosis patient. Her life is full of routines, boundaries and self-control — all of which get put to the test when she meets Will, an impossibly charming teen who has the same illness. There's an instant flirtation, though restrictions dictate that they must maintain a safe distance between them. As their connection intensifies, so does the temptation to throw the rules out the window and embrace that attraction.",90661.0,tt6472976,527641.0,iTunes,https://image.tmdb.org/t/p/w500/kreTuJBkUjVWePRfhHZuYfhNE1T.jpg
Flight,V0224,7.3,77.0,R,,Airplane; confession; investigation; pilot; emergency landing; flight; alcoholism; f word; hangover; airplane accident; airplane crash; syringe; denial; baseball stadium; perjury; national transportation safety board; flying upside down; narcissist; relapse; substance abuse; hard; cautionary; inspirational; dramatic,Robert Zemeckis,2012.0,Drama,Nominated for 2 Oscars. 15 wins & 45 nominations total,138.0,2012.0,Denzel Washington,Denzel Washington | Don Cheadle | Kelly Reilly,"Commercial airline pilot Whip Whitaker has a problem with drugs and alcohol, though so far he's managed to complete his flights safely. His luck runs out when a disastrous mechanical malfunction sends his plane hurtling toward the ground. Whip pulls off a miraculous crash-landing that results in only six lives lost. Shaken to the core, Whip vows to get sober -- but when the crash investigation exposes his addiction, he finds himself in an even worse situation.",386773.0,tt1907668,87502.0,iTunes,https://image.tmdb.org/t/p/w500/1AjXgBM2lkpG3FLQO0f6AK3Bi1e.jpg
Flightplan,V0225,6.3,37.0,PG-13,,Berlin | Germany; airplane; loss of loved one; baby-snatching; flight; missing child; flight attendant; missing daughter,Robert Schwentke,2005.0,Drama | Mystery | Thriller,2 wins & 6 nominations total,98.0,2005.0,Jodie Foster,Erika Christensen | Jodie Foster | Peter Sarsgaard,"Flying at 40,000 feet in a state-of-the art aircraft that she helped design, Kyle Pratt's 6-year-old daughter Julia vanishes without a trace. Or did she? No one on the plane believes Julia was ever onboard. And now Kyle, desperate and alone, can only count on her own wits to unravel the mystery and save her daughter.",176144.0,tt0408790,9315.0,iTunes,https://image.tmdb.org/t/p/w500/oNjZFzbe7PfF3TxztNHDkinOPyB.jpg
Footloose,V0226,6.7,,,,,Herbert Ross,1984.0,"Drama, Music, Romance",,107.0,1984.0,Kevin Bacon,,A big city teenager moves to a small town where Rock and Roll music and dancing have been banned by backward local parents and his rebellious spirit shakes up the populace.,2132.0,tt0087277,,iTunes,https://m.media-amazon.com/images/M/MV5BMmRjMzdkZDUtMDRkYi00ZjVkLWJlMjItMmY1MjgwOTQzMzYwXkEyXkFqcGc@._V1_SX300.jpg
Forrest Gump,V0227,8.8,75.0,PG-13,,New year's eve; vietnam war; vietnam veteran; mentally disabled; friendship; usa president; washington dc | Usa; post-traumatic stress disorder (ptsd); waitress; based on novel or book; hippie; single parent; parent child relationship; optimism; 1970s; drug addiction; autism; alabama; black panther party; bus stop; family relationships; chameleon; single mother; military; anti war protest; 1960s; college american football; mother son relationship; america; feel-good,Robert Zemeckis,1994.0,Comedy | Drama | Romance,Won 6 Oscars. 51 wins & 74 nominations total,142.0,1994.0,Tom Hanks,Gary Sinise | Robin Wright | Tom Hanks,"A man with a low IQ has accomplished great things in his life and been present during significant historic events—in each case, far exceeding what anyone imagined he could do. But despite all he has achieved, his one true love eludes him.",2368927.0,tt0109830,13.0,iTunes,https://image.tmdb.org/t/p/w500/arw2vcBveWOVZr6pxd9XTd1TdQa.jpg
Freaky,V0228,6.3,84.0,R,,High school; gore; murder; serial killer; chainsaw; body-swap; high school student; dead father; stabbed,Christopher Landon,2020.0,Comedy | Horror,1 win & 18 nominations total,102.0,2020.0,Vince Vaughn,Celeste O'Connor | Kathryn Newton | Vince Vaughn,"A mystical, ancient dagger causes a notorious serial killer to magically switch bodies with a 17-year-old girl.",76559.0,tt10919380,551804.0,iTunes,https://image.tmdb.org/t/p/w500/8xC6QSyxrpm0D5A6iyHNemEWBVe.jpg
Free Guy,V0229,7.1,80.0,PG-13,Free Guy Collection,Hero; artificial intelligence (a.i.); video game; virtual reality; gun; code; gamer; bank robbery; bank teller; programmer; mmorpg; heroic; vrmmo,Shawn Levy,2021.0,Adventure | Comedy | Science Fiction,Nominated for 1 Oscar. 5 wins & 29 nominations total,115.0,2021.0,Ryan Reynolds,Jodie Comer | Lil Rel Howery | Ryan Reynolds,"A bank teller discovers he is actually a background player in an open-world video game, and decides to become the hero of his own story. Now, in a world where there are no limits, he is determined to be the guy who saves his world his way before it's too late.",461699.0,tt6264654,550988.0,iTunes,https://image.tmdb.org/t/p/w500/6PFJrMvoQwBxQITLYHj09VeJ37q.jpg
Free State of Jones,V0230,6.9,48.0,R,,Slavery; american civil war,Gary Ross,2016.0,Action | Drama | History | War,3 wins & 4 nominations total,140.0,2016.0,Matthew McConaughey,Gugu Mbatha-Raw | Mahershala Ali | Matthew McConaughey,"In 1863, Mississippi farmer Newt Knight serves as a medic for the Confederate Army. Opposed to slavery, Knight would rather help the wounded than fight the Union. After his nephew dies in battle, Newt returns home to Jones County to safeguard his family but is soon branded an outlaw deserter. Forced to flee, he finds refuge with a group of runaway slaves hiding out in the swamps. Forging an alliance with the slaves and other farmers, Knight leads a rebellion that would forever change history.",66390.0,tt1124037,316152.0,iTunes,https://image.tmdb.org/t/p/w500/fTB6p9QwPRKIuK5LtB5CZXlkx5b.jpg
Friday,V0231,4.8,,,,,Jodi Gibson,2000.0,"Drama, Short",,19.0,1995.0,Jan Leslie Harding,,,9.0,tt0240517,,iTunes,https://m.media-amazon.com/images/M/MV5BMWI3MmM2MTItN2MxZS00Y2NhLWE5ZWEtMzU3YWNiNmU3NmFmXkEyXkFqcGc@._V1_SX300.jpg
Friday the 13th,V0232,6.4,67.0,R,Friday the 13th Collection,Lake; new jersey; drowning; summer camp; sadism; villain; woods; revenge; murder; stalking; serial killer; cabin; camp; slasher; summer; series of murders; 1950s; teenager,Sean S. Cunningham,1980.0,Horror,6 nominations total,95.0,1980.0,Betsy Palmer,Adrienne King | Betsy Palmer | Jeannine Taylor,Camp counselors are stalked and murdered by an unknown assailant while trying to reopen a summer camp that was the site of a child's drowning.,166031.0,tt0080761,4488.0,Vudu,https://image.tmdb.org/t/p/w500/uGGpnWHOmWTARVN9wbC1nPxNgps.jpg
Friday the 13th Part 2,V0234,6.1,33.0,R,Friday the 13th Collection,New jersey; summer camp; psychopath; sequel; woods; mysterious man; revenge; serial killer; slasher; summer; massacre; series of murders; death of mother; teenager,Steve Miner,1981.0,Horror | Thriller,3 nominations total,86.0,1981.0,Amy Steel,Adrienne King | Amy Steel | John Furey,"Five years after the horrible bloodbath at Camp Crystal Lake, new counselors roam the area, not sensing the ominous lurking presence that proves that the grisly legend is real.",82361.0,tt0082418,9725.0,Vudu,https://image.tmdb.org/t/p/w500/92rGctBMTv4uaSlIBVnhz01kRWL.jpg
Friday the 13th Part 3: The Memoriam Documentary,V0235,7.1,,,,,Kevin R. Phipps,2017.0,Documentary,,40.0,2017.0,Paul Kratka,Larry Zerner | Paul Kratka | Tracie Savage,"Take a look behind the scenes of Friday the 13th Part 3D with host, Paul Kratka, in this insightful fan driven documentary featuring untold stories and interviews with several franchise favorites, never-before-seen location footage and set photography, as well as a touching look back on the life of Richard Brooker.",56.0,tt3756302,498334.0,Vudu,https://image.tmdb.org/t/p/w500/9FgJl616OIQ7D7r81dhNnlw2G2A.jpg
Friday the 13th: The Final Chapter,V0236,6.0,22.0,R,Friday the 13th Collection,Lake; new jersey; sadism; psychopath; morgue; resurrection; sequel; woods; slaughter; serial killer; slasher; series of murders; hitchhiking; supernatural horror; absurd; amused; ghoulish,Joseph Zito,1984.0,Horror | Thriller,2 nominations,91.0,1984.0,Judie Aronson,Joan Freeman | Judie Aronson | Kimberly Beck,"After his revival in a hospital morgue, Jason fixes his vengeful attention on the Jarvis family and a group of hitherto carefree teenagers.",61443.0,tt0087298,9730.0,Vudu,https://image.tmdb.org/t/p/w500/1J7zudfR3VLPwAf9lK5YPfSu0n6.jpg
Frozen,V0237,7.4,89.0,PG,,Cold; wolf; mountain; animal attack; girlfriend; stranded; snow; best friend; boyfriend; ski resort; ski lift; eaten alive; hypothermia; frostbite; cable car; eaten by animal; skier; stuck; wolves; life or death; natural horror,Adam Green,2010.0,Thriller,2 wins & 5 nominations total,93.0,2010.0,Emma Bell,Emma Bell | Kevin Zegers | Shawn Ashmore,"When three skiers find themselves stranded on a chair lift at a New England ski resort that has closed for the next week, they are forced to make life or death choices that prove to be more perilous than staying put and freezing to death.",686777.0,tt1323045,44363.0,iTunes,https://image.tmdb.org/t/p/w500/2J3URUnDrIpNvh0uVqINQvr4HhW.jpg
Frozen II,V0238,6.8,77.0,PG,Frozen Collection,Princess; magic; kingdom; winter; queen; castle; musical; sequel; dam; spirit; aftercreditsstinger; frozen; personification; thoughtful; mother daughter relationship; compassionate,"Jennifer Lee, Chris Buck",2019.0,Adventure | Animation | Comedy | Family | Fantasy,Nominated for 1 Oscar. 19 wins & 95 nominations total,103.0,2019.0,Kristen Bell,Idina Menzel | Josh Gad | Kristen Bell,"Elsa, Anna, Kristoff and Olaf head far into the forest to learn the truth about an ancient mystery of their kingdom.",206867.0,tt4520988,330457.0,iTunes,https://image.tmdb.org/t/p/w500/mINJaa34MtknCYl5AjtNJzWj8cD.jpg
Furiosa: A Mad Max Saga,V0239,7.5,90.0,R,Mad Max Collection,Chase; post-apocalyptic future; warlord; prequel; wasteland; spin off; struggle for survival; desert; tyrant; tyranny; masculinity; grim; revenge murderer; mother daughter relationship; child abduction; car; brisk,George Miller,2024.0,Action | Adventure | Science Fiction,26 wins & 128 nominations total,149.0,2024.0,Anya Taylor-Joy,Anya Taylor-Joy | Chris Hemsworth | Tom Burke,"As the world falls, young Furiosa is snatched from the Green Place of Many Mothers into the hands of a great biker horde led by the warlord Dementus. Sweeping through the wasteland, they encounter the citadel presided over by Immortan Joe. The two tyrants wage war for dominance, and Furiosa must survive many trials as she puts together the means to find her way home.",280028.0,tt12037194,786892.0,iTunes,https://image.tmdb.org/t/p/w500/iADOJ8Zymht2JPMoy3R7xceZprc.jpg
Furious 7,V0240,7.224,,,,,Not Found,2015.0,Action | Crime | Thriller,,137.0,2015.0,,,Deckard Shaw seeks revenge against Dominic Toretto and his family for his comatose brother.,10939.0,,,iTunes,https://m.media-amazon.com/images/M/MV5BMTQxOTA2NDUzOV5BMl5BanBnXkFtZTgwNzY2MTMxMzE@._V1_SX300.jpg
G.I. Joe: Retaliation,V0241,5.7,29.0,PG-13,G.I. Joe (Live-Action) Collection,Rescue; assassin; technology; missile; warhead; president; conspiracy; explosion; battle; surveillance; cobra,Jon M. Chu,2013.0,Action | Adventure | Science Fiction | Thriller,1 win & 12 nominations total,110.0,2013.0,Dwayne Johnson,Bruce Willis | Dwayne Johnson | Jonathan Pryce,"Framed for crimes against the country, the G.I. Joe team is terminated by Presidential order. This forces the G.I. Joes into not only fighting their mortal enemy Cobra; they are forced to contend with threats from within the government that jeopardize their very existence.",189653.0,tt1583421,72559.0,iTunes,https://image.tmdb.org/t/p/w500/nZKk8XA0VrvRSdMQvBAF5Nzniwo.jpg
G.I. Joe: The Rise of Cobra,V0242,5.7,33.0,PG-13,G.I. Joe (Live-Action) Collection,Government; technology; hostage; laser; warhead; president; revenge; murder; attack; terrorism; explosion; scientist; evil; cobra; 2020s,Stephen Sommers,2009.0,Action | Adventure | Science Fiction | Thriller,3 wins & 16 nominations total,118.0,2009.0,Adewale Akinnuoye-Agbaje,Adewale Akinnuoye-Agbaje | Christopher Eccleston | Lee Byung-hun,"From the Egyptian desert to deep below the polar ice caps, the elite G.I. JOE team uses the latest in next-generation spy and military equipment to fight the corrupt arms dealer Destro and the growing threat of the mysterious Cobra organization to prevent them from plunging the world into chaos.",217068.0,tt1046173,14869.0,iTunes,https://image.tmdb.org/t/p/w500/wEr0FAAKPjlZ63i2WuuB2ge8OWv.jpg
Game Night,V0243,6.849,,,,,"John Francis Daley, Jonathan Goldstein",2018.0,"Action, Adventure, Comedy",,100.0,2018.0,Jason Bateman,,A group of friends who meet regularly for game nights find themselves entangled in a real-life mystery when the shady brother of one of them is seemingly kidnapped by dangerous gangsters.,6019.0,tt2704998,,iTunes,https://m.media-amazon.com/images/M/MV5BMjI3ODkzNDk5MF5BMl5BanBnXkFtZTgwNTEyNjY2NDM@._V1_SX300.jpg
Gangs of New York,V0244,7.316,,,,,Martin Scorsese,2002.0,"Crime, Drama",,167.0,2002.0,Leonardo DiCaprio,,"In 1862, Amsterdam Vallon returns to the Five Points area of New York City seeking revenge against Bill the Butcher; his father's killer.",6864.0,tt0217505,,iTunes,https://m.media-amazon.com/images/M/MV5BMTQ0MDA0MTUtYzkzMi00NDY3LThhZDEtNGM4MWUwYzMyZDk5XkEyXkFqcGc@._V1_SX300.jpg
Gemini Man,V0245,5.7,27.0,PG-13,,Hitman; clone; human cloning,Ang Lee,2019.0,Action | Adventure | Science Fiction | Thriller,1 win & 6 nominations total,117.0,2019.0,Will Smith,Clive Owen | Mary Elizabeth Winstead | Will Smith,"Henry Brogan is an elite 51-year-old assassin who's ready to call it quits after completing his 72nd job. His plans get turned upside down when he becomes the target of a mysterious operative who can seemingly predict his every move. To his horror, Brogan soon learns that the man who's trying to kill him is a younger, faster, cloned version of himself.",127514.0,tt1025100,453405.0,iTunes,https://image.tmdb.org/t/p/w500/uTALxjQU8e1lhmNjP9nnJ3t2pRU.jpg
Gentlemen Prefer Blondes,V0246,7.1,88.0,Approved,,France; diamond; parent child relationship; jewelry; revue girls; double wedding; musical; millionaire; showgirl; gold digger; sea cruise; 1950s; dumb blonde | Robbery; paris,Howard Hawks,1953.0,Comedy | Romance,1 nomination,91.0,1953.0,Jane Russell,Charles Coburn | Jane Russell | Marilyn Monroe,"Lorelei Lee is a beautiful showgirl engaged to be married to the wealthy Gus Esmond, much to the disapproval of Gus' rich father, Esmond Sr., who thinks that Lorelei is just after his money. When Lorelei goes on a cruise accompanied only by her best friend, Dorothy Shaw, Esmond Sr. hires Ernie Malone, a private detective, to follow her and report any questionable behavior that would disqualify her from the marriage.",44095.0,tt0045810,759.0,iTunes,https://image.tmdb.org/t/p/w500/fDozhst5HVJJcd3BM8ZOsKniO7Q.jpg
Geostorm,V0247,5.3,18.0,PG-13,,Future; artificial intelligence (a.i.); weather manipulation; end of the world; murder; space; conspiracy; disaster; apocalypse; storm; space station; space shuttle; catastrophe; disaster movie; global threat; environmental disaster; overpopulated world,Dean Devlin,2017.0,Action | Science Fiction | Thriller,1 win & 4 nominations total,109.0,2017.0,Gerard Butler,Alexandra Maria Lara | Gerard Butler | Jim Sturgess,"After an unprecedented series of natural disasters threatened the planet, the world's leaders came together to create an intricate network of satellites to control the global climate and keep everyone safe. But now, something has gone wrong: the system built to protect Earth is attacking it, and it becomes a race against the clock to uncover the real threat before a worldwide geostorm wipes out everything and everyone along with it.",125167.0,tt1981128,274855.0,iTunes,https://image.tmdb.org/t/p/w500/nrsx0jEaBgXq4PWo7SooSnYJTv.jpg
Get Him to the Greek,V0248,6.3,72.0,R,,California; aftercreditsstinger | England; concert; musician; los angeles | London,Nicholas Stoller,2010.0,Adventure | Comedy | Music,1 win & 14 nominations,109.0,2010.0,Jonah Hill,Jonah Hill | Rose Byrne | Russell Brand,"Pinnacle records has the perfect plan to get their sinking company back on track: a comeback concert in LA featuring Aldous Snow, a fading rockstar who has dropped off the radar in recent years. Record company intern Aaron Green is faced with the monumental task of bringing his idol, out of control rock star Aldous Snow, back to LA for his comeback show.",187186.0,tt1226229,32823.0,iTunes,https://image.tmdb.org/t/p/w500/6g0li87w8LIK77QRUtOkQkM6bD7.jpg
Get Out,V0249,7.8,98.0,R,,Kidnapping; externally controlled action; manipulation; dark comedy; hypnosis; parents-in-law; satire; racist; revenge; interracial relationship; disappearance; racism; psychological thriller; biting; blunt; neurosurgeon; missing person; stereotype; brain surgery; satirical; race-conscious; dreary,Jordan Peele,2017.0,Horror | Mystery | Thriller,Won 1 Oscar. 154 wins & 214 nominations total,104.0,2017.0,Daniel Kaluuya,Allison Williams | Catherine Keener | Daniel Kaluuya,"Chris and his girlfriend Rose go upstate to visit her parents for the weekend. At first, Chris reads the family's overly accommodating behavior as nervous attempts to deal with their daughter's interracial relationship, but as the weekend progresses, a series of increasingly disturbing discoveries lead him to a truth that he never could have imagined.",758140.0,tt5052448,419430.0,iTunes,https://image.tmdb.org/t/p/w500/tFXcEccSQMf3lfhfXKSU9iRBpa3.jpg
Ghost,V0250,7.1,75.0,PG-13,,Fortune teller; corruption; afterlife; money transfer; money laundering; pottery; hell; heaven; murder; death; ghost; spiritism,Jerry Zucker,1990.0,Drama | Fantasy | Mystery | Romance | Thriller,Won 2 Oscars. 18 wins & 24 nominations total,126.0,1990.0,Patrick Swayze,Demi Moore | Patrick Swayze | Whoopi Goldberg,"After a young man is murdered, his spirit stays behind to warn his lover of impending danger, with the help of a reluctant psychic.",245258.0,tt0099653,251.0,iTunes,https://image.tmdb.org/t/p/w500/w9RaPHov8oM5cnzeE27isnFMsvS.jpg
Ghost in the Shell,V0251,6.3,43.0,PG-13,Ghost in the Shell Collection,Android; man vs machine; artificial intelligence (a.i.); computer virus; cyborg; dystopia; implantat; fugitive; female protagonist; cyberpunk; based on manga; adult animation; tech noir; anime; philosophical,Mamoru Oshii,1995.0,Action | Animation | Science Fiction,5 wins & 7 nominations total,83.0,1995.0,Atsuko Tanaka,Akio Otsuka | Atsuko Tanaka | Iemasa Kayumi,"In the year 2029, the barriers of our world have been broken down by the net and by cybernetics, but this brings new vulnerability to humans in the form of brain-hacking. When a highly-wanted hacker known as 'The Puppetmaster' begins involving them in politics, Section 9, a group of cybernetically enhanced cops, are called in to investigate and stop the Puppetmaster.",233381.0,tt0113568,9323.0,iTunes,https://image.tmdb.org/t/p/w500/9gC88zYUBARRSThcG93MvW14sqx.jpg
Ghostbusters,V0252,7.8,95.0,PG,Ghostbusters Collection,New york city; environmental protection agency; library; supernatural; paranormal phenomena; loser; slime; gatekeeper; nerd; giant monster; haunting; hybrid; possession; mythology; horror spoof; paranormal investigation; urban setting; super power; receptionist; blunt; world trade center; ghost; duringcreditsstinger; satirical; ghostbusters; witty; amused; enchant,Ivan Reitman,1984.0,Comedy | Fantasy,Nominated for 2 Oscars. 9 wins & 9 nominations total,107.0,1984.0,Bill Murray,Bill Murray | Dan Aykroyd | Sigourney Weaver,"After losing their academic posts at a prestigious university, a team of parapsychologists goes into business as proton-pack-toting ""ghostbusters"" who exterminate ghouls, hobgoblins and supernatural pests of all stripes. An ad campaign pays off when a knockout cellist hires the squad to purge her swanky digs of demons that appear to be living in her refrigerator.",470088.0,tt0087332,620.0,iTunes,https://image.tmdb.org/t/p/w500/7E8nLijS9AwwUEPu2oFYOVKhdFA.jpg
Ghostbusters,V0253,5.347,,,,Female friendship; ghost hunting; reboot; ghost,Paul Feig,2016.0,"Action, Comedy, Fantasy",,117.0,1984.0,Melissa McCarthy,,"Following a ghost invasion of Manhattan, paranormal enthusiasts Erin Gilbert and Abby Yates, nuclear engineer Jillian Holtzmann, and subway worker Patty Tolan band together to stop the otherworldly threat.",6591.0,tt1289401,43074.0,iTunes,https://image.tmdb.org/t/p/w500/wJmWliwXIgZOCCVOcGRBhce7xPS.jpg
Ghostbusters II,V0254,6.6,55.0,PG,Ghostbusters Collection,New year's eve; new york city; painting; supernatural; ghostbuster; paranormal phenomena; slime; mythology; reincarnation; product placement; crude humor; single mother; paranormal investigation; old flame; courtroom; urban setting; book store; chrysler building; ghost; river of slime; revolving door; occult research; ghostbusters; absurd; amused,Ivan Reitman,1989.0,Comedy | Fantasy,2 wins & 1 nomination total,108.0,1989.0,Bill Murray,Bill Murray | Dan Aykroyd | Sigourney Weaver,"Having lost their status and credibility five years after covering New York City with gooey roasted marshmallows in Ghostbusters (1984), the city's former heroes and once-popular spirit-hunters struggle to keep afloat, forced to work odd jobs. However, when Dana and her baby have yet another terrifying encounter with the paranormal, it is up to Peter Venkman and his fearless team of supernatural crime fighters to step up and save the day. Once more, humankind is in danger, as rivers of slimy psycho-reactive ectoplasm, paired with the dreadful manifestation of evil sixteenth-century tyrant Vigo the Carpathian, threaten to plunge the entire city into darkness. Is the world ready to believe? Can the Ghostbusters save us for the second time?",232450.0,tt0097428,2978.0,iTunes,https://image.tmdb.org/t/p/w500/yObYPMA58DnTMvJooFW7GG6jWAt.jpg
Ghostbusters: Afterlife,V0255,7.0,63.0,PG-13,Ghostbusters Collection,Small town; afterlife; ghostbuster; nostalgia; sequel; ghost; nostalgic; aftercreditsstinger; duringcreditsstinger; dead grandfather; ancient evil; otherworldly beings; paranormal events; father absence; ghostbusters; cliché,Jason Reitman,2021.0,Adventure | Comedy | Fantasy | Science Fiction,Nominated for 1 BAFTA Award1 win & 21 nominations total,124.0,2021.0,Mckenna Grace,Carrie Coon | Finn Wolfhard | Mckenna Grace,"When single mom Callie and her two kids Trevor and Phoebe arrive in a small Oklahoma town, they begin to discover their connection to the original Ghostbusters and the secret legacy their grandfather left behind.",232961.0,tt4513678,425909.0,iTunes,https://image.tmdb.org/t/p/w500/sg4xJaufDiQl7caFEskBtQXfD4x.jpg
Gladiator,V0256,8.5,80.0,R,,Chicago | Illinois; sports; boxer; fistfight; tournament; racial tension; boxing,Rowdy Herrington,1992.0,Action | Drama,,101.0,1992.0,James Marshall,Cuba Gooding Jr. | James Marshall | T.E. Russell,"Tommy Riley has moved with his dad to Chicago from a 'nice place'. He keeps to himself, goes to school. However, after a street fight he is noticed and quickly falls into the world of illegal underground boxing - where punches can kill.",1728425.0,tt0104346,16219.0,iTunes,https://image.tmdb.org/t/p/w500/w0YjBWVfu689txEXZG3xa4Aev3i.jpg
Glass,V0257,6.6,37.0,PG-13,,Pennsylvania; superhero; villain; sequel; psychiatric hospital; comic book shop; super power; mental illness; macabre; multiple personality; mysterious; dissociative identity disorder; surveillance specialist; ominous | Philadelphia,M. Night Shyamalan,2019.0,Drama | Science Fiction | Thriller,2 wins & 15 nominations total,129.0,2019.0,James McAvoy,Bruce Willis | James McAvoy | Samuel L. Jackson,"In a series of escalating encounters, former security guard David Dunn uses his supernatural abilities to track Kevin Wendell Crumb, a disturbed man who has twenty-four personalities. Meanwhile, the shadowy presence of Elijah Price emerges as an orchestrator who holds secrets critical to both men.",291832.0,tt6823368,450465.0,iTunes,https://image.tmdb.org/t/p/w500/svIDTNUoajS8dLEo7EosxvyAsgJ.jpg
Glengarry Glen Ross,V0258,7.7,95.0,R,,Estate agent; robbery; office; shop; betrayal; contest; cowardliness; real estate; aggressive; neo-noir; bleak; desperate; cutthroat; dreary; dialog driven; pressure,James Foley,1992.0,Crime | Drama | Mystery,Nominated for 1 Oscar. 8 wins & 14 nominations total,100.0,1992.0,Al Pacino,Al Pacino | Alec Baldwin | Jack Lemmon,"When an office full of real estate salesmen is given the news that all but the top two will be fired at the end of the week, the atmosphere begins to heat up. Shelley Levene, who has a sick daughter, does everything in his power to get better leads from his boss, John Williamson, but to no avail. When his coworker Dave Moss comes up with a plan to steal the leads, things get complicated for the tough-talking salesmen.",120290.0,tt0104348,9504.0,iTunes,https://image.tmdb.org/t/p/w500/nGZCeCfNseq1ee3cJLBp0rH0djT.jpg
Gods of Egypt,V0259,5.4,14.0,PG-13,,Rescue; egypt; fight; nile; mythology; god; thief; desert; ancient egypt; egyptian mythology; myth,Alex Proyas,2016.0,Action | Adventure | Fantasy,2 wins & 14 nominations total,127.0,2016.0,Nikolaj Coster-Waldau,Brenton Thwaites | Gerard Butler | Nikolaj Coster-Waldau,A common thief joins a mythical god on a quest through Egypt.,129709.0,tt2404233,205584.0,iTunes,https://image.tmdb.org/t/p/w500/hzH7fwaTyQNITLo40Hu3R7cVMqv.jpg
Godzilla,V0260,6.349,,,Godzilla Collection,California; hawaii; giant monster; tsunami; remake; prehistoric creature; golden gate bridge; dinosaur; kaiju; honolulu | Hawaii; disaster movie; global threat; animal horror; godzilla | Japan; monster; san francisco,Gareth Edwards,2014.0,"Action, Adventure, Sci-Fi",,123.0,1977.0,Aaron Taylor-Johnson,,"The world is beset by the appearance of monstrous creatures, but one of them may be the only one who can save humanity.",9424.0,tt0831387,124905.0,iTunes,https://image.tmdb.org/t/p/w500/zokD6uxR2iWfYM3Y84yGJvnNTK7.jpg
GoldenEye,V0261,7.2,80.0,PG-13,James Bond Collection,Computer virus; cuba; falsely accused; secret intelligence service; secret identity; secret base; kgb; satellite; special car; cossack; electromagnetic pulse; time bomb; st. petersburg | Russia; red army,Martin Campbell,1995.0,Action | Adventure | Thriller,Nominated for 2 BAFTA 2 wins & 8 nominations total,130.0,1995.0,Pierce Brosnan,Izabella Scorupco | Pierce Brosnan | Sean Bean,"When a powerful satellite system falls into the hands of Alec Trevelyan, AKA Agent 006, a former ally-turned-enemy, only James Bond can save the world from a dangerous space weapon that -- in one short pulse -- could destroy the earth! As Bond squares off against his former compatriot, he also battles Xenia Onatopp, an assassin who uses pleasure as her ultimate weapon.",276915.0,tt0113189,710.0,Vudu,https://image.tmdb.org/t/p/w500/z0ljRnNxIO7CRBhLEO0DvLgAFPR.jpg
Gone Girl,V0262,8.1,88.0,R,,Infidelity; based on novel or book; wife; marriage crisis; investigation; disappearance; psychological thriller; whodunit; blunt; missing person; psychotic; search party; criminal lawyer; mysterious; detached; murder suspect; missing wife; satirical; perspective; manipulative woman; playful; killed during sex; irreverent; antagonistic; audacious; wry,David Fincher,2014.0,Drama | Mystery | Thriller,Nominated for 1 Oscar. 64 wins & 188 nominations total,149.0,2014.0,Ben Affleck,Ben Affleck | Neil Patrick Harris | Rosamund Pike,"With his wife's disappearance having become the focus of an intense media circus, a man sees the spotlight turned on him when it's suspected that he may not be innocent.",1104943.0,tt2267998,210577.0,iTunes,https://image.tmdb.org/t/p/w500/ts996lKsxvjkO2yiYG0ht4qAicO.jpg
Good Will Hunting,V0263,8.3,97.0,R,,Boston | Massachusetts; mathematics; genius; male friendship; flashback; psychologist; janitor; dating; courtroom; group of friends; southie; thoughtful; college professor; philosophical; prodigy; math genius; inspirational; foster kid; fear of change; abused as a child; massachusetts institute of technology (mit); math professor,Gus Van Sant,1997.0,Drama,Won 2 Oscars. 25 wins & 61 nominations total,127.0,1997.0,Matt Damon,Ben Affleck | Matt Damon | Robin Williams,"Headstrong yet aimless, Will Hunting has a genius-level IQ but chooses to work as a janitor at MIT. When he secretly solves highly difficult graduate-level math problems, his talents are discovered by Professor Gerald Lambeau, who decides to help the misguided youth reach his potential. When Will is arrested for attacking a police officer, Professor Lambeau makes a deal to get leniency for him if he gets court-ordered therapy. Eventually, therapist Dr. Sean Maguire helps Will confront the demons that are holding him back.",1132382.0,tt0119217,489.0,iTunes,https://image.tmdb.org/t/p/w500/z2FnLKpFi1HPO7BEJxdkv6hpJSU.jpg
Goosebumps 2,V0264,5.6,48.0,PG,Goosebumps Collection,Halloween; sequel; based on children's book; glasses; horror for children; ventriloquist's dummy,Ari Sandel,2018.0,Comedy | Fantasy | Horror,,90.0,2018.0,,,"Be careful what you wish for. With their after school junk business, best friends Sonny and Sam hope to find treasure in other people’s trash. But when cleaning out the old Stine house, they open a locked book that frees a supernatural nightmare – Slappy! Now, with the help of Sonny’s sister Sarah, they’re in a race against time to get the sinister dummy and all the creatures he’s brought to life back into the pages before he unleashes total pandemonium!",25011.0,tt5664636,442062.0,iTunes,https://image.tmdb.org/t/p/w500/t2wy38iiMpB8WsgJi3lYeDnGh2H.jpg
Gran Turismo: Based on a True Story,V0265,7.7,,,,Sports; based on true story; racing; based on video game; duringcreditsstinger; exhilarated,Neill Blomkamp,2023.0,Action | Adventure | Drama,,135.0,2023.0,,,The ultimate wish-fulfillment tale of a teenage Gran Turismo player whose gaming skills won him a series of Nissan competitions to become an actual professional racecar driver.,3098.0,tt4495098,980489.0,iTunes,https://image.tmdb.org/t/p/w500/51tqzRtKMMZEYUpSYkrUE7v9ehm.jpg
Gravity,V0266,7.7,96.0,PG-13,,Space mission; loss; space; astronaut; space station; trapped in space; inspirational; ambiguous; awestruck; euphoric; foreboding; tragic,Alfonso Cuarón,2013.0,Drama | Science Fiction | Thriller,Won 7 Oscars. 240 wins & 187 nominations total,91.0,2013.0,Sandra Bullock,Ed Harris | George Clooney | Sandra Bullock,"Dr. Ryan Stone, a brilliant medical engineer on her first Shuttle mission, with veteran astronaut Matt Kowalsky in command of his last flight before retiring. But on a seemingly routine spacewalk, disaster strikes. The Shuttle is destroyed, leaving Stone and Kowalsky completely alone-tethered to nothing but each other and spiraling out into the blackness of space. The deafening silence tells them they have lost any link to Earth and any chance for rescue. As fear turns to panic, every gulp of air eats away at what little oxygen is left. But the only way home may be to go further out into the terrifying expanse of space.",877210.0,tt1454468,49047.0,iTunes,https://image.tmdb.org/t/p/w500/kZ2nZw8D681aphje8NJi8EfbL1U.jpg
Grease,V0267,7.2,66.0,PG,Grease Collection,Australia; high school; flying car; california; jealousy; street gang; cheerleader; dance competition; carnival; musical; based on play or musical; rivalry; high school graduation; high school friends; tv show in film; gossip; makeover; clique; greaser; school dance; animated credits; pep rally; wrong side of the tracks; mooning; opposites attract; letterman jacket; girl gang; track and field; summer romance; 1950s; sweethearts; street racing; west side story; goody two shoes; rival gang; going steady; two-faced,Randal Kleiser,1978.0,Comedy | Romance,Nominated for 1 Oscar. 8 wins & 10 nominations total,110.0,1978.0,Olivia Newton-John,John Travolta | Olivia Newton-John | Stockard Channing,"Australian good girl Sandy and greaser Danny fell in love over the summer. But when they unexpectedly discover they're now in the same high school, will they be able to rekindle their romance despite their eccentric friends?",309050.0,tt0077631,621.0,iTunes,https://image.tmdb.org/t/p/w500/2rM7fQKpb7cs1Iq7IBqub9LFDzJ.jpg
Green Room,V0268,7.0,90.0,R,,Neo-nazism; swastika; escape; killing; heroin; self-defense; machete; gore; punk rock; oregon | Usa; cover-up; sociopath; survival; murder; tension; dead body; rock music; pitbull; hard to kill; thug; brutality; drugs; witness to murder; punk band; fire extinguisher; music tour; white supremacists; killer dog; eaten by animal; murder by gunshot; mic stand; guns; stabbed; brutal murder,Jeremy Saulnier,2016.0,Crime | Horror | Thriller,,95.0,2016.0,Anton Yelchin,Anton Yelchin | Imogen Poots | Patrick Stewart,A punk rock band is forced to fight for survival after witnessing an act of violence at a skinhead bar.,147910.0,tt4062536,313922.0,iTunes,https://image.tmdb.org/t/p/w500/evZicaR7nXe4LiD9G6QYTorcJGO.jpg
Gremlins,V0269,7.3,86.0,PG,The Gremlins Collection,Small town; monster; holiday; department store; pet; human animal relationship; bars and restaurants; sunlight; chain saw; salesperson; midnight; fur; gremlin; banking; ymca; puppet; puppetry; christmas; pets; absurd; hilarious; whimsical; enchant; joyful,Joe Dante,1984.0,Comedy | Fantasy | Horror,8 wins & 7 nominations total,106.0,1984.0,Zach Galligan,Hoyt Axton | Phoebe Cates | Zach Galligan,"When Billy Peltzer is given a strange but adorable pet named Gizmo for Christmas, he inadvertently breaks the three important rules of caring for a Mogwai, unleashing a horde of mischievous gremlins on a small town.",260454.0,tt0087363,927.0,iTunes,https://image.tmdb.org/t/p/w500/6m0F7fsXjQvUbCZrPWcJNrjvIui.jpg
Groundhog Day,V0270,8.0,94.0,PG,,Deja vu; groundhog; weather forecast; telecaster; pennsylvania | Usa; alarm clock; winter; time warp; holiday; time loop; magic realism; existentialism; groundhog day; february; hilarious; whimsical,Harold Ramis,1993.0,Comedy | Drama | Fantasy | Romance,Won 1 BAFTA Award7 wins & 17 nominations total,101.0,1993.0,Bill Murray,Andie MacDowell | Bill Murray | Chris Elliott,"A narcissistic TV weatherman, along with his attractive-but-distant producer, and his mawkish cameraman, is sent to report on Groundhog Day in the small town of Punxsutawney, where he finds himself repeating the same day over and over.",714340.0,tt0107048,137.0,iTunes,https://image.tmdb.org/t/p/w500/gCgt1WARPZaXnq523ySQEUKinCs.jpg
Guardians of the Galaxy,V0271,8.0,92.0,PG-13,Guardians of the Galaxy Collection,Spacecraft; based on comic; space; orphan; adventurer; aftercreditsstinger; duringcreditsstinger; marvel cinematic universe (mcu),James Gunn,2014.0,Action | Adventure | Science Fiction,Nominated for 2 Oscars. 52 wins & 103 nominations total,121.0,2014.0,Chris Pratt,Chris Pratt | Dave Bautista | Zoe Saldaña,"Light years from Earth, 26 years after being abducted, Peter Quill finds himself the prime target of a manhunt after discovering an orb wanted by Ronan the Accuser.",1313430.0,tt2015381,118340.0,iTunes,https://image.tmdb.org/t/p/w500/r7vmZjiyZw9rpJMQJdXpjgiCOk9.jpg
Guardians of the Galaxy Vol. 2,V0272,7.6,85.0,PG-13,Guardians of the Galaxy Collection,Superhero; based on comic; sequel; misfit; space; aftercreditsstinger; duringcreditsstinger; marvel cinematic universe (mcu); egotistical,James Gunn,2017.0,Action | Adventure | Science Fiction,Nominated for 1 Oscar. 15 wins & 60 nominations total,137.0,2017.0,Chris Pratt,Chris Pratt | Dave Bautista | Zoe Saldaña,The Guardians must fight to keep their newfound family together as they unravel the mysteries of Peter Quill's true parentage.,792363.0,tt3896198,283995.0,iTunes,https://image.tmdb.org/t/p/w500/y4MBh0EjBlMuOzv9axM4qJlmhzz.jpg
Guardians of the Galaxy Vol. 3,V0273,7.9,82.0,PG-13,Guardians of the Galaxy Collection,Hero; superhero; melancholy; mad scientist; based on comic; sequel; superhero team; space opera; raccoon; aftercreditsstinger; duringcreditsstinger; marvel cinematic universe (mcu); hopeless; cosmic; outer space; chosen family; lighthearted; hilarious; cheerful; disheartening; empathetic; enthusiastic; euphoric; hopeful; straightforward; sympathetic,James Gunn,2023.0,Action | Adventure | Comedy | Science Fiction,Nominated for 1 Oscar. 11 wins & 90 nominations total,150.0,2023.0,Chris Pratt,Chris Pratt | Dave Bautista | Zoe Saldaña,"Peter Quill, still reeling from the loss of Gamora, must rally his team around him to defend the universe along with protecting one of their own. A mission that, if not completed successfully, could quite possibly lead to the end of the Guardians as we know them.",424864.0,tt6791350,447365.0,iTunes,https://image.tmdb.org/t/p/w500/r2J02Z2OpNTctfOSN1Ydgii51I3.jpg
Hacksaw Ridge,V0274,8.1,84.0,R,,Japan; hero; world war ii; abusive father; affectation; pacifism; bible; gore; vegetarian; biography; based on true story; okinawa; conscientious objector; religion; soldier; alcoholic; war hero; pacifist; medic; us military; battle of okinawa; congressional medal of honor; amused; combat medic; weaponless; seventh-day adventists,Mel Gibson,2016.0,Drama | History | War,Won 2 Oscars. 57 wins & 115 nominations total,139.0,2016.0,Andrew Garfield,Andrew Garfield | Sam Worthington | Vince Vaughn,"WWII American Army Medic Desmond T. Doss, who served during the Battle of Okinawa, refuses to kill people and becomes the first Conscientious Objector in American history to receive the Congressional Medal of Honor.",630865.0,tt2119532,324786.0,iTunes,https://image.tmdb.org/t/p/w500/wuz8TjCIWR2EVVMuEfBnQ1vuGS3.jpg
"Hail, Caesar!",V0275,6.3,86.0,PG-13,,Journalist; ransom; cat; kidnapping; ancient rome; film in film; disappearance; hollywood; whodunit; period drama; filmmaking; movie star; 1950s; old hollywood; farcical; frustrated,"Joel Coen, Ethan Coen",2016.0,Comedy | Crime | Drama | Mystery,Nominated for 1 Oscar. 14 wins & 44 nominations total,106.0,2016.0,Josh Brolin,Alden Ehrenreich | George Clooney | Josh Brolin,"When a Hollywood star mysteriously disappears in the middle of filming, the studio sends their fixer to get him back.",145800.0,tt0475290,270487.0,iTunes,https://image.tmdb.org/t/p/w500/ozY79UvbYvJUWFg2UCM1CDQ7rBl.jpg
Hall Pass,V0276,5.9,33.0,R,,Husband wife relationship; freedom; marriage; daydream; friends; aftercreditsstinger; duringcreditsstinger,"Bobby Farrelly, Peter Farrelly",2011.0,Comedy | Romance,,105.0,2011.0,Owen Wilson,Jason Sudeikis | Jenna Fischer | Owen Wilson,"When best buds Rick and Fred begin to show signs of restlessness at home, their wives take a bold approach to revitalize their marriages, they grant the guys a 'hall pass'—one week of freedom to do whatever they want. At first, it seems like a dream come true, but they quickly discover that their expectations of the single life—and themselves—are completely and hilariously out of sync with reality.",133489.0,tt0480687,48988.0,iTunes,https://image.tmdb.org/t/p/w500/eol3uD6whQKOKCmmhF7z39fq2Pe.jpg
Halloween,V0277,7.6,,,,,David Gordon Green,2018.0,"Crime, Drama, Horror",,0.0,1978.0,Jamie Lee Curtis,,"Laurie Strode confronts her long-time foe, Michael Myers, the masked figure who has haunted her since she narrowly escaped his killing spree on Halloween night four decades ago.",5878.0,tt1502407,1400676.0,iTunes,https://image.tmdb.org/t/p/w500/6GN0q5kDTlBe4OE7ftuCvlLlrbM.jpg
Halloween Kills (Extended Cut),V0278,6.436,,,Halloween Collection,Halloween; sequel; murder; vigilante; serial killer; hospital; slasher; murderer; killer; house fire; crime spree; vigilantism; escaped killer; murder spree; vigilante justice; holiday horror,David Gordon Green,2021.0,Horror | Thriller,,105.0,2021.0,,,"Michael manages to free himself from Laurie Strode's trap to resume his ritual bloodbath. As she fights for her life from injuries from their last encounter, she inspires her daughter Karen, her granddaughter Allyson, and all of Haddonfield to rise up against the unstoppable monster.",2784.0,tt10665338,610253.0,iTunes,https://image.tmdb.org/t/p/w500/4CclCDyQXBBgz62Qtp3CoflQE5g.jpg
Hancock,V0279,6.4,42.0,R,Hancock Collection,California; duringcreditsstinger; desperate | Love of one's life; flying; alcohol; advertising expert; superhero; pokies; forbidden love; lovers; invulnerability; affection; alcoholism; los angeles,Peter Berg,2008.0,Action | Fantasy,4 wins & 14 nominations total,92.0,2008.0,Will Smith,Charlize Theron | Jason Bateman | Will Smith,"Hancock is a down-and-out superhero who's forced to employ a PR expert to help repair his image when the public grows weary of all the damage he's inflicted during his lifesaving heroics. The agent's idea of imprisoning the antihero to make the world miss him proves successful, but will Hancock stick to his new sense of purpose or slip back into old habits?",524960.0,tt0448157,8960.0,iTunes,https://image.tmdb.org/t/p/w500/7DyuV2G0hLEqHeueDfOqhZ2DVut.jpg
Hansel & Gretel,V0280,0.0,,Not Rated,,,Ryszard Słapczyński,2013.0,Adventure | Animation | Family,,49.0,2013.0,Caz Adams,Caz Adams | Joanna Moore | Paul Johnstone,Hansel and Gretel is the tale of a brother and sister who are abandoned in a forest and are capture by a wicked witch.,0.0,tt1460002,117150.0,Vudu,https://image.tmdb.org/t/p/w500/qRs2MXV20SoWdn7pvMxx0TpNePT.jpg
Hansel & Gretel: Witch Hunters,V0281,6.1,,,,Witch; gun; black magic; troll; steampunk; witchcraft; evil; witch hunt; evil witch; duringcreditsstinger; nude swimming,Tommy Wirkola,2013.0,Action | Fantasy | Horror,,88.0,2013.0,,,"After getting a taste for blood as children, Hansel and Gretel have become the ultimate vigilantes, hell-bent on retribution. Now, unbeknownst to them, Hansel and Gretel have become the hunted, and must face an evil far greater than witches... their past.",6884.0,tt1428538,60304.0,iTunes,https://image.tmdb.org/t/p/w500/j343Rpj3WeNvP0SV80zveve70io.jpg
Happy Death Day,V0282,6.6,71.0,PG-13,Happy Death Day Collection,College; murder; time loop; young adult; college student; stabbed to death; appreciative; vibrant,Christopher Landon,2017.0,Comedy | Horror | Mystery,3 nominations total,97.0,2017.0,Jessica Rothe,Israel Broussard | Jessica Rothe | Ruby Modine,"Caught in a bizarre and terrifying time warp, college student Tree finds herself repeatedly reliving the day of her murder, ultimately realizing that she must identify the killer and the reason for her death before her chances of survival run out.",173018.0,tt5308322,440021.0,iTunes,https://image.tmdb.org/t/p/w500/cTaEIUYTt52ooq9quVbAQ7NpGwo.jpg
Happy Death Day 2U,V0283,6.2,72.0,PG-13,Happy Death Day Collection,Psychopath; college; sequel; murder; time loop; slasher; university; aftercreditsstinger; stabbed to death,Christopher Landon,2019.0,Comedy | Horror | Science Fiction,4 nominations total,100.0,2019.0,Jessica Rothe,Israel Broussard | Jessica Rothe | Ruby Modine,"Collegian Tree Gelbman wakes up in horror to learn that she's stuck in a parallel universe. Her boyfriend Carter is now with someone else, and her friends and fellow students seem to be completely different versions of themselves. When Tree discovers that Carter's roommate has been altering time, she finds herself once again the target of a masked killer. When the psychopath starts to go after her inner circle, Tree soon realizes that she must die over and over again to save everyone.",90458.0,tt8155288,512196.0,iTunes,https://image.tmdb.org/t/p/w500/4tdnePOkOOzwuGPEOAHp8UA4vqx.jpg
Hardcore Henry,V0284,6.7,51.0,R,,Martial arts; cyborg; gore; murder; found footage; levitation; terrorist group; moscow | Russia; first person view; good versus evil; experimental film,Ilya Naishuller,2015.0,Action | Adventure | Science Fiction,1 win & 1 nomination total,96.0,2015.0,Andrey Dementyev,Andrey Dementyev | Danila Kozlovsky | Sharlto Copley,"Henry, a newly resurrected cyborg who must save his wife/creator from the clutches of a psychotic tyrant with telekinetic powers, AKAN, and his army of mercenaries. Fighting alongside Henry is Jimmy, who is Henry's only hope to make it through the day. Hardcore Henry takes place over the course of one day, in Moscow, Russia.",104413.0,tt3072482,325348.0,iTunes,https://image.tmdb.org/t/p/w500/ik1uZyiMSxF9HqrgRKUNfMCfr3z.jpg
Harold & Kumar Go to White Castle,V0285,7.0,74.0,R,Harold & Kumar Collection,Netherlands; road trip; cannabis; pot smoking; marijuana; police chase; east asian lead; buddy; stoner; fast food; one night; buddy comedy; munchies; crop circle; rich parents; car siren; blood spurting | Sibling relationship; new jersey; amsterdam,Danny Leiner,2004.0,Adventure | Comedy,3 nominations total,88.0,2004.0,John Cho,John Cho | Kal Penn | Paula Garcés,"Nerdy accountant Harold and his irrepressible friend, Kumar, get stoned watching television and find themselves utterly bewitched by a commercial for White Castle. Convinced there must be one nearby, the two set out on a late-night odyssey that takes them deep into New Jersey. Somehow, the boys manage to run afoul of rednecks, cops and even a car-stealing Neil Patrick Harris before getting anywhere near their beloved sliders.",209779.0,tt0366551,11282.0,iTunes,https://image.tmdb.org/t/p/w500/5vO7R4xYlDipTp8gzfRbWegO8eb.jpg
Harry Potter and the Chamber of Secrets,V0286,7.4,82.0,PG,Harry Potter Collection,Witch; flying car; elves; magic; sword; diary; child hero; school of witchcraft; giant spider; black magic; giant snake; ghost; child driving car; wizard; aftercreditsstinger; christmas; based on young adult novel,Chris Columbus,2002.0,Adventure | Fantasy,Won 1 BAFTA Award14 wins & 50 nominations total,161.0,2002.0,Daniel Radcliffe,Daniel Radcliffe | Emma Watson | Rupert Grint,"Cars fly, trees fight back, and a mysterious house-elf comes to warn Harry Potter at the start of his second year at Hogwarts. Adventure and danger await when bloody writing on a wall announces: The Chamber Of Secrets Has Been Opened. To save Hogwarts will require all of Harry, Ron and Hermione’s magical abilities and courage.",719337.0,tt0295297,672.0,iTunes,https://image.tmdb.org/t/p/w500/sdEOH0992YZ0QSxgXNIGLq1ToUi.jpg
Harry Potter and the Deathly Hallows – Part 1,V0287,7.7,77.0,PG-13,Harry Potter Collection,England; corruption; escape; teleportation; isolation; magic; bravery; radio; road trip; shelter; tension; attack; werewolf; ghost; road movie; wizard; christmas; based on young adult novel | Witch; friendship; london,David Yates,2010.0,Adventure | Fantasy,,146.0,2011.0,,,"Harry, Ron and Hermione continue their quest to vanquish the evil Voldemort once and for all. Just as things begin to look hopeless for the young wizards, Harry discovers a trio of magical objects that endow him with powers to rival Voldemort's formidable skills.",628553.0,tt0926084,12444.0,iTunes,https://image.tmdb.org/t/p/w500/iGoXIpQb7Pot00EEdwpwPajheZ5.jpg
"Harry Potter and the Deathly Hallows, Part 1",V0288,7.7,77.0,PG-13,Harry Potter Collection,England; corruption; escape; teleportation; isolation; magic; bravery; radio; road trip; shelter; tension; attack; werewolf; ghost; road movie; wizard; christmas; based on young adult novel | Witch; friendship; london,David Yates,2010.0,Adventure | Fantasy,Nominated for 2 Oscars. 15 wins & 55 nominations total,146.0,2010.0,,,"Harry, Ron and Hermione walk away from their last year at Hogwarts to find and destroy the remaining Horcruxes, putting an end to Voldemort's bid for immortality. But with Harry's beloved Dumbledore dead and Voldemort's unscrupulous Death Eaters on the loose, the world is more dangerous than ever.",628553.0,tt0926084,12444.0,iTunes,https://image.tmdb.org/t/p/w500/iGoXIpQb7Pot00EEdwpwPajheZ5.jpg
"Harry Potter and the Deathly Hallows, Part 2",V0289,8.1,96.0,PG-13,Harry Potter Collection,Witch; dying and death; saving the world; self sacrifice; magic; school of witchcraft; sorcerer; school; battle; ghost; wizard; teenage hero; mysterious; christmas; based on young adult novel; good versus evil,David Yates,2011.0,Adventure | Fantasy,Nominated for 3 Oscars. 49 wins & 95 nominations total,130.0,2011.0,,,"Harry, Ron and Hermione continue their quest to vanquish the evil Voldemort once and for all. Just as things begin to look hopeless for the young wizards, Harry discovers a trio of magical objects that endow him with powers to rival Voldemort's formidable skills.",989213.0,tt1201607,12445.0,iTunes,https://image.tmdb.org/t/p/w500/c54HpQmuwXjHq2C9wmoACjxoom3.jpg
Harry Potter and the Goblet of Fire,V0290,7.7,88.0,PG-13,Harry Potter Collection,Witch; dying and death; based on novel or book; magic; boarding school; world cup; maze; mermaid; school of witchcraft; black magic; chosen one; sequel; vision; school; tournament; dragon; ghost; wizard; teenage hero; mysterious; christmas; based on young adult novel,Mike Newell,2005.0,Adventure | Fantasy,Nominated for 1 Oscar. 13 wins & 48 nominations total,157.0,2005.0,Daniel Radcliffe,Daniel Radcliffe | Emma Watson | Rupert Grint,"When Harry Potter's name emerges from the Goblet of Fire, he becomes a competitor in a grueling battle for glory among three wizarding schools—the Triwizard Tournament. But since Harry never submitted his name for the Tournament, who did? Now Harry must confront a deadly dragon, fierce water demons and an enchanted maze only to find himself in the cruel grasp of He Who Must Not Be Named.",712191.0,tt0330373,674.0,iTunes,https://image.tmdb.org/t/p/w500/fECBtHlr0RB3foNHDiCBXeg9Bv9.jpg
Harry Potter and the Half-Blood Prince,V0291,7.6,83.0,PG,Harry Potter Collection,England; magic; school of witchcraft; sequel; apparition; curse; teenage crush; school; werewolf; teenage love; luck; ghost; wizard; secret past; mysterious; christmas; based on young adult novel | Witch; dying and death; london,David Yates,2009.0,Adventure | Fantasy,Nominated for 1 Oscar. 9 wins & 39 nominations total,153.0,2009.0,Daniel Radcliffe,Daniel Radcliffe | Emma Watson | Rupert Grint,"As Lord Voldemort tightens his grip on both the Muggle and wizarding worlds, Hogwarts is no longer a safe haven. Harry suspects perils may even lie within the castle, but Dumbledore is more intent upon preparing him for the final battle fast approaching. Together they work to find the key to unlock Voldemorts defenses and to this end, Dumbledore recruits his old friend and colleague Horace Slughorn, whom he believes holds crucial information. Even as the decisive showdown looms, romance blossoms for Harry, Ron, Hermione and their classmates. Love is in the air, but danger lies ahead and Hogwarts may never be the same again.",616702.0,tt0417741,767.0,iTunes,https://image.tmdb.org/t/p/w500/z7uo9zmQdQwU5ZJHFpv2Upl30i1.jpg
Harry Potter and the Order of the Phoenix,V0292,7.5,78.0,PG-13,Harry Potter Collection,Witch; dying and death; court; magic; prophecy; loss of loved one; professor; supernatural; child hero; school of witchcraft; black magic; sorcery; occult; ghost; wizard; christmas; scholar; mystical land; ministry; based on young adult novel,David Yates,2007.0,Adventure | Fantasy,Nominated for 2 BAFTA 17 wins & 50 nominations total,138.0,2007.0,Daniel Radcliffe,Daniel Radcliffe | Emma Watson | Rupert Grint,"Returning for his fifth year of study at Hogwarts, Harry is stunned to find that his warnings about the return of Lord Voldemort have been ignored. Left with no choice, Harry takes matters into his own hands, training a small group of students to defend themselves against the dark arts.",663977.0,tt0373889,675.0,iTunes,https://image.tmdb.org/t/p/w500/5aOyriWkPec0zUDxmHFP9qMmBaj.jpg
Harry Potter and the Prisoner of Azkaban,V0293,7.9,91.0,PG,Harry Potter Collection,Witch; school friend; friendship; flying; magic; bus; traitor; child hero; school of witchcraft; black magic; time travel; school; best friend; werewolf; muggle; ghost; wizard; aftercreditsstinger; magical creature; night bus; teenage life; christmas; school class; based on young adult novel; magic spell,Alfonso Cuarón,2004.0,Adventure | Fantasy,Nominated for 2 Oscars. 17 wins & 56 nominations total,141.0,2004.0,Daniel Radcliffe,Daniel Radcliffe | Emma Watson | Rupert Grint,"Year three at Hogwarts means new fun and challenges as Harry learns the delicate art of approaching a Hippogriff, transforming shape-shifting Boggarts into hilarity and even turning back time. But the term also brings danger: soul-sucking Dementors hover over the school, an ally of the accursed He-Who-Cannot-Be-Named lurks within the castle walls, and fearsome wizard Sirius Black escapes Azkaban. And Harry will confront them all.",727285.0,tt0304141,673.0,iTunes,https://image.tmdb.org/t/p/w500/aWxwnYoe8p2d2fcxOqtvAtJ72Rw.jpg
Harry Potter and the Sorcerer's Stone,V0294,7.7,80.0,PG,Harry Potter Collection,England; based on novel or book; magic; boarding school; child hero; school of witchcraft; chosen one; school; ghost; fantasy world; wizard; based on young adult novel; owl; joyous; enchant | Witch; school friend; friendship; london,Chris Columbus,2001.0,Adventure | Fantasy,Nominated for 3 Oscars. 20 wins & 74 nominations total,152.0,2001.0,,,"Harry Potter has lived under the stairs at his aunt and uncle's house his whole life. But on his 11th birthday, he learns he's a powerful wizard—with a place waiting for him at the Hogwarts School of Witchcraft and Wizardry. As he learns to harness his newfound powers with the help of the school's kindly headmaster, Harry uncovers the truth about his parents' deaths—and about the villain who's to blame.",893116.0,tt0241527,671.0,iTunes,https://image.tmdb.org/t/p/w500/wuMc08IPKEatf9rnMNXvIDxqP4W.jpg
He's Just Not That Into You,V0295,6.4,42.0,PG-13,,Friendship; based on novel or book; married couple; relationship problems; relationship; extramarital affair; duringcreditsstinger; dating woes; single woman; interpersonal relationships; baltimore | Maryland,Ken Kwapis,2009.0,Comedy | Drama | Romance,1 win & 4 nominations total,129.0,2009.0,Ginnifer Goodwin,Ginnifer Goodwin | Jennifer Aniston | Justin Long,"Have you ever sat by the phone wondering why he said he would call, but didn't, or you can't figure out why she doesn't want to sleep with you anymore, or why your relationship just isn't going to the next level... they're just not that into you. Gigi just wants a man who says he'll call—and does—while Alex advises her to stop waiting by the phone. Beth wants a proposal after years of a committed relationship with her boyfriend, Neil, who sees nothing  wrong with the status quo. Janine's not sure if she can trust her husband, Ben, who can't quite trust himself around Anna. Anna can't decide between the sexy married guy, or her straightforward, no-sparks standby, Conor, who can't get over the fact that he can't have her. And Mary, who's found an entire network of loving, supportive men, just needs to find one who's straight.",187974.0,tt1001508,10184.0,iTunes,https://image.tmdb.org/t/p/w500/jip2ap24Y6JxEgzVRyNqyYssnyR.jpg
Hellboy,V0296,6.9,81.0,PG-13,Hellboy Collection,Nazi; sacrifice; superhero; paranormal phenomena; black magic; adoptive father; based on comic; steampunk; narration from grave; apocalypse; demon; supernatural creature; monolith; occult; super strength; father figure; reanimated corpse; duringcreditsstinger; other dimension; psychic powers; pyrokinesis,Guillermo del Toro,2004.0,Action | Fantasy,3 wins & 23 nominations total,122.0,2004.0,Ron Perlman,Doug Jones | Ron Perlman | Selma Blair,"In the final days of World War II, the Nazis attempt to use black magic to aid their dying cause. The Allies raid the camp where the ceremony is taking place, but not before they summon a baby demon who is rescued by Allied forces and dubbed ""Hellboy"". Sixty years later, Hellboy serves the cause of good rather than evil as an agent in the Bureau of Paranormal Research & Defense, along with Abe Sapien - a merman with psychic powers, and Liz Sherman - a woman with pyrokinesis, protecting America against dark forces.",360533.0,tt0167190,1487.0,iTunes,https://image.tmdb.org/t/p/w500/21hS8mD8uxBVvf8xVYR30LbbmPO.jpg
Her,V0297,7.846,,,,California; heartbreak; semi autobiographical; speculative; singularity; near future; serene; intimate; provocative; dramatic; sentimental; comforting; melodramatic; operating system | Future; artificial intelligence (a.i.); computer; satire; love; loneliness; transhumanism; los angeles,Spike Jonze,2013.0,"Drama, Romance, Sci-Fi",,126.0,2013.0,Joaquin Phoenix,,"In the near future, a lonely writer develops an unlikely relationship with an operating system designed to meet his every need.",14742.0,tt1798709,152601.0,iTunes,https://image.tmdb.org/t/p/w500/eCOtqtfvn7mxGl6nfmq4b1exJRc.jpg
Hercules,V0298,5.789,,,,Killing; mercenary; past; based on comic; battle; ancient greece; hercules; peplum; warrior; sagen; 4th century bc,Brett Ratner,2014.0,"Action, Adventure, Fantasy",,98.0,1983.0,Dwayne Johnson,,"Having endured his legendary twelve labors, Hercules, the Greek demigod, has his life as a sword-for-hire tested when the King of Thrace and his daughter seek his aid in defeating a tyrannical warlord.",4186.0,tt1267297,184315.0,iTunes,https://image.tmdb.org/t/p/w500/5X3VOy9lD44VclKsWTi8gHZGjhL.jpg
Hereditary,V0299,7.3,90.0,R,,Daughter; funeral; loss of loved one; ritual; supernatural; possession; cult; dysfunctional family; murder; family drama; fear; demon; attic; evil; ritual murder; demonic possession; satanic ritual; dollhouse; satanic cult; séance; matriarch; miniatures; coven; didactic; sinister,Ari Aster,2018.0,Horror | Mystery | Thriller,52 wins & 113 nominations total,128.0,2018.0,Toni Collette,Alex Wolff | Gabriel Byrne | Toni Collette,"Following the death of the Leigh family matriarch, Annie and her children uncover disturbing secrets about their heritage. Their daily lives are not only impacted, but they also become entangled in a chilling fate from which they cannot escape, driving them to the brink of madness.",413722.0,tt7784604,493922.0,Vudu,https://image.tmdb.org/t/p/w500/4GFPuL14eXi66V96xBWY73Y9PfR.jpg
Hidden Figures,V0300,7.8,93.0,PG,,Nasa; mathematics; sexism; biography; racial segregation; racism; historical fiction; scientist; space race; discrimination; 1960s; space program; african american history; apologetic; arrogant; authoritarian; callous; condescending; disrespectful; earnest; frustrated,Theodore Melfi,2016.0,Drama | History,Nominated for 3 Oscars. 37 wins & 94 nominations total,127.0,2016.0,Taraji P. Henson,Janelle Monáe | Octavia Spencer | Taraji P. Henson,"The untold story of Katherine G. Johnson, Dorothy Vaughan and Mary Jackson – brilliant African-American women working at NASA and serving as the brains behind one of the greatest operations in history – the launch of astronaut John Glenn into orbit. The visionary trio crossed all gender and race lines to inspire generations to dream big.",273146.0,tt4846340,381284.0,iTunes,https://image.tmdb.org/t/p/w500/9lfz2W2uGjyow3am00rsPJ8iOyq.jpg
High Life,V0301,5.7,83.0,R,,Robbery; drug addiction; addicted; armored car; addiction; morphine; addict; armed robbery,Gary Yates,2009.0,Comedy | Crime,2 wins & 6 nominations total,80.0,2009.0,Timothy Olyphant,Rossif Sutherland | Stephen Eric McIntyre | Timothy Olyphant,"It's 1983, and hopeless junkie Dick gets an unwelcome visit from the past - his seriously sleazy former cellmate, Bug, to be precise. Bug requires a crash course in the 80s: different music, different drugs, and machines in walls that dispense money. The latter development gives Dick an idea.",43572.0,tt1143110,29388.0,iTunes,https://image.tmdb.org/t/p/w500/alzUTGTbpA204di5WSIWlBKdjbl.jpg
Hocus Pocus,V0302,6.9,41.0,PG,Hocus Pocus Collection,Massachusetts; aftercreditsstinger; duringcreditsstinger | Witch; high school; sibling relationship; halloween; resurrection; sister; sequel; zombie; salem,Anne Fletcher,2022.0,Comedy | Family | Fantasy,Nominated for 3 Primetime Emmys. 2 wins & 18 nominations total,107.0,2022.0,,,"29 years since the Black Flame Candle was last lit, the 17th-century Sanderson sisters are resurrected, and they are looking for revenge. Now it's up to three high school students to stop the ravenous witches from wreaking a new kind of havoc on Salem before dawn on All Hallow's Eve.",164309.0,tt11909878,642885.0,iTunes,https://image.tmdb.org/t/p/w500/7ze7YNmUaX81ufctGqt0AgHxRtL.jpg
Holiday Inn,V0303,7.3,100.0,Approved,,New year's eve; dancing; holiday; show business; musical; connecticut; singing; inn; song and dance; blackface; dance team; christmas; romantic rival; white christmas,Mark Sandrich,1942.0,Comedy | Drama | Romance,Won 1 Oscar. 3 wins & 2 nominations total,101.0,1942.0,Bing Crosby,Bing Crosby | Fred Astaire | Marjorie Reynolds,"Lovely Linda Mason has crooner Jim Hardy head over heels, but suave stepper Ted Hanover wants her for his new dance partner after fickle Lila Dixon gives him the brush. Jim's supper club, Holiday Inn, is the setting for the chase by Hanover and his manager.",18758.0,tt0034862,13485.0,iTunes,https://image.tmdb.org/t/p/w500/7eZzwqLM1w1Mljg60rzB1zr27lu.jpg
Holmes & Watson,V0304,3.9,10.0,PG-13,,,José Luis Garci,2012.0,Crime | Drama | Mystery | Thriller,1 win & 1 nomination,131.0,2012.0,,,Film based on the characters of the English writer Arthur Conan Doyle. It tells a hypothetical meeting in Madrid between the legendary detective Sherlock Holmes and Jack the Ripper.,40210.0,tt2108535,122191.0,iTunes,https://image.tmdb.org/t/p/w500/w4TJg8msU8qd3YFzvGXOPnZMsle.jpg
Home Alone,V0305,7.7,66.0,PG,Home Alone Collection,Burglar; holiday; home; alone; family relationships; slapstick comedy; little boy; home invasion; precocious child; booby trap; home alone; suburban chicago; mischievous child; aggressive; christmas; kids on their own; child rescue; burglars; cheerful; wet bandits,Chris Columbus,1990.0,Comedy | Family,Nominated for 2 Oscars. 12 wins & 7 nominations total,103.0,1990.0,Macaulay Culkin,Daniel Stern | Joe Pesci | Macaulay Culkin,"Eight-year-old Kevin McCallister makes the most of the situation after his family unwittingly leaves him behind when they go on Christmas vacation. When thieves try to break into his home, he puts up a fight like no other.",691886.0,tt0099785,771.0,iTunes,https://image.tmdb.org/t/p/w500/i5We88HdO9Nsrv8xLyo4toNsLUM.jpg
Homefront,V0306,6.944,,,,Drug dealer; daughter; based on novel or book; police; parent child relationship; police operation; ex-cop; bayou; rural area; undercover cop; drug dealing; motorcycle gang; drugs; revenge motive,Gary Fleder,2013.0,"Action, Crime, Thriller",,100.0,2013.0,Jason Statham,,"A former DEA agent moves his family to a quiet town, where he soon tangles with a local meth druglord.",3646.0,tt2312718,204082.0,iTunes,https://image.tmdb.org/t/p/w500/6pF8D9bDIAmuHgCqGKEfuNWRQam.jpg
Hook,V0307,6.8,29.0,PG,,Rescue; daughter; flying; swordplay; sword; fairy tale; peter pan; memory loss; duel; pirate; hook; hook for a hand; reflective; playful; grand,Steven Spielberg,1991.0,Adventure | Comedy | Family | Fantasy,Nominated for 5 Oscars. 6 wins & 24 nominations total,141.0,1991.0,Dustin Hoffman,Dustin Hoffman | Julia Roberts | Robin Williams,"The boy who wasn't supposed to grow up—Peter Pan—does just that, becoming a soulless corporate lawyer whose workaholism could cost him his wife and kids. During his trip to see Granny Wendy in London, the vengeful Capt. Hook kidnaps Peter's kids and forces Peter to return to Neverland.",281972.0,tt0102057,879.0,iTunes,https://image.tmdb.org/t/p/w500/a6rB1lGXoGms7gWxRfJneQmAjNV.jpg
Horrible Bosses,V0308,6.9,69.0,R,Horrible Bosses Collection,Bad boss; employee; death of father; stakeout; questioning; duringcreditsstinger; anxious; egotistical; bold,Seth Gordon,2011.0,Comedy | Crime,3 wins & 14 nominations total,98.0,2011.0,Jason Bateman,Charlie Day | Jason Bateman | Jason Sudeikis,"For Nick, Kurt and Dale, the only thing that would make the daily grind more tolerable would be to grind their intolerable bosses into dust. Quitting is not an option, so, with the benefit of a few-too-many drinks and some dubious advice from a hustling ex-con, the three friends devise a convoluted and seemingly foolproof plan to rid themselves of their respective employers... permanently.",478871.0,tt1499658,51540.0,iTunes,https://image.tmdb.org/t/p/w500/uQkUwgyFHAm0jGQERPG6Z9o9Zbj.jpg
Horton Hears a Who!,V0309,6.8,79.0,G,,Rescue; elephant; jungle; dr. seuss; who; cartoon elephant,Steve Martino,2008.0,Adventure | Animation | Comedy | Family | Fantasy,1 win & 18 nominations total,86.0,2008.0,Jim Carrey,Carol Burnett | Jim Carrey | Steve Carell,"The classic and beloved story from Dr. Seuss is now a CG animated film from 20th Century Fox Animation, the makers of the Ice Age films. An imaginative elephant named Horton (Jim Carrey) hears a faint cry for help coming from a tiny speck of dust floating through the air. Horton suspects there may be life on that speck and despite a surrounding community, which thinks he has lost his mind, he is determined to save the tiny particle! Jim Carrey and Steve Carell lead an all-star cast in bringing this wonderful family picture to life!",153731.0,tt0451079,12222.0,Vudu,https://image.tmdb.org/t/p/w500/6k47Z3A5zI2rxubTMwiLyIqQLLr.jpg
Hot Tub Time Machine,V0310,6.0,,,,,Not Found,2010.0,Adventure | Comedy | Science Fiction,,99.0,2010.0,,,"Four pals are stuck in a rut in adulthood: Adam has just been dumped, Lou is a hopeless party animal, Nick is a henpecked husband, and Jacob does nothing but play video games in his basement. But they get a chance to brighten their future by changing their past after a night of heavy drinking in a ski-resort hot tub results in their waking up in 1986.",2584.0,,,iTunes,https://m.media-amazon.com/images/M/MV5BMTQwMjExODA4Ml5BMl5BanBnXkFtZTcwNTYwMDYxMw@@._V1_SX300.jpg
Hot Tub Time Machine 2,V0311,5.0,14.0,R,Hot Tub Time Machine Collection,Virtual reality; time travel; time machine; hallucinogen; sequel; hot tub; drinking; duringcreditsstinger; binge drinking; change the past,Steve Pink,2015.0,Comedy,3 nominations total,93.0,2015.0,Rob Corddry,Clark Duke | Craig Robinson | Rob Corddry,"After their first adventure with the Hot Tub Time Machine, Lou and Nick are living very well off their ill-gotten gains, while Jacob still cannot rely on Lou to be a positive role model. When an unknown assailant breaks into Lou's mansion and shoots him, Nick and Jacob take him for another trip in the hot tub. They emerge in the year 2025, where they must figure out who shot Lou and prevent it from happening again.",42573.0,tt2637294,243938.0,iTunes,https://image.tmdb.org/t/p/w500/lBroHetSm8RMI8zp7ThpFJsw9E1.jpg
House Party,V0312,6.5,94.0,R,House Party Collection,High school; house party; reflective; reminiscent; comforting; farcical,Reginald Hudlin,1990.0,Comedy,3 wins & 10 nominations total,105.0,1990.0,Christopher Reid,Christopher Martin | Christopher Reid | Paul Anthony,"Young Kid has been invited to a party at his friend Play's house. But after a fight at school, Kid's father grounds him. None the less, Kid sneaks out when his father falls asleep. But Kid doesn't know that three of the thugs at school have decided to give him a lesson in behavior.",17324.0,tt0099800,16094.0,iTunes,https://image.tmdb.org/t/p/w500/hmUsEUI7RdgvTznkLCNSOHnjU4O.jpg
How the Grinch Stole Christmas: The Ultimate Edition,V0313,,,,,,Not Found,,Nan,,,,,,,,,,iTunes,
How to Train Your Dragon 2,V0314,7.8,92.0,PG,How to Train Your Dragon Collection,Rescue; husband wife relationship; sacrifice; parent child relationship; loss of loved one; villain; vikings (norsemen); death of father; sequel; dragon; death of husband; warrior; mother son relationship; awestruck; commanding; exhilarated; powerful,Dean DeBlois,2014.0,Action | Adventure | Animation | Comedy | Family | Fantasy,Nominated for 1 Oscar. 15 wins & 61 nominations total,102.0,2014.0,Jay Baruchel,Cate Blanchett | Gerard Butler | Jay Baruchel,"Five years have passed since Hiccup and Toothless united the dragons and Vikings of Berk. Now, they spend their time charting unmapped territories. During one of their adventures, the pair discover a secret cave that houses hundreds of wild dragons -- and a mysterious dragon rider. Hiccup and Toothless find themselves at the center of a battle to protect Berk from a power-hungry warrior.",380482.0,tt1646971,82702.0,iTunes,https://image.tmdb.org/t/p/w500/d13Uj86LdbDLrfDoHR5aDOFYyJC.jpg
Hugo,V0315,7.5,93.0,PG,,France; based on novel or book; library; clock tower; key; movie business; clock; museum; train accident; montparnasse; steampunk; orphan; robot; hiding; filmmaking; security guard; leg brace; doberman; toy store; runaway train; railway station; guard dog; toy maker; mechanics; cinema history; mechanical toys; ticking clock; based on young adult novel; clockwork; train station; toy; stationmaster; clockmaker; mechanical dolls | Paris,Martin Scorsese,2011.0,Adventure | Drama | Family,Won 5 Oscars. 61 wins & 192 nominations total,126.0,2011.0,Asa Butterfield,Asa Butterfield | Ben Kingsley | Chloë Grace Moretz,"Orphaned and alone except for an uncle, Hugo Cabret lives in the walls of a train station in 1930s Paris. Hugo's job is to oil and maintain the station's clocks, but to him, his more important task is to protect a broken automaton and notebook left to him by his late father. Accompanied by the goddaughter of an embittered toy merchant, Hugo embarks on a quest to solve the mystery of the automaton and find a place he can call home.",340341.0,tt0970179,44826.0,iTunes,https://image.tmdb.org/t/p/w500/1dxRq3o3l3bVWNRvvSb7rRf68qp.jpg
Hustlers,V0316,6.3,88.0,R,,New york city; hustler; wall street; stripper; based on true story; strip club; biting; exotic dancer; stock market crash; economic crisis; reflective; based on magazine | Newspaper or article; 2000s; inspired by magazine | Newspaper or article; antagonistic,Lorene Scafaria,2019.0,Comedy | Crime | Drama,25 wins & 83 nominations total,110.0,2019.0,Constance Wu,Constance Wu | Jennifer Lopez | Julia Stiles,A crew of savvy former strip club employees band together to turn the tables on their Wall Street clients.,110201.0,tt5503686,540901.0,iTunes,https://image.tmdb.org/t/p/w500/zBhv8rsLOfpFW2M5b6wW78Uoojs.jpg
"I, Frankenstein",V0317,5.1,5.0,PG-13,,Anti hero; queen; supernatural; prince; based on comic; gargoyle; fighting; demon,Stuart Beattie,2014.0,Horror | Thriller,4 nominations total,92.0,2014.0,Aaron Eckhart,Aaron Eckhart | Bill Nighy | Yvonne Strahovski,"200 years after his shocking creation, Dr. Frankenstein's creature, Adam, still walks the earth. But when he finds himself in the middle of a war over the fate of humanity, Adam discovers he holds the key that could destroy humankind.",84771.0,tt1418377,100241.0,iTunes,https://image.tmdb.org/t/p/w500/pQkJ1tNsKRvYhwbC8eztLElKrmS.jpg
Ice Age,V0318,7.5,77.0,PG,Ice Age Collection,Dying and death; human evolution; parent child relationship; squirrel; loss of loved one; mammoth; sloth; villain; stone age; prehistory; prehistoric creature; saber-toothed tiger; cavemen; road movie; neanderthal; prehistoric man; dodo bird; nut; ground sloth; cheerful,Chris Wedge,2002.0,Adventure | Animation | Comedy | Family,Nominated for 1 Oscar. 5 wins & 30 nominations total,81.0,2002.0,Ray Romano,Denis Leary | John Leguizamo | Ray Romano,"With the impending ice age almost upon them, a mismatched trio of prehistoric critters – Manny the woolly mammoth, Diego the saber-toothed tiger and Sid the giant sloth – find an orphaned infant and decide to return it to its human parents. Along the way, the unlikely allies become friends but, when enemies attack, their quest takes on far nobler aims.",541606.0,tt0268380,425.0,iTunes,https://image.tmdb.org/t/p/w500/gLhHHZUzeseRXShoDyC4VqLgsNv.jpg
Identity Thief,V0319,5.7,20.0,R,,Prison; bounty hunter; dual identity; police; bathroom; identity; women's prison; thief; money; numbers; locked in bathroom; sock,Seth Gordon,2013.0,Comedy | Crime,1 win & 9 nominations total,111.0,2013.0,Jason Bateman,Jason Bateman | Jon Favreau | Melissa McCarthy,"When a mild-mannered businessman learns his identity has been stolen, he hits the road in an attempt to foil the thief -- a trip that puts him in the path of a deceptively harmless-looking woman.",143994.0,tt2024432,109431.0,iTunes,https://image.tmdb.org/t/p/w500/lIliJCGoWT6tEVaDivLpXEf038w.jpg
If I Stay,V0320,6.7,36.0,PG-13,,Coma; based on novel or book; musician; teenage girl; car accident; out of body experience; teen drama; based on young adult novel,R. J. Cutler,2014.0,Drama,3 wins & 1 nomination total,106.0,2014.0,Chloë Grace Moretz,Chloë Grace Moretz | Jamie Blackley | Liana Liberato,"Mia Hall, a talented young cellist, thought the most difficult decision she would ever have to make would be whether to pursue her musical dreams at prestigious Juilliard or follow her heart to be with the love of her life, Adam, a rock singer/guitarist. However, a car wreck changes everything in an instant, and now Mia's life hangs in the balance. Suspended between life and death, Mia faces a choice that will decide her future.",129888.0,tt1355630,249164.0,iTunes,https://image.tmdb.org/t/p/w500/7Twh8h3Wh7GC9npTAEUThgkxkWL.jpg
Immortals,V0321,6.0,50.0,R,,Army; poison; mythology; zeus; sword fight; minotaur; poseidon; spear; bow and arrow; labyrinth; ancient greece; greek god; fantasy; 13th century bc,Tarsem Singh,2011.0,Action | Drama | Fantasy,1 win & 6 nominations total,110.0,2011.0,Henry Cavill,Henry Cavill | Mickey Rourke | Stephen Dorff,"Theseus is a mortal man chosen by Zeus to lead the fight against the ruthless King Hyperion, who is on a rampage across Greece to obtain a weapon that can destroy humanity.",179753.0,tt1253864,37958.0,iTunes,https://image.tmdb.org/t/p/w500/4SPPX5KIyaQ9O8n5rLvvUIiIhpF.jpg
In Time,V0322,6.7,36.0,PG-13,,Future; race against time; immortality; bank; dystopia; time; love; on the run; class differences; biting; cops and robbers ; aggressive; rich vs poor; in time; antagonistic; defiant; urgent,Andrew Niccol,2011.0,Action | Science Fiction | Thriller,2 nominations total,109.0,2011.0,Justin Timberlake,Amanda Seyfried | Cillian Murphy | Justin Timberlake,"In the not-too-distant future, the aging gene has been switched off. To avoid overpopulation, time has become the currency and the way people pay for luxuries and necessities. The rich can live forever, while the rest struggle to negotiate for their immortality. A poor young man who suddenly comes into a fortune of time finds himself on the run from a corrupt police force known as the ""time keepers"".",463944.0,tt1637688,49530.0,iTunes,https://image.tmdb.org/t/p/w500/3Mwj2sIONQckOZP3YwsUXF7U5I4.jpg
Inception,V0323,8.8,87.0,PG-13,,California; dream world; subconscious; powerful | France; virtual reality; kidnapping; philosophy; spy; allegory; manipulation; car crash; heist; memory; architecture; los angeles | Rescue; mission; dreams; airplane; paris,Christopher Nolan,2010.0,Action | Adventure | Science Fiction,Won 4 Oscars. 159 wins & 220 nominations total,148.0,2010.0,Leonardo DiCaprio,Joseph Gordon-Levitt | Ken Watanabe | Leonardo DiCaprio,"Cobb, a skilled thief who commits corporate espionage by infiltrating the subconscious of his targets is offered a chance to regain his old life as payment for a task considered to be impossible: ""inception"", the implantation of another person's idea into a target's subconscious.",2671882.0,tt1375666,27205.0,iTunes,https://image.tmdb.org/t/p/w500/ljsZTbVsrQSqZgWeep2B1QiDKuh.jpg
Incredibles 2,V0324,7.5,93.0,PG,The Incredibles Collection,Married couple; superhero; cartoon; villain; sequel; parenting; family; super power; female villain; supervillain,Brad Bird,2018.0,Action | Adventure | Animation | Family,Nominated for 1 Oscar. 14 wins & 84 nominations total,118.0,2018.0,Craig T. Nelson,Craig T. Nelson | Holly Hunter | Sarah Vowell,"Elastigirl springs into action to save the day, while Mr. Incredible faces his greatest challenge yet – taking care of the problems of his three children.",348349.0,tt3606756,260513.0,iTunes,https://image.tmdb.org/t/p/w500/9lFKBtaVIhP7E2Pk0IY1CwTKTMZ.jpg
Independence Day,V0325,7.0,68.0,PG-13,Independence Day Collection,Spacecraft; showdown; independence; patriotism; countdown; invasion; alien; ufo; extraterrestrial; creature; battle; alien invasion; world domination; area 51; human vs alien; good versus evil; suspenseful,Roland Emmerich,1996.0,Action | Adventure | Science Fiction,Won 1 Oscar. 35 wins & 35 nominations total,145.0,1996.0,Will Smith,Bill Pullman | Jeff Goldblum | Will Smith,"Strange phenomena surface around the globe. The skies ignite. Terror races through the world's major cities. As these extraordinary events unfold, it becomes increasingly clear that a force of incredible magnitude has arrived. Its mission: total annihilation over the Fourth of July weekend. The last hope to stop the destruction is an unlikely group of people united by fate and unimaginable circumstances.",620895.0,tt0116629,602.0,iTunes,https://image.tmdb.org/t/p/w500/p0BPQGSPoSa8Ml0DAf2mB2kCU0R.jpg
Independence Day: Resurgence,V0326,5.2,29.0,PG-13,Independence Day Collection,Alien; alien invasion,Roland Emmerich,2016.0,Action | Adventure | Science Fiction,3 wins & 17 nominations total,120.0,2016.0,Liam Hemsworth,Jeff Goldblum | Jessie T. Usher | Liam Hemsworth,"We always knew they were coming back. Using recovered alien technology, the nations of Earth have collaborated on an immense defense program to protect the planet. But nothing can prepare us for the aliens’ advanced and unprecedented force. Only the ingenuity of a few brave men and women can bring our world back from the brink of extinction.",192587.0,tt1628841,47933.0,iTunes,https://image.tmdb.org/t/p/w500/9S50foUIYGwiNPWOxi1WJF6IPwI.jpg
Indiana Jones and the Dial of Destiny,V0327,6.5,70.0,PG-13,Indiana Jones Collection,Treasure hunt; ancient rome; sequel; flashback; knife fight; archaeologist; adventurer; 1960s; nazi germany; action adventure,James Mangold,2023.0,Action | Adventure,Nominated for 1 Oscar. 8 wins & 36 nominations total,155.0,2023.0,Harrison Ford,Harrison Ford | Mads Mikkelsen | Phoebe Waller-Bridge,"Finding himself in a new era, and approaching retirement, Indy wrestles with fitting into a world that seems to have outgrown him. But as the tentacles of an all-too-familiar evil return in the form of an old rival, Indy must don his hat and pick up his whip once more to make sure an ancient and powerful artifact doesn't fall into the wrong hands.",219523.0,tt1462764,335977.0,iTunes,https://image.tmdb.org/t/p/w500/Af4bXE63pVsb2FtbW8uYIyPBadD.jpg
Indiana Jones and the Raiders of the Lost Ark,V0328,7.925,,,Indiana Jones Collection,Egypt; treasure; medallion; swastika; saving the world; nepal; himalaya mountain range; cairo; moses; hat; whip; leather jacket; mediterranean; ark of the covenant; ten commandments; nazi; excavation; riddle; treasure hunt; archaeologist; adventurer; archeology; religious history; 1930s; dramatic,Steven Spielberg,1981.0,Action | Adventure,,115.0,1981.0,,,"When Dr. Indiana Jones – the tweed-suited professor who just happens to be a celebrated archaeologist – is hired by the government to locate the legendary Ark of the Covenant, he finds himself up against the entire Nazi regime.",13060.0,tt0082971,85.0,iTunes,https://image.tmdb.org/t/p/w500/ceG9VzoRAVGwivFU403Wc3AHRys.jpg
Indiana Jones and the Temple of Doom,V0329,7.5,77.0,PG,Indiana Jones Collection,Treasure; skeleton; wind; elephant; heart; riddle; crocodile; bridge; treasure hunt; torture; india; monkey; archaeologist; conveyor belt; child driving car; mine car; rope bridge; splits; adventurer; archeology; 1930s,Steven Spielberg,1984.0,Action | Adventure,Won 1 Oscar. 11 wins & 22 nominations total,118.0,1984.0,Harrison Ford,Harrison Ford | Kate Capshaw | Ke Huy Quan,"After arriving in India, Indiana Jones is asked by a desperate village to find a mystical stone. He agrees – and stumbles upon a secret cult plotting a terrible plan in the catacombs of an ancient palace.",551625.0,tt0087469,87.0,iTunes,https://image.tmdb.org/t/p/w500/gpdVNUaa4LhRMLfJOPj1AZdhAZ3.jpg
Inferno,V0330,6.2,23.0,PG-13,Robert Langdon Collection,Amnesia; based on novel or book; italy; europe; sequel; murder; conspiracy; religion; church; virus; symbology,Ron Howard,2016.0,Action | Mystery | Thriller,5 wins & 1 nomination total,121.0,2016.0,Tom Hanks,Felicity Jones | Omar Sy | Tom Hanks,"After waking up in a hospital with amnesia, professor Robert Langdon and a doctor must race against time to foil a deadly global plot.",193663.0,tt3062096,207932.0,iTunes,https://image.tmdb.org/t/p/w500/cnqvFvjAaV28F1tU7986VVg0WP7.jpg
Inglourious Basterds,V0331,8.4,89.0,R,,France; nazi; self sacrifice; sadism; dynamite; mexican standoff; world war ii; jew persecution; masochism; antisemitism; german occupation of france; british politics; revisionist history; candid; adolf hitler; amused; dubious | Guerrilla warfare; swastika; paris,Quentin Tarantino,2009.0,Drama | Thriller | War,Won 1 Oscar. 134 wins & 173 nominations total,153.0,2009.0,Brad Pitt,Brad Pitt | Christoph Waltz | Mélanie Laurent,"In Nazi-occupied France during World War II, a group of Jewish-American soldiers known as ""The Basterds"" are chosen specifically to spread fear throughout the Third Reich by scalping and brutally killing Nazis. The Basterds, lead by Lt. Aldo Raine soon cross paths with a French-Jewish teenage girl who runs a movie theater in Paris which is targeted by the soldiers.",1679699.0,tt0361748,16869.0,iTunes,https://image.tmdb.org/t/p/w500/7sfbEnaARXDDhKm0CZ7D7uc2sbo.jpg
Inherent Vice,V0332,6.6,74.0,R,,California; based on novel or book; boat; detective; 1970s; ex-girlfriend; surreal; hippie lifestyle; pot smoking; private investigator; disappearance; lawyer; los angeles | California; drugs; loan shark; neo-noir; 1960s; heroin cartel,Paul Thomas Anderson,2014.0,Comedy | Drama | Mystery,Nominated for 2 Oscars. 15 wins & 99 nominations total,149.0,2014.0,Joaquin Phoenix,Joaquin Phoenix | Josh Brolin | Owen Wilson,"In Los Angeles at the turn of the 1970s, drug-fueled detective Larry ""Doc"" Sportello investigates the disappearance of an ex-girlfriend.",114264.0,tt1791528,171274.0,iTunes,https://image.tmdb.org/t/p/w500/hyan5Uc0lGpPuad94DM1pLxneiP.jpg
Inside Out,V0333,7.91,,,,,"Pete Docter, Ronnie Del Carmen",2015.0,"Animation, Adventure, Comedy",,95.0,2015.0,Amy Poehler,,"After young Riley is uprooted from her Midwest life and moved to San Francisco, her emotions, Joy, Fear, Anger, Disgust, and Sadness, conflict on how best to navigate a new city, house, and school.",22777.0,tt2096673,,iTunes,https://m.media-amazon.com/images/M/MV5BOTgxMDQwMDk0OF5BMl5BanBnXkFtZTgwNjU5OTg2NDE@._V1_SX300.jpg
Inside Out 2,V0334,7.5,91.0,PG,Inside Out Collection,Sadness; disgust; sequel; computer animation; teenage girl; fear; anger; envy; aftercreditsstinger; duringcreditsstinger; emotions; embarrasment; anxious; joy; anxiety; hopeful,Kelsey Mann,2024.0,Adventure | Animation | Comedy | Family,Nominated for 1 Oscar. 4 wins & 105 nominations total,97.0,2024.0,Amy Poehler,Amy Poehler | Kensington Tallman | Maya Hawke,"Teenager Riley's mind headquarters is undergoing a sudden demolition to make room for something entirely unexpected: new Emotions! Joy, Sadness, Anger, Fear and Disgust, who’ve long been running a successful operation by all accounts, aren’t sure how to feel when Anxiety shows up. And it looks like she’s not alone.",211354.0,tt22022452,1022789.0,iTunes,https://image.tmdb.org/t/p/w500/vpnVM9B6NMmQpWeZvzLvDESb2QY.jpg
Insidious: The Last Key,V0335,5.7,34.0,PG-13,Insidious Collection,Key; medium; haunted house; prequel; spirit; 1950s; insidious,Adam Robitel,2018.0,Horror | Thriller,6 nominations total,103.0,2018.0,Lin Shaye,Angus Sampson | Leigh Whannell | Lin Shaye,"Parapsychologist Elise Rainier and her team travel to Five Keys, NM, to investigate a man’s claim of a haunting. Terror soon strikes when Rainier realizes that the house he lives in was her family’s old home.",75675.0,tt5726086,406563.0,iTunes,https://image.tmdb.org/t/p/w500/nb9fc9INMg8kQ8L7sE7XTNsZnUX.jpg
Instant Family,V0336,7.3,82.0,PG-13,,Court case; social worker; adoption; based on true story; parenting; foster family; amusement park; lgbt; substance abuse; family dog,Sean Anders,2018.0,Comedy | Drama,3 wins & 5 nominations total,118.0,2018.0,Mark Wahlberg,Allyn Rachel | Mark Wahlberg | Rose Byrne,"When Pete and Ellie decide to start a family, they stumble into the world of foster care adoption. They hope to take in one small child but when they meet three siblings, including a rebellious 15 year old girl, they find themselves speeding from zero to three kids overnight.",125790.0,tt7401588,491418.0,iTunes,https://image.tmdb.org/t/p/w500/xYV1mODz99w7AjKDSQ7h2mzZhVe.jpg
Interstellar,V0337,8.7,73.0,PG-13,,Rescue; future; spacecraft; race against time; artificial intelligence (a.i.); nasa; time warp; dystopia; expedition; space travel; wormhole; famine; hibernation; black hole; quantum mechanics; family relationships; space; robot; astronaut; scientist; single father; farmer; space station; curious; space adventure; time paradox; cryonics; father daughter relationship; 2060s; cornfield; time manipulation; sentimental; admiring,Christopher Nolan,2014.0,Adventure | Drama | Science Fiction,Won 1 Oscar. 44 wins & 148 nominations total,169.0,2014.0,Matthew McConaughey,Anne Hathaway | Matthew McConaughey | Michael Caine,The adventures of a group of explorers who make use of a newly discovered wormhole to surpass the limitations on human space travel and conquer the vast distances involved in an interstellar voyage.,2339759.0,tt0816692,157336.0,iTunes,https://image.tmdb.org/t/p/w500/gEU2QniE6E77NI6lCU6MxlNBvIx.jpg
Interview With the Vampire: The Vampire Chronicles,V0338,7.4,,,The Vampire Chronicles Collection,California; vampire; bite; new orleans | France; based on novel or book; san francisco | Louisiana; plantation; louisiana; pity; melancholy; child vampire; gothic horror; 18th century; macabre; plague; 19th century; urban gothic; playful; cautionary; reluctant vampire; grand; audacious; exuberant; melodramatic | Paris,Neil Jordan,1994.0,Drama | Fantasy | Horror,,123.0,1994.0,,,"A vampire relates his epic life story of love, betrayal, loneliness, and dark hunger to an over-curious reporter.",6108.0,tt0110148,628.0,iTunes,https://image.tmdb.org/t/p/w500/2162lAT2MP36MyJd2sttmj5du5T.jpg
Into the Woods,V0339,5.755,,,,,Rob Marshall,2014.0,"Adventure, Comedy, Drama",,125.0,2014.0,Anna Kendrick,,A witch tasks a childless baker and his wife with procuring magical items from classic fairy tales to reverse the curse put on their family tree.,4315.0,tt2180411,,iTunes,https://m.media-amazon.com/images/M/MV5BMTY4MzQ4OTY3NF5BMl5BanBnXkFtZTgwNjM5MDI3MjE@._V1_SX300.jpg
Iron Man 2,V0340,6.9,72.0,PG-13,Iron Man Collection,Technology; superhero; malibu; based on comic; revenge; aftercreditsstinger; marvel cinematic universe (mcu); break out,Jon Favreau,2010.0,Action | Adventure | Science Fiction,Nominated for 1 Oscar. 7 wins & 45 nominations total,124.0,2010.0,Robert Downey Jr.,Don Cheadle | Gwyneth Paltrow | Robert Downey Jr.,"With the world now aware of his dual life as the armored superhero Iron Man, billionaire inventor Tony Stark faces pressure from the government, the press and the public to share his technology with the military. Unwilling to let go of his invention, Stark, with Pepper Potts and James 'Rhodey' Rhodes at his side, must forge new alliances – and confront powerful enemies.",900546.0,tt1228705,10138.0,iTunes,https://image.tmdb.org/t/p/w500/6WBeq4fCfn7AN0o21W9qNcRF2l9.jpg
Iron Man 3,V0341,7.1,79.0,PG-13,Iron Man Collection,California; war on terror; superhero; malibu; based on comic; tennessee; billionaire; aftercreditsstinger; marvel cinematic universe (mcu); christmas; america; suspenseful,Shane Black,2013.0,Action | Adventure | Science Fiction,Nominated for 1 Oscar. 20 wins & 63 nominations total,130.0,2013.0,Robert Downey Jr.,Don Cheadle | Gwyneth Paltrow | Robert Downey Jr.,"When Tony Stark's world is torn apart by a formidable terrorist called the Mandarin, he starts an odyssey of rebuilding and retribution.",929173.0,tt1300854,68721.0,iTunes,https://image.tmdb.org/t/p/w500/qhPtAc1TKbMPqNvcdXSOn9Bn7hZ.jpg
Isn't It Romantic,V0342,6.2,,,,,Todd Strauss-Schulson,2019.0,"Comedy, Fantasy, Musical",,89.0,2019.0,Rebel Wilson,,A young woman disenchanted with love mysteriously finds herself trapped inside a romantic comedy.,3522.0,tt2452244,,iTunes,https://m.media-amazon.com/images/M/MV5BNTk4MDE1ZmItNDVlOC00NTI4LThhNWMtNzUwOGFlNzM0OWNiXkEyXkFqcGc@._V1_SX300.jpg
It,V0343,7.237,,,,,Andy Muschietti,2017.0,Horror,,0.0,2017.0,Bill Skarsgård,,"In the summer of 1989, a group of bullied kids band together to destroy a shape-shifting monster, which disguises itself as a clown and preys on the children of Derry, their small Maine town.",19544.0,tt6529334,662365.0,iTunes,https://image.tmdb.org/t/p/w500/obgf4HSkIkYZnrjLCKiWTeDwj8p.jpg
It Chapter Two,V0344,6.5,62.0,R,It Collection,Based on novel or book; clown; carnival; sequel; remake; maine; creature; fear; lgbt; ancient evil; loss of a friend,Andy Muschietti,2019.0,Horror | Thriller,7 wins & 34 nominations total,169.0,2019.0,James McAvoy,Bill Hader | James McAvoy | Jessica Chastain,"27 years after overcoming the malevolent supernatural entity Pennywise, the former members of the Losers' Club, who have grown up and moved away from Derry, are brought back together by a devastating phone call.",318911.0,tt7349950,474350.0,iTunes,https://image.tmdb.org/t/p/w500/zfE0R94v1E8cuKAerbskfD3VfUt.jpg
It Comes at Night,V0345,6.1,88.0,R,,Fire; nightmare; nihilism; darkness; homicide; door; paranoia; post-apocalyptic future; forest; fear; dog; madness; pandemic; infected; cremation; hopelessness; malevolence; suspenseful,Trey Edward Shults,2017.0,Drama | Horror | Mystery,1 win & 13 nominations total,91.0,2017.0,Joel Edgerton,Carmen Ejogo | Christopher Abbott | Joel Edgerton,"Secure within a desolate home as an unnatural threat terrorizes the world, a man has established a tenuous domestic order with his wife and son, but this will soon be put to test when a desperate young family arrives seeking refuge.",106873.0,tt4695012,418078.0,Vudu,https://image.tmdb.org/t/p/w500/rNKJpFMlOZn5zkzBPZxEJrQn5Km.jpg
It Follows,V0346,6.8,95.0,R,It Follows Collection,Beach; chase; supernatural; friends; vision; teenage girl; school; detroit | Michigan; evil; voyeurism; sexually transmitted disease; young adult; followed; ambiguity; pastiche,David Robert Mitchell,2015.0,Horror | Mystery,,101.0,2015.0,Maika Monroe,Daniel Zovatto | Keir Gilchrist | Maika Monroe,"When carefree teenager Jay sleeps with her older boyfriend for the first time, she learns that she is the latest recipient of a fatal curse that is passed from victim to victim via sexual intercourse. Death, Jay learns, will creep inexorably toward her as either a friend or a stranger. Jay's friends don't believe her seemingly paranoid ravings, until they too begin to see the phantom assassins and band together to help her defend herself.",282689.0,tt3235888,270303.0,iTunes,https://image.tmdb.org/t/p/w500/iwnQ1JH1wdWrGYkgWySptJ5284A.jpg
It's a Wonderful Life,V0347,8.6,94.0,PG,,Small town; angel; suicide attempt; holiday; bank; great depression; family business ; black and white; nervous breakdown; old house; newlywed; magic realism; told in flashback; alternative reality; guardian angel; high school dance; christmas; sentimental; cheerful; optimistic; xmas eve,Frank Capra,1946.0,Drama | Family | Fantasy,Nominated for 5 Oscars. 11 wins & 7 nominations total,130.0,1946.0,James Stewart,Donna Reed | James Stewart | Lionel Barrymore,"A holiday favourite for generations...  George Bailey has spent his entire life giving to the people of Bedford Falls.  All that prevents rich skinflint Mr. Potter from taking over the entire town is George's modest building and loan company.  But on Christmas Eve the business's $8,000 is lost and George's troubles begin.",526295.0,tt0038650,1585.0,iTunes,https://image.tmdb.org/t/p/w500/bSqt9rhDZx1Q7UZ86dBPKdNomp2.jpg
It's Complicated,V0348,6.5,58.0,R,,California; baker; mature romance; adult children; unresolved issues; cheating husband; secret; new relationship; college graduation | New york city; architect; family history; lovers; bakery; marijuana; dating; older man younger woman relationship; love affair; single mother; family; divorcee; ex-husband ex-wife relationship; divorced parents; woman director; divorced couple; santa barbara,Nancy Meyers,2009.0,Comedy | Romance,Nominated for 1 BAFTA Award8 wins & 15 nominations total,121.0,2009.0,Meryl Streep,Alec Baldwin | Meryl Streep | Steve Martin,"Ten years after their divorce, Jane and Jake Adler unite for their son's college graduation and unexpectedly end up sleeping together. But Jake is married, and Jane is embarking on a new romance with her architect. Now, she has to sort out her life—just when she thought she had it all figured out.",99806.0,tt1230414,22897.0,iTunes,https://image.tmdb.org/t/p/w500/bmjPrJgrGENFRrERP7lCJ9FGIVB.jpg
Jack Reacher,V0349,7.0,64.0,PG-13,Jack Reacher Collection,Sniper; coma; based on novel or book; mass murder; detective; investigation; police chase; investigator; district attorney; defense attorney; military police; loner; framed for murder; ex military; off the grid; mass shooting; father daughter relationship; army veteran; physical evidence; intense; fist fight; gun range,Christopher McQuarrie,2012.0,Action | Crime | Drama | Thriller,1 win & 6 nominations total,130.0,2012.0,Tom Cruise,Richard Jenkins | Rosamund Pike | Tom Cruise,"One morning in an ordinary town, five people are shot dead in a seemingly random attack. All evidence points to a single suspect: an ex-military sniper who is quickly brought into custody. The interrogation yields one written note: 'Get Jack Reacher!'. Reacher, an enigmatic ex-Army investigator, believes the authorities have the right man but agrees to help the sniper's defense attorney. However, the more Reacher delves into the case, the less clear-cut it appears. So begins an extraordinary chase for the truth, pitting Jack Reacher against an unexpected enemy, with a skill for violence and a secret to keep.",378287.0,tt0790724,75780.0,iTunes,https://image.tmdb.org/t/p/w500/uQBbjrLVsUibWxNDGA4Czzo8lwz.jpg
Jack Reacher: Never Go Back,V0350,6.2,37.0,PG-13,Jack Reacher Collection,Based on novel or book; homicide; falsely accused; opium; new orleans | Louisiana; sequel; false accusations; hdd; intense; vibrant,Edward Zwick,2016.0,Action | Thriller,1 win total,118.0,2016.0,Tom Cruise,Cobie Smulders | Danika Yarosh | Tom Cruise,"Years after resigning command of an elite military police unit, the nomadic, righter-of-wrongs Reacher is drawn back into the life he left behind when his friend and successor, Major Susan Turner is framed for espionage. Reacher will stop at nothing to prove her innocence and to expose the real perpetrators behind the killings of his former soldiers.",182450.0,tt3393786,343611.0,iTunes,https://image.tmdb.org/t/p/w500/cOg3UT2NYWHZxp41vpxAnVCOC4M.jpg
Jack Ryan: Shadow Recruit,V0351,6.2,55.0,PG-13,,England; central intelligence agency (cia); corruption; based on novel or book; explosive; rehabilitation; murder; conspiracy; terrorism; surveillance; ex-marine; jack ryan; u.s. marine; 9/11; undercover operation; fiancé fiancée relationship; ex military; moscow | Russia; political thriller; helicopter crash; intelligence service; cia analyst; intelligence analyst | Sniper; new york city; london,Kenneth Branagh,2014.0,Action | Drama | Thriller,3 nominations total,105.0,2014.0,Chris Pine,Chris Pine | Keira Knightley | Kevin Costner,"Jack Ryan, as a young covert CIA analyst, uncovers a Russian plot to crash the U.S. economy with a terrorist attack.",140298.0,tt1205537,137094.0,iTunes,https://image.tmdb.org/t/p/w500/m7HcLUodrD4lM4s0Hui1tzO2pjO.jpg
Jackass Presents: Bad Grandpa,V0352,6.5,62.0,R,Jackass Presents: Bad Grandpa Collection,Duringcreditsstinger,Jeff Tremaine,2013.0,Comedy,Nominated for 1 Oscar. 1 win & 10 nominations total,92.0,2013.0,Johnny Knoxville,Georgina Cates | Jackson Nicoll | Johnny Knoxville,"86-year-old Irving Zisman is on a journey across America with the most unlikely companion: his 8 year-old grandson, Billy.",99409.0,tt3063516,208134.0,iTunes,https://image.tmdb.org/t/p/w500/dDSMzBEaM0LYSy9Muo0zsCo77Vh.jpg
Jason Bourne,V0353,6.6,55.0,PG-13,The Bourne Collection,Assassin; central intelligence agency (cia); amnesia; casino; chase; greece; flashback; hacking; las vegas; black ops; rogue agent; armored vehicle; reykjavík | Iceland; hdd,Paul Greengrass,2016.0,Action | Thriller,3 wins & 20 nominations total,123.0,2016.0,Matt Damon,Alicia Vikander | Matt Damon | Tommy Lee Jones,The most dangerous former operative of the CIA is drawn out of hiding to uncover hidden truths about his past.,249669.0,tt4196776,324668.0,iTunes,https://image.tmdb.org/t/p/w500/ziU0b3hRM6raH1u4wym02EYMLZ6.jpg
Jaws,V0354,8.1,97.0,PG,Jaws Collection,Dying and death; beach; based on novel or book; bathing; shipwreck; fishing; atlantic ocean; shark attack; police chief; ferry boat; animal attack; long island | New york; dead child; creature; skinny dipping; shark; great white shark; dead dog; killer shark; child killed by animal; fourth of july; severed leg; fishing boat; animal horror; shark cage,Steven Spielberg,1975.0,Adventure | Horror | Thriller,Won 3 Oscars. 16 wins & 20 nominations total,124.0,1975.0,Roy Scheider,Richard Dreyfuss | Robert Shaw | Roy Scheider,"When the seaside community of Amity finds itself under attack by a dangerous great white shark, the town's chief of police, a young marine biologist, and a grizzled hunter embark on a desperate quest to destroy the beast before it strikes again.",693111.0,tt0073195,578.0,iTunes,https://image.tmdb.org/t/p/w500/lxM6kqilAdpdhqUl2biYp5frUxE.jpg
Jigsaw,V0355,5.7,32.0,R,,Based on novel or book; police; detective; film noir; murder; brighton | England; british noir; procedure,Val Guest,2017.0,Crime | Drama | Mystery | Thriller,,107.0,2017.0,Jack Warner,Jack Warner | Michael Goodliffe | Yolande Donlan,"A woman is found murdered in a seaside house along the coast from Brighton in the county of East Sussex, England. Local D.I. Fred Fellows and D.S. Jim Wilks lead an investigation methodically following up leads and clues mostly in Brighton and Hove but also further afield. _-= Based on the novel ""Sleep Long My Love"" by Hillary Waugh and Inspired by the Brighton Trunk Murders of the late 1930's =-_",96030.0,tt0056121,93193.0,Vudu,https://image.tmdb.org/t/p/w500/aQfhEyE2BBjsr4LzAoQu1x9cZSn.jpg
John Wick,V0356,7.4,86.0,R,John Wick Collection,Hitman; bratva (russian mafia); gangster; secret organization; revenge; murder; dog; retired; widower,Chad Stahelski,2014.0,Action | Thriller,5 wins & 10 nominations total,101.0,2014.0,Keanu Reeves,Alfie Allen | Keanu Reeves | Michael Nyqvist,Ex-hitman John Wick comes out of retirement to track down the gangsters that took everything from him.,779324.0,tt2911666,245891.0,iTunes,https://image.tmdb.org/t/p/w500/fZPSd91yGE9fCcCe6OoQr6E3Bev.jpg
John Wick: Chapter 2,V0357,7.4,89.0,R,John Wick Collection,Martial arts; assassin; hitman; italy; roof; secret organization; sequel; revenge; shootout; handshake; neo-noir; guns; dark; dogs; roof-top,Chad Stahelski,2017.0,Action | Crime | Thriller,4 wins & 10 nominations total,122.0,2017.0,Keanu Reeves,Common | Ian McShane | Keanu Reeves,"John Wick is forced out of retirement by a former associate looking to seize control of a shadowy international assassins’ guild. Bound by a blood oath to aid him, Wick travels to Rome and does battle against some of the world’s most dangerous killers.",538183.0,tt4425200,324552.0,iTunes,https://image.tmdb.org/t/p/w500/hXWBc0ioZP3cN4zCu6SN3YHXZVO.jpg
John Wick: Chapter 3 - Parabellum,V0358,7.4,89.0,R,John Wick Collection,Morocco; secret society; morocco; secret organization; black humor; sahara desert; sequel; organized crime; one man army; consequences; professional assassin; baba yaga; dog man friendship | New york city; martial arts; bratva (russian mafia); casablanca,Chad Stahelski,2019.0,Action | Crime | Thriller,18 wins & 29 nominations total,131.0,2019.0,Keanu Reeves,Halle Berry | Ian McShane | Keanu Reeves,"Super-assassin John Wick returns with a $14 million price tag on his head and an army of bounty-hunting killers on his trail. After killing a member of the shadowy international assassin’s guild, the High Table, John Wick is excommunicado, but the world’s most ruthless hit men and women await his every turn.",452207.0,tt6146586,458156.0,iTunes,https://image.tmdb.org/t/p/w500/ziEuG1essDuWuC5lpWUaw1uXY2O.jpg
John Wick: Chapter 4,V0359,7.6,94.0,R,John Wick Collection,Germany; hitman; sequel; organized crime; osaka | Japan; blindness; aftercreditsstinger; hunted; consequences; aggressive; professional assassin; neo-noir; suspenseful; tense; exhilarated; japanese mafia; japan style; located in japan | New york city; martial arts; berlin,Chad Stahelski,2023.0,Action | Crime | Thriller,38 wins & 53 nominations total,170.0,2023.0,Keanu Reeves,Bill Skarsgård | Donnie Yen | Keanu Reeves,"With the price on his head ever increasing, John Wick uncovers a path to defeating The High Table. But before he can earn his freedom, Wick must face off against a new enemy with powerful alliances across the globe and forces that turn old friends into foes.",375074.0,tt10366206,603692.0,iTunes,https://image.tmdb.org/t/p/w500/vZloFAK7NmvMGKE7VkF5UHaz0I.jpg
Joker,V0360,8.3,68.0,R,Joker Collection,Dreams; street gang; society; psychopath; clown; villain; based on comic; murder; psychological thriller; criminal mastermind; mental illness; anarchy; character study; clown makeup; subway train; social realism; supervillain; tv host; 1980s; mother son relationship; origin story; falling into madness; frightened; pretentious,Todd Phillips,2019.0,Crime | Drama | Thriller,Won 2 Oscars. 121 wins & 248 nominations total,122.0,2019.0,Joaquin Phoenix,Joaquin Phoenix | Robert De Niro | Zazie Beetz,"During the 1980s, a failed stand-up comedian is driven insane and turns to a life of crime and chaos in Gotham City while becoming an infamous psychopathic crime figure.",1601600.0,tt7286456,475557.0,iTunes,https://image.tmdb.org/t/p/w500/udDclJoHjfjb8Ekgsd4FDteOkCU.jpg
Joy,V0361,6.6,61.0,PG-13,,Factory; strong woman; inventor; biography; based on true story; new york state; entrepreneur; mop; 1990s; stolen patent,David O. Russell,2015.0,Comedy | Drama,Nominated for 1 Oscar. 8 wins & 23 nominations total,124.0,2015.0,Jennifer Lawrence,Bradley Cooper | Jennifer Lawrence | Robert De Niro,A story based on the life of a struggling Long Island single mom who became one of the country's most successful entrepreneurs.,148979.0,tt2446980,274479.0,iTunes,https://image.tmdb.org/t/p/w500/nZAs0HbW82TI1i4Xid83M941Pki.jpg
Joyeux Noel,V0362,7.6,74.0,PG-13,,World war i; based on true story; truce; opera singer; christmas; 1910s; trench warfare; no man's land; christmas eve,Christian Carion,2005.0,Drama | History | Romance | War,Nominated for 1 Oscar. 6 wins & 12 nominations total,116.0,2005.0,Diane Kruger,Benno Fürmann | Diane Kruger | Guillaume Canet,"France, 1914, during World War I. On Christmas Eve, an extraordinary event takes place in the bloody no man's land that the French and the Scots dispute with the Germans…",33037.0,tt0424205,11661.0,iTunes,https://image.tmdb.org/t/p/w500/9Ka8lKCIiWjnZiMslPQeakS5UhW.jpg
Jumanji,V0363,7.1,52.0,PG,Jumanji Collection,Giant insect; board game; disappearance; jungle; recluse; stampede; based on young adult novel; mischievous,Joe Johnston,1995.0,Adventure | Family | Fantasy,4 wins & 11 nominations total,104.0,1995.0,Robin Williams,Bradley Pierce | Kirsten Dunst | Robin Williams,"When siblings Judy and Peter discover an enchanted board game that opens the door to a magical world, they unwittingly invite Alan -- an adult who's been trapped inside the game for 26 years -- into their living room. Alan's only hope for freedom is to finish the game, which proves risky as all three find themselves running from giant rhinoceroses, evil monkeys and other terrifying creatures.",394011.0,tt0113497,8844.0,iTunes,https://image.tmdb.org/t/p/w500/vgpXmVaVyUL7GGiDeiK1mKEKzcX.jpg
Jumanji: The Next Level,V0364,6.6,72.0,PG-13,Jumanji Collection,Magic; animal attack; body-swap; adventurer; superhuman strength; duringcreditsstinger; kids; action hero; trapped in a game,Jake Kasdan,2019.0,Adventure | Comedy | Fantasy,2 wins & 10 nominations total,123.0,2019.0,Dwayne Johnson,Dwayne Johnson | Jack Black | Kevin Hart,"As the gang return to Jumanji to rescue one of their own, they discover that nothing is as they expect. The players will have to brave parts unknown and unexplored in order to escape the world’s most dangerous game.",302010.0,tt7975244,512200.0,iTunes,https://image.tmdb.org/t/p/w500/4kh9dxAiClS2GMUpkRyzGwpNWWX.jpg
Jumanji: Welcome to the Jungle,V0365,7.0,77.0,PG-13,Jumanji Collection,Video game; fighter; sequel; detention; explorer; based on movie; gaming; quest; cartographer; action hero; zoologist; based on young adult novel; trapped in a game,Jake Kasdan,2017.0,Action | Adventure | Comedy | Family | Fantasy,5 wins & 15 nominations total,119.0,2017.0,Dwayne Johnson,Dwayne Johnson | Jack Black | Kevin Hart,"Four teenagers in detention discover an old video game console with a game they’ve never heard of. When they decide to play, they are immediately sucked into the jungle world of Jumanji in the bodies of their avatars. They’ll have to complete the adventure of their lives filled with fun, thrills and danger or be stuck in the game forever!",474861.0,tt2283362,353486.0,iTunes,https://image.tmdb.org/t/p/w500/pSgXKPU5h6U89ipF7HBYajvYt7j.jpg
Jumper,V0366,6.1,15.0,PG-13,,Adolescence; based on novel or book; teleportation; chase; fight; loss of loved one; motherly love; super power; dramatic; suspenseful; incredulous; complicated,Doug Liman,2008.0,Action | Adventure | Science Fiction,2 wins & 5 nominations total,88.0,2008.0,Hayden Christensen,Hayden Christensen | Jamie Bell | Samuel L. Jackson,"David Rice is a man who knows no boundaries, a Jumper, born with the uncanny ability to teleport instantly to anywhere on Earth. When he discovers others like himself, David is thrust into a dangerous and bloodthirsty war while being hunted by a sinister and determined group of zealots who have sworn to destroy all Jumpers. Now, David’s extraordinary gift may be his only hope for survival!",330764.0,tt0489099,8247.0,iTunes,https://image.tmdb.org/t/p/w500/3pPZ9JhNz3VMmASVir5SMHvTDUU.jpg
Jurassic Park,V0367,8.2,91.0,PG-13,Jurassic Park Collection,Exotic island; island; triceratops; brontosaurus; electric fence; dna; tyrannosaurus rex; paleontology; dinosaur; amusement park; theme park,Steven Spielberg,1993.0,Adventure | Science Fiction,Won 3 Oscars. 44 wins & 28 nominations total,127.0,1993.0,Sam Neill,Jeff Goldblum | Laura Dern | Sam Neill,"A wealthy entrepreneur secretly creates a theme park featuring living dinosaurs drawn from prehistoric DNA. Before opening day, he invites a team of experts and his two eager grandchildren to experience the park and help calm anxious investors. However, the park is anything but amusing as the security systems go off-line and the dinosaurs escape.",1115662.0,tt0107290,329.0,iTunes,https://image.tmdb.org/t/p/w500/bRKmwU9eXZI5dKT11Zx1KsayiLW.jpg
Jurassic Park III,V0368,5.9,49.0,PG-13,,,Laurent Bouzereau,2001.0,Documentary,5 wins & 16 nominations total,23.0,2001.0,,,"A very in depth look at the making of the movie, a look at the special effects and animatronics made for the motion picture, Jurassic Park III (2001). Interviews with the cast and crew give us a sneak peek at the film. The movie used many different new dinosaurs compared to the first two films, here they examine how they'll look in the final product",352096.0,tt0362841,1200709.0,iTunes,https://image.tmdb.org/t/p/w500/f32yN9f8AFFgp6k8N5MQ3mvTXAT.jpg
Jurassic World,V0369,6.9,72.0,PG-13,Jurassic Park Collection,Island; primal fear; escape; velociraptor; dna; tyrannosaurus rex; animal attack; sequel; dinosaur; creature; park; amusement park; theme park; genetic engineering; raptor; animal horror; mosasaurus,Colin Trevorrow,2015.0,Action | Adventure | Science Fiction | Thriller,15 wins & 58 nominations total,124.0,2015.0,Chris Pratt,Bryce Dallas Howard | Chris Pratt | Irrfan Khan,"Twenty-two years after the events of Jurassic Park, Isla Nublar now features a fully functioning dinosaur theme park, Jurassic World, as originally envisioned by John Hammond.",693345.0,tt0369610,135397.0,iTunes,https://image.tmdb.org/t/p/w500/rhr4y79GpxQF9IsfJItRXVaoGs4.jpg
Jurassic World Dominion,V0370,5.6,29.0,PG-13,Jurassic Park Collection,Paleontology; giant monster; sequel; survival; dinosaur; scientist; child kidnapping; jurassic; animal sanctuary; science goes awry,Colin Trevorrow,2022.0,Action | Adventure | Science Fiction,1 win & 26 nominations total,147.0,2022.0,Chris Pratt,Bryce Dallas Howard | Chris Pratt | Laura Dern,"Four years after Isla Nublar was destroyed, dinosaurs now live—and hunt—alongside humans all over the world. This fragile balance will reshape the future and determine, once and for all, whether human beings are to remain the apex predators on a planet they now share with history's most fearsome creatures.",222065.0,tt8041270,507086.0,iTunes,https://image.tmdb.org/t/p/w500/jbAvCACjLf1ZG0unB2tdmx5HAf1.jpg
Jurassic World: Fallen Kingdom,V0371,6.1,47.0,PG-13,Jurassic Park Collection,Tyrannosaurus rex; volcano; rescue mission; sequel; wild animal; prehistoric creature; dinosaur; genetic engineering; aftercreditsstinger; monster island,J.A. Bayona,2018.0,Action | Adventure | Science Fiction | Thriller,5 wins & 26 nominations total,129.0,2018.0,Chris Pratt,Bryce Dallas Howard | Chris Pratt | Rafe Spall,"Three years after Jurassic World was destroyed, Isla Nublar now sits abandoned. When the island's dormant volcano begins roaring to life, Owen and Claire mount a campaign to rescue the remaining dinosaurs from this extinction-level event.",359089.0,tt4881806,351286.0,iTunes,https://image.tmdb.org/t/p/w500/270MrJNqJovumHXGE6SSt0zwUIF.jpg
Justice League,V0372,6.1,39.0,PG-13,,Superhero; based on comic; super power; superhero team; aftercreditsstinger; duringcreditsstinger; dc extended universe (dceu),Zack Snyder,2017.0,Action | Adventure | Science Fiction,2 wins & 15 nominations total,120.0,2017.0,Ben Affleck,Amy Adams | Ben Affleck | Henry Cavill,"Fuelled by his restored faith in humanity and inspired by Superman's selfless act, Bruce Wayne and Diana Prince assemble a team of metahumans consisting of Barry Allen, Arthur Curry and Victor Stone to face the catastrophic threat of Steppenwolf and the Parademons who are on the hunt for three Mother Boxes on Earth.",486646.0,tt0974015,141052.0,iTunes,https://image.tmdb.org/t/p/w500/eifGNCSDuxJeS1loAXil5bIGgvC.jpg
Kick-Ass,V0373,7.6,78.0,R,Kick-Ass Collection,Hero; secret identity; crime fighter; superhero; dark comedy; comic book; based on comic; murder; mafia; family; realism; mist; adventurer; rookie; young heroes; young adult; criminal heroes; heroes; pretending to be gay; hilarious; intense; powerful,Matthew Vaughn,2010.0,Action | Crime,19 wins & 63 nominations total,118.0,2010.0,Aaron Taylor-Johnson,Aaron Taylor-Johnson | Chloë Grace Moretz | Nicolas Cage,"Dave Lizewski is an unnoticed high school student and comic book fan who one day decides to become a super-hero, even though he has no powers, training or meaningful reason to do so.",608378.0,tt1250777,23483.0,iTunes,https://image.tmdb.org/t/p/w500/iHMbrTHJwocsNvo5murCBw0CwTo.jpg
Kick-Ass 2,V0374,6.5,33.0,R,Kick-Ass Collection,Secret identity; crime fighter; superhero; based on comic; aftercreditsstinger; teen superhero; amused; appreciative; forceful,Jeff Wadlow,2013.0,Action | Adventure | Crime,1 win & 9 nominations total,103.0,2013.0,Aaron Taylor-Johnson,Aaron Taylor-Johnson | Chloë Grace Moretz | Christopher Mintz-Plasse,"After Kick-Ass’ insane bravery inspires a new wave of self-made masked crusaders, he joins a patrol led by the Colonel Stars and Stripes. When these amateur superheroes are hunted down by Red Mist — reborn as The Mother Fucker — only the blade-wielding Hit-Girl can prevent their annihilation.",293420.0,tt1650554,59859.0,iTunes,https://image.tmdb.org/t/p/w500/1go2A3gdQjaMuHWquybgoJlQRcX.jpg
Kickboxer,V0375,6.4,36.0,R,Kickboxer Collection,Martial arts; showdown; rape; sibling relationship; sports; fight; wheelchair; bangkok | Thailand; thailand; phuket; muay thai; kick boxing; revenge; action hero; defiant,"David Worth, Mark DiSalle",1989.0,Action | Drama | Thriller,,97.0,1989.0,Jean-Claude Van Damme,Dennis Alexio | Dennis Chan Kwok-San | Jean-Claude Van Damme,"If your enemy refuses to be humbled... Destroy him. Accompanied by his brother Kurt, American kickboxing champion Eric Sloane, arrives in Thailand to defeat the Eastern warriors at their own sport. His opponent: ruthless fighter and Thai champion, Tong Po. Tong not only defeats Eric, he paralyzes him for life. Crazed with anger, Kurt vows revenge.",62835.0,tt0097659,10222.0,iTunes,https://image.tmdb.org/t/p/w500/tzEOkUn5708fQvF0bOPB5bLLRNk.jpg
Kill Bill: Volume 1,V0376,7.971,,,Kill Bill Collection,Martial arts; japan; kung fu; showdown; coma; sword; asia; yakuza; bride; sword fight; revenge; vigilante; female yakuza; animated scene; wedding; samurai sword; eye patch; retribution; somber; pessimistic,Quentin Tarantino,2003.0,Action | Crime,,111.0,2003.0,,,"An assassin is shot by her ruthless employer, Bill, and other members of their assassination circle – but she lives to plot her vengeance.",18130.0,tt0266697,24.0,iTunes,https://image.tmdb.org/t/p/w500/v7TaX8kXMXs5yFFGR41guUDNcnB.jpg
Kill Bill: Volume 2,V0377,7.873,,,Kill Bill Collection,Daughter; martial arts; kung fu; showdown; right and justice; rage and hate; sibling relationship; swordplay; katana; mother role; single; sword fight; revenge; vigilante; retribution; aftercreditsstinger; duringcreditsstinger; reflective; kill bill; hilarious,Quentin Tarantino,2004.0,Action | Crime | Thriller,,136.0,2004.0,,,"The Bride unwaveringly continues on her roaring rampage of revenge against the band of assassins who had tried to kill her and her unborn child. She visits each of her former associates one-by-one, checking off the victims on her Death List Five until there's nothing left to do … but kill Bill.",14447.0,tt0378194,393.0,iTunes,https://image.tmdb.org/t/p/w500/2yhg0mZQMhDyvUQ4rG1IZ4oIA8L.jpg
Killers,V0378,5.5,10.0,PG-13,,Assassin; hitman; contract killer; whirlwind romance; action comedy,Robert Luketic,2010.0,Action | Comedy | Romance | Thriller,2 wins & 3 nominations total,100.0,2010.0,Ashton Kutcher,Ashton Kutcher | Katherine Heigl | Tom Selleck,"When an elite assassin marries a beautiful computer whiz after a whirlwind romance, he gives up the gun and settles down with his new bride. That is, until he learns that someone from his past has put a contract out on his life.",97570.0,tt1103153,37821.0,Vudu,https://image.tmdb.org/t/p/w500/9VB8vGV4Aznf6GUc9C7a1EzGHLz.jpg
Killers of the Flower Moon,V0379,7.6,93.0,R,,Husband wife relationship; based on novel or book; war veteran; fbi; greed; oklahoma; manipulation; native american; based on true story; murder; racism; series of murders; genocide; period drama; courtroom; guilt; true crime; oil industry; death of sister; catholicism; uncle nephew relationship; catholic guilt; shocking; 1920s; candid; grim; osage indian; gullibility; poisoning; complex; diabetes; revisionist western; cautionary; meta; grand; factual; western; depressing; empathetic; harsh; tragic,Martin Scorsese,2023.0,Crime | Drama | History,Nominated for 10 Oscars. 136 wins & 427 nominations total,206.0,2023.0,Leonardo DiCaprio,Leonardo DiCaprio | Lily Gladstone | Robert De Niro,"When oil is discovered in 1920s Oklahoma under Osage Nation land, the Osage people are murdered one by one—until the FBI steps in to unravel the mystery.",276504.0,tt5537002,466420.0,iTunes,https://image.tmdb.org/t/p/w500/dB6Krk806zeqd0YNp2ngQ9zXteH.jpg
Kingdom of the Planet of the Apes,V0380,6.9,80.0,PG-13,Planet of the Apes (Reboot) Collection,Empire; kingdom; gorilla; dystopia; post-apocalyptic future; eagle; sequel; anthropomorphism; distant future; ape; orangutan; evolution; chimpanzee; primate; sign languages; journey; cgi-live action hybrid; evil tyrant,Wes Ball,2024.0,Action | Adventure | Drama | Science Fiction | Thriller,Nominated for 1 Oscar. 4 wins & 61 nominations total,145.0,2024.0,Owen Teague,Freya Allan | Kevin Durand | Owen Teague,"Several generations following Caesar's reign, apes – now the dominant species – live harmoniously while humans have been reduced to living in the shadows. As a new tyrannical ape leader builds his empire, one young ape undertakes a harrowing journey that will cause him to question all he's known about the past and to make choices that will define a future for apes and humans alike.",152227.0,tt11389872,653346.0,iTunes,https://image.tmdb.org/t/p/w500/gKkl37BQuKTanygYQG1pyYgLVgf.jpg
Kingsman: The Golden Circle,V0381,6.7,51.0,R,Kingsman Collection,Saving the world; spy; europe; sequel; secret government organization; agent; statesman; amused; excited,Matthew Vaughn,2017.0,Action | Adventure | Comedy | Crime | Science Fiction | Thriller,2 wins & 14 nominations total,141.0,2017.0,Taron Egerton,Colin Firth | Julianne Moore | Taron Egerton,"When an attack on the Kingsman headquarters takes place and a new villain rises, Eggsy and Merlin are forced to work together with the American agency known as the Statesman to save the world.",382193.0,tt4649466,343668.0,iTunes,https://image.tmdb.org/t/p/w500/34xBL6BXNYFqtHO9zhcgoakS4aP.jpg
Kingsman: The Secret Service,V0382,7.7,75.0,R,Kingsman Collection,Great britain; spy; secret organization; secret agent; based on comic; united kingdom; duringcreditsstinger; amused; excited,Matthew Vaughn,2015.0,Action | Adventure | Comedy | Crime,,129.0,2015.0,Taron Egerton,Colin Firth | Samuel L. Jackson | Taron Egerton,The story of a super-secret spy organization that recruits an unrefined but promising street kid into the agency's ultra-competitive training program just as a global threat emerges from a twisted tech genius.,751287.0,tt2802144,207703.0,iTunes,https://image.tmdb.org/t/p/w500/r6q9wZK5a2K51KFj4LWVID6Ja1r.jpg
Knives Out,V0383,7.9,97.0,PG-13,Knives Out Collection,Immigrant; detective; massachusetts; investigation; big family; mansion; whodunit; family home; murder mystery; neo-noir; privilege; absurd,Rian Johnson,2019.0,Comedy | Crime | Mystery,Nominated for 1 Oscar. 52 wins & 116 nominations total,131.0,2019.0,Daniel Craig,Ana de Armas | Chris Evans | Daniel Craig,"When renowned crime novelist Harlan Thrombey is found dead at his estate just after his 85th birthday, the inquisitive and debonair Detective Benoit Blanc is mysteriously enlisted to investigate. From Harlan's dysfunctional family to his devoted staff, Blanc sifts through a web of red herrings and self-serving lies to uncover the truth behind Harlan's untimely death.",814026.0,tt8946378,546554.0,iTunes,https://image.tmdb.org/t/p/w500/pThyQovXQrw2m0s9x82twj48Jq4.jpg
Kong: Skull Island,V0384,6.7,76.0,PG-13,Kong Collection,Vietnam veteran; island; monster; 1970s; expedition; giant monster; giant spider; creature; spin off; u.s. soldier; giant animal; kaiju; aftercreditsstinger; giant ape; monster island; water buffalo; uncharted; king kong,Jordan Vogt-Roberts,2017.0,Action | Adventure | Fantasy,Nominated for 1 Oscar. 1 win & 22 nominations total,118.0,2017.0,Tom Hiddleston,John Goodman | Samuel L. Jackson | Tom Hiddleston,"Explore the mysterious and dangerous home of the king of the apes as a team of explorers ventures deep inside the treacherous, primordial island.",362341.0,tt3731562,293167.0,iTunes,https://image.tmdb.org/t/p/w500/r2517Vz9EhDhj88qwbDVj8DCRZN.jpg
Krampus,V0385,6.2,66.0,PG-13,,Legends or folklore; christmas; bad kids; holiday horror | Winter; holiday; santa claus; snowstorm; flashback; fireplace; snow; creature; power outage; destruction; demon; blizzard; based on myths,Michael Dougherty,2015.0,Comedy | Fantasy | Horror,5 wins & 14 nominations total,98.0,2015.0,Emjay Anthony,Adam Scott | Emjay Anthony | Toni Collette,"When his dysfunctional family clashes over the holidays, young Max is disillusioned and turns his back on Christmas.  Little does he know, this lack of festive spirit has unleashed the wrath of Krampus: a demonic force of ancient evil intent on punishing non-believers.",90133.0,tt3850590,287903.0,iTunes,https://image.tmdb.org/t/p/w500/mzPCU6xQ2XQmD76cDVZPm5PZAaS.jpg
La La Land,V0386,8.0,91.0,PG-13,,California; pianist; pier; audition; valentine's day; planetarium; aspiring actor; movie set; sunset; one woman show; pool party; griffith observatory; romantic; exuberant; tragic | Dancing; dance; jazz; musical; ambition; casting; coffee shop; jazz club; traffic jam; hollywood; los angeles,Damien Chazelle,2016.0,Comedy | Drama | Music | Romance,Won 6 Oscars. 242 wins & 307 nominations total,129.0,2016.0,Ryan Gosling,Emma Stone | John Legend | Ryan Gosling,"Mia, an aspiring actress, serves lattes to movie stars in between auditions and Sebastian, a jazz musician, scrapes by playing cocktail party gigs in dingy bars, but as success mounts they are faced with decisions that begin to fray the fragile fabric of their love affair, and the dreams they worked so hard to maintain in each other threaten to rip them apart.",717993.0,tt3783958,313369.0,iTunes,https://image.tmdb.org/t/p/w500/uDO8zWDhfWwoFdKS4fzkUJt0Rf0.jpg
Labor Day,V0387,6.9,34.0,PG-13,,Based on novel or book; country house; suspicion; loss; escaped convict; single mother; tragic event; divorcee; teenage boy; recluse; father figure; life changing; depressed mom; police search; mother son relationship,Jason Reitman,2013.0,Drama | Romance | Thriller,6 nominations total,111.0,2013.0,Kate Winslet,Gattlin Griffith | Josh Brolin | Kate Winslet,Two two strangers are drawn together under incredible circumstances. What starts as an unforeseen encounter over a long holiday weekend soon becomes a second chance love story.,53368.0,tt1967545,130150.0,iTunes,https://image.tmdb.org/t/p/w500/iQdbCtk1Q3TdZRBKSLU1Vh870l7.jpg
Labyrinth,V0388,7.3,77.0,PG,,,Ella Crane,2024.0,Drama | Fantasy,,20.0,2024.0,Gemma Burton,Gemma Burton | Genevieve Murray | Yolanda Cai,"Sofia a 18 year-old girl finds herself in a situation that leaves her dazed and  confused. She has taken something, and ended up in what seems like planet Earth,  but apparently is not. On her journey she is met with a majestical being, an angel  that is set to help them through the memories of her past. Although, she soon finds  out the truth of this world, and where she is heading to. Sofia is on her own to find  her way out, and remember the painful memories of her impulsive choices.",157262.0,tt0091369,1279315.0,iTunes,https://image.tmdb.org/t/p/w500/bAMEKYoKIgvGlmHb0Luqux6Nn6s.jpg
Lara Croft Tomb Raider: The Cradle of Life,V0389,5.5,24.0,PG-13,Tomb Raider Collection,China; riddle; ex-lover; greece; kazakhstan; mercenary; earthquake; chinese mafia; treasure hunt; alexander the great; pandora's box; kenya; scuba diving; female protagonist; hong kong; mi6; scientist; underwater; heiress; archaeologist; based on video game; aristocrat; antidote; great wall of china; crime syndicate; bio terrorism; mythical artifact; weapons training; archaeology; good vs evil | Medallion; biological weapon; shanghai,Jan de Bont,2003.0,Action | Adventure | Fantasy | Thriller,1 win & 3 nominations total,117.0,2003.0,,,"Off the coast of the volcanic island of Santorini, the intrepid archaeologist Lara Croft makes the unexpected discovery of a pulsating golden orb able to guide its holder to the mythical Pandora's Box. As the legendary artifact contains ancient mysteries of unfathomable power - said to contain one of the deadliest plagues on Earth, Lara is tasked by MI6 to make sure it doesn't fall into the wrong hands. With the aid of former Marine turned mercenary Terry Sheridan, she travels the world in pursuit of the precious item in a race against time; she must beat the unscrupulous Nobel Prize-winning scientist turned bioterrorist, Jonathan Reiss, to it.",147526.0,tt0325703,1996.0,iTunes,https://image.tmdb.org/t/p/w500/ylIEGeAr2ygSClK4FDj9mi2Ah22.jpg
Lara Croft: Tomb Raider,V0390,5.8,20.0,PG-13,Tomb Raider Collection,England; buddhist monk; planetary alignment; angkor wat; illuminati; william blake; steampunk; female protagonist; heiress; archaeologist; based on video game; aristocrat; sled dogs; relic; dead father; siberia; archeology; animate statue; lunar eclipse; tomb raiding | London,Simon West,2001.0,Action | Adventure | Fantasy | Thriller,4 wins & 21 nominations total,100.0,2001.0,Angelina Jolie,Angelina Jolie | Daniel Craig | Iain Glen,"Orphaned heiress, English aristocrat and intrepid archaeologist, Lara Croft, embarks on a dangerous quest to retrieve the two halves of an ancient artifact which controls time before it falls into the wrong hands. As an extremely rare planetary alignment is about to occur for the first time in 5,000 years, the fearless tomb raider will have to team up with rival adventurers and sworn enemies to collect the pieces, while time is running out. But, in the end, who can harness the archaic talisman's unlimited power?",223482.0,tt0146316,1995.0,iTunes,https://image.tmdb.org/t/p/w500/7WyMvoqPYJe5g1ENsbLTv40pUrX.jpg
Lawless,V0391,7.2,67.0,R,,Corruption; based on novel or book; prohibition era; brother; gangster; great depression; appalachia; bootlegging; shootout; brutality; church; moonshine; virginia; 1930s; lawman; brothers; violence,John Hillcoat,2012.0,Crime | Drama | Western,1 win & 8 nominations total,115.0,2012.0,Shia LaBeouf,Gary Oldman | Shia LaBeouf | Tom Hardy,"In 1931, the Bondurant brothers of Franklin County, Virginia, run a multipurpose backwoods establishment that hides their true business — bootlegging. Middle brother Forrest is the brain of the operation; older Howard is the brawn, and younger Jack, the lookout. Though the local police have taken bribes and left the brothers alone, a violent war erupts when a sadistic lawman from Chicago arrives and tries to shut down the Bondurants operation.",258482.0,tt1212450,82633.0,iTunes,https://image.tmdb.org/t/p/w500/Ahtzwts22ayviD3LEVslfL4nRWB.jpg
Legally Blonde,V0392,6.5,72.0,PG-13,Legally Blonde Collection,Father murder; blonde; superficiality; beauty salon; law school; murder; cynical; girl power; toy dog; chihuahua dog; blonde stereotype; proving oneself; murder confession,Robert Luketic,2001.0,Comedy | Romance,6 wins & 14 nominations total,96.0,2001.0,Reese Witherspoon,Luke Wilson | Reese Witherspoon | Selma Blair,"Fashionable sorority queen Elle Woods has it all, but, she wants nothing more than to be Mrs. Warner Huntington III. But he dumps her before heading to Harvard Law School. Elle rallies all of her resources and gets into Harvard, determined to win him back. While there, she figures out that there is more to herself than just good looks.",263938.0,tt0250494,8835.0,iTunes,https://image.tmdb.org/t/p/w500/9ohlMrJHQqKhfUKh7Zr3JQqHNLZ.jpg
"Legally Blonde 2: Red, White and Blonde",V0393,5.7,,,Legally Blonde Collection,Massachusetts; chambers of a barrister; blonde; sequel; beauty salon; animal rights; lawyer; toy dog; animal testing; chihuahua dog; blonde stereotype | Usa; politics; boston | Washington dc,Charles Herman-Wurmfeld,2003.0,Comedy | Romance,,95.0,2003.0,,,"Now a rising young lawyer, Elle Woods is about to make partner at her firm, but when she finds out her dog's relatives are being used as cosmetic test subjects, she heads to Washington D.C. to fight for animal rights.",1667.0,tt0333780,10327.0,iTunes,https://image.tmdb.org/t/p/w500/4kC0UGTuJgFnlZq2ZM6OiY7nuY8.jpg
Les misérables,V0394,7.6,,,,,,2000.0,"Drama, History",,90.0,1995.0,Gérard Depardieu,,"Ex-convict Jean Valjean's pursuit of redemption and peace clashes with Javert's rigid enforcement of law. Their conflict impacts lives, including Fantine's daughter Cosette, against the backdrop of 19th-century France.",,tt0230534,,iTunes,https://m.media-amazon.com/images/M/MV5BMTkzMzIxNTQ4MF5BMl5BanBnXkFtZTcwNzQwMDcxMQ@@._V1_SX300.jpg
Let's Be Cops,V0395,6.4,19.0,R,,California; buddy cop; lying; guns; playful; absurd; hilarious; admiring; adoring; amused; celebratory; familiar | Robbery; corruption; police; kidnapping; nightclub; investigation; affectation; male friendship; flashback; murder; mobster; police impersonator; los angeles,Luke Greenfield,2014.0,Comedy,2 nominations total,104.0,2014.0,Jake Johnson,Damon Wayans Jr. | Jake Johnson | Rob Riggle,"Best pals Ryan and Justin are stalled in their respective careers -- a fact that is painfully driven home when they go to a college reunion. Dressed as police in the mistaken belief that they were to attend a costume party, Ryan and Justin find that the uniforms earn them much respect and attention. Although Justin is uncomfortable with the idea, Ryan decides to continue with the charade, putting them both in increasingly dangerous situations. When these newly-minted “heroes” get tangled in a real life web of mobsters and dirty detectives, they must put their fake badges on the line.",141849.0,tt1924435,193893.0,iTunes,https://image.tmdb.org/t/p/w500/pf4FoUr2phn5WyZjU7rLXSiW1Ve.jpg
Lethal Weapon,V0396,7.6,80.0,R,Lethal Weapon Collection,California; police detective; ex soldier; wisecrack humor; buddy cop; lapd; maverick cop; homicide detective; christmas; death of wife; action hero; shooting; cops; critical | Showdown; police; self-destruction; mixed martial arts (mma); los angeles,Richard Donner,1987.0,Action | Adventure | Comedy | Crime | Thriller,Nominated for 1 Oscar. 5 wins & 3 nominations total,110.0,1987.0,Mel Gibson,Danny Glover | Gary Busey | Mel Gibson,"Buttoned-down veteran LAPD detective Roger Murtaugh is partnered with unhinged cop Martin Riggs, who — distraught after his wife's death — has a death wish and takes unnecessary risks with criminals at every turn. The odd couple embark on their first homicide investigation as partners, involving a young woman known to Murtaugh with ties to a drug and prostitution ring.",285860.0,tt0093409,941.0,iTunes,https://image.tmdb.org/t/p/w500/6gt44oqb4nE8vflPElffeGwsHVl.jpg
Lexi,V0397,3.2,,,,Mockumentary; found footage,Victoria Vertuga,2022.0,Horror | Mystery | Thriller,,80.0,2022.0,Victoria Vertuga,Maya Zapata | Thomas Hobson | Victoria Vertuga,"“Laughing Lexi” has gone missing. As the tale unfolds, the story of what really happened becomes stranger than fiction.",10.0,tt13451112,930791.0,Vudu,https://image.tmdb.org/t/p/w500/5NbW31fSohy8v9GQEXp02JLD6OA.jpg
Liar Liar,V0398,6.9,83.0,PG-13,,California; workaholic; birthday; truth; lie; wish; legal drama,Tom Shadyac,1997.0,Comedy,4 wins & 6 nominations total,86.0,1997.0,Jim Carrey,Jim Carrey | Justin Cooper | Maura Tierney,"Forced by his son's birthday wish, fast-talking attorney and habitual liar Fletcher Reede must tell the truth for the next 24 hours.",348656.0,tt0119528,1624.0,iTunes,https://image.tmdb.org/t/p/w500/p1habYSdC7oD3WygQ5lynU5G5rV.jpg
Life,V0399,6.6,68.0,R,,Planet mars; alien life-form; space; astronaut; space station; intelligent; trapped in space; extraterrestrial life; alien on board; death of astronaut; cliché,Daniel Espinosa,2017.0,Horror | Mystery | Science Fiction | Thriller,7 nominations total,104.0,2017.0,Jake Gyllenhaal,Jake Gyllenhaal | Rebecca Ferguson | Ryan Reynolds,"The six-member crew of the International Space Station is tasked with studying a sample from Mars that may be the first proof of extra-terrestrial life, which proves more intelligent than ever expected.",265743.0,tt5442430,395992.0,iTunes,https://image.tmdb.org/t/p/w500/wztfli5NgYDgurVgShNflvnyA3Z.jpg
Lights Out,V0400,6.3,75.0,PG-13,,Short film,David F. Sandberg,2013.0,Horror,1 win & 1 nomination,3.0,2013.0,Lotta Losten,Lotta Losten,"A woman prepares for bed, but realizes that something may be lurking in the shadows.",146846.0,tt3605002,259761.0,iTunes,https://image.tmdb.org/t/p/w500/1VzEIaYWO9HFIp6lgjfbLRJRKSF.jpg
Limitless,V0401,7.4,68.0,PG-13,,New york city; medicine; politician; iq; pill; stalking; superhuman; writer; drugs; threat; knowledge; nootropics; mind booster,Neil Burger,2011.0,Mystery | Science Fiction | Thriller,2 wins & 8 nominations total,105.0,2011.0,Bradley Cooper,Abbie Cornish | Bradley Cooper | Robert De Niro,The life of an unsuccessful writer is transformed by a top-secret 'smart drug' that allows him to use 100% of his brain and become a perfect version of himself. His enhanced abilities soon attract shadowy forces that threaten his new life.,628391.0,tt1219289,51876.0,iTunes,https://image.tmdb.org/t/p/w500/un0a2U7KLjMH77N6EhqYh7ZOlVx.jpg
Lincoln,V0402,7.3,89.0,PG-13,,Mutiny; usa president; based on true story; speech; battlefield; historical fiction; family conflict; american civil war; cultural conflict; battle of gettysburg; secession; gettysburg address; conflagration; ethical dilemma; emancipation; 19th century; abraham lincoln; abraham; america; assertive,Steven Spielberg,2012.0,Drama | History,Won 2 Oscars. 107 wins & 251 nominations total,149.0,2012.0,Daniel Day-Lewis,Daniel Day-Lewis | David Strathairn | Sally Field,"The revealing story of the 16th US President's tumultuous final months in office. In a nation divided by war and the strong winds of change, Lincoln pursues a course of action designed to end the war, unite the country and abolish slavery. With the moral courage and fierce determination to succeed, his choices during this critical moment will change the fate of generations to come.",278651.0,tt0443272,72976.0,iTunes,https://image.tmdb.org/t/p/w500/5KeUqW6DpVtf8G9VMuI2l0XIPCo.jpg
Little Boy,V0403,7.2,,,,,Alejandro Monteverde,2015.0,"Drama, History, War",,106.0,2015.0,Jakob Salvati,,An eight-year-old boy is willing to do whatever it takes to end World War II so he can bring his father home. The story reveals the indescribable love a father has for his little boy and the love a son has for his father.,544.0,tt1810683,,iTunes,https://m.media-amazon.com/images/M/MV5BMTU5MjMyODcxMF5BMl5BanBnXkFtZTgwMzIwMDM2NDE@._V1_SX300.jpg
Little Fockers,V0404,5.5,9.0,PG-13,Meet the Parents Collection,Nurse; cat; father-in-law; vomit; viagra; overbearing father; duringcreditsstinger,"Paul Weitz, Greg Glienna",2010.0,Comedy | Romance,3 wins & 5 nominations total,98.0,2010.0,Robert De Niro,Ben Stiller | Owen Wilson | Robert De Niro,"It has taken 10 years, two little Fockers with wife Pam and countless hurdles for Greg to finally get in with his tightly wound father-in-law, Jack. After the cash-strapped dad takes a job moonlighting for a drug company, Jack's suspicions about his favorite male nurse come roaring back. When Greg and Pam's entire clan descends for the twins' birthday party, Greg must prove to the skeptical Jack that he's fully capable as the man of the house.",122543.0,tt0970866,39451.0,iTunes,https://image.tmdb.org/t/p/w500/90mwPRNMmX9RUGVgKMJMJNQnYX8.jpg
Live Die Repeat: Edge of Tomorrow,V0405,7.632,,,,Deja vu; based on novel or book; restart; military officer; dystopia; affectation; training; alien; time loop; soldier; alien invasion; war hero; exoskeleton; frantic; thoughtful; somber; complex; anxious; soldiers; war; intimate; understated; sentimental; intense; romantic; admiring; adoring; audacious; commanding; defiant; dignified; earnest; empathetic; hopeful; sincere; 2020s,Doug Liman,2014.0,Action | Science Fiction,,114.0,2014.0,,,"Major Bill Cage is an officer who has never seen a day of combat when he is unceremoniously demoted and dropped into combat. Cage is killed within minutes, managing to take an alpha alien down with him. He awakens back at the beginning of the same day and is forced to fight and die again... and again - as physical contact with the alien has thrown him into a time loop.",14417.0,tt1631867,137113.0,iTunes,https://image.tmdb.org/t/p/w500/nBM9MMa2WCwvMG4IJ3eiGUdbPe6.jpg
Live Free or Die Hard,V0406,7.1,82.0,PG-13,Die Hard Collection,Helicopter; washington dc | Newspaper or article; father daughter relationship; algorithm; computer hacker | Usa; hostage; detective; fbi; genius; sarcasm; parkour; traffic chaos; sequel; hacking; power outage; police detective; nypd; federal agent; fourth of july; media manipulation; nsa agent; cyber terrorism; police escort; homeland security; assassination team; electric power station; based on magazine,Len Wiseman,2007.0,Action | Thriller,3 wins & 16 nominations total,128.0,2007.0,Bruce Willis,Bruce Willis | Justin Long | Timothy Olyphant,"John McClane is back and badder than ever, and this time he calls on the services of a young hacker in his bid to stop a ring of Internet terrorists intent on taking control of America's computer infrastructure.",428464.0,tt0337978,1571.0,iTunes,https://image.tmdb.org/t/p/w500/wplG0vWnpnzkIBDxBhTfIygqfoK.jpg
Lockout,V0407,6.0,38.0,PG-13,,Future; usa president; anti hero; dementia; space; convict; interrogation; space station; collision in space; 2070s,"Stephen St. Leger, James Mather",2012.0,Action | Science Fiction | Thriller,1 nomination total,95.0,2012.0,Guy Pearce,Guy Pearce | Maggie Grace | Vincent Regan,"Set in the near future, Lockout follows a falsely convicted ex-government agent , whose one chance at obtaining freedom lies in the dangerous mission of rescuing the President's daughter from rioting convicts at an outer space maximum security prison.",101774.0,tt1592525,81796.0,iTunes,https://image.tmdb.org/t/p/w500/i5QfNIcg6hc327IWUerea0EczP4.jpg
Logan,V0408,8.1,93.0,R,The Wolverine Collection,Future; experiment; immortality; self-destruction; cyborg; dystopia; superhero; mutant; road trip; based on comic; sequel; super power; neo-western; troubled past; aging superhero; life on the margin; dramatic; antagonistic; dignified,James Mangold,2017.0,Action | Drama | Science Fiction,Nominated for 1 Oscar. 28 wins & 82 nominations total,137.0,2017.0,Hugh Jackman,Dafne Keen | Hugh Jackman | Patrick Stewart,"In the near future, a weary Logan cares for an ailing Professor X in a hideout on the Mexican border. But Logan's attempts to hide from the world and his legacy are upended when a young mutant arrives, pursued by dark forces.",882870.0,tt3315342,263115.0,iTunes,https://image.tmdb.org/t/p/w500/fnbjcRDYn6YviCcePDnGdyAkYsB.jpg
London Has Fallen,V0409,5.9,28.0,R,Has Fallen Collection,England; usa president; terrorism; political assassination; terrorist attack | London,Babak Najafi,2016.0,Action | Thriller,1 win & 3 nominations total,99.0,2016.0,Gerard Butler,Aaron Eckhart | Angela Bassett | Gerard Butler,"In London for the Prime Minister's funeral, Mike Banning discovers a plot to assassinate all the attending world leaders.",174913.0,tt3300542,267860.0,iTunes,https://image.tmdb.org/t/p/w500/iEbLkYzyiUdOKNK4WNBFyGH7r2Y.jpg
Lone Survivor,V0410,7.5,75.0,R,,Based on novel or book; fight; afghanistan; biography; taliban; survival; u.s. navy seal; military; dangerous mission; soldiers; bold,Peter Berg,2013.0,Action | Drama | War,Nominated for 2 Oscars. 6 wins & 16 nominations total,121.0,2013.0,Mark Wahlberg,Emile Hirsch | Mark Wahlberg | Taylor Kitsch,"Four Navy SEALs on a covert mission to neutralize a high-level Taliban operative must make an impossible moral decision in the mountains of Afghanistan that leads them into an enemy ambush. As they confront unthinkable odds, the SEALs must find reserves of strength and resilience to fight to the finish.",314539.0,tt1091191,193756.0,iTunes,https://image.tmdb.org/t/p/w500/zaBIrloyhGK7iNTZMb3f9SARsl8.jpg
Long Shot,V0411,6.8,82.0,R,,True crime; short film,Jacob LaMendola,2017.0,Crime | Documentary,1 win & 3 nominations total,41.0,2017.0,Juan Catalan,Juan Catalan | Tim Gibbons | Todd Melnik,"When Juan Catalan is arrested for a murder he insists he didn't commit, he builds his case for innocence around unexpected raw footage.",125622.0,tt7344360,477331.0,iTunes,https://image.tmdb.org/t/p/w500/8LDeHrG8RBluJ7IkPgBaOMkU3fl.jpg
Love Actually,V0412,7.6,64.0,R,,England; usa president; rock star; school performance; love at first sight; holiday; war on terror; marseille | France; office; christmas party; language barrier; prime minister; press conference; bars and restaurants; valentine's day; heathrow airport; multiple storylines; christmas; lighthearted | London,Richard Curtis,2003.0,Comedy | Drama | Romance,Won 1 BAFTA Award11 wins & 29 nominations total,135.0,2003.0,Hugh Grant,Alan Rickman | Emma Thompson | Hugh Grant,Eight very different couples deal with their love lives in various loosely interrelated tales all set during a frantic month before Christmas in London.,555566.0,tt0314331,508.0,iTunes,https://image.tmdb.org/t/p/w500/7QPeVsr9rcFU9Gl90yg0gTOTpVv.jpg
Love and Monsters,V0413,6.9,94.0,PG-13,,Monster; bunker; post-apocalyptic future; coming of age; mutant animal; psychotronic; giant crab; teenager,Michael Matthews,2020.0,Action | Adventure | Comedy | Fantasy | Science Fiction,Nominated for 1 Oscar. 1 win & 4 nominations total,109.0,2020.0,Dylan O'Brien,Dylan O'Brien | Jessica Henwick | Michael Rooker,"Seven years since the Monsterpocalypse began, Joel Dawson has been living underground in order to survive. But after reconnecting over radio with his high school girlfriend Aimee, Joel decides to venture out to reunite with her, despite all the dangerous monsters that stand in his way.",150442.0,tt2222042,590223.0,iTunes,https://image.tmdb.org/t/p/w500/718NnyxyQuBQcGWt9sdelA1Zc3h.jpg
"Love, Simon",V0414,7.5,92.0,PG-13,,Coming out; sexual identity; high school; based on novel or book; sexuality; class; coming of age; bully; love; teen movie; male homosexuality; lgbt; lgbt teen; based on young adult novel; gay theme; boys' love (bl),Greg Berlanti,2018.0,Comedy | Drama | Romance,9 wins & 31 nominations total,110.0,2018.0,Nick Robinson,Alexandra Shipp | Logan Miller | Nick Robinson,"Everyone deserves a great love story, but for 17-year-old Simon Spier, it's a little more complicated. He hasn't told his family or friends that he's gay, and he doesn't know the identity of the anonymous classmate that he's fallen for online.",130092.0,tt5164432,449176.0,iTunes,https://image.tmdb.org/t/p/w500/snIsqVPmlu4LPjvToHpDotxa7Eh.jpg
Lucy,V0415,6.4,67.0,R,Lucy Collection,Artificial intelligence (a.i.); telepathy; intelligence; drug mule; telekinesis; futuristic; drugs; super power; tough girl; surgery; brain capacity; synthetic drug; human brain,Luc Besson,2014.0,Action | Science Fiction,1 win & 12 nominations total,89.0,2014.0,Scarlett Johansson,Choi Min-sik | Morgan Freeman | Scarlett Johansson,"A woman, accidentally caught in a dark deal, turns the tables on her captors and transforms into a merciless warrior evolved beyond human logic.",555707.0,tt2872732,240832.0,iTunes,https://image.tmdb.org/t/p/w500/kRbpUTRNm6QbLQFPFWUcNC4czEm.jpg
M3GAN,V0416,6.3,93.0,PG-13,M3GAN Collection,Artificial intelligence (a.i.); killer robot; aunt niece relationship; evil doll; orphan; car accident; niece; robot; juvenile delinquent; doll; information leak; dead dog; nosy neighbor; hit by a car; dead parents; attacked by a dog; creepy doll; possessed doll; android horror,Gerard Johnstone,2022.0,Horror | Science Fiction,4 wins & 31 nominations total,102.0,2022.0,Jenna Davis,Allison Williams | Jenna Davis | Violet McGraw,"A brilliant toy company roboticist uses artificial intelligence to develop M3GAN, a life-like doll programmed to emotionally bond with her newly orphaned niece. But when the doll's programming works too well, she becomes overprotective of her new friend with terrifying results.",157200.0,tt8760708,536554.0,iTunes,https://image.tmdb.org/t/p/w500/d9nBoowhjiiYc4FBNtQkPY7c11H.jpg
Ma,V0417,5.8,,,,,Tate Taylor,2019.0,"Horror, Mystery, Thriller",,0.0,2019.0,Octavia Spencer,,"A lonely woman befriends a group of teenagers and decides to let them party at her house. Just when the kids think their luck couldn't get any better, things start happening that make them question the intention of their host.",2343.0,tt7958736,1074284.0,iTunes,https://m.media-amazon.com/images/M/MV5BMTA2MjA3ODU0NjBeQTJeQWpwZ15BbWU4MDE3NTQxNDcz._V1_SX300.jpg
Mad Max,V0418,6.8,89.0,R,Mad Max Collection,Australia; petrol; baby; chain; dystopia; post-apocalyptic future; exploitation; villain; bridge; matter of life and death; benzine; biker; cop; partner; truck; vigilante; gasoline; motorcycle; motorcycle gang; exploding car; psychotic; adventurer; angry; hostile; aggressive; action hero; out of fuel; good versus evil; violence; antagonistic; forceful; harsh; ominous; urgent; fuel shortage,George Miller,1979.0,Action | Adventure | Science Fiction | Thriller,6 wins & 8 nominations total,91.0,1979.0,Mel Gibson,Hugh Keays-Byrne | Joanne Samuel | Mel Gibson,"In the ravaged near-future, a savage motorcycle gang rules the road. Terrorizing innocent civilians while tearing up the streets, the ruthless gang laughs in the face of a police force hell-bent on stopping them.",236449.0,tt0079501,9659.0,iTunes,https://image.tmdb.org/t/p/w500/5LrI4GiCSrChgkdskVZiwv643Kg.jpg
Mad Max: Fury Road,V0419,8.1,97.0,R,Mad Max Collection,Rescue; future; australia; chase; dystopia; post-apocalyptic future; survival; on the run; on the road; desert; convoy; peak oil; dark future; car; suspenseful; awestruck; commanding,George Miller,2015.0,Action | Adventure | Science Fiction,Won 6 Oscars. 245 wins & 233 nominations total,121.0,2015.0,Tom Hardy,Charlize Theron | Nicholas Hoult | Tom Hardy,"An apocalyptic story set in the furthest reaches of our planet, in a stark desert landscape where humanity is broken, and most everyone is crazed fighting for the necessities of life. Within this world exist two rebels on the run who just might be able to restore order.",1151388.0,tt1392190,76341.0,iTunes,https://image.tmdb.org/t/p/w500/hA2ple9q4qnwxp3hKVNhroipsir.jpg
Magic Mike,V0420,6.1,78.0,R,Magic Mike Collection,Florida; seduction; based on true story; strip club; male stripper; novice; muscled; brother sister relationship; gay interest,Steven Soderbergh,2012.0,Comedy | Drama,10 wins & 14 nominations total,110.0,2012.0,Channing Tatum,Alex Pettyfer | Channing Tatum | Matthew McConaughey,"Mike, an experienced stripper, takes a younger performer called The Kid under his wing and schools him in the arts of partying, picking up women, and making easy money.",150076.0,tt1915581,77930.0,iTunes,https://image.tmdb.org/t/p/w500/cfRv1INLSSumjvxAqEGOP6b0Aw1.jpg
Maleficent,V0421,6.9,54.0,PG,Maleficent Collection,Friendship; magic; kingdom; fairy tale; fairy; prince; villain; enchantment; betrayal; curse; kindness; protector; childhood friends; good becoming evil; raven; dark fantasy; based on fairy tale; retelling; literary adaptation; true love; wings; sleeping spell; dark forest; live action remake; creatures; cursed princess; fairies,Robert Stromberg,2014.0,Action | Adventure | Family | Fantasy | Romance,Nominated for 1 Oscar. 12 wins & 44 nominations total,97.0,2014.0,Angelina Jolie,Angelina Jolie | Elle Fanning | Imelda Staunton,"A beautiful, pure-hearted young woman, Maleficent has an idyllic life growing up in a peaceable forest kingdom, until one day when an invading army threatens the harmony of the land. She rises to be the land's fiercest protector, but she ultimately suffers a ruthless betrayal – an act that begins to turn her heart into stone. Bent on revenge, Maleficent faces an epic battle with the invading King's successor and, as a result, places a curse upon his newborn infant Aurora. As the child grows, Maleficent realizes that Aurora holds the key to peace in the kingdom – and to Maleficent's true happiness as well.",409164.0,tt1587310,102651.0,iTunes,https://image.tmdb.org/t/p/w500/bDG3yei6AJlEAK3A5wN7RwFXQ7V.jpg
Maleficent: Mistress of Evil,V0422,6.6,40.0,PG,Maleficent Collection,Magic; fairy tale; fairy; villain; sequel; live action remake; complicated,Joachim Rønning,2019.0,Action | Adventure | Family | Fantasy,Nominated for 1 Oscar. 1 win & 11 nominations total,119.0,2019.0,Angelina Jolie,Angelina Jolie | Elle Fanning | Harris Dickinson,"Maleficent and her goddaughter Aurora begin to question the complex family ties that bind them as they are pulled in different directions by impending nuptials, unexpected allies, and dark new forces at play.",125608.0,tt4777008,420809.0,iTunes,https://image.tmdb.org/t/p/w500/vloNTScJ3w7jwNwtNGoG8DbTThv.jpg
Malignant,V0423,6.2,77.0,R,,Dreams; monster; brain tumor; detective; seattle | Washington; gore; murder; vision; serial killer; hospital; miscarriage; videotape; murder mystery; sister sister relationship; psychic connection; intense; american giallo,James Wan,2021.0,Horror | Mystery,4 wins & 19 nominations total,111.0,2021.0,Annabelle Wallis,Annabelle Wallis | George Young | Maddie Hasson,"Madison is paralyzed by shocking visions of grisly murders, and her torment worsens as she discovers that these waking dreams are in fact terrifying realities with a mysterious tie to her past.",115306.0,tt3811906,619778.0,iTunes,https://image.tmdb.org/t/p/w500/dGv2BWjzwAz6LB8a8JeRIZL8hSz.jpg
Mama,V0424,6.2,63.0,PG-13,,,Adi Garin,2025.0,Drama | Horror | Thriller,1 nomination total,96.0,2025.0,Nafiza Fatia Rani,Ayu Inten | Nafiza Fatia Rani | Rizky Hanggono,"Dinda, who had just graduated from elementary school, had to feel the loss of her mother, who she loved so much, because of a hit-and-run accident. In this unfortunate incident, Wahyu, Dinda's father, broke his leg. Dinda and her father returned to the family's old house to calm down and heal their wounds. But there is another figure that inhabits the house. A figure who expects the presence of a child, to accompany her solitude.",195408.0,tt35049002,1127143.0,iTunes,https://image.tmdb.org/t/p/w500/o6K500W5qIZzVDiBcfQ1mCMMnay.jpg
Mamma Mia! Here We Go Again,V0425,6.6,80.0,PG-13,Mamma Mia! Collection,Greece; musical; sequel; greek island; aftercreditsstinger; estranged mother; long lost love; jukebox musical; estranged grandparent; abba,Ol Parker,2018.0,Comedy | Romance,1 win & 13 nominations total,114.0,2018.0,Lily James,Amanda Seyfried | Lily James | Meryl Streep,"Five years after meeting her three fathers, Sophie Sheridan prepares to open her mother’s hotel. In 1979, young Donna Sheridan meets the men who each could be Sophie’s biological father.",113877.0,tt6911608,458423.0,iTunes,https://image.tmdb.org/t/p/w500/aWicerX4Y7n7tUwRAVHsVcBBpj2.jpg
Mamma Mia! The Movie,V0426,7.0,,,Mamma Mia! Collection,Poem or rhyme; hotel manager; young love; greek island; duringcreditsstinger; woman director; imminent wedding; mother daughter relationship; jukebox musical; past history; daughter's wedding; abba; comforting; enthusiastic; joyful | Single parent; parent child relationship; greece; musical; romcom; based on play or musical; unknown father; single mother; based on song,Phyllida Lloyd,2008.0,Comedy | Romance,,108.0,2008.0,,,A spirited young bride-to-be living with her single mother on a small Greek island secretly invites three of her mother's ex-boyfriends in hope of finding her biological father to walk her down the aisle.,6770.0,tt0795421,11631.0,iTunes,https://image.tmdb.org/t/p/w500/zdUA4FNHbXPadzVOJiU0Rgn6cHR.jpg
Man of Steel,V0427,6.637,,,,,Zack Snyder,2013.0,"Action, Adventure, Sci-Fi",,143.0,2013.0,Henry Cavill,,An alien child is evacuated from his dying world and sent to Earth to live among humans. His peace is threatened when other survivors of his home planet invade Earth.,15651.0,tt0770828,,iTunes,https://m.media-amazon.com/images/M/MV5BMTk5ODk1NDkxMF5BMl5BanBnXkFtZTcwNTA5OTY0OQ@@._V1_SX300.jpg
Manhunter,V0428,7.2,94.0,R,,Bounty hunter,Walter Grauman,1974.0,Crime | Drama | Tv Movie,,74.0,1974.0,Ken Howard,Gary Lockwood | Ken Howard | Tim O'Connor,"Pilot movie for the short-lived TV series set in the 1930's about a World War I ex-marine-turned-bounty-hunter, named Dave Barrett, who goes after two Bonnie-and-Clyde style bank robbers who murdered his former girlfriend.",85304.0,tt0071809,100279.0,iTunes,https://image.tmdb.org/t/p/w500/jkVpV6Crjc6i7sf5EjezAqam5oY.jpg
Maps to the Stars,V0429,6.2,62.0,R,,California; drugs; incest; therapy; mental illness; child star; ghost; personal assistant; aspiring actor; nepotism | Suicide; fire; schizophrenia; child murder; rehabilitation; narcissism; menage a trois; satire; addiction; dysfunctional family; wedding ring; hollywood; los angeles,David Cronenberg,2014.0,Drama,10 wins & 24 nominations total,112.0,2014.0,Julianne Moore,Julianne Moore | Mia Wasikowska | Robert Pattinson,"Driven by an intense need for fame and validation, members of a dysfunctional Hollywood family are chasing celebrity, one another and the relentless ghosts of their pasts.",43453.0,tt2172584,157851.0,iTunes,https://image.tmdb.org/t/p/w500/aoMNfiaMmT7o7wY8oXWCLErZtah.jpg
Master and Commander: The Far Side of the World,V0430,7.5,85.0,PG-13,,Epic; ship; navy; based on novel or book; surgeon; royal navy; historical fiction; period drama; napoleonic wars; naturalist; frigate; self surgery; sea battle; weevil; high seas; naval warfare; aggressive; 19th century; galapagos islands; naval battle; english navy; dramatic; intense; commanding; exhilarated; surprise-ending,Peter Weir,2003.0,Adventure | Drama | War,Won 2 Oscars. 23 wins & 90 nominations total,138.0,2003.0,Russell Crowe,James D'Arcy | Paul Bettany | Russell Crowe,"After an abrupt and violent encounter with a French warship inflicts severe damage upon his ship, a captain of the British Royal Navy begins a chase over two oceans to capture or destroy the enemy, though he must weigh his commitment to duty and ferocious pursuit of glory against the safety of his devoted crew, including the ship's thoughtful surgeon, his best friend.",246026.0,tt0311113,8619.0,iTunes,https://image.tmdb.org/t/p/w500/s1cVTQEZYn4nSjZLnFbzLP0j8y2.jpg
Maze Runner: The Scorch Trials,V0431,6.3,49.0,PG-13,The Maze Runner Collection,Based on novel or book; escape; resistance; dystopia; maze; post-apocalyptic future; infection; on the run; zombie; storm; disease; desert; sewer; antidote; corporation; virus; runner; city ruin; immunity; based on young adult novel,Wes Ball,2015.0,Action | Adventure | Science Fiction | Thriller,2 wins & 5 nominations total,131.0,2015.0,Dylan O'Brien,Dylan O'Brien | Kaya Scodelario | Thomas Brodie-Sangster,"Thomas and his fellow Gladers face their greatest challenge yet: searching for clues about the mysterious and powerful organization known as WCKD. Their journey takes them to the Scorch, a desolate landscape filled with unimaginable obstacles. Teaming up with resistance fighters, the Gladers take on WCKD’s vastly superior forces and uncover its shocking plans for them all.",290340.0,tt4046784,294254.0,iTunes,https://image.tmdb.org/t/p/w500/mYw7ZyejqSCPFlrT2jHZOESZDU3.jpg
Mean Girls,V0432,7.1,84.0,PG-13,Mean Girls Collection,Based on novel or book; illinois; female friendship; bullying; coming of age; prom; teenage girl; fish out of water; best friend; math teacher; biting; gossip; clique; former best friend; teen comedy; exploitation of friendship; public humiliation; high school rivalry; new girl at school; teenage life; manipulative friend; math genius; female bully; teenage friendship; teenager; antagonistic; cruel; derisive; mean spirited; mocking; sarcastic,Mark Waters,2004.0,Comedy | Drama,7 wins & 25 nominations total,96.0,2004.0,Lindsay Lohan,Lindsay Lohan | Lizzy Caplan | Rachel McAdams,"Cady Heron is a hit with The Plastics, the A-list girl clique at her new school, until she makes the mistake of falling for Aaron Samuels, the ex-boyfriend of alpha Plastic Regina George.",456237.0,tt0377092,10625.0,iTunes,https://image.tmdb.org/t/p/w500/2ZkuQXvVhh45uSvkBej4S7Ix1NJ.jpg
Mechanic: Resurrection,V0433,5.7,31.0,R,Mechanic Collection,Assassin; sequel; murder; mechanic; killer; around the world,Dennis Gansel,2016.0,Action | Crime | Thriller,1 nomination total,99.0,2016.0,Jason Statham,Jason Statham | Jessica Alba | Tommy Lee Jones,"Arthur Bishop thought he had put his murderous past behind him when his most formidable foe kidnaps the love of his life. Now he is forced to travel the globe to complete three impossible assassinations, and do what he does best, make them look like accidents.",98205.0,tt3522806,278924.0,Vudu,https://image.tmdb.org/t/p/w500/x3xzd4i6M9vi5814x197zn86rd1.jpg
Meet Me In St. Louis,V0434,7.5,99.0,Approved,,Holiday; musical; sister; family relationships; trolley; boy next door; americana; fiddle; straw hat; st. louis | Missouri; christmas; world's fair; 1900s; christmas romance; cheerful,Vincente Minnelli,1944.0,Comedy | Drama | Family | Romance,Nominated for 4 Oscars. 7 wins & 7 nominations total,114.0,1944.0,,,Young love and childish fears highlight a year in the life of a turn-of-the-century family up to the 1904 St. Louis World's Fair.,29211.0,tt0037059,909.0,iTunes,https://image.tmdb.org/t/p/w500/ekVeUvG81pidsv2LMtWf5yYcNbq.jpg
Melancholia,V0435,7.1,80.0,R,,Depression; suicide; nihilism; wedding reception; wedding planner; surrealism; end of the world; wealth; mansion; power outage; destruction of planet; sister sister relationship,Lars von Trier,2011.0,Drama | Science Fiction,36 wins & 95 nominations total,130.0,2011.0,Kirsten Dunst,Charlotte Gainsbourg | Kiefer Sutherland | Kirsten Dunst,"Justine and Michael are celebrating their marriage at a sumptuous party in the home of her sister Claire, and brother-in-law John. Despite Claire’s best efforts, the wedding is a fiasco, with family tensions mounting and relationships fraying. Meanwhile, a planet called Melancholia is heading directly towards Earth…",200706.0,tt1527186,62215.0,iTunes,https://image.tmdb.org/t/p/w500/fMneszMiQuTKY8JUXrGGB5vwqJf.jpg
Memento,V0436,8.4,94.0,R,,California; polaroid; based on short story; nonlinear timeline; individuality; phone call; neo-noir; somber; reverse chronology; dreary; vindictive; remember; suspenseful; tense | Drug dealer; amnesia; insulin; tattoo; waitress; insurance salesman; motel; manipulation; flashback; confusion; revenge; murder; memory loss; memory; psychological thriller; whodunit; los angeles,Christopher Nolan,2000.0,Mystery | Thriller,Nominated for 2 Oscars. 57 wins & 59 nominations total,113.0,2000.0,Guy Pearce,Carrie-Anne Moss | Guy Pearce | Joe Pantoliano,"Leonard Shelby is tracking down the man who raped and murdered his wife. The difficulty of locating his wife's killer, however, is compounded by the fact that he suffers from a rare, untreatable form of short-term memory loss. Although he can recall details of life before his accident, Leonard cannot remember what happened fifteen minutes ago, where he's going, or why.",1374391.0,tt0209144,77.0,iTunes,https://image.tmdb.org/t/p/w500/fKTPH2WvH8nHTXeBYBVhawtRqtR.jpg
Men In Black,V0437,7.3,91.0,PG-13,Men In Black Collection,New york city; cannon; space marine; flying saucer; undercover; secret identity; superhero; deportation; illegal immigration; new identity; stay permit; giant cockroach; based on comic; alien; buddy cop; fictional government agency,Barry Sonnenfeld,1997.0,Action | Adventure | Comedy | Science Fiction,Won 1 Oscar. 22 wins & 39 nominations total,98.0,1997.0,,,"After a police chase with an otherworldly being, a New York City cop is recruited as an agent in a top-secret organization established to monitor and police alien activity on Earth: the Men in Black. Agent K and new recruit Agent J find themselves in the middle of a deadly plot by an intergalactic terrorist who has arrived on Earth to assassinate two ambassadors from opposing galaxies.",634436.0,tt0119654,607.0,iTunes,https://image.tmdb.org/t/p/w500/uLOmOF5IzWoyrgIF5MfUnh5pa1X.jpg
Men In Black 3,V0438,6.536,,,Men In Black Collection,Time travel; time machine; based on comic; alien; buddy cop; fictional government agency; seeing the future; changing history,Barry Sonnenfeld,2012.0,Action | Comedy | Science Fiction,,106.0,2012.0,,,"Agents J and K are back...in time. J has seen some inexplicable things in his 15 years with the Men in Black, but nothing, not even aliens, perplexes him as much as his wry, reticent partner. But when K's life and the fate of the planet are put at stake, Agent J will have to travel back in time to put things right. J discovers that there are secrets to the universe that K never told him - secrets that will reveal themselves as he teams up with the young Agent K to save his partner, the agency, and the future of humankind.",10607.0,tt1409024,41154.0,iTunes,https://image.tmdb.org/t/p/w500/90DdoEStzeObs96fsYf4GG544iN.jpg
Men In Black II,V0439,6.2,38.0,PG-13,Men In Black Collection,New york city; space marine; saving the world; flying saucer; undercover; secret identity; superhero; deportation; illegal immigration; new identity; firearm; light; based on comic; alien; buddy cop; fictional government agency,Barry Sonnenfeld,2002.0,Action | Comedy | Science Fiction,4 wins & 16 nominations total,88.0,2002.0,,,"Kay and Jay reunite to provide our best, last and only line of defense against a sinister seductress who levels the toughest challenge yet to the MIB's untarnished mission statement – protecting Earth from the scum of the universe. It's been four years since the alien-seeking agents averted an intergalactic disaster of epic proportions. Now it's a race against the clock as Jay must convince Kay – who not only has absolutely no memory of his time spent with the MIB, but is also the only living person left with the expertise to save the galaxy – to reunite with the MIB before the earth submits to ultimate destruction.",415285.0,tt0120912,608.0,iTunes,https://image.tmdb.org/t/p/w500/enA22EPyzc2WQ1VVyY7zxresQQr.jpg
MIB: International,V0440,5.9,,,,England; paris | France; secret organization; sahara desert; based on comic; sequel; co-workers relationship; alien invasion; brooklyn | London | Morocco | New york city; eiffel tower | Paris; buddy cop; alien friendship; weapons trafficking; marrakesh,F. Gary Gray,2019.0,Action | Comedy | Science Fiction,,115.0,2019.0,,,"The Men in Black have always protected the Earth from the scum of the universe. In this new adventure, they tackle their biggest, most global threat to date: a mole in the Men in Black organization.",5119.0,tt2283336,479455.0,iTunes,https://image.tmdb.org/t/p/w500/dPrUPFcgLfNbmDL8V69vcrTyEfb.jpg
Midway,V0441,6.7,42.0,PG-13,,World war ii; u.s. navy; based on true story; battle of midway; pacific war; historical fiction; pacific theater; naval warfare; 1940s,Roland Emmerich,2019.0,Action | History | War,1 nomination total,138.0,2019.0,Ed Skrein,Ed Skrein | Patrick Wilson | Woody Harrelson,"The story of the Battle of Midway, and the leaders and soldiers who used their instincts, fortitude and bravery to overcome massive odds.",100375.0,tt6924650,522162.0,Vudu,https://image.tmdb.org/t/p/w500/hj8pyoNnynGeJTAbl7jcLZO8Uhx.jpg
Mike and Dave Need Wedding Dates,V0442,6.0,38.0,R,,Hawaii; wedding; wedding date; satirical; joyous; ambiguous; amused; antagonistic; disheartening; dubious; sarcastic,Jake Szymanski,2016.0,Comedy,4 nominations total,98.0,2016.0,Zac Efron,Adam Devine | Anna Kendrick | Zac Efron,"Mike and Dave are young, adventurous, fun-loving brothers who tend to get out of control at family gatherings. When their sister Jeanie reveals her Hawaiian wedding plans, the rest of the Stangles insist that the brothers bring respectable dates. After placing an ad on Craigslist, the siblings decide to pick Tatiana and Alice, two charming and seemingly normal women. Once they arrive on the island, however, Mike and Dave realize that their companions are ready to get wild and party.",97026.0,tt2823054,316023.0,iTunes,https://image.tmdb.org/t/p/w500/alWBdyvXf1LSixnn1IfID5HMtLx.jpg
Minions,V0443,6.4,55.0,PG,Minions Collection,Assistant; villain; prequel; aftercreditsstinger; duringcreditsstinger; evil mastermind; supervillain; illumination; amused; joyful,"Kyle Balda, Pierre Coffin",2015.0,Adventure | Animation | Comedy | Family,Nominated for 1 BAFTA Award4 wins & 29 nominations total,91.0,2015.0,Sandra Bullock,Jon Hamm | Michael Keaton | Sandra Bullock,"Minions Stuart, Kevin and Bob are recruited by Scarlet Overkill, a super-villain who, alongside her inventor husband Herb, hatches a plot to take over the world.",273015.0,tt2293640,211672.0,iTunes,https://image.tmdb.org/t/p/w500/dr02BdCNAUPVU07aOodwPYv6HCf.jpg
Misery,V0444,7.8,91.0,R,,Based on novel or book; nurse; psychopath; colorado; car crash; author; slasher; psychological thriller; torture; obsessed fan; blizzard; bedridden; psycho; lunatic; female psychopath; claustrophobic; abducted; obssesive fan; rural setting; crazy; kidnapped; authoritarian; fight for survival; nutcase,Rob Reiner,1990.0,Drama | Thriller,Won 1 Oscar. 6 wins & 10 nominations total,107.0,1990.0,James Caan,James Caan | Kathy Bates | Richard Farnsworth,"After an accident, acclaimed novelist Paul Sheldon is rescued by a nurse who claims to be his biggest fan.  Her obsession takes a dark turn when she holds him captive in her remote Colorado home and forces him to write back to life the popular literary character he killed off.",249584.0,tt0100157,1700.0,iTunes,https://image.tmdb.org/t/p/w500/23Y65uWaVMpqfbZTN3CT0aei4D5.jpg
Miss Congeniality,V0445,6.3,41.0,PG-13,Miss Congeniality Collection,Texas; beauty standards; beauty queen; lighthearted; amused | Undercover agent; investigation; beauty contest; talent show; fish out of water; terrorism; surveillance; san antonio,Donald Petrie,2000.0,Action | Comedy | Crime,7 wins & 8 nominations total,111.0,2000.0,Sandra Bullock,Benjamin Bratt | Michael Caine | Sandra Bullock,"When the local FBI office receives a letter from a terrorist known only as 'The Citizen', it's quickly determined that he's planning his next act at the Miss America beauty pageant. Because tough-as-nails Gracie Hart is the only female Agent at the office, she's chosen to go undercover as the contestant from New Jersey.",239849.0,tt0212346,1493.0,iTunes,https://image.tmdb.org/t/p/w500/pat3vKaRlB70he4ghwTMydR4TvP.jpg
Miss Congeniality 2: Armed and Fabulous,V0446,5.8,,,Miss Congeniality Collection,Ship; undercover agent; ransom; drag queen; fbi; press conference; sequel; miss america; office politics; buddy cop; representation; abandonment,John Pasquin,2005.0,Action | Comedy,,115.0,2005.0,Sandra Bullock,Enrique Murciano | Regina King | Sandra Bullock,"After her triumph at the Miss United States pageant, FBI agent Gracie Hart becomes an overnight sensation -- and the new ""face of the FBI"". But it's time to spring into action again when the pageant's winner, Cheryl, and emcee, Stan, are abducted.",1899.0,tt0385307,10040.0,iTunes,https://image.tmdb.org/t/p/w500/gcYoIHND3ugn2VH1cNHHNQasEyI.jpg
Missing Link,V0447,6.7,88.0,PG,,Himalaya mountain range; bigfoot; yeti; stop motion; cryptozoology; loch ness monster; shangri la; 19th century; sasquatch; amused; assertive,Chris Butler,2019.0,Adventure | Animation | Comedy | Family,Nominated for 1 Oscar. 5 wins & 44 nominations total,93.0,2019.0,Hugh Jackman,Hugh Jackman | Zach Galifianakis | Zoe Saldaña,"The charismatic Sir Lionel Frost considers himself to be the world's foremost investigator of myths and monsters. Trouble is, none of his small-minded, high-society peers seems to recognize this. Hoping to finally gain acceptance from these fellow adventurers, Sir Lionel travels to the Pacific Northwest to prove the existence of a legendary creature known as the missing link.",29773.0,tt6348138,458253.0,iTunes,https://image.tmdb.org/t/p/w500/bqQ38oKuROlAgyZcRII9tqtoPNi.jpg
Mission: Impossible - Fallout,V0448,7.7,98.0,PG-13,Mission: Impossible Collection,England; helicopter; paris | France; plutonium; gun; spy; countdown; norway; sequel; motorcycle; bomb remote detonator; handgun; hand to hand combat; kashmir | Race against time; london,Christopher McQuarrie,2018.0,Action | Adventure,Nominated for 1 BAFTA Award26 wins & 41 nominations total,147.0,2018.0,Tom Cruise,Henry Cavill | Tom Cruise | Ving Rhames,"When an IMF mission ends badly, the world is faced with dire consequences. As Ethan Hunt takes it upon himself to fulfill his original briefing, the CIA begin to question his loyalty and his motives. The IMF team find themselves in a race against time, hunted by assassins while trying to prevent a global catastrophe.",391467.0,tt4912910,353081.0,iTunes,https://image.tmdb.org/t/p/w500/AkJQpZp9WoNdj7pLYSj1L0RcMMN.jpg
Mission: Impossible - Ghost Protocol,V0449,7.4,94.0,PG-13,Mission: Impossible Collection,Assassin; budapest | Hungary; skyscraper; secret intelligence service; sandstorm; seattle | India; car crash; sequel; prison escape; dubai; billionaire; terrorism; disguise; bombing; jet; nuclear threat; undercover operation; moscow | Russia; field agent; clandestine; analyst; nuclear submarine; kremlin; disavowed; based on tv series; nuclear launch codes; burj khalifa; scaling a building; amused; bold | Washington; satellite; mumbai (bombay),Brad Bird,2011.0,Action | Adventure | Thriller,5 wins & 30 nominations total,133.0,2011.0,Tom Cruise,Paula Patton | Simon Pegg | Tom Cruise,"Ethan Hunt and his team are racing against time to track down a dangerous terrorist named Hendricks, who has gained access to Russian nuclear launch codes and is planning a strike on the United States. An attempt to stop him ends in an explosion causing severe destruction to the Kremlin and the IMF to be implicated in the bombing, forcing the President to disavow them. No longer being aided by the government, Ethan and his team chase Hendricks around the globe, although they might still be too late to stop a disaster.",541651.0,tt1229238,56292.0,iTunes,https://image.tmdb.org/t/p/w500/psiWp3VTjznfokmGQG9uqiiknQQ.jpg
Mission: Impossible - Rogue Nation,V0450,7.4,94.0,PG-13,Mission: Impossible Collection,Austria; vienna opera; based on tv series; amused | England; spy; morocco; villain; austria; europe; sequel; conspiracy; vienna | Mission; london,Christopher McQuarrie,2015.0,Action | Adventure,6 wins & 26 nominations total,131.0,2015.0,Tom Cruise,Jeremy Renner | Simon Pegg | Tom Cruise,"Ethan and team take on their most impossible mission yet—eradicating 'The Syndicate', an International and highly-skilled rogue organization committed to destroying the IMF.",424157.0,tt2381249,177677.0,iTunes,https://image.tmdb.org/t/p/w500/jwqL7croP7JMVfz0l9o7V4yJsJO.jpg
Moana,V0451,7.564,,,,,"Ron Clements, John Musker, Don Hall",2016.0,"Animation, Adventure, Comedy",,107.0,2016.0,Auli'i Cravalho,,"In ancient Polynesia, when a terrible curse incurred by the demigod Maui reaches Moana's island, she answers the Ocean's call to seek out Maui to set things right.",13285.0,tt3521164,,iTunes,https://m.media-amazon.com/images/M/MV5BMjI4MzU5NTExNF5BMl5BanBnXkFtZTgwNzY1MTEwMDI@._V1_SX300.jpg
Monster Hunter,V0452,6.548,,PG-13,,Giant monster; female soldier; another dimension; bow and arrow; based on video game; swordswoman; dimensional travel; somber; ambiguous; bold; exuberant; objective; vibrant,Paul W. S. Anderson,2020.0,Action | Adventure | Fantasy,2 nominations total,103.0,2020.0,Milla Jovovich,Milla Jovovich | Ron Perlman | Tony Jaa,"A portal transports Cpt. Artemis and an elite unit of soldiers to a strange world where powerful monsters rule with deadly ferocity. Faced with relentless danger, the team encounters a mysterious hunter who may be their only hope to find a way home.",3420.0,tt6475714,458576.0,iTunes,https://image.tmdb.org/t/p/w500/1UCOF11QCw8kcqvce8LKOO6pimh.jpg
"Monsters, Inc.",V0453,8.1,96.0,G,"Monsters, Inc. Collection",Monster; panic; cheating; kidnapping; door; infant; villain; portal; rivalry; energy supply; friends; hijinks; best friend; chameleon; family; parallel world; conveyor belt; duringcreditsstinger; villain arrested; invisibility; energy company; conspirators,Pete Docter,2001.0,Animation | Comedy | Family,Won 1 Oscar. 15 wins & 38 nominations total,92.0,2001.0,John Goodman,Billy Crystal | John Goodman | Mary Gibbs,"Lovable Sulley and his wisecracking sidekick Mike Wazowski are the top scare team at Monsters, Inc., the scream-processing factory in Monstropolis. When a little girl named Boo wanders into their world, it's the monsters who are scared silly, and it's up to Sulley and Mike to keep her out of sight and get her back home.",1026193.0,tt0198781,585.0,iTunes,https://image.tmdb.org/t/p/w500/wFSpyMsp7H0ttERbxY7Trlv8xry.jpg
Moon,V0454,7.8,90.0,R,Moon Collection,Future; moon; artificial intelligence (a.i.); isolation; clone; dystopia; space; cloning; moon base; psychological thriller; human cloning; lunar mission; corporate conspiracy; existential crisis,Duncan Jones,2009.0,Drama | Science Fiction,Won 1 BAFTA Award28 wins & 37 nominations total,97.0,2009.0,Sam Rockwell,Dominique McElligott | Kevin Spacey | Sam Rockwell,"With only three weeks left in his three-year contract, Sam Bell is getting anxious to finally return to Earth. He is the only occupant of a Moon-based manufacturing facility along with his computer and assistant, GERTY. When he has an accident however, he awakens to find that he is not alone.",385753.0,tt1182345,17431.0,iTunes,https://image.tmdb.org/t/p/w500/35IU0Mq0zFsN1mYwDGts5mKc77n.jpg
mother!,V0455,6.6,68.0,R,,Softcore,Jo Tae-ho,2018.0,Romance,1 win,74.0,2018.0,,,"A lonely young man is in dire straits, but his friend's mothers don't see him as a boy, but as a man, and take extra interest in him.",256911.0,tt13039074,700979.0,iTunes,https://image.tmdb.org/t/p/w500/cG1hXEWGepEqKSRe2HLL33vvPn8.jpg
Mr. & Mrs. Smith,V0456,6.689,,,,Assassin; bomb; hitman; marriage crisis; gun; secret identity; married couple; assault rifle; marriage; decoy; secret agent; dysfunctional marriage; gunfight; bullet wound; excited; ridiculous,Doug Liman,2005.0,"Action, Comedy, Crime",,119.0,2005.0,Brad Pitt,,"A husband and wife struggle to keep their marriage alive until they realize they are both secretly working as assassins. Now, their respective assignments require them to kill each other.",10785.0,tt0356910,787.0,iTunes,https://image.tmdb.org/t/p/w500/kjD700RtyhveN3ZbOnSvUSne0Qj.jpg
Mrs. Doubtfire,V0457,7.1,71.0,PG-13,,California; social worker; transvestite; nanny; restaurant; fake identity; custody battle; responsibility; voice acting; divorced couple | Mask; parent child relationship; san francisco,Chris Columbus,1993.0,Comedy | Drama | Family,Won 1 Oscar. 11 wins & 10 nominations total,125.0,1993.0,Robin Williams,Lisa Jakub | Robin Williams | Sally Field,"Loving but irresponsible dad Daniel Hillard, estranged from his exasperated spouse, is crushed by a court order allowing only weekly visits with his kids. When Daniel learns his ex needs a housekeeper, he gets the job -- disguised as a British nanny. Soon he becomes not only his children's best pal but the kind of parent he should have been from the start.",299502.0,tt0107614,788.0,iTunes,https://image.tmdb.org/t/p/w500/shHrSmXS5140o6sQzgzXxn3KqSm.jpg
Mud,V0458,7.4,97.0,PG-13,,Sniper; friendship; bounty hunter; snake; mississippi river; river; houseboat; motel; arkansas; coming of age; fugitive; gun battle; teenage boy; snake bite; riverboat; marksman; wanted man; true love; meant for each other; assassination team; tattoed woman; teenage protagonist; avenging father; shirt; disillusioned youth; boat repair; parents separating; gun death; brotherly revenge; light adventure; helping a fugitive,Jeff Nichols,2013.0,Drama,1 nomination,130.0,2013.0,Matthew McConaughey,Matthew McConaughey | Reese Witherspoon | Tye Sheridan,Two teenage boys find a fugitive hiding out on an island in the Mississippi River and help him reunite with his lover and escape an avenging family and their armed posse.,192496.0,tt1935179,103731.0,iTunes,https://image.tmdb.org/t/p/w500/o2jT5jQdKh1HAF0fMKuGwBOwOYB.jpg
Murder On the Orient Express,V0459,6.5,60.0,PG-13,Hercule Poirot (Kenneth Branagh) Collection,Italy; professor; detective; investigation; orient express; knife; europe; remake; murder; snow; whodunit; train; stabbing; alps mountains; murder mystery; 1930s; steam train; istanbul | Princess; based on novel or book; venice,Kenneth Branagh,2017.0,Crime | Drama | Mystery,2 wins & 29 nominations total,114.0,2017.0,,,Genius Belgian detective Hercule Poirot investigates the murder of an American tycoon aboard the Orient Express train.,306608.0,tt3402236,392044.0,iTunes,https://image.tmdb.org/t/p/w500/7GtdJU6iAg6fjQu3E3zta3bIAQh.jpg
My Big Fat Greek Wedding,V0460,6.6,76.0,PG,My Big Fat Greek Wedding Collection,Parent child relationship; culture clash; midlife crisis; greece; bad mother-in-law; mother-in-law; restaurant; parents-in-law; bad father-in-law; son-in-law; father-in-law; patriarch; greek; wedding; family; xenophobia,Joel Zwick,2002.0,Comedy | Drama | Romance,Nominated for 1 Oscar. 20 wins & 29 nominations total,95.0,2002.0,Nia Vardalos,John Corbett | Lainie Kazan | Nia Vardalos,A young Greek woman falls in love with a non-Greek and struggles to get her family to accept him while she comes to terms with her heritage and cultural identity.,148282.0,tt0259446,8346.0,Vudu,https://image.tmdb.org/t/p/w500/ztc05ym0T3stnBpRHdxEs3Zwsmp.jpg
My Big Fat Greek Wedding 2,V0461,6.0,28.0,PG-13,My Big Fat Greek Wedding Collection,Married couple; greece; greek; sequel; wedding; family problems; meddling parents; close-knit family,Kirk Jones,2016.0,Comedy | Romance,3 nominations total,94.0,2016.0,Nia Vardalos,Elena Kampouris | John Corbett | Nia Vardalos,"The continuing adventures of the Portokalos family. A follow-up to the 2002 comedy, ""My Big Fat Greek Wedding.",36487.0,tt3760922,302688.0,iTunes,https://image.tmdb.org/t/p/w500/lfPqApnLVPsYfdbpSHNnHIxTdmd.jpg
My Cousin Vinny,V0462,7.6,85.0,R,,Prison; small town; court case; court; southern usa; alabama; suspicion; cousin; lawyer; fish out of water; convenience store robbery; courtroom; defense attorney; wrongful arrest; expert witness; nostalgic; curious; murder suspect; engaged couple; courtroom drama; unassuming; ironic; best friends; deep south; joyous; understated; absurd; hilarious; amused; cheerful; joyful,Jonathan Lynn,1992.0,Comedy,Won 1 Oscar. 5 wins & 6 nominations total,120.0,1992.0,Joe Pesci,Joe Pesci | Marisa Tomei | Ralph Macchio,"Two carefree pals from Brooklyn traveling through rural Alabama on their way back to college are mistakenly arrested, and charged with murder. Fortunately, one of them has a cousin who's a lawyer - Vincent Gambini, a former auto mechanic from Brooklyn who just passed his bar exam after his sixth try. When he arrives with his leather-clad girlfriend, to try his first case, it's a real shock - for him and the Deep South!",147211.0,tt0104952,10377.0,iTunes,https://image.tmdb.org/t/p/w500/iwSURa8nS2ujwrU3s1lfxxX7voH.jpg
My Fair Lady,V0463,7.7,94.0,G,,Transformation; musical; flower girl; colonel; suitor; wager; class differences; tutor; aristocrat; linguist; high society; misogynist; guttersnipe; class prejudice; opposites attract; pygmalion,George Cukor,1964.0,Comedy | Music | Romance,Won 8 Oscars. 26 wins & 13 nominations total,170.0,1964.0,Audrey Hepburn,Audrey Hepburn | Rex Harrison | Stanley Holloway,A snobbish phonetics professor agrees to a wager that he can take a flower girl and make her presentable in high society.,103904.0,tt0058385,11113.0,iTunes,https://image.tmdb.org/t/p/w500/bTXVc29lGSNclf94VIZ49W4gGKl.jpg
National Lampoon's Christmas Vacation,V0464,7.5,72.0,PG-13,National Lampoon's Vacation Collection,Squirrel; holiday; boss; rottweiler; christmas tree; family dinner; neighbor; domestic life; fantasy sequence; lights; christmas; christmas bonus; jello; xmas eve,Jeremiah S. Chechik,1989.0,Comedy,,97.0,1989.0,Chevy Chase,Beverly D'Angelo | Chevy Chase | Juliette Lewis,"It's Christmastime, and the Griswolds are preparing for a family seasonal celebration. But things never run smoothly for Clark, his wife Ellen, and their two kids. Clark's continual bad luck is worsened by his obnoxious family guests, but he manages to keep going, knowing that his Christmas bonus is due soon.",234284.0,tt0097958,5825.0,iTunes,https://image.tmdb.org/t/p/w500/oat42hUw8XzKYUmfy0YLAxYd484.jpg
Needful Things,V0465,6.3,33.0,R,,Small town; sheriff; based on novel or book; pain; strangeness; manipulation; malice; prank; devil; desire; occult,Fraser Clarke Heston,1993.0,Drama | Horror,1 win & 7 nominations total,120.0,1993.0,Max von Sydow,Bonnie Bedelia | Ed Harris | Max von Sydow,"A mysterious new shop opens in a small town which always seems to stock the deepest desires of each shopper, with a price far heavier than expected.",28668.0,tt0107665,10657.0,iTunes,https://image.tmdb.org/t/p/w500/9RxE6kd1ky4689WxqX6CHEpIWya.jpg
Neighbors,V0466,6.3,72.0,R,,Marriage proposal; judge; baseball; wedding ring; belt; wedding ceremony; silent film; police arrest; impossible love; wedding day; short film,"Edward F. Cline, Buster Keaton",1920.0,Comedy | Romance,,18.0,1920.0,Buster Keaton,Buster Keaton | Joe Roberts | Virginia Fox,The Romeo and Juliet story played out in a tenement neighborhood with Buster and Virginia's families hating each other over the fence separating their buildings.,334834.0,tt0011508,51358.0,iTunes,https://image.tmdb.org/t/p/w500/k1UjHdeHAIS3vlgmdiwP5ITKVu5.jpg
Neighbors 2: Sorority Rising,V0467,5.7,64.0,R,Neighbors Collection,Alcohol; college; sequel; sorority; neighbor; family; fraternity; bathroom humor,Nicholas Stoller,2016.0,Comedy,3 wins & 5 nominations total,92.0,2016.0,Seth Rogen,Rose Byrne | Seth Rogen | Zac Efron,A sorority moves in next door to the home of Mac and Kelly Radner who have a young child. The Radner's enlist their former nemeses from the fraternity to help battle the raucous sisters.,134048.0,tt4438848,325133.0,iTunes,https://image.tmdb.org/t/p/w500/eyjcLLwxuRXACbglIbwWwaXK9DN.jpg
Night At the Museum: Secret of the Tomb,V0468,6.2,48.0,PG,Night at the Museum Collection,Night watchman; museum; natural history; smithsonian,Shawn Levy,2014.0,Adventure | Comedy | Family | Fantasy,1 win & 5 nominations total,98.0,2014.0,,,"When the magic powers of The Tablet of Ahkmenrah begin to die out, Larry Daley spans the globe, uniting favorite and new characters while embarking on an epic quest to save the magic before it is gone forever.",142533.0,tt2692250,181533.0,iTunes,https://image.tmdb.org/t/p/w500/xwgy305K6qDs3D20xUO4OZu1HPY.jpg
Nightcrawler,V0469,7.8,95.0,R,,California; home invasion; stakeout; newsreel footage; character study; neo-noir; ethics; stringer; police scanner; news business; tense; ghoulish | Underground; psychopath; journalism; job interview; cynicism; sociopath; murder; serial killer; crime scene; psychological thriller; los angeles,Dan Gilroy,2014.0,Crime | Drama | Thriller,Nominated for 1 Oscar. 46 wins & 126 nominations total,118.0,2014.0,Jake Gyllenhaal,Jake Gyllenhaal | Rene Russo | Riz Ahmed,"When Lou Bloom, desperate for work, muscles into the world of L.A. crime journalism, he blurs the line between observer and participant to become the star of his own story. Aiding him in his effort is Nina, a TV-news veteran.",636139.0,tt2872718,242582.0,iTunes,https://image.tmdb.org/t/p/w500/j9HrX8f7GbZQm1BrBiR40uFQZSb.jpg
Nightmare Alley,V0470,6.97,,,,,Guillermo del Toro,2021.0,"Crime, Drama, Thriller",,150.0,2021.0,Bradley Cooper,,A grifter working his way up from low-ranking carnival worker to lauded psychic medium matches wits with a psychologist bent on exposing him.,3122.0,tt7740496,,iTunes,https://m.media-amazon.com/images/M/MV5BNThlMDUzMDEtOTY1ZC00MzI3LThlOGItYjI0MTdkZDliNDEzXkEyXkFqcGc@._V1_SX300.jpg
No Country for Old Men,V0471,8.2,93.0,R,,Vietnam veteran; sheriff; trailer park; based on novel or book; hitman; psychopath; drug trafficking; texas; motel; usa–mexico border; drug cartel; fate; desert; modern-day western; neo-western; tracking device; cold blooded killer; motel room; cartel; neo-noir; 1980s; mexican cartel; drug deal; coin toss; human nature; captive bolt gun; western noir; horror western; faithful adaptation; brisk,"Joel Coen, Ethan Coen",2007.0,Crime | Drama | Thriller,Won 4 Oscars. 165 wins & 139 nominations total,122.0,2007.0,Javier Bardem,Javier Bardem | Josh Brolin | Tommy Lee Jones,"Llewelyn Moss stumbles upon dead bodies, $2 million and a hoard of heroin in a Texas desert, but methodical killer Anton Chigurh comes looking for it, with local sheriff Ed Tom Bell hot on his trail. The roles of prey and predator blur as the violent pursuit of money and justice collide.",1120666.0,tt0477348,6977.0,iTunes,https://image.tmdb.org/t/p/w500/6d5XOczc226jECq0LIX0siKtgHR.jpg
No Hard Feelings,V0472,6.4,70.0,R,,Friendship; older woman seduces younger guy; romcom; summer; new york state; teen comedy; hometown; bankruptcy; craigslist; animal shelter; socially awkward; uber; late coming of age; nude swimming; graduation party; helicopter parenting,Gene Stupnitsky,2023.0,Comedy | Romance,1 win & 10 nominations total,104.0,2023.0,Jennifer Lawrence,Andrew Barth Feldman | Jennifer Lawrence | Laura Benanti,"On the brink of losing her childhood home, Maddie discovers an intriguing job listing: wealthy helicopter parents looking for someone to “date” their introverted 19-year-old son, Percy, before he leaves for college. To her surprise, Maddie soon discovers the awkward Percy is no sure thing.",186409.0,tt15671028,884605.0,iTunes,https://image.tmdb.org/t/p/w500/gD72DhJ7NbfxvtxGiAzLaa0xaoj.jpg
No Strings Attached,V0473,6.2,47.0,R,,Parent child relationship; casual meeting; sexual humor; student of medicine; friends; open relationship; best friend; valentine's day; casual sex; friends in love; duringcreditsstinger; fling; father son conflict,Ivan Reitman,2011.0,Comedy | Romance,2 wins & 7 nominations total,107.0,2011.0,Natalie Portman,Ashton Kutcher | Kevin Kline | Natalie Portman,"Emma is a busy doctor who sets up a seemingly perfect arrangement when she offers her best friend Adam a relationship with one rule: No strings attached. But when a fling becomes a thing, can sex friends stay best friends?",249861.0,tt1411238,41630.0,iTunes,https://image.tmdb.org/t/p/w500/9C09L1U9S13J4Ut029Qhu0oLcTQ.jpg
Noah,V0474,5.8,75.0,PG-13,,Genesis; fairy tale; bible; god; apocalypse; flood; old testament; noah; noah's ark; apologetic; condescending; biblical epic,Darren Aronofsky,2014.0,Adventure | Drama,1 win & 19 nominations total,138.0,2014.0,Russell Crowe,Jennifer Connelly | Ray Winstone | Russell Crowe,A man who suffers visions of an apocalyptic deluge takes measures to protect his family from the coming flood.,271239.0,tt1959490,86834.0,iTunes,https://image.tmdb.org/t/p/w500/9ftKmR9dXmI4aSJJikXNWHNSDq3.jpg
Non-Stop,V0475,6.9,62.0,PG-13,,,Dan Chișu,2015.0,Comedy | Drama,4 wins & 10 nominations,85.0,2015.0,,,"Bucharest Non-Stop"" is a feature film that tells the story of a neighborhood of Bucharest. More specifically, the film is a night of non-stop life of a store located in a neighborhood blocks. Four drive four different stories linked by a key figure, Achim, known as ""the boy from non-stop"", played by George Ifrim. The film wants to convey the story of ordinary people in extraordinary situations.",280334.0,tt3065978,344464.0,iTunes,https://image.tmdb.org/t/p/w500/e2FaXRuMmyKFQJWMMJvb4xHTvgC.jpg
Nope,V0476,6.8,83.0,R,,California; horse; exploitation; video surveillance; death of father; alien; ufo; social commentary; psychological thriller; alien invasion; child star; chimpanzee; aftercreditsstinger; horse farm; african american man; racial issues; brother sister relationship,Jordan Peele,2022.0,Horror | Science Fiction | Thriller,43 wins & 181 nominations total,130.0,2022.0,Daniel Kaluuya,Brandon Perea | Daniel Kaluuya | Keke Palmer,"Residents in a lonely gulch of inland California bear witness to an uncanny, chilling discovery.",298495.0,tt10954984,762504.0,iTunes,https://image.tmdb.org/t/p/w500/AcKVlWaNVVVFQwro3nLXqPljcYA.jpg
Norm of the North,V0477,3.4,6.0,PG,Norm of the North Collection,Kingdom; polar bear; anthropomorphism; confusion,Tim Maltby,2018.0,Animation | Comedy | Family,,91.0,2018.0,,,"When Norm returns to New York, he is falsely accused of a crime and must work with his pals to get the case dismissed while also protecting his kingdom in a winner-take-all hockey tournament.",10310.0,tt7913394,545963.0,iTunes,https://image.tmdb.org/t/p/w500/fJNOVMY6UqO8yoZge0odKpeNU8m.jpg
Now You See Me,V0478,7.2,51.0,PG-13,Now You See Me Collection,France; escape; magic; bank; fbi; vault; new orleans | Louisiana; investigation; heist; money; conspiracy; las vegas; magician; tense; awestruck; excited; elaborate deception | New york city; paris,Louis Leterrier,2013.0,Crime | Thriller,1 win & 3 nominations total,116.0,2013.0,Mark Ruffalo,Jesse Eisenberg | Mark Ruffalo | Woody Harrelson,An FBI agent and an Interpol detective track a team of illusionists who pull off bank heists during their performances and reward their audiences with the money.,731795.0,tt1670345,75656.0,iTunes,https://image.tmdb.org/t/p/w500/tWsNYbrqy1p1w6K9zRk0mSchztT.jpg
Now You See Me 2,V0479,6.4,34.0,PG-13,Now You See Me Collection,Prison; new york city; magic; kidnapping; fbi; card trick; secret society; hypnosis; illusion; twin brother; heist; revenge; vigilante; on the run; fake death; macau; curious; perception; illusionist; secrecy; illusionism; debunker; sleight of hand; fbi agent,Jon M. Chu,2016.0,Crime | Thriller,5 nominations total,129.0,2016.0,Jesse Eisenberg,Jesse Eisenberg | Mark Ruffalo | Woody Harrelson,"One year after outwitting the FBI and winning the public’s adulation with their mind-bending spectacles, the Four Horsemen resurface only to find themselves face to face with a new enemy who enlists them to pull off their most dangerous heist yet.",337352.0,tt3110958,291805.0,iTunes,https://image.tmdb.org/t/p/w500/A81kDB6a1K86YLlcOtZB27jriJh.jpg
"O Brother, Where Art Thou?",V0480,7.7,79.0,PG-13,,Music record; country music; based on novel or book; prophecy; southern usa; mississippi river; seduction; fraud; philosophical; reflective; dramatic; hilarious; amused; complicated; enchant; excited; melodramatic,Joel Coen,2000.0,Adventure | Comedy | Crime,Nominated for 2 Oscars. 8 wins & 38 nominations total,107.0,2000.0,George Clooney,George Clooney | John Turturro | Tim Blake Nelson,"In the deep south during the 1930s, three escaped convicts search for hidden treasure while a relentless lawman pursues them.",338454.0,tt0190590,134.0,iTunes,https://image.tmdb.org/t/p/w500/s9foMAcLg8GEzzQzer04qOGdD1k.jpg
Oblivion,V0481,7.0,53.0,PG-13,,Spacecraft; dystopia; post-apocalyptic future; based on comic; space; drone; surveillance; human vs alien; 2070s; apologetic; assertive; bold,Joseph Kosinski,2013.0,Action | Adventure | Mystery | Science Fiction,1 win & 17 nominations total,124.0,2013.0,Tom Cruise,Morgan Freeman | Olga Kurylenko | Tom Cruise,"Jack Harper is one of the last few drone repairmen stationed on Earth. Part of a massive operation to extract vital resources after decades of war with a terrifying threat known as the Scavs, Jack’s mission is nearly complete. His existence is brought crashing down when he rescues a beautiful  stranger from a downed spacecraft. Her arrival triggers a chain of events that  forces him to question everything he knows and puts the fate of humanity in his hands.",568589.0,tt1483013,75612.0,iTunes,https://image.tmdb.org/t/p/w500/eO3r38fwnhb58M1YgcjQBd3VNcp.jpg
Ocean's 8,V0482,6.966,,,,New york city; heist; spin off; estranged sister; the met gala; amused; cliché,Gary Ross,2018.0,Action | Comedy | Crime,,111.0,2018.0,,,"Debbie Ocean, a criminal mastermind, gathers a crew of female thieves to pull off the heist of the century at New York's annual Met Gala.",8518.0,tt5164214,402900.0,iTunes,https://image.tmdb.org/t/p/w500/MvYpKlpFukTivnlBhizGbkAe3v.jpg
Ocean's Eleven,V0483,7.5,,,Ocean's Collection,Prison; casino; pickpocket; strip club; heist; con artist; thief; caper; atlantic city; salt lake city | Utah; las vegas; card dealer; explosives expert; curious,Steven Soderbergh,2001.0,"Crime, Thriller",,116.0,2001.0,George Clooney,,"Danny Ocean, a gangster, rounds up a gang of associates to stage a sophisticated and elaborate casino heist which involves robbing three Las Vegas casinos simultaneously during a popular boxing event.",12034.0,tt0240772,161.0,iTunes,https://image.tmdb.org/t/p/w500/hQQCdZrsHtZyR6NbKH2YyCqd2fR.jpg
Ocean's Thirteen,V0484,6.9,70.0,PG-13,Ocean's Collection,Casino; heist; thief; revenge; las vegas; pretending to be rich; labor strike; curious,Steven Soderbergh,2007.0,Crime | Thriller,1 win & 5 nominations total,122.0,2007.0,George Clooney,Brad Pitt | George Clooney | Matt Damon,"Danny Ocean's team of criminals are back and composing a plan more personal than ever. When ruthless casino owner Willy Bank doublecrosses Reuben Tishkoff, causing a heart attack, Danny Ocean vows that he and his team will do anything to bring down Willy Bank along with everything he's got. Even if it means asking for help from an enemy.",376722.0,tt0496806,298.0,iTunes,https://image.tmdb.org/t/p/w500/pBsZs4zYUiUTemqbikTZ76iQRaU.jpg
Ocean's Twelve,V0485,6.5,55.0,PG-13,Ocean's Collection,Italy; sequel; heist; fabergé egg; golden egg; goon; curious | Rome,Steven Soderbergh,2004.0,Crime | Thriller,4 wins & 10 nominations total,125.0,2004.0,George Clooney,Brad Pitt | George Clooney | Matt Damon,"Danny Ocean reunites with his old flame and the rest of his merry band of thieves in carrying out three huge heists in Rome, Paris and Amsterdam – but a Europol agent is hot on their heels.",424841.0,tt0349903,163.0,iTunes,https://image.tmdb.org/t/p/w500/pE5anFf7nf6ah7V3VRezQ1KSovi.jpg
Office Christmas Party,V0486,5.9,41.0,R,,Chicago | Illinois; holiday; christmas party; co-workers relationship; corporate downsizing; duringcreditsstinger; wild party; business deal; christmas; frantic; workplace comedy; going out of business; brother sister relationship; grand; office party; hilarious; amused; threat of company closure,"Will Speck, Josh Gordon",2016.0,Comedy,1 win & 1 nomination total,105.0,2016.0,Jason Bateman,Jason Bateman | Olivia Munn | T.J. Miller,"When Carol Vanstone, CEO of the technology company Zenotek, expresses her intention to close the Chicago branch, run by her brother Clay, he and his co-workers organize a Christmas party in an effort to impress a potential client and save their jobs. But the party gets out of control…",91584.0,tt1711525,384682.0,iTunes,https://image.tmdb.org/t/p/w500/7r3w3cPTbNEIr1imb8zXyeIJCJe.jpg
Once Upon a Time...in Hollywood,V0487,7.6,86.0,R,Once Upon a Time... in Hollywood Collection,California; historical fiction; buddy; filmmaking; struggling actor; satanic cult; revisionist history; duringcreditsstinger; western filmmaking; manson family murders; disturbed; 1960s; stunt double; old hollywood; sharon tate; charles manson; disgusted | Movie business; male friendship; cult; based on true story; celebrity; fame; hollywood; los angeles,Quentin Tarantino,2019.0,Comedy | Drama | Thriller,Won 2 Oscars. 147 wins & 384 nominations total,162.0,2019.0,,,"Los Angeles, 1969. TV star Rick Dalton, a struggling actor specializing in westerns, and stuntman Cliff Booth, his best friend, try to survive in a constantly changing movie industry. Dalton is the neighbor of the young and promising actress and model Sharon Tate, who has just married the prestigious Polish director Roman Polanski…",898601.0,tt7131622,466272.0,iTunes,https://image.tmdb.org/t/p/w500/8j58iEBw9pOXFD2L0nt0ZXeHviB.jpg
One True Thing,V0488,6.9,87.0,R,,Dysfunctional family; cancer; death of parent,Carl Franklin,1998.0,Drama | Romance,Nominated for 1 Oscar. 8 nominations total,127.0,1998.0,Meryl Streep,Meryl Streep | Renée Zellweger | William Hurt,A career woman reassesses her parents' lives after she is forced to care for her cancer-stricken mother.,12941.0,tt0120776,53113.0,iTunes,https://image.tmdb.org/t/p/w500/qu0vo8RIi4SoHXDWAYiunctiXPX.jpg
Orphan,V0489,7.0,60.0,R,Orphan Collection,Nun; deaf-mute; orphan; troubled marriage; aftercreditsstinger; duringcreditsstinger,Jaume Collet-Serra,2009.0,Horror | Thriller,1 win & 7 nominations total,122.0,2009.0,Vera Farmiga,Isabelle Fuhrman | Peter Sarsgaard | Vera Farmiga,"After losing their baby, a married couple adopt 9-year old Esther, who may not be as innocent as she seems.",262145.0,tt1148204,21208.0,iTunes,https://image.tmdb.org/t/p/w500/lCGpOgoTOGLtZnBiGY9HRg5Xnjd.jpg
Ouija,V0490,4.5,6.0,PG-13,Ouija Collection,Supernatural; spiritualism; nervous; suspenseful,Stiles White,2014.0,Horror,1 win total,89.0,2014.0,Olivia Cooke,Ana Coto | Matthew Settle | Olivia Cooke,A group of friends must confront their most terrifying fears when they awaken the dark powers of an ancient spirit board.,59944.0,tt1204977,242512.0,iTunes,https://image.tmdb.org/t/p/w500/gwjHlGjK2xXKpjd65BWyAMwzTWC.jpg
Ouija: Origin of Evil,V0491,6.2,83.0,PG-13,Ouija Collection,Supernatural; possession; prequel; spirit; aftercreditsstinger; 1960s,Mike Flanagan,2016.0,Horror,2 wins & 7 nominations total,99.0,2016.0,Annalise Basso,Annalise Basso | Elizabeth Reaser | Lulu Wilson,"In 1967 Los Angeles, a widowed mother and her two daughters add a new stunt to bolster their séance scam business and unwittingly invite authentic evil into their home. When the youngest daughter is overtaken by the merciless spirit, this small family confronts unthinkable fears to save her and send her possessor back to the other side.",77954.0,tt4361050,335796.0,iTunes,https://image.tmdb.org/t/p/w500/gwynHc2RrOFaplYMMpQRpr3TIA4.jpg
Out of Africa,V0492,7.1,62.0,PG,,Farm; infidelity; africa; plantation; safari; melancholy; nairobi; coffee grower; romance; kenya; based on memoir or autobiography; british colonial; syphilis; danish; historical drama; 1910s; big game hunter; cuckolded husband; plantation owner; lions; coffee beans; romantic; colonial africa,Sydney Pollack,1985.0,Drama | History | Romance,Won 7 Oscars. 30 wins & 30 nominations total,161.0,1985.0,Robert Redford,Klaus Maria Brandauer | Meryl Streep | Robert Redford,"Tells the life story of Danish author Karen Blixen, who at the beginning of the 20th century moved to Africa to build a new life for herself. The film is based on her 1937 autobiographical novel.",88532.0,tt0089755,606.0,iTunes,https://image.tmdb.org/t/p/w500/6oMKqh08TfxmvnoFR4mm1wZB67P.jpg
Oz the Great and Powerful,V0493,6.3,56.0,PG,,Witch; based on novel or book; magic; circus; hope; illusion; con artist; fantasy world; magic trick; wizard; based on young adult novel,Sam Raimi,2013.0,Adventure | Family | Fantasy,6 wins & 31 nominations total,130.0,2013.0,James Franco,James Franco | Mila Kunis | Rachel Weisz,"Oscar Diggs, a small-time circus illusionist and con-artist, is whisked from Kansas to the Land of Oz where the inhabitants assume he's the great wizard of prophecy, there to save Oz from the clutches of evil.",218357.0,tt1623205,68728.0,iTunes,https://image.tmdb.org/t/p/w500/tkzfAUEKoUp4YFNbZV9hfpZOz0z.jpg
Pacific Rim,V0494,6.9,72.0,PG-13,Pacific Rim Collection,Monster; dystopia; giant monster; pacific; alaska; giant robot; apocalypse; hong kong; robot; alien invasion; kaiju; duringcreditsstinger; monster movie,Guillermo del Toro,2013.0,Action | Adventure | Science Fiction,Nominated for 1 BAFTA Award7 wins & 48 nominations total,131.0,2013.0,Charlie Hunnam,Charlie Hunnam | Idris Elba | Rinko Kikuchi,"Using massive piloted robots to combat the alien threat, earth's survivors take the fight to the invading alien force lurking in the depths of the Pacific Ocean. Nearly defenseless in the face of the relentless enemy, the forces of mankind have no choice but to turn to two unlikely heroes who now stand as earth's final hope against the mounting apocalypse.",544286.0,tt1663662,68726.0,iTunes,https://image.tmdb.org/t/p/w500/mmznhaQDwlHWpUwKuNxtQiubbmM.jpg
Pain & Gain,V0495,6.4,49.0,R,,Florida; scam; weight lifting; weightlifting; duringcreditsstinger | Miami,Michael Bay,2013.0,Action | Comedy | Crime,4 nominations total,130.0,2013.0,Mark Wahlberg,Anthony Mackie | Dwayne Johnson | Mark Wahlberg,"Daniel Lugo, manager of the Sun Gym in 1990s Miami, decides that there is only one way to achieve his version of the American dream: extortion. To achieve his goal, he recruits musclemen Paul and Adrian as accomplices. After several failed attempts, they abduct rich businessman Victor Kershaw and convince him to sign over all his assets to them. But when Kershaw makes it out alive, authorities are reluctant to believe his story.",235239.0,tt1980209,134374.0,iTunes,https://image.tmdb.org/t/p/w500/9WqA0Ry9wmTzFvom8mNbcyKZQgP.jpg
Pan's Labyrinth,V0496,8.2,95.0,R,,Princess; army; spain; fairy tale; resistance; servant; anti hero; franco regime (francoism); woods; love; cruelty; hiding; labyrinth; magic realism; mythological; dark fairy tale; children in wartime; post spanish civil war; faun; gloomy; surprise-ending,Guillermo del Toro,2006.0,Drama | Fantasy | War,Won 3 Oscars. 109 wins & 115 nominations total,118.0,2006.0,Ivana Baquero,Ivana Baquero | Maribel Verdú | Sergi López,"Living with her tyrannical stepfather in a new home with her pregnant mother, 10-year-old Ofelia feels alone until she explores a decaying labyrinth guarded by a mysterious faun who claims to know her destiny. If she wishes to return to her real father, Ofelia must complete three terrifying tasks.",724170.0,tt0457430,1417.0,iTunes,https://image.tmdb.org/t/p/w500/s8C4whhKtDaJvMDcyiMvx3BIF5F.jpg
Paranormal Activity 4,V0497,5.407,,,,,Not Found,2012.0,Horror,,88.0,2012.0,,,"It has been five years since the disappearance of Katie and Hunter, and a suburban family witness strange events in their neighborhood when a woman and a mysterious child move in.",1952.0,,,iTunes,https://m.media-amazon.com/images/M/MV5BNjAxMzM0MjYwM15BMl5BanBnXkFtZTcwMjMwMjAyOA@@._V1_SX300.jpg
Paranormal Activity: The Ghost Dimension (New Extended Cut),V0498,,,,,,Not Found,,Nan,,,,,,,,,,iTunes,
Paranormal Activity: The Marked Ones,V0499,5.1,40.0,R,Paranormal Activity Collection,Supernatural; possession; demon; demonic possession; found footage; malicious,Christopher Landon,2014.0,Horror | Thriller,3 nominations,84.0,2014.0,Andrew Jacobs,Andrew Jacobs | Gabrielle Walsh | Jorge Diaz,"Seventeen-year-old Jesse has been hearing terrifying sounds coming from his neighbor’s apartment, but when he turns on his camera and sets out to uncover their source, he encounters an ancient evil that won’t rest until it’s claimed his very soul.",46267.0,tt2473682,227348.0,iTunes,https://image.tmdb.org/t/p/w500/2o4vBAnORr9UnLMvWHhULGDHfzH.jpg
Parasite,V0500,8.5,99.0,R,,Dystopia,Charles Band,2019.0,Horror | Science Fiction,,85.0,1982.0,Robert Glaudini,Demi Moore | Luca Bercovici | Robert Glaudini,"Paul Dean has created a deadly parasite that is now attached to his stomach. He and his female companion, Patricia Welles, must find a way to destroy it while also trying to avoid Ricus & his rednecks, and an evil government agent named Merchant.",1058893.0,tt0084472,48311.0,iTunes,https://image.tmdb.org/t/p/w500/4DGPORlVIDIQvsuSDnM4uXKMjWS.jpg
Passengers,V0501,6.2,,,,,Francine Zuckerman,2016.0,"Short, Drama",,15.0,2016.0,Stephanie Morgenstern,,,,tt0269697,,iTunes,https://m.media-amazon.com/images/M/MV5BYzRjNTFmMzQtM2JhZi00ZTI0LTlhMjMtNzQ4YWRhZGVmZWRmXkEyXkFqcGc@._V1_SX300.jpg
Patriots Day,V0502,7.3,80.0,R,,Boston | Massachusetts; massachusetts; police chief; terrorism; aggressive; reflective; manhunt; boston marathon; sinister,Peter Berg,2016.0,Action | Crime | Drama | History | Thriller,2 wins & 3 nominations total,133.0,2016.0,Mark Wahlberg,J.K. Simmons | John Goodman | Mark Wahlberg,"In the aftermath of an unspeakable act of terror, Police Sergeant Tommy Saunders joins courageous survivors, first responders and investigators in a race against the clock to hunt down the Boston Marathon bombers before they strike again.",117525.0,tt4572514,388399.0,iTunes,https://image.tmdb.org/t/p/w500/mIDxsJTrOC7NhgOo3GziiHyKfsQ.jpg
Pawn Sacrifice,V0503,7.0,73.0,PG-13,,Chess; cold war; 1970s; victory; biography; chess champion; chess tournament; reykjavík | Iceland,Edward Zwick,2014.0,Drama | Thriller,,115.0,2015.0,Tobey Maguire,Liev Schreiber | Peter Sarsgaard | Tobey Maguire,American chess champion Bobby Fischer prepares for a legendary match-up against Russian Boris Spassky.,51592.0,tt1596345,245698.0,iTunes,https://image.tmdb.org/t/p/w500/5vcLstd2hYn0XhyuEKaPbBZAqSh.jpg
Pay It Forward,V0504,7.2,39.0,PG-13,,Child's point of view; candlelight vigil; good deed; exotic dancer; schoolteacher; extra credit assignment; disfigurement; junior high school; burn injury; woman director,Mimi Leder,2000.0,Drama,1 win & 4 nominations total,122.0,2000.0,Kevin Spacey,Angie Dickinson | Helen Hunt | Kevin Spacey,"Like some other kids, 12-year-old Trevor McKinney believed in the goodness of human nature. Like many other kids, he was determined to change the world for the better. Unlike most other kids, he succeeded.",126348.0,tt0223897,10647.0,iTunes,https://image.tmdb.org/t/p/w500/62OIokwaxFwBFWM147ijLJsaVJD.jpg
Peppermint,V0505,6.5,13.0,R,,Coma; widow; cemetery; handcuffs; fbi; bus; grave; alcoholism; flashback; revenge; murder; vigilante; drug cartel; police corruption; hospital; torture; skid row; corrupt official; loss of child; corrupt judge; driveby shooting,Pierre Morel,2018.0,Action | Thriller,4 nominations total,102.0,2018.0,Jennifer Garner,Jennifer Garner | John Gallagher Jr. | John Ortiz,"A grieving mother transforms herself into a vigilante following the murders of her husband and daughter, eluding the authorities to deliver her own personal brand of justice.",72722.0,tt6850820,458594.0,iTunes,https://image.tmdb.org/t/p/w500/jrzxS0vcbzIIay1sdYm0rgI2QfJ.jpg
Percy Jackson: Sea of Monsters,V0506,5.7,42.0,PG,Percy Jackson Collection,Sea; monster; based on novel or book; poison; hermes; tale; poseidon; fantasy world; demigod; golden fleece; olympus; quest; kronos; based on young adult novel,Thor Freudenthal,2013.0,Adventure | Family | Fantasy,3 wins & 5 nominations total,106.0,2013.0,Logan Lerman,Alexandra Daddario | Brandon T. Jackson | Logan Lerman,"In their quest to confront the ultimate evil, Percy and his friends battle swarms of mythical creatures to find the mythical Golden Fleece and to stop an ancient evil from rising.",129595.0,tt1854564,76285.0,iTunes,https://image.tmdb.org/t/p/w500/tAu90qEpLqwqiZLsMqpaMVr55oN.jpg
Pet Sematary,V0507,6.5,56.0,R,Pet Sematary Collection,Based on novel or book; funeral; parent child relationship; coffin; pet; villain; head injury; resurrection; woods; grief; zombie; new neighbor; pet cemetery; dead cat; death of patient; loss of pet; dead lover; ghost; grave robbing; indian burial ground; woman director; mysterious; pets; somber; anxious; supernatural horror; horrified; ominous,Mary Lambert,1989.0,Drama | Fantasy | Horror | Thriller,1 win & 6 nominations total,102.0,1989.0,Dale Midkiff,Dale Midkiff | Denise Crosby | Fred Gwynne,"After the Creed family's cat is accidentally killed, a friendly neighbor advises its burial in a mysterious nearby cemetery.",119339.0,tt0098084,8913.0,iTunes,https://image.tmdb.org/t/p/w500/8ZtH1V4rhrtP53ezlEWrCaMALXF.jpg
Pi,V0509,7.3,88.0,R,,New york city; hacker; ark of the covenant; insanity; paranoia; mathematics; mathematician; delusion; helix; headache; chaos theory; migraine; genius; surrealism; alienation; computer chip; talmud; garden of eden; math genius; atonement; mysticism; intuition; psychotronic film; lynchian; avant garde; absurd; fibonacci; spiral,Darren Aronofsky,1998.0,Drama | Mystery | Thriller,8 wins & 12 nominations total,84.0,1998.0,Sean Gullette,Ben Shenkman | Mark Margolis | Sean Gullette,"A mathematical genius discovers a link between numbers and reality, and thus believes he can predict the future.",189322.0,tt0138704,473.0,iTunes,https://image.tmdb.org/t/p/w500/fJA22FjlAW8rzrOw9Mwanl6oTc9.jpg
Pirates of the Caribbean: Dead Men Tell No Tales,V0510,6.5,30.0,PG-13,Pirates of the Caribbean Collection,Sea; ship; treasure map; sequel; artifact; pirate; period drama; monkey; swashbuckler; ghost; caribbean sea; aftercreditsstinger; trident,"Joachim Rønning, Espen Sandberg",2017.0,Action | Adventure | Fantasy,2 wins & 20 nominations total,129.0,2017.0,Johnny Depp,Geoffrey Rush | Javier Bardem | Johnny Depp,"Thrust into an all-new adventure, a down-on-his-luck Capt. Jack Sparrow feels the winds of ill-fortune blowing even more strongly when deadly ghost sailors led by his old nemesis, the evil Capt. Salazar, escape from the Devil's Triangle. Jack's only hope of survival lies in seeking out the legendary Trident of Poseidon, but to find it, he must forge an uneasy alliance with a brilliant and beautiful astronomer and a headstrong young man in the British navy.",362797.0,tt1790809,166426.0,iTunes,https://image.tmdb.org/t/p/w500/qwoGfcg6YUS55nUweKGujHE54Wy.jpg
Pirates of the Caribbean: On Stranger Tides,V0511,6.6,32.0,PG-13,Pirates of the Caribbean Collection,Sea; ship; mutiny; captain; spain; england; sword; prime minister; sailing; mermaid; duke; silver; pirate; soldier; battle; swashbuckler; 18th century; aftercreditsstinger; blackbeard; 1750s,Rob Marshall,2011.0,Action | Adventure | Fantasy,3 wins & 31 nominations total,136.0,2011.0,Johnny Depp,Geoffrey Rush | Johnny Depp | Penélope Cruz,"Captain Jack Sparrow crosses paths with a woman from his past, and he's not sure if it's love — or if she's a ruthless con artist who's using him to find the fabled Fountain of Youth. When she forces him aboard the Queen Anne's Revenge, the ship of the formidable pirate Blackbeard, Jack finds himself on an unexpected adventure in which he doesn't know who to fear more: Blackbeard or the woman from his past.",584632.0,tt1298650,1865.0,iTunes,https://image.tmdb.org/t/p/w500/keGfSvCmYj7CvdRx36OdVrAEibE.jpg
Pitch Perfect,V0512,7.1,81.0,PG-13,Pitch Perfect Collection,Competition; roommates; college; female friendship; misfit; hazing; university; audition; group of friends; dorm room; bickering; dj; singing competition; film score; young adult; acapella,Jason Moore,2012.0,Comedy | Music | Romance,9 wins & 20 nominations total,112.0,2012.0,Anna Kendrick,Anna Camp | Anna Kendrick | Brittany Snow,"College student Beca knows she does not want to be part of a clique, but that's exactly where she finds herself after arriving at her new school. Thrust in among mean gals, nice gals and just plain weird gals, Beca finds that the only thing they have in common is how well they sing together. She takes the women of the group out of their comfort zone of traditional arrangements and into a world of amazing harmonic combinations in a fight to the top of college music competitions.",340606.0,tt1981677,114150.0,iTunes,https://image.tmdb.org/t/p/w500/gsFoJk9g8W3zgaipRrrURk7LbiF.jpg
Pitch Perfect 2,V0513,6.4,66.0,PG-13,Pitch Perfect Collection,Sequel; singer; audition; group of friends; duringcreditsstinger; singing competition; woman director; acapella,Elizabeth Banks,2015.0,Comedy | Music,10 wins & 17 nominations total,115.0,2015.0,Anna Kendrick,Anna Kendrick | Brittany Snow | Hailee Steinfeld,"The Bellas are back, and they are better than ever. After being humiliated in front of none other than the President of the United States of America, the Bellas are taken out of the Aca-Circuit. In order to clear their name, and regain their status, the Bellas take on a seemingly impossible task: winning an international competition no American team has ever won. In order to accomplish this monumental task, they need to strengthen the bonds of friendship and sisterhood and blow away the competition with their amazing aca-magic! With all new friends and old rivals tagging along for the trip, the Bellas can hopefully accomplish their dreams.",173532.0,tt2848292,254470.0,iTunes,https://image.tmdb.org/t/p/w500/oFBQUufCV4c8WZoNhtGM17p884H.jpg
Pitch Perfect 3,V0514,5.8,29.0,PG-13,Pitch Perfect Collection,Sequel; singer; acapella; uso; cliché,Trish Sie,2017.0,Comedy | Music,4 wins & 6 nominations total,93.0,2017.0,Anna Kendrick,Anna Kendrick | Brittany Snow | Rebel Wilson,"After the highs of winning the world championships, the Bellas find themselves split apart and discovering there aren't job prospects for making music with your mouth. But when they get the chance to reunite for an overseas USO tour, this group of awesome nerds will come together to make some music, and some questionable decisions, one last time.",74481.0,tt4765284,353616.0,iTunes,https://image.tmdb.org/t/p/w500/v4tbRRX0OSOHcgz2869rEjcBwOJ.jpg
"Planes, Trains and Automobiles",V0515,7.2,,,,Chicago | Illinois; new york city; thanksgiving; flight; road trip; train; buddy; receptionist; slob; st. louis | Missouri; double take; chatter box; wichita kansas; speeding ticket; chewing tobacco; credit card fraud; state trooper; unlikely friendship; aftercreditsstinger; delayed flight; hilarious; whimsical; amused; cheerful,John Hughes,1987.0,Comedy,,93.0,1987.0,Steve Martin,John Candy | Laila Robins | Steve Martin,"An irritable marketing executive, Neal Page, is heading home to Chicago for Thanksgiving when a number of delays force him to travel with a well meaning but overbearing shower curtain ring salesman, Del Griffith.",2053.0,,2609.0,iTunes,https://image.tmdb.org/t/p/w500/3RSucVsX96Ste8WDJfZP1hbNGqQ.jpg
Pleasantville,V0516,7.261,,,,,Gary Ross,1998.0,"Comedy, Drama, Fantasy",,124.0,1998.0,Tobey Maguire,,"Two 1990s teenage siblings find themselves transported to a 1950s sitcom where their influence begins to profoundly change that colorless, complacent world.",1765.0,tt0120789,,iTunes,https://m.media-amazon.com/images/M/MV5BYmM4ZThmNzAtYzRmNi00ZjZmLThhYjAtYjU2YTcwMmY3MzRmXkEyXkFqcGc@._V1_SX300.jpg
Poltergeist,V0517,7.3,88.0,PG,Poltergeist Collection,Dying and death; parent child relationship; medium; poltergeist; halloween; ghostbuster; haunted house; paranormal phenomena; family relationships; suburbia; macabre; power of goodness; disturbed; haunted; anxious; dramatic; awestruck; comforting; foreboding; frightened; ominous,Tobe Hooper,1982.0,Horror,Nominated for 3 Oscars. 5 wins & 9 nominations total,114.0,1982.0,Craig T. Nelson,Beatrice Straight | Craig T. Nelson | JoBeth Williams,"Upon realizing that something truly evil haunts his home, Steve Freeling calls in a team of parapsychologists to help before it's too late.",187275.0,tt0084516,609.0,iTunes,https://image.tmdb.org/t/p/w500/4eMN3GANH5GG4kXdHkrTZEUuQ9M.jpg
Poltergeist II: The Other Side,V0518,5.7,20.0,PG-13,Poltergeist Collection,Arizona; supernatural horror | Monster; poltergeist; undead; family secrets; sequel; alternate dimension; shaman; super power; phoenix,Brian Gibson,1986.0,Horror | Thriller,Nominated for 1 Oscar. 1 win & 5 nominations total,91.0,1986.0,Craig T. Nelson,Craig T. Nelson | Heather O'Rourke | JoBeth Williams,"The Freeling family move in with Diane's mother in an effort to escape the trauma and aftermath of Carol Anne's abduction by the Beast. But the Beast is not to be put off so easily and appears in a ghostly apparition as the Reverend Kane, a religious zealot responsible for the deaths of his many followers. His goal is simple - he wants the angelic Carol Anne.",31106.0,tt0091778,11133.0,iTunes,https://image.tmdb.org/t/p/w500/2r22KqmzWV48kF02GN78NaS3q0m.jpg
Pompeii,V0519,5.5,27.0,PG-13,,Epic; lava; gladiator; arena; gladiator fight; natural disaster; roman; forbidden love; disaster; slave; town in panic; volcanic eruption; pompeii; 1st century,Paul W. S. Anderson,2014.0,Action | Adventure | Drama | History | Romance,9 wins & 4 nominations total,105.0,2014.0,Kit Harington,Adewale Akinnuoye-Agbaje | Emily Browning | Kit Harington,"In 79 A.D., Milo, a slave turned gladiator, finds himself in a race against time to save his true love Cassia, the beautiful daughter of a wealthy merchant who has been unwillingly betrothed to a corrupt Roman Senator. As Mount Vesuvius erupts in a torrent of blazing lava, Milo must fight his way out of the arena in order to save his beloved as the once magnificent Pompeii crumbles around him.",119212.0,tt1921064,76649.0,iTunes,https://image.tmdb.org/t/p/w500/dxxM3lLDjGRC50i5rhvfQziskAN.jpg
Poor Things,V0520,7.8,93.0,R,,England; experiment; paris | France; based on novel or book; obsession; lisbon | Portugal; crooked lawyer; love; domestic abuse; female protagonist; doctor; prostitution; cruelty; scientist; masturbation; disfigured face; sexual awakening; exploring sexuality; sex worker; female empowerment; curious; female sexuality; brain transplant; absurdism; quest for knowledge; spousal abuse; women's liberation; alexandria egypt; victorian era; quest for identity; frankenstein; body horror; amused; audacious; awestruck; euphoric; exuberant; melodramatic; wry | Ship; london,Yorgos Lanthimos,2023.0,Comedy | Romance | Science Fiction,Won 4 Oscars. 122 wins & 424 nominations total,141.0,2023.0,Emma Stone,Emma Stone | Mark Ruffalo | Willem Dafoe,"Brought back to life by an unorthodox scientist, a young woman runs off with a lawyer on a whirlwind adventure across the continents. Free from the prejudices of her times, she grows steadfast in her purpose to stand for equality and liberation.",337982.0,tt14230458,792307.0,iTunes,https://image.tmdb.org/t/p/w500/kCGlIMHnOm8JPXq3rXM6c5wMxcT.jpg
Practical Magic,V0521,6.3,26.0,PG-13,Practical Magic Collection,Witch; magic; haunting; aunt niece relationship; family history; sorcery; sister; love; outcast; curse; family curse; abusive alcoholic; adoring,Griffin Dunne,1998.0,Comedy | Fantasy | Romance,1 win & 6 nominations total,104.0,1998.0,Sandra Bullock,Nicole Kidman | Sandra Bullock | Stockard Channing,"Sally and Gillian Owens, born into a magical family, have mostly avoided witchcraft themselves. But when Gillian's vicious boyfriend, Jimmy Angelov, dies unexpectedly, the Owens sisters give themselves a crash course in hard magic. With policeman Gary Hallet growing suspicious, the girls struggle to resurrect Angelov -- and unwittingly inject his corpse with an evil spirit that threatens to end their family line.",98660.0,tt0120791,6435.0,iTunes,https://image.tmdb.org/t/p/w500/AwmToSgf2IL3aHv0QRVsR5KvChv.jpg
Pride & Prejudice & Zombies,V0522,6.165,,Not Rated,,Based on novel or book; dystopia; shaolin; prejudice; zombie; pride; gold digger; 19th century; georgian or regency era; somber; parson; mashup; amused; antagonistic,Burr Steers,2014.0,Comedy | Horror | Romance | Thriller,,108.0,2016.0,,,"A zombie outbreak has fallen upon the land in this reimagining of Jane Austen's classic tale of the tangled relationships between lovers from different social classes in 19th century England. Feisty heroine Elizabeth Bennet is a master of martial arts and weaponry and the handsome Mr. Darcy is a fierce zombie killer, yet the epitome of upper class prejudice. As the zombie outbreak intensifies, they must swallow their pride and join forces on the blood-soaked battlefield in order to conquer the undead once and for all.",2226.0,tt3611056,58431.0,iTunes,https://image.tmdb.org/t/p/w500/jsJlOhVHiz1xXr36616EI8tJ4b2.jpg
Prime,V0523,6.2,50.0,PG-13,,New york city; lovesickness; jealousy; love of one's life; therapist; age difference; photographer; date; jewry; jewish life; nightclub; artist; kiss; blonde; older woman younger man relationship; desire to have children,Ben Younger,2005.0,Comedy | Drama | Romance,1 nomination,102.0,2005.0,Uma Thurman,Bryan Greenberg | Meryl Streep | Uma Thurman,"A career driven professional from Manhattan is wooed by a young painter, who also happens to be the son of her psychoanalyst.",42405.0,tt0387514,2313.0,iTunes,https://image.tmdb.org/t/p/w500/gz17H1jiLI9OrTo8ruS31WkP9Am.jpg
Prince of Persia: The Sands of Time,V0524,6.5,37.0,PG-13,,Persia; sandstorm; brother against brother; armageddon; based on video game,Mike Newell,2010.0,Action | Adventure | Fantasy,1 win & 11 nominations total,116.0,2010.0,Jake Gyllenhaal,Ben Kingsley | Gemma Arterton | Jake Gyllenhaal,"A rogue prince reluctantly joins forces with a mysterious princess and together, they race against dark forces to safeguard an ancient dagger capable of releasing the Sands of Time – gift from the gods that can reverse time and allow its possessor to rule the world.",309099.0,tt0473075,9543.0,iTunes,https://image.tmdb.org/t/p/w500/2Djvd493RnkiPmMRdHGTFgCGdVH.jpg
Project Almanac,V0525,6.4,38.0,PG-13,,Time travel; time machine; love; found footage; viajes en el tiempo; viaje en el tiempo,Dean Israelite,2015.0,Science Fiction | Thriller,,106.0,2015.0,Jonny Weston,Jonny Weston | Sam Lerner | Sofia Black-D'Elia,"A group of teens discover secret plans of a time machine, and construct one. However, things start to get out of control.",85984.0,tt2436386,227719.0,iTunes,https://image.tmdb.org/t/p/w500/9u5Rb0e7mx8qOO7zj39KnIRWClr.jpg
Project X,V0526,6.7,28.0,R,,High school; birthday; birthday party; house party; teen movie; high school student; fake documentary,Nima Nourizadeh,2012.0,Comedy,5 nominations total,88.0,2012.0,Thomas Mann,Jonathan Daniel Brown | Oliver Cooper | Thomas Mann,"Three high school seniors throw a party to make a name for themselves. As the night progresses, things spiral out of control as word of the party spreads.",245401.0,tt1636826,57214.0,iTunes,https://image.tmdb.org/t/p/w500/lUPDGT3lyRrq8SvWuNWG2DP64bR.jpg
Prometheus,V0527,7.0,73.0,R,Prometheus Collection,Android; alien; space; creature; spin off; creation; emergency surgery; archaeological dig; stasis; god complex; cave drawing; prometheus; genetic mutation; origins of life; 2090s; objective,Ridley Scott,2012.0,Adventure | Mystery | Science Fiction,Nominated for 1 Oscar. 6 wins & 47 nominations total,124.0,2012.0,Noomi Rapace,Charlize Theron | Michael Fassbender | Noomi Rapace,"A team of explorers discover a clue to the origins of mankind on Earth, leading them on a journey to the darkest corners of the universe. There, they must fight a terrifying battle to save the future of the human race.",672276.0,tt1446714,70981.0,iTunes,https://image.tmdb.org/t/p/w500/m7nZCtHJyDLncBUarfM5h5mrppx.jpg
Promised Land,V0528,6.6,53.0,R,,Small town; campaign; salesman; farmland; natural gas; fracking,Gus Van Sant,2012.0,Drama,4 wins & 7 nominations total,106.0,2012.0,Matt Damon,Frances McDormand | John Krasinski | Matt Damon,"A salesman for a natural gas company experiences life-changing events after arriving in a small town, where his corporation wants to tap into the available resources.",40439.0,tt2091473,133694.0,iTunes,https://image.tmdb.org/t/p/w500/ziVOzoGfmHD5F90LyeCkBnwuTkP.jpg
American Psycho,V0529,7.408,,,,,Mary Harron,2000.0,"Crime, Drama, Horror",,102.0,1960.0,Christian Bale,,"A wealthy New York City investment banking executive, Patrick Bateman, hides his alternate psychopathic ego from his co-workers and friends as he delves deeper into his violent, hedonistic fantasies.",11587.0,tt0144084,,iTunes,https://m.media-amazon.com/images/M/MV5BNzBjM2I5ZjUtNmIzNy00OGNkLWIwZDMtOTAwYWUwMzA2YjdlXkEyXkFqcGc@._V1_SX300.jpg
Pulp Fiction,V0530,8.9,92.0,R,,California; theft; nonlinear timeline; multiple storylines; aggressive; neo-noir; disgusted | Drug dealer; boxer; massage; stolen money; briefcase; crime boss; redemption; heirloom; dance competition; los angeles,Quentin Tarantino,1994.0,Crime | Thriller,Won 1 Oscar. 69 wins & 72 nominations total,154.0,1994.0,John Travolta,John Travolta | Samuel L. Jackson | Uma Thurman,"A burger-loving hit man, his philosophical partner, a drug-addled gangster's moll and a washed-up boxer converge in this sprawling, comedic crime caper. Their adventures unfurl in three stories that ingeniously trip back and forth in time.",2331708.0,tt0110912,680.0,iTunes,https://image.tmdb.org/t/p/w500/vQWk5YBFWF4bZaofAbv0tShwBvQ.jpg
Pumpkinhead,V0531,6.2,64.0,R,Pumpkinhead Collection,Poem or rhyme; evil; vengeance | Witch; loss of loved one; pumpkin; murder; cabin; demon; based on song,Stan Winston,1988.0,Fantasy | Horror,3 nominations total,86.0,1988.0,Lance Henriksen,Jeff East | John D'Aquino | Lance Henriksen,"When a group of teenagers inadvertently kill his only son, Ed Harley seeks the powers of a backwoods witch to bring the child back to life.",29400.0,tt0095925,26515.0,iTunes,https://image.tmdb.org/t/p/w500/gx7Gej5Srp3E13oqy1Kghtox2VZ.jpg
Puss In Boots,V0532,6.6,86.0,PG,,Cartoon cat,Raman Hui Shing-Ngai,2011.0,Adventure | Animation | Comedy | Family,1 nomination.,13.0,2012.0,,,"Puss in Boots is on a mission to recover the Princess' stolen ruby from the notorious French thief, Whisperer. Reluctantly accompanied by three little kittens, Three Diablos, Puss must tame them before they endanger the mission.",201603.0,tt0448694,83201.0,iTunes,https://image.tmdb.org/t/p/w500/ptvbHUWpU8Nh6vrmSvjx4ESDgfC.jpg
R.I.P.D.,V0533,5.6,13.0,PG-13,R.I.P.D. Collection,Gold; wife; detective; investigation; police operation; undead; based on comic; partner; love; revenge; death; husband; ghost; police department; detectives; absurd; amused,Robert Schwentke,2013.0,Action | Comedy | Fantasy,,96.0,2013.0,Jeff Bridges,Jeff Bridges | Kevin Bacon | Ryan Reynolds,A recently slain cop joins a team of undead police officers working for the Rest in Peace Department and tries to find the man who murdered him.,147556.0,tt0790736,49524.0,iTunes,https://image.tmdb.org/t/p/w500/rS0kByPD4YF8pQ85KjzMdGiu7Xf.jpg
Radio,V0534,6.9,35.0,PG,,Mentally disabled; high school; friendship; sports; american football; 1970s; american football coach; biography; based on true story; inspiration; kindness; inspiring story; teenage daughter; disability; schoolteacher; mentor protégé relationship; racial issues; based on magazine | Newspaper or article; father daughter relationship; uplifting,Michael Tollin,2003.0,Drama,3 wins & 5 nominations total,109.0,2003.0,Cuba Gooding Jr.,Alfre Woodard | Cuba Gooding Jr. | Ed Harris,"In the racially divided town of Anderson, South Carolina in 1976, football coach Harold Jones spots a mentally disabled African-American young man nicknamed Radio near his practice field and is inspired to befriend him. Soon, Radio is Jones' loyal assistant, and he becomes a student at T.L. Hanna High School. But things start to sour when Coach Jones begins taking guff from parents and fans who feel that his devotion to Radio is getting in the way of the team's quest for a championship.",44815.0,tt0316465,13920.0,iTunes,https://image.tmdb.org/t/p/w500/uQ6ci4iFHhB6TWB2f4wftR7AEly.jpg
Ralph Breaks the Internet,V0535,7.0,88.0,PG,Wreck-It Ralph Collection,Video game; cartoon; sequel; internet; lethal virus; aftercreditsstinger; duringcreditsstinger; online gaming; admiring,"Phil Johnston, Rich Moore",2018.0,Adventure | Animation | Comedy | Family,Nominated for 1 Oscar. 4 wins & 67 nominations total,112.0,2018.0,John C. Reilly,Gal Gadot | John C. Reilly | Sarah Silverman,"Video game bad guy Ralph and fellow misfit Vanellope von Schweetz must risk it all by traveling to the World Wide Web in search of a replacement part to save Vanellope's video game, Sugar Rush. In way over their heads, Ralph and Vanellope rely on the citizens of the internet — the netizens — to help navigate their way, including an entrepreneur named Yesss, who is the head algorithm and the heart and soul of trend-making site BuzzzTube.",194435.0,tt5848272,404368.0,iTunes,https://image.tmdb.org/t/p/w500/iVCrhBcpDaHGvv7CLYbK6PuXZo1.jpg
Rambo,V0536,7.0,38.0,R,Rambo Collection,Snake; fight; missionary; boat; river; pastor; border; mercenary; thailand; burma; sequel; hard; disturbed,Sylvester Stallone,2008.0,Action | Thriller | War,1 win & 2 nominations total,92.0,2008.0,Sylvester Stallone,Julie Benz | Matthew Marsden | Sylvester Stallone,"In Thailand, ex-Green Beret John James Rambo joins a group of mercenaries to venture into war-torn neighboring Myanmar to rescue a group of Christian aid workers who have been kidnapped by a ruthless local infantry unit.",250154.0,tt0462499,7555.0,Vudu,https://image.tmdb.org/t/p/w500/3mInub5c8o00H7EJ1TrjAqOzIuc.jpg
Rambo III,V0537,5.8,41.0,R,Rambo Collection,Submachine gun; competition; machinegun; liberation; soviet union; soviet military; thailand; freedom fighter; afghanistan; war on freedom; mujahid; hard,Peter MacDonald,1988.0,Action | Adventure | Thriller | War,2 wins & 7 nominations total,102.0,1988.0,Sylvester Stallone,Marc de Jonge | Richard Crenna | Sylvester Stallone,"Combat has taken its toll on Rambo, but he's finally begun to find inner peace in a monastery. When Rambo's friend and mentor Col. Trautman asks for his help on a top secret mission to Afghanistan, Rambo declines but must reconsider when Trautman is captured.",144906.0,tt0095956,1370.0,Vudu,https://image.tmdb.org/t/p/w500/pTVm2HrqV5kOt8tG4ZURNuhrmAq.jpg
Rambo: First Blood,V0538,6.5,33.0,R,Rambo Collection,Vietnam war; vietnam veteran; vietnam; helicopter; government; prisoner; chase; submachine gun; liberation of prisoners; photography; machinegun; prisoner of war; liberation; leech; us army; forest; sequel; revenge; torture; soldier; explosion; bow and arrow; exploding body; agent; russian army; electrical torture; denunciation,George P. Cosmatos,1985.0,Action | Adventure | Thriller | War,Nominated for 1 Oscar. 5 wins & 7 nominations total,96.0,1985.0,,,John Rambo is released from prison by the government for a top-secret covert mission to the last place on Earth he'd want to return - the jungles of Vietnam.,188162.0,tt0089880,1369.0,iTunes,https://image.tmdb.org/t/p/w500/pzPdwOitmTleVE3YPMfIQgLh84p.jpg
Rambo: First Blood Part II,V0539,6.5,33.0,R,Rambo Collection,Vietnam war; vietnam veteran; vietnam; helicopter; government; prisoner; chase; submachine gun; liberation of prisoners; photography; machinegun; prisoner of war; liberation; leech; us army; forest; sequel; revenge; torture; soldier; explosion; bow and arrow; exploding body; agent; russian army; electrical torture; denunciation,George P. Cosmatos,1985.0,Action | Adventure | Thriller | War,Nominated for 1 Oscar. 5 wins & 7 nominations total,96.0,1985.0,Sylvester Stallone,Charles Napier | Richard Crenna | Sylvester Stallone,John Rambo is released from prison by the government for a top-secret covert mission to the last place on Earth he'd want to return - the jungles of Vietnam.,188162.0,tt0089880,1369.0,Vudu,https://image.tmdb.org/t/p/w500/pzPdwOitmTleVE3YPMfIQgLh84p.jpg
Rambo: Last Blood,V0540,6.5,,R,Rambo Collection,Post-traumatic stress disorder (ptsd); arizona; human trafficking; affectation; sequel; father figure; last stand; horse ranch; mexican american border; revenge plot; angry; mexican cartel; vindictive,Adrian Grünberg,2019.0,Action | Drama | Thriller,4 wins & 8 nominations total,89.0,2019.0,Sylvester Stallone,Paz Vega | Sergio Peris-Mencheta | Sylvester Stallone,"After fighting his demons for decades, John Rambo now lives in peace on his family ranch in Arizona, but his rest is interrupted when Gabriela, the granddaughter of his housekeeper María, disappears after crossing the border into Mexico to meet her biological father. Rambo, who has become a true father figure for Gabriela over the years, undertakes a desperate and dangerous journey to find her.",4042.0,tt1206885,522938.0,Vudu,https://image.tmdb.org/t/p/w500/kTQ3J8oTTKofAVLYnds2cHUz9KO.jpg
Ran,V0541,8.056,,,,Epic; assassination; kingdom; gun; greed; castle; heir to the throne; revenge; descent into madness; seppuku; inheritance fight; ruins; jidaigeki; king lear; feudal japan; black widow; somber; hopelessness; tragic,Akira Kurosawa,1985.0,"Action, Drama, War",,160.0,2018.0,Tatsuya Nakadai,,"In Medieval Japan, an elderly warlord retires, handing over his empire to his three sons. However, he vastly underestimates how the new-found power will corrupt them and cause them to turn on each other...and him.",1673.0,tt0089881,11645.0,iTunes,https://image.tmdb.org/t/p/w500/jQnUtWaHYfqnXPOIf77K7Ycqk4M.jpg
Rango,V0542,7.3,88.0,PG,,Hero; gunslinger; sheriff; nevada; mayor; pet; native american; water supply; outlaw; water shortage; spirit; mariachi; disillusionment; desert; construction; frontier town; small western town; animal life; animal protagonist; old west; high noon,Gore Verbinski,2011.0,Adventure | Animation | Comedy | Family | Western,Won 1 Oscar. 46 wins & 25 nominations total,112.0,2011.0,Johnny Depp,Isla Fisher | Johnny Depp | Ned Beatty,"When Rango, a lost family pet, accidentally winds up in the gritty, gun-slinging town of Dirt, the less-than-courageous lizard suddenly finds he stands out. Welcomed as the last hope the town has been waiting for, new Sheriff Rango is forced to play his new role to the hilt.",304245.0,tt1192628,44896.0,iTunes,https://image.tmdb.org/t/p/w500/A5MP1guV8pbruieG0tnpPIbaJtt.jpg
Ratatouille,V0543,8.1,96.0,G,,France; expensive restaurant; river; confidence; cooking; evacuation; mouse; leaving one's family; restaurant; villain; restaurant critic; spice; cookbook; food; chef; sewer; unlikely friendship; french restaurant; rat; french cuisine; fine dining | Work; sibling relationship; paris,Brad Bird,2007.0,Animation | Comedy | Family | Fantasy,Won 1 Oscar. 68 wins & 42 nominations total,111.0,2007.0,Patton Oswalt,Ian Holm | Lou Romano | Patton Oswalt,"Remy, a resident of Paris, appreciates good food and has quite a sophisticated palate. He would love to become a chef so he can create and enjoy culinary masterpieces to his heart's delight. The only problem is, Remy is a rat. When he winds up in the sewer beneath one of Paris' finest restaurants, the rodent gourmet finds himself ideally placed to realize his dream.",883425.0,tt0382932,2062.0,iTunes,https://image.tmdb.org/t/p/w500/t3vaWRPSf6WjDSamIkKDs1iQWna.jpg
Ratchet & Clank,V0544,5.5,22.0,PG,,Spacecraft; saving the world; extraterrestrial technology; villain; alien; best friend; robot; based on video game; aftercreditsstinger; duringcreditsstinger; woman director; spaceship mechanic,"Jericca Cleland, Kevin Munroe",1996.0,Action | Adventure | Animation | Family,1 win & 6 nominations total,94.0,2016.0,James Arnold Taylor,David Kaye | James Arnold Taylor | Jim Ward,"When the galaxy comes under the threat of a nefarious space captain, a mechanic and his newfound robot ally join an elite squad of combatants to save the universe.",12038.0,tt2865120,234004.0,iTunes,https://image.tmdb.org/t/p/w500/649xP2LST4VIrZ5cLPw7Ys9movF.jpg
Ready or Not,V0545,6.9,89.0,R,Ready or Not Collection,Escape; ritual; marriage; satanism; gore; pact with the devil; wealth; murder; wedding; game; exploding body; wedding dress; satanic cult; death game; absurd; frightened; horrified,"Matt Bettinelli-Olpin, Tyler Gillett",2019.0,Comedy | Horror,4 wins & 24 nominations total,95.0,2019.0,Samara Weaving,Adam Brody | Mark O'Brien | Samara Weaving,A young bride's wedding night turns into her worst nightmare when her ridiculously rich in-laws force her to play a gruesome game of hide-and-seek.,205803.0,tt7798634,567609.0,iTunes,https://image.tmdb.org/t/p/w500/oJD9KQFoObZmxAS1je56SIFVNJt.jpg
Ready Player One,V0546,7.4,71.0,PG-13,Ready Player One Collection,Future; based on novel or book; video game; virtual reality; dystopia; nostalgia; love; film in film; evil corporation; quest; 1980s; 2040s; based on young adult novel; columbus | Ohio; vrmmo,Steven Spielberg,2018.0,Action | Adventure | Science Fiction,Nominated for 1 Oscar. 11 wins & 57 nominations total,140.0,2018.0,Tye Sheridan,Ben Mendelsohn | Olivia Cooke | Tye Sheridan,"When the creator of a popular video game system dies, a virtual contest is created to compete for his fortune.",514520.0,tt1677720,333339.0,iTunes,https://image.tmdb.org/t/p/w500/pU1ULUq8D3iRxl1fdX2lZIzdHuI.jpg
Red 2,V0547,6.6,44.0,PG-13,RED Collection,England; central intelligence agency (cia); paris | France; england; europe; based on comic; mi6; agent; hired killer; exploding airplane | London,Dean Parisot,2013.0,Action | Comedy | Crime | Thriller,3 nominations total,116.0,2013.0,,,Retired C.I.A. agent Frank Moses reunites his unlikely team of elite operatives for a global quest to track down a missing portable nuclear device.,183732.0,tt1821694,146216.0,iTunes,https://image.tmdb.org/t/p/w500/tbksijr6g340yFWRgI4JfwrtM9h.jpg
Red Dragon,V0548,7.2,69.0,R,The Hannibal Lecter Collection,Based on novel or book; psychopath; fbi; murder; serial killer; cannibal; dentures; megalomania; mind game; criminal profiler; tabloid reporter; chloroform; psychotronic film; fbi agent; stethoscope,Brett Ratner,2002.0,Crime | Horror | Thriller,4 wins & 10 nominations total,124.0,2002.0,Edward Norton,Anthony Hopkins | Edward Norton | Ralph Fiennes,"Former FBI Agent Will Graham, who was once almost killed by the savage Hannibal 'The Cannibal' Lecter, now has no choice but to face him again, as it seems Lecter is the only one who can help Graham track down a new serial killer.",302020.0,tt0289765,9533.0,iTunes,https://image.tmdb.org/t/p/w500/ou9ZKA2cms02b7CdCdVqGkKu0O0.jpg
Red Riding Hood,V0549,5.4,10.0,PG-13,,Winter; fairy tale; little red riding hood; hood; werewolf; aftercreditsstinger; duringcreditsstinger; woman director; tense; romantic; melodramatic,Catherine Hardwicke,2011.0,Drama | Fantasy | Horror | Mystery | Thriller,5 nominations total,100.0,2011.0,Amanda Seyfried,Amanda Seyfried | Billy Burke | Gary Oldman,"Valerie is in love with a brooding outsider, Peter, but her parents have arranged for her to marry another man. Unwilling to lose each other, Valerie and Peter plan to run away together when Valerie's older sister is killed by a werewolf that prowls the dark forest surrounding their village. Panic grips the town as Valerie discovers that she has a unique connection to the beast--one that inexorably draws them together, making her both suspect ... and bait.",117682.0,tt1486185,49730.0,iTunes,https://image.tmdb.org/t/p/w500/dMI4XZCfC0VhUNN1Ds6ty6iRoyJ.jpg
Red Rocket,V0550,7.1,90.0,R,,Texas; narcissism; relationship problems; porn star; estranged wife; selfishness; ex-husband ex-wife relationship; return home; frantic; candid; anxious; 2010s; return to hometown; texas city; dramatic; unlikeable protagonist; admiring; adoring; ambiguous; ambivalent; antagonistic; audacious; brisk; cliché; dubious; exhilarated,Sean Baker,2021.0,Comedy | Drama,12 wins & 37 nominations total,130.0,2021.0,Simon Rex,Bree Elrod | Simon Rex | Suzanna Son,"Finding himself down and out in Los Angeles, former porn star Mikey Saber decides to crawl back to his hometown of Texas City, Texas, where his estranged wife and mother-in-law are living. Just as this dysfunctional family seems to be making things work, Mikey meets a young woman named Strawberry working the cash register at a local doughnut shop.",37937.0,tt13453006,763329.0,iTunes,https://image.tmdb.org/t/p/w500/345gLhiNpItU1ICx8OxJQwjgPmH.jpg
Red Sparrow,V0551,6.6,45.0,R,,Central intelligence agency (cia); sexual abuse; budapest | Hungary; based on novel or book; self sacrifice; spy; patriotism; seduction; training; double agent; chechnya; hospital; torture; mole; female spy; mortal danger; deceit; uncle niece relationship; american embassy; moscow | Russia; russian spy; hopeless; spy thriller; bolshoi ballet; ballet performance; secret code; prima ballerina; mother daughter relationship; theatre; asset; home health aide; secret meeting; gorky park,Francis Lawrence,2018.0,Mystery | Thriller,3 wins & 9 nominations total,140.0,2018.0,Jennifer Lawrence,Jennifer Lawrence | Joel Edgerton | Matthias Schoenaerts,"Prima ballerina Dominika Egorova faces a bleak and uncertain future after she suffers an injury that ends her career. She soon turns to Sparrow School, a secret intelligence service that trains exceptional young people to use their minds and bodies as weapons. Dominika emerges as the most dangerous Sparrow after completing the sadistic training process. As she comes to terms with her new abilities, she meets a CIA agent who tries to convince her that he is the only person she can trust.",208955.0,tt2873282,401981.0,iTunes,https://image.tmdb.org/t/p/w500/vLCogyfQGxVLDC1gqUdNAIkc29L.jpg
Requiem for a Dream,V0552,8.015,,,,,Not Found,2000.0,Crime | Drama,,102.0,2000.0,,,The drug-induced utopias of four Coney Island residents are shattered when their addictions run deep.,10469.0,,,iTunes,https://m.media-amazon.com/images/M/MV5BN2ZlMjIzZjctYzA2My00ZWYyLWI4ZjctMGI2NWYyNzFiZjAwXkEyXkFqcGc@._V1_SX300.jpg
Reservoir Dogs,V0553,8.3,90.0,R,,Escape; jewelry; psychopath; traitor; heist; thief; betrayal; plan gone wrong; gang; nonlinear timeline; warehouse; told in flashback; heist gone wrong; botched robbery; foreshadowing; rendezvous; iconic; uneasy alliance; rag tag group; based on short,Quentin Tarantino,1992.0,Crime | Thriller,13 wins & 23 nominations total,99.0,1992.0,Harvey Keitel,Harvey Keitel | Michael Madsen | Tim Roth,"A botched robbery indicates a police informant, and the pressure mounts in the aftermath at a warehouse. Crime begets violence as the survivors -- veteran Mr. White, newcomer Mr. Orange, psychopathic parolee Mr. Blonde, bickering weasel Mr. Pink and Nice Guy Eddie -- unravel.",1125778.0,tt0105236,500.0,iTunes,https://image.tmdb.org/t/p/w500/xi8Iu6qyTfyZVDVy60raIOYJJmk.jpg
Resident Evil,V0554,6.6,36.0,R,Resident Evil (Animated) Collection,Mind control; biological weapon; dystopia; political instability; gore; infection; zombie; based on video game; survival horror; adult animation; parasite underneath skin; military operation; anime; genetic mutation; unkillable monster,Makoto Kamiya,2002.0,Action | Animation | Horror | Science Fiction,2 wins & 6 nominations total,100.0,2012.0,,,"U.S. federal agent Leon S. Kennedy sneaks into the ""East Slavic Republic"" to verify rumors that Bio-Organic Weapons (BOWs) are being used in the country's civil war, which the U.S. and Russia are making preparations to jointly intervene in. Right after his infiltration, the U.S. government orders him to leave immediately. Determined to uncover the truth, Leon ignores the order and enters the battlefield to end the chain of tragedies caused by the BOWs.",297957.0,tt0120804,133121.0,iTunes,https://image.tmdb.org/t/p/w500/zkHSURVCrt7rpvDDgUXO75CV1v4.jpg
Resident Evil: Afterlife,V0555,5.8,21.0,R,Resident Evil Collection,Dystopia; post-apocalyptic future; undead; evil corporation; biohazard; zombie; based on video game; duringcreditsstinger,Paul W. S. Anderson,2010.0,Action | Adventure | Horror | Science Fiction,2 wins & 8 nominations total,97.0,2010.0,Milla Jovovich,Ali Larter | Milla Jovovich | Wentworth Miller,"In a world ravaged by a virus infection, turning its victims into the Undead, Alice continues on her journey to find survivors and lead them to safety. Her deadly battle with the Umbrella Corporation reaches new heights, but Alice gets some unexpected help from an old friend. A new lead that promises a safe haven from the Undead takes them to Los Angeles, but when they arrive the city is overrun by thousands of Undead - and Alice and her comrades are about to step into a deadly trap.",182055.0,tt1220634,35791.0,iTunes,https://image.tmdb.org/t/p/w500/xaEHOuIkoTzHQIiex0Ys306Ky05.jpg
Resident Evil: Apocalypse,V0556,6.1,18.0,R,Resident Evil Collection,Rescue; martial arts; dystopia; mutant; conspiracy; evil corporation; zombie; based on video game; intense,Alexander Witt,2004.0,Action | Horror | Science Fiction,6 wins & 3 nominations total,94.0,2004.0,Milla Jovovich,Milla Jovovich | Oded Fehr | Sienna Guillory,"As the city is locked down under quarantine, Alice finds out that the people that died from the previous incident at the Umbrella Corporation have turned into zombies. She then joins a small band of elite soldiers, who are enlisted to rescue the missing daughter of the creator of the mutating T-virus.  Once lack of luck and resources happen, they begin to wage an exhilarating battle to survive and escape before the Umbrella Corporation erases its experiment from the face of the earth.",214952.0,tt0318627,1577.0,iTunes,https://image.tmdb.org/t/p/w500/yzNQSLlZb7NAkA4C5uADfNDJ7hm.jpg
Resident Evil: Extinction,V0557,6.2,24.0,R,Resident Evil Collection,Clone; dystopia; mutant; post-apocalyptic future; conspiracy; evil corporation; zombie; based on video game; intense; awestruck; skräck,Russell Mulcahy,2007.0,Action | Horror | Science Fiction,2 wins & 2 nominations total,94.0,2007.0,Milla Jovovich,Ali Larter | Milla Jovovich | Oded Fehr,"Years after the Racoon City catastrophe, survivors travel across the Nevada desert, hoping to make it to Alaska. Alice joins the caravan and their fight against hordes of zombies and the evil Umbrella Corp.",209968.0,tt0432021,7737.0,iTunes,https://image.tmdb.org/t/p/w500/6yaLr7Ymg5cvbtSVi5hHwBKx35I.jpg
Resident Evil: Retribution,V0558,5.3,28.0,R,Resident Evil Collection,Dystopia; mutant; sequel; conspiracy; tokyo | Japan; zombie; based on video game; moscow | Russia; hand to hand combat; virus; plague; pandemic,Paul W. S. Anderson,2012.0,Action | Horror | Science Fiction,2 wins & 6 nominations total,95.0,2012.0,Milla Jovovich,Michelle Rodriguez | Milla Jovovich | Sienna Guillory,"The Umbrella Corporation’s deadly T-virus continues to ravage the Earth, transforming the global population into legions of the flesh eating Undead. The human race’s last and only hope, Alice, awakens in the heart of Umbrella’s most clandestine operations facility and unveils more of her mysterious past as she delves further into the complex. Without a safe haven, Alice continues to hunt those responsible for the outbreak; a chase that takes her from Tokyo to New York, Washington, D.C. and Moscow, culminating in a mind-blowing revelation that will force her to rethink everything that she once thought to be true. Aided by new found allies and familiar friends, Alice must fight to survive long enough to escape a hostile world on the brink of oblivion. The countdown has begun.",154489.0,tt1855325,71679.0,iTunes,https://image.tmdb.org/t/p/w500/ohdUDWVlcbuWphaLu6wS91xdJ73.jpg
Resident Evil: The Final Chapter,V0559,5.5,38.0,R,Resident Evil Collection,Helicopter; monster; underground; dystopia; mutant; post-apocalyptic future; sequel; end of the world; female soldier; zombie; armageddon; based on video game; heroine; resident evil,Paul W. S. Anderson,2016.0,Action | Horror | Science Fiction,2 wins & 3 nominations total,107.0,2016.0,Milla Jovovich,Ali Larter | Iain Glen | Milla Jovovich,"Picking up immediately after the events in Resident Evil: Retribution, Alice is the only survivor of what was meant to be humanity's final stand against the undead. Now, she must return to where the nightmare began - The Hive in Raccoon City, where the Umbrella Corporation is gathering its forces for a final strike against the only remaining survivors of the apocalypse.",103518.0,tt2592614,173897.0,iTunes,https://image.tmdb.org/t/p/w500/7glPlA0xPpxPxBu0TnY4ulQVCV1.jpg
Riddick (Unrated Director's Cut),V0560,,,,,,Not Found,,Nan,,,,,,,,,,iTunes,
Ride Along,V0561,6.1,18.0,PG-13,Ride Along Collection,Police operation; family relationships; police officer; duringcreditsstinger; hilarious; harsh,Tim Story,2014.0,Action | Comedy,1 win & 7 nominations total,99.0,2014.0,Ice Cube,Ice Cube | John Leguizamo | Kevin Hart,"For the past two years, high-school security guard Ben has been trying to show decorated APD detective James that he's more than just a video-game junkie who's unworthy of James' sister, Angela. When Ben finally gets accepted into the academy, he thinks he's earned the seasoned policeman's respect and asks for his blessing to marry Angela. Knowing that a ride along will demonstrate if Ben has what it takes to take care of his sister, James invites him on a shift designed to scare the hell out of the trainee. But when the wild night leads them to the most notorious criminal in the city, James will find that his new partner's rapid-fire mouth is just as dangerous as the bullets speeding at it.",126463.0,tt1408253,168530.0,iTunes,https://image.tmdb.org/t/p/w500/qrt65VVaP5DEEBZgB5XYctA82Qv.jpg
Ride Along 2,V0562,5.9,14.0,PG-13,Ride Along Collection,Police; family relationships; sequel; police officer; misadventure; buddy film,Tim Story,2016.0,Action | Comedy,1 win & 7 nominations total,102.0,2016.0,Kevin Hart,Ice Cube | Kevin Hart | Olivia Munn,"As his wedding day approaches, Ben heads to Miami with his soon-to-be brother-in-law James to bring down a drug dealer who's supplying the dealers of Atlanta with product.",65361.0,tt2869728,323675.0,iTunes,https://image.tmdb.org/t/p/w500/qKvVUHdiwqkXdlRsW4fHO7SAZef.jpg
Rings,V0563,4.5,8.0,PG-13,,High school; race against time; ladder; fear; videotape; dvd extra; short film,Jonathan Liebesman,2017.0,Horror | Thriller,,16.0,2005.0,Ryan Merriman,Emily VanCamp | Kelly Stables | Ryan Merriman,"Some time after the events of The Ring, a subculture of people voluntarily watch Samara Morgan's video and wait to see how close to the seven-day deadline they can get before showing it to the next person. They record everything they see and share their experiences on a secret website dedicated to the videotape. No one has ever recorded a day seven.",44048.0,tt0498381,91908.0,iTunes,https://image.tmdb.org/t/p/w500/mjtAYGglfOO6T1jRov35jH46J6Z.jpg
Rio 2,V0564,6.3,50.0,G,Rio Collection,Villain; amazon rainforest; sequel; travel; jungle; audition; parrots; personification,Carlos Saldanha,2014.0,Adventure | Animation | Comedy | Family,Nominated for 1 BAFTA Award2 wins & 24 nominations total,101.0,2014.0,Jesse Eisenberg,Anne Hathaway | Jesse Eisenberg | will.i.am,"It's a jungle out there for Blu, Jewel and their three kids after they're hurtled from Rio de Janeiro to the wilds of the Amazon. As Blu tries to fit in, he goes beak-to-beak with the vengeful Nigel, and meets the most fearsome adversary of all: his father-in-law.",106074.0,tt2357291,172385.0,iTunes,https://image.tmdb.org/t/p/w500/gVNTBrjxh2YRmQFjlaqrNbHVvrd.jpg
Rise of the Planet of the Apes,V0565,7.6,82.0,PG-13,Planet of the Apes (Reboot) Collection,California; solidarity; gorilla; intelligence; dystopia; zoo; alzheimer's disease; death of father; cage; anthropomorphism; golden gate bridge; disease; ape; orangutan; chimpanzee; medical research; primate; duringcreditsstinger; sign languages; virus; animal testing; contagion; father son relationship; animal human friendship; cgi-live action hybrid; violence against animals; meddling neighbor; medical trials; amused; exhilarated | San francisco,Rupert Wyatt,2011.0,Action | Drama | Science Fiction | Thriller,Nominated for 1 Oscar. 21 wins & 44 nominations total,105.0,2011.0,Andy Serkis,Andy Serkis | Freida Pinto | James Franco,"A highly intelligent chimpanzee named Caesar has been living a peaceful suburban life ever since he was born. But when he gets taken to a cruel primate facility, Caesar decides to revolt against those who have harmed him.",591942.0,tt1318514,61791.0,iTunes,https://image.tmdb.org/t/p/w500/cjLsuP75UDlRdJVMXzXg3TJ4umX.jpg
Rock the Kasbah,V0566,5.5,7.0,R,,Jealousy; ex-boyfriend; redemption; afghanistan; record producer; last chance; singer,Barry Levinson,2015.0,Comedy | Music | War,,100.0,2015.0,Bill Murray,Bill Murray | Bruce Willis | Zooey Deschanel,"A washed-up music producer finds one last shot at redemption with a golden-voiced young girl in Afghanistan. However, when jealousy gets the better of a disgruntled ex-boyfriend, he decides to oppose the young star with talent of his own.",12882.0,tt3164256,253414.0,iTunes,https://image.tmdb.org/t/p/w500/jGNOsJjpsJ4yWe3InuiXgYk8VuW.jpg
Rocketman,V0567,7.318,,R,,California; pianist; lgbt; rise to fame; 1960s; gay theme | England; drug abuse; pop star; 1970s; musical; biography; based on true story; alcoholism; singer; rock music; los angeles | London,Dexter Fletcher,2019.0,Drama | Music,Won 1 Oscar. 25 wins & 89 nominations total,121.0,2019.0,Taron Egerton,Jamie Bell | Richard Madden | Taron Egerton,"The story of Elton John's life, from his years as a prodigy at the Royal Academy of Music through his influential and enduring musical partnership with Bernie Taupin.",4813.0,tt2066051,504608.0,iTunes,https://image.tmdb.org/t/p/w500/f4FF18ia7yTvHf2izNrHqBmgH8U.jpg
Rogue One: A Star Wars Story,V0568,7.8,84.0,PG-13,,Rebellion; spacecraft; rebel; space battle; space travel; prequel; female protagonist; space western; suicide mission; robot; spin off; space opera; alien language; against the odds; blind man,Gareth Edwards,2016.0,Action | Adventure | Science Fiction,Nominated for 2 Oscars. 24 wins & 85 nominations total,133.0,2016.0,Felicity Jones,Alan Tudyk | Diego Luna | Felicity Jones,A rogue band of resistance fighters unite for a mission to steal the Death Star plans and bring a new hope to the galaxy.,711452.0,tt3748528,330459.0,iTunes,https://image.tmdb.org/t/p/w500/i0yw1mFbB7sNGHCs7EXZPzFkdA1.jpg
Roman Holiday,V0569,8.0,96.0,Approved,,Dance; rome | Italy; photography; boat; secret identity; intelligence; embassy; forbidden love; sightseeing; duty; black and white; romantic,William Wyler,1953.0,Comedy | Drama | Romance,Won 3 Oscars. 11 wins & 20 nominations total,119.0,1953.0,Audrey Hepburn,Audrey Hepburn | Eddie Albert | Gregory Peck,"Overwhelmed by her suffocating schedule, touring European princess Ann takes off for a night while in Rome. When a sedative she took from her doctor kicks in, however, she falls asleep on a park bench and is found by an American reporter, Joe Bradley, who takes her back to his apartment for safety. At work the next morning, Joe finds out Ann's regal identity and bets his editor he can get exclusive interview with her, but romance soon gets in the way.",151666.0,tt0046250,804.0,iTunes,https://image.tmdb.org/t/p/w500/8lI9dmz1RH20FAqltkGelY1v4BE.jpg
Rough Night,V0570,5.2,45.0,R,,Florida; dark comedy; female friendship; friends; drugs; drinking; male stripper; fiancé fiancée relationship; aftercreditsstinger; duringcreditsstinger; political candidate; accident; college friends; bachelorette party; comedy of errors | Friendship; miami,Lucia Aniello,2017.0,Comedy | Drama,1 win & 1 nomination total,101.0,2017.0,Scarlett Johansson,Jillian Bell | Scarlett Johansson | Zoë Kravitz,"Five best friends from college reunite 10 years later for a wild bachelorette weekend in Miami. Their hard partying takes a hilariously dark turn when they accidentally kill a male stripper. Amidst the craziness of trying to cover it up, they're ultimately brought closer together when it matters most.",57006.0,tt4799050,397422.0,iTunes,https://image.tmdb.org/t/p/w500/ttC00xcQ5UIO04kU8y0h5OAIYYJ.jpg
Rush,V0571,8.1,88.0,R,,Car race; sports; world champion; based on true story; racing; adventurer; formula one (f1); serious; ambivalent,Ron Howard,2013.0,Action | Drama,Won 1 BAFTA Award6 wins & 66 nominations total,123.0,2013.0,Chris Hemsworth,Chris Hemsworth | Daniel Brühl | Olivia Wilde,"In the 1970s, a rivalry propels race car drivers Niki Lauda and James Hunt to fame and glory — until a horrible accident threatens to end it all.",532959.0,tt1979320,96721.0,iTunes,https://image.tmdb.org/t/p/w500/cyfncP1YKDNcGb0agE7RQr6UOYr.jpg
Sabotage,V0572,5.7,22.0,R,,England; husband wife relationship; based on novel or book; bomb; black and white; sabotage; terrorist plot; brother sister relationship | London,Alfred Hitchcock,2014.0,Crime | Drama | Thriller,,77.0,1937.0,Sylvia Sidney,Desmond Tester | Oskar Homolka | Sylvia Sidney,Karl Anton Verloc and his wife own a small cinema in a quiet London suburb where they live seemingly happily. But Mrs. Verloc does not know that her husband has a secret that will affect their relationship and threaten her teenage brother's life.,67164.0,tt1742334,12684.0,iTunes,https://image.tmdb.org/t/p/w500/A6cyOt9mhmvWA2uHcVsGkcCaHCz.jpg
Safe,V0573,6.5,59.0,R,,New york city; triad; corrupt politician,Boaz Yakin,2012.0,Action | Crime | Thriller,2 nominations total,94.0,2012.0,Jason Statham,Chris Sarandon | James Hong | Jason Statham,"After a former elite agent rescues a 12-year-old Chinese girl who's been abducted, they find themselves in the middle of a standoff between Triads, the Russian Mafia and high-level corrupt New York City politicians and police.",121752.0,tt1656190,72387.0,iTunes,https://image.tmdb.org/t/p/w500/kOCpkoMUVae9UIf85gO71SyjLbW.jpg
Safe House,V0574,6.7,52.0,R,,Martial arts; central intelligence agency (cia); microchip; betrayal; on the run; shootout; interrogation; safe house; rogue agent; cape town | South africa; football (soccer) stadium; consulate,Daniel Espinosa,2012.0,Action | Thriller,1 win & 7 nominations total,115.0,2012.0,Denzel Washington,Denzel Washington | Ryan Reynolds | Vera Farmiga,"A dangerous CIA renegade resurfaces after a decade on the run. When the safe house he's remanded to is attacked by mercenaries, a rookie operative escapes with him. Now, the unlikely allies must stay alive long enough to uncover who wants them dead.",242564.0,tt1599348,59961.0,iTunes,https://image.tmdb.org/t/p/w500/7CBhSjQa07LYt0RGejYjWugGmdV.jpg
San Andreas,V0575,6.1,48.0,PG-13,,California; helicopter crash; mass destruction; rescue operation; tectonic plates; hoover dam; serious; search and rescue; intense; lafd - los angeles fire department; aftershocks | California; helicopter pilot; scientist; teenage daughter; seismologist; catastrophe; disaster movie; divorced couple; san andreas | California; looting; earthquake; tsunami; disaster; los angeles | California; san francisco,Brad Peyton,2015.0,Action | Drama | Thriller,2 wins & 10 nominations total,114.0,2015.0,Dwayne Johnson,Alexandra Daddario | Carla Gugino | Dwayne Johnson,"In the aftermath of a massive earthquake in California, a rescue-chopper pilot makes a dangerous journey across the state in order to rescue his estranged daughter.",265819.0,tt2126355,254128.0,iTunes,https://image.tmdb.org/t/p/w500/2Gfjn962aaFSD6eST6QU3oLDZTo.jpg
Savages,V0576,6.4,50.0,R,,California; enforcer; gardner; skull mask; dea; cruel | Explosive; widow; american abroad; eye gouging; dea agent; shot; southern california; surrogate daughter; laguna beach,Oliver Stone,2012.0,Crime | Drama | Thriller,7 nominations total,131.0,2012.0,Taylor Kitsch,Aaron Taylor-Johnson | Blake Lively | Taylor Kitsch,Pot growers Ben and Chon face off against the Mexican drug cartel who kidnapped their shared girlfriend.,136031.0,tt1615065,82525.0,iTunes,https://image.tmdb.org/t/p/w500/joyiyBwYY5QCpldqT1FzrTqsTJK.jpg
Saving Mr. Banks,V0577,7.5,79.0,PG-13,,Australia | Biography; based on true story; author; writer; disneyland; 1960s; film production; queensland,John Lee Hancock,2013.0,Comedy | Drama | History,Nominated for 1 Oscar. 13 wins & 74 nominations total,125.0,2013.0,Emma Thompson,Colin Farrell | Emma Thompson | Tom Hanks,"Author P.L. Travers looks back on her childhood while reluctantly meeting with Walt Disney, who seeks to adapt her Mary Poppins books for the big screen.",172080.0,tt2140373,140823.0,iTunes,https://image.tmdb.org/t/p/w500/4RkcUe5PKnYvrCwMjk8giUAoID7.jpg
Saving Private Ryan,V0578,8.6,94.0,R,,Dying and death; epic; self sacrifice; bravery; world war ii; duty; normandy | France; troops; waffen ss; omaha beach; rescue mission; cowardice; us army; based on true story; d-day; military; german soldier; military operation; 1940s; bloody deaths; u.s. army soldier; u.s. army ranger; massive casualties,Steven Spielberg,1998.0,Drama | History | War,Won 5 Oscars. 79 wins & 75 nominations total,169.0,1998.0,Tom Hanks,Edward Burns | Tom Hanks | Tom Sizemore,"As U.S. troops storm the beaches of Normandy, three brothers lie dead on the battlefield, with a fourth trapped behind enemy lines. Ranger captain John Miller and seven men are tasked with penetrating German-held territory and bringing the boy home.",1558717.0,tt0120815,857.0,iTunes,https://image.tmdb.org/t/p/w500/uqx37cS8cpHg8U35f9U5IBlrCV3.jpg
Saw,V0579,7.6,50.0,R,,Kidnapping; paralysis; hospital; torture; short film,James Wan,2004.0,Crime | Horror | Thriller,,10.0,2004.0,Leigh Whannell,Katrina Mathers | Leigh Whannell | Paul Moder,"David, an orderly at a hospital, tells his horrific story of being kidnapped and forced to play a vile game of survival.",489032.0,tt0387564,246355.0,Vudu,https://image.tmdb.org/t/p/w500/uvjBl6LHmb5JpAbmSZzeWA1c7Sv.jpg
Saw 3D,V0580,5.5,9.0,R,Saw Collection,Sadism; torture; self help guru; tricycle; prosthetic arm; pig mask; survival horror; death match; mind game; frantic; death game,Kevin Greutert,2010.0,Crime | Horror,3 nominations total,90.0,2010.0,Tobin Bell,Betsy Russell | Costas Mandylor | Tobin Bell,"As a deadly battle rages over Jigsaw's brutal legacy, a group of Jigsaw survivors gathers to seek the support of self-help guru and fellow survivor Bobby Dagen, a man whose own dark secrets unleash a new wave of terror.",114421.0,tt1477076,41439.0,Vudu,https://image.tmdb.org/t/p/w500/ua3HT736PfsJ8ymAFbZ7P5uqCEP.jpg
Saw II,V0581,6.6,38.0,R,Saw Collection,Sadism; riddle; serial killer; torture; survival horror; death match; macabre; mind game; death game,Darren Lynn Bousman,2005.0,Horror,4 wins & 11 nominations total,93.0,2005.0,Tobin Bell,Donnie Wahlberg | Shawnee Smith | Tobin Bell,"The chilling and relentless Jigsaw killer returns to terrorize the city once again. When a gruesome murder victim emerges with unmistakable traces of Jigsaw's sinister methods, Detective Eric Matthews is thrust into a high-stakes investigation. To his surprise, apprehending Jigsaw seems almost too easy, but what he doesn't realize is that being caught is merely another piece of Jigsaw's intricate puzzle.",284501.0,tt0432348,215.0,Vudu,https://image.tmdb.org/t/p/w500/gTnaTysN8HsvVQqTRUh8m35mmUA.jpg
Saw III,V0582,6.2,29.0,R,Saw Collection,Sadism; brain tumor; suffocation; torture; survival horror; death match; mutilation; mind game; death game; harsh,Darren Lynn Bousman,2006.0,Crime | Horror | Thriller,1 win & 9 nominations total,108.0,2006.0,Tobin Bell,Angus Macfadyen | Shawnee Smith | Tobin Bell,"Jigsaw has disappeared. Along with his new apprentice Amanda, the puppet-master behind the cruel, intricate games that have terrified a community and baffled police has once again eluded capture and vanished. While city detective scrambles to locate him, Doctor Lynn Denlon and Jeff Reinhart are unaware that they are about to become the latest pawns on his vicious chessboard.",220859.0,tt0489270,214.0,Vudu,https://image.tmdb.org/t/p/w500/4iO9n24Rb10peXV0JH2EldIOrAp.jpg
Saw IV,V0583,5.9,18.0,R,Saw Collection,Pain; sadism; psychopath; fbi; victim; electric chair; doctor; torture; police officer; miscarriage; game; survival horror; death match; macabre; mind game; female corpse; death game,Darren Lynn Bousman,2007.0,Crime | Horror | Thriller,2 wins & 7 nominations total,93.0,2007.0,Tobin Bell,Costas Mandylor | Scott Patterson | Tobin Bell,"Despite Jigsaw's death, and in order to save the lives of two of his colleagues, Lieutenant Rigg is forced to take part in a new game, which promises to test him to the limit.",169372.0,tt0890870,663.0,Vudu,https://image.tmdb.org/t/p/w500/ku1QdCXOU4ckz3zxLLlis8MIJVm.jpg
Saw The Final Chapter,V0584,5.989,,,Saw Collection,Sadism; torture; self help guru; tricycle; prosthetic arm; pig mask; survival horror; death match; mind game; frantic; death game,Kevin Greutert,2010.0,Crime | Horror,,90.0,2010.0,,,"As a deadly battle rages over Jigsaw's brutal legacy, a group of Jigsaw survivors gathers to seek the support of self-help guru and fellow survivor Bobby Dagen, a man whose own dark secrets unleash a new wave of terror.",3163.0,,41439.0,iTunes,https://image.tmdb.org/t/p/w500/ua3HT736PfsJ8ymAFbZ7P5uqCEP.jpg
Saw V,V0585,5.8,13.0,R,Saw Collection,Nazi; sadism; serial killer; police corruption; torture; pig mask; survival horror; death of sister; death match; mind game; jigsaw; death game,David Hackl,2008.0,Crime | Horror | Thriller,1 win & 2 nominations total,95.0,2008.0,Tobin Bell,Costas Mandylor | Scott Patterson | Tobin Bell,"Following Jigsaw's grisly demise, Detective Mark Hoffman is commended as a hero, but Agent Strahm is suspicious, and delves into Hoffman's past. Meanwhile, another group of people are put through a series of gruesome tests.",141839.0,tt1132626,11917.0,Vudu,https://image.tmdb.org/t/p/w500/rKl79KqLXg60KFyKsLe4wSSjQ08.jpg
Saw VI,V0586,6.0,39.0,R,Saw Collection,Sacrifice; sadism; fbi; apprentice; murder; torture; killer; agent; death; survival horror; death match; aftercreditsstinger; mind game; healthcare; death game; foreboding,Kevin Greutert,2009.0,Horror | Thriller,2 nominations total,90.0,2009.0,Tobin Bell,Costas Mandylor | Mark Rolston | Tobin Bell,"Special Agent Strahm is dead, and Detective Hoffman has emerged as the unchallenged successor to Jigsaw's legacy. However, when the FBI draws closer to Hoffman, he is forced to set a game into motion, and Jigsaw's grand scheme is finally understood.",129490.0,tt1233227,22804.0,Vudu,https://image.tmdb.org/t/p/w500/cT7ufx1x6OKoi3bpUCWf2eV446G.jpg
Saw X,V0587,6.6,81.0,R,Saw Collection,Mexico; mexico city | Mexico; sadism; riddle; gore; sequel; con artist; cancer; scam; serial killer; torture; drugs; survival horror; duringcreditsstinger; jigsaw; saw; death game; requel,Kevin Greutert,2023.0,Horror | Mystery | Thriller,1 win & 15 nominations total,118.0,2023.0,Tobin Bell,Shawnee Smith | Synnøve Macody Lund | Tobin Bell,"Between the events of 'Saw' and 'Saw II', a sick and desperate John Kramer travels to Mexico for a risky and experimental medical procedure in hopes of a miracle cure for his cancer, only to discover the entire operation is a scam to defraud the most vulnerable. Armed with a newfound purpose, the infamous serial killer returns to his work, turning the tables on the con artists in his signature visceral way through devious, deranged, and ingenious traps.",88903.0,tt21807222,951491.0,iTunes,https://image.tmdb.org/t/p/w500/u7Lp1Hi8aBS73jv4KRMIv5aK4ax.jpg
Scary Stories to Tell In the Dark,V0588,6.2,78.0,PG-13,Scary Stories to Tell in the Dark Collection,Small town; based on novel or book; halloween; haunted house; scarecrow; family secrets; urban legend; racism; high school friends; aspiring writer; draft dodger; 1960s; folk horror,André Øvredal,2019.0,Adventure | Horror | Mystery,5 wins & 6 nominations total,108.0,2019.0,,,"Mill Valley, Pennsylvania, Halloween night, 1968. After playing a joke on a school bully, Stella and her friends decide to sneak into a supposedly haunted house that once belonged to the powerful Bellows family, unleashing dark forces that they will be unable to control.",88845.0,tt3387520,417384.0,iTunes,https://image.tmdb.org/t/p/w500/uy0dNFbhRhHBLwpOGpcTw9UEwdX.jpg
Schindler's List,V0589,9.0,98.0,R,,Factory; hero; nazi; concentration camp; ss (nazi schutzstaffel); holocaust (shoah); world war ii; ghetto; jew persecution; kraków | Poland; defense industry; auschwitz-birkenau concentration camp; biography; based on true story; industrialist; historical fiction; black and white; train; poland; evil; philosophical; weapons manufacturer; loving; hopeful; nazi train,Steven Spielberg,1993.0,Drama | History | War,Won 7 Oscars. 91 wins & 49 nominations total,195.0,1993.0,Liam Neeson,Ben Kingsley | Liam Neeson | Ralph Fiennes,The true story of how businessman Oskar Schindler saved over a thousand Jewish lives from the Nazis while they worked as slaves in his factory during World War II.,1517035.0,tt0108052,424.0,iTunes,https://image.tmdb.org/t/p/w500/sF1U4EUQS8YHUYjNl3pMGNIQyr0.jpg
SCOOB!,V0590,5.6,48.0,PG,,Friendship; superhero; villain; heroism; talking dog; prequel; friends; based on cartoon; criminal investigation; boy and dog; caveman; fright; bitter,Tony Cervone,2020.0,Animation | Comedy | Family | Mystery,3 nominations total,93.0,2020.0,,,"In Scooby-Doo’s greatest adventure yet, see the never-before told story of how lifelong friends Scooby and Shaggy first met and how they joined forces with young detectives Fred, Velma, and Daphne to form the famous Mystery Inc. Now, with hundreds of cases solved, Scooby and the gang face their biggest, toughest mystery ever: an evil plot to unleash the ghost dog Cerberus upon the world. As they race to stop this global “dogpocalypse,” the gang discovers that Scooby has a secret legacy and an epic destiny greater than anyone ever imagined.",30940.0,tt3152592,385103.0,iTunes,https://image.tmdb.org/t/p/w500/jHo2M1OiH9Re33jYtUQdfzPeUkx.jpg
Scream,V0591,7.4,77.0,R,Scream Collection,Mask; attempted murder; hallucination; murder; teen movie; serial killer; hospital; slasher; whodunit; killing spree; hometown; reboot; crime spree; illegitimate child; murder mystery; legacy; fandom; copycat killer; generation z; murder spree; sister sister relationship; retired cop; return to hometown; reddit; requel; teen scream,"Tyler Gillett, Matt Bettinelli-Olpin",1996.0,Horror | Mystery,5 wins & 22 nominations total,114.0,2022.0,Melissa Barrera,Jenna Ortega | Mason Gooding | Melissa Barrera,"Twenty-five years after a streak of brutal murders shocked the quiet town of Woodsboro, a new killer has donned the Ghostface mask and begins targeting a group of teenagers to resurrect secrets from the town’s deadly past.",416831.0,tt0117571,646385.0,iTunes,https://image.tmdb.org/t/p/w500/1m3W6cpgwuIyjtg5nSnPx7yFkXW.jpg
Seeking a Friend for the End of the World,V0592,6.7,55.0,R,,Asteroid; road trip; end of the world; woman director,Lorene Scafaria,2012.0,Adventure | Comedy | Drama | Romance,3 nominations,101.0,2012.0,Steve Carell,Connie Britton | Keira Knightley | Steve Carell,"As an asteroid nears Earth, a man finds himself alone after his wife leaves in a panic. He decides to take a road trip to reunite with his high school sweetheart. Accompanying him is a neighbor who inadvertently puts a wrench in his plan.",120245.0,tt1307068,88005.0,iTunes,https://image.tmdb.org/t/p/w500/rBbCwFLyt7Q25yaw2bEOQh7RMG1.jpg
Self/Less,V0593,6.5,18.0,PG-13,,Immortality; lie; terminal illness; laboratory; cancer; transhumanism; doctor; body-swap; death; false memory; soul transference; rich man; mind transfer; host body; body snatching; eternal,Tarsem Singh,2015.0,Action | Science Fiction | Thriller,,117.0,2015.0,,,An extremely wealthy elderly man dying from cancer undergoes a radical medical procedure that transfers his consciousness to the body of a healthy young man but everything may not be as good as it seems when he starts to uncover the mystery of the body's origins and the secret organization that will kill to keep its secrets.,105849.0,tt2140379,238615.0,iTunes,https://image.tmdb.org/t/p/w500/jhzjPJnwiQwBzW0nIHBC01fr9GG.jpg
Selma,V0594,7.5,99.0,PG-13,,Alabama; civil rights; martin luther king; president; protest march; woman director; selma; 1960s; african american history,Ava DuVernay,2014.0,Drama | History,Won 1 Oscar. 58 wins & 91 nominations total,127.0,2014.0,David Oyelowo,Carmen Ejogo | David Oyelowo | Tom Wilkinson,"Selma,"" as in Alabama, the place where segregation in the South was at its worst, leading to a march that ended in violence, forcing a famous statement by President Lyndon B. Johnson that ultimately led to the signing of the Voting Rights Act.",96889.0,tt1020072,273895.0,iTunes,https://image.tmdb.org/t/p/w500/wq4lhMc4BuOyQqe1ZGzhxLyy3Uk.jpg
Seven Psychopaths,V0595,7.1,82.0,R,,California; explosion; criminal; shih tzu; struggling; neo-noir | Suicide; alcohol; fight; kidnapping; gangster; screenwriter; black humor; murder; scam; los angeles,Martin McDonagh,2012.0,Comedy | Crime,Nominated for 1 BAFTA Award3 wins & 21 nominations total,110.0,2012.0,Colin Farrell,Colin Farrell | Sam Rockwell | Woody Harrelson,A struggling screenwriter inadvertently becomes entangled in the Los Angeles criminal underworld after his oddball friends kidnap a gangster's beloved Shih Tzu.,278508.0,tt1931533,86838.0,iTunes,https://image.tmdb.org/t/p/w500/4ukEYAxlSivFcDG6vLxJB6PjTjg.jpg
Seventh Son,V0596,5.5,12.0,PG-13,,Based on novel or book; magic; chosen one; witch hunt; dark fantasy; evil witch; sword and sorcery; based on young adult novel,Sergei Bodrov,2014.0,Adventure | Fantasy,2 wins & 3 nominations total,102.0,2014.0,Jeff Bridges,Ben Barnes | Jeff Bridges | Julianne Moore,"John Gregory, who is a seventh son of a seventh son and also the local spook, has protected the country from witches, boggarts, ghouls and all manner of things that go bump in the night. However John is not young anymore, and has been seeking an apprentice to carry on his trade. Most have failed to survive. The last hope is a young farmer's son named Thomas Ward. Will he survive the training to become the spook that so many others couldn't?",81911.0,tt1121096,68737.0,iTunes,https://image.tmdb.org/t/p/w500/7Q8DfXSjcFSSQDOxz1Sk865wNqI.jpg
Sex and the City: The Movie,V0597,6.6,,,Sex and the City Collection,Hotel; new year's eve; new york city; forgiveness; city portrait; fashion journal; saint louis; female friendship; romcom; fashion designer; malibu; loss of libido; botox; couples therapy; best friend; wedding; break-up; fashion; manhattan | New york city; desire to have children; female sexuality,Michael Patrick King,2008.0,Comedy | Drama | Romance,,146.0,2008.0,,,A New York writer on sex and love is finally getting married to her Mr. Big. But her three best girlfriends must console her after one of them inadvertently leads Mr. Big to jilt her.,2183.0,tt16976248,4564.0,iTunes,https://image.tmdb.org/t/p/w500/AhNfnsGW95RKHQNLdgFH48UN0Zy.jpg
Shakespeare in Love,V0598,7.1,92.0,R,,England; theater play; queen elizabeth i; playwright; cross dressing; false history; francis bacon; 16th century; acting; elizabethan england; romantic | London,John Madden,1998.0,Comedy | History | Romance,Won 7 Oscars. 65 wins & 87 nominations total,123.0,1998.0,Joseph Fiennes,Geoffrey Rush | Gwyneth Paltrow | Joseph Fiennes,"Young Shakespeare is forced to stage his latest comedy, ""Romeo and Ethel, the Pirate's Daughter,"" before it's even written. When a lovely noblewoman auditions for a role, they fall into forbidden love -- and his play finds a new life (and title). As their relationship progresses, Shakespeare's comedy soon transforms into tragedy.",238696.0,tt0138097,1934.0,iTunes,https://image.tmdb.org/t/p/w500/zdW7jdzPi4J9KZR3TyY2jn3Xh5e.jpg
Shaun of the Dead,V0599,7.9,92.0,R,,England; dark comedy; satire; surrey; parody; slacker; friends; survival; zombie; cynical; survival horror; british pub; boyfriend girlfriend relationship; taunting; zombie apocalypse; frantic; satirical; desperate; anxious; playful; dramatic; suspenseful; witty; amused; defiant; exuberant; farcical | London,Edgar Wright,2004.0,Comedy | Horror,Nominated for 3 BAFTA 14 wins & 20 nominations total,99.0,2004.0,Simon Pegg,Kate Ashfield | Nick Frost | Simon Pegg,"Shaun lives a supremely uneventful life, which revolves around his girlfriend, his mother, and, above all, his local pub. This gentle routine is threatened when the dead return to life and make strenuous attempts to snack on ordinary Londoners.",615526.0,tt0365748,747.0,iTunes,https://image.tmdb.org/t/p/w500/dgXPhzNJH8HFTBjXPB177yNx6RI.jpg
Shazam!,V0600,7.0,90.0,PG-13,Shazam! Collection,Pennsylvania; magic; secret identity; superhero; based on comic; wizard; superhuman strength; aftercreditsstinger; duringcreditsstinger; christmas; dc extended universe (dceu); flossing | Philadelphia,David F. Sandberg,2019.0,Action | Comedy | Fantasy,27 nominations total,132.0,2019.0,Zachary Levi,Asher Angel | Mark Strong | Zachary Levi,A boy is given the ability to become an adult superhero in times of need with a single magic word.,399234.0,tt0448115,287947.0,iTunes,https://image.tmdb.org/t/p/w500/xnopI5Xtky18MPhK40cZAGAOVeV.jpg
Sherlock Gnomes,V0601,5.3,28.0,PG,Gnomeo & Juliet Collection,Villain; sequel; missing person; animate statue; sherlock holmes,John Stevenson,2018.0,Adventure | Animation | Comedy | Family | Fantasy | Mystery,1 win & 6 nominations,86.0,2018.0,Johnny Depp,Emily Blunt | James McAvoy | Johnny Depp,Garden gnomes Gnomeo & Juliet recruit renown detective Sherlock Gnomes to investigate the mysterious disappearance of other garden ornaments.,14496.0,tt2296777,370567.0,iTunes,https://image.tmdb.org/t/p/w500/wqnzpJR3PwS4doVkAkt9seSEpoX.jpg
Sherlock Holmes,V0602,7.216,,,,,Guy Ritchie,2009.0,"Action, Adventure, Mystery",,128.0,2009.0,Robert Downey Jr.,,Detective Sherlock Holmes and his stalwart partner Watson engage in a battle of wits and brawn with a nemesis whose plot is a threat to all of England.,14327.0,tt0988045,,iTunes,https://m.media-amazon.com/images/M/MV5BMTg0NjEwNjUxM15BMl5BanBnXkFtZTcwMzk0MjQ5Mg@@._V1_SX300.jpg
Shrek,V0603,7.9,88.0,PG,Shrek Collection,Princess; based on novel or book; magic; fairy tale; donkey; liberation; lordship; prince; castle; villain; robin hood; enchantment; swamp; parody; anthropomorphism; dragon; woman director; ogre; cartoon donkey; hilarious,"Andrew Adamson, Vicky Jenson",2001.0,Adventure | Animation | Comedy | Family | Fantasy,Won 1 Oscar. 40 wins & 60 nominations total,90.0,2001.0,Mike Myers,Cameron Diaz | Eddie Murphy | Mike Myers,"It ain't easy bein' green -- especially if you're a likable (albeit smelly) ogre named Shrek. On a mission to retrieve a gorgeous princess from the clutches of a fire-breathing dragon, Shrek teams up with an unlikely compatriot -- a wisecracking donkey.",763726.0,tt0126029,808.0,iTunes,https://image.tmdb.org/t/p/w500/iB64vpL3dIObOtMZgX3RqdVdQDc.jpg
Shrek 2,V0604,7.4,89.0,PG,Shrek Collection,Prison; princess; magic; kingdom; fairy tale; liberation; transformation; honeymoon; prince; villain; parents-in-law; enchantment; sequel; anthropomorphism; dragon; ogre; fairy godmother; cartoon donkey,"Conrad Vernon, Kelly Asbury, Andrew Adamson",2004.0,Adventure | Animation | Comedy | Family | Fantasy,Nominated for 2 Oscars. 18 wins & 52 nominations total,92.0,2004.0,Mike Myers,Cameron Diaz | Eddie Murphy | Mike Myers,"Shrek, Fiona, and Donkey set off to Far, Far Away to meet Fiona's mother and father, the Queen and King. But not everyone is happily ever after. Shrek and the King find it difficult to get along, and there's tension in the marriage. The Fairy Godmother discovers that Fiona has married Shrek instead of her son Prince Charming and plots to destroy their marriage.",530600.0,tt0298148,809.0,iTunes,https://image.tmdb.org/t/p/w500/2yYP0PQjG8zVqturh1BAqu2Tixl.jpg
Shrek Forever After,V0605,6.3,58.0,PG,Shrek Collection,Witch; sequel; ogre,Mike Mitchell,2010.0,Adventure | Animation | Comedy | Family | Fantasy,1 win & 13 nominations total,93.0,2010.0,Mike Myers,Cameron Diaz | Eddie Murphy | Mike Myers,"A bored and domesticated Shrek pacts with deal-maker Rumpelstiltskin to get back to feeling like a real ogre again, but when he's duped and sent to a twisted version of Far Far Away—where Rumpelstiltskin is king, ogres are hunted, and he and Fiona have never met—he sets out to restore his world and reclaim his true love.",234517.0,tt0892791,10192.0,iTunes,https://image.tmdb.org/t/p/w500/6HrfPZtKcGmX2tUWW3cnciZTaSD.jpg
Shrek the Third,V0606,6.1,41.0,PG,Shrek Collection,Ship; island; ambush; kingdom; boarding school; liberation of prisoners; pregnancy; traitor; shipwreck; stage; sadness; transformation; assault; prince; villain; theater play; tricks; heir to the throne; conciliation; sequel; teacher; best friend; dragon; cowardliness; capture; wizard; duringcreditsstinger; ogre; cartoon donkey; villains,Chris Miller,2007.0,Adventure | Animation | Comedy | Family | Fantasy,Nominated for 1 BAFTA Award5 wins & 17 nominations total,93.0,2007.0,Mike Myers,Cameron Diaz | Eddie Murphy | Mike Myers,"The King of Far Far Away has died and Shrek and Fiona are to become King & Queen. However, Shrek wants to return to his cozy swamp and live in peace and quiet, so when he finds out there is another heir to the throne, they set off to bring him back to rule the kingdom.",346729.0,tt0413267,810.0,iTunes,https://image.tmdb.org/t/p/w500/n4SexGGQzI26E269tfpa80MZaGV.jpg
Shutter Island,V0607,8.2,69.0,R,,Island; based on novel or book; hurricane; investigation; u.s. marshal; conspiracy theory; psychiatric hospital; psychological thriller; whodunit; neo-noir; 1950s; dreary; tense; baffled,Martin Scorsese,2010.0,Drama | Mystery | Thriller,11 wins & 66 nominations total,138.0,2010.0,Leonardo DiCaprio,Ben Kingsley | Leonardo DiCaprio | Mark Ruffalo,"World War II soldier-turned-U.S. Marshal Teddy Daniels investigates the disappearance of a patient from a hospital for the criminally insane, but his efforts are compromised by troubling visions and a mysterious doctor.",1534963.0,tt1130884,11324.0,iTunes,https://image.tmdb.org/t/p/w500/nrmXQ0zcZUL8jFLrakWc90IR8z9.jpg
Sicario,V0608,7.7,92.0,R,Sicario Collection,Mexico | Mission; assassin; central intelligence agency (cia); mexico; corruption; bomb; fbi; smoking; texas; border; manipulation; cynicism; revenge; murder; dirty cop; football (soccer); brutality; drugs; special forces; interrogation; desert; surveillance; night vision; death of daughter; moral dilemma; neo-noir; death of wife; mexican cartel; secret tunnel; violence; audacious; juárez,Denis Villeneuve,2015.0,Action | Crime | Thriller,Nominated for 3 Oscars. 15 wins & 157 nominations total,122.0,2015.0,Emily Blunt,Benicio del Toro | Emily Blunt | Josh Brolin,An idealistic FBI agent is enlisted by a government task force to aid in the escalating war against drugs at the border area between the U.S. and Mexico.,506500.0,tt3397884,273481.0,iTunes,https://image.tmdb.org/t/p/w500/lz8vNyXeidqqOdJW9ZjnDAMb5Vr.jpg
Silence,V0609,7.2,83.0,R,,Japan; based on novel or book; christianity; missionary; remake; betrayal; torture; martyrdom; crisis of faith; portuguese; jesuits (society of jesus); 17th century; shogunate; religious persecution; religious icon; apostasy,Martin Scorsese,2016.0,Drama | History,Nominated for 1 Oscar. 8 wins & 62 nominations total,161.0,2016.0,Andrew Garfield,Adam Driver | Andrew Garfield | Liam Neeson,"In the 17th century, two Portuguese Jesuit priests travel to Japan in an attempt to locate their mentor, who is rumored to have committed apostasy, and to propagate Catholicism.",127382.0,tt0490215,68730.0,iTunes,https://image.tmdb.org/t/p/w500/wO8XKAt3JUpdij27gIq6Maq4JMp.jpg
Silent Hill: Revelation,V0610,4.9,8.0,R,Silent Hill Collection,Female protagonist; another dimension; based on video game; occult; mall; dark carnival; occult torture; aftercreditsstinger,M.J. Bassett,2012.0,Horror | Mystery | Thriller,8 nominations total,94.0,2012.0,,,"Heather Mason and her father have been on the run, always one step ahead of dangerous forces that she doesn't fully understand. Now on the eve of her 18th birthday, plagued by horrific nightmares and the disappearance of her father, Heather discovers she's not who she thinks she is. The revelation leads her deeper into a demonic world that threatens to trap her forever.",68564.0,tt0938330,61012.0,iTunes,https://image.tmdb.org/t/p/w500/xBC7bHZ5UglTw4LMd2lTSgXvQXl.jpg
Silent House,V0611,5.2,42.0,R,,Supernatural; remake; beer bottle; real time; candelabra; padlock; woman director,"Chris Kentis, Laura Lau",2011.0,Drama | Horror | Mystery,1 win & 3 nominations total,85.0,2011.0,Elizabeth Olsen,Adam Trese | Elizabeth Olsen | Eric Sheffer Stevens,"Sarah returns with her father and uncle to fix up the family's longtime summerhouse after it was violated by squatters in the off-season. As they work in the dark, Sarah begins to hear sounds from within the walls of the boarded-up building. Although she barely remembers the place, Sarah senses the past may still haunt the home.",25153.0,tt1767382,92182.0,iTunes,https://image.tmdb.org/t/p/w500/mbkvYlx1scovMi80rOOkNBvgU11.jpg
Silver Linings Playbook,V0612,7.7,92.0,R,,Depression; infidelity; dancing; friendship; philadelphia | Pennsylvania; based on novel or book; widow; superstition; letter; dance competition; teacher; mental institution; therapy; mental illness; ex-wife; institutionalization; death of husband; father son relationship; cheating wife,David O. Russell,2012.0,Comedy | Drama | Romance,Won 1 Oscar. 90 wins & 148 nominations total,122.0,2012.0,Bradley Cooper,Bradley Cooper | Jennifer Lawrence | Robert De Niro,"After losing his job and wife, and spending time in an institution, a former teacher winds up living with his parents. He wants to rebuild his life and reconcile with his wife, but his father would be happy if he shared his obsession with the Philadelphia Eagles. Things get complicated when he meets Tiffany Maxwell who offers to help him reconnect with his wife if he will do something very important for her in exchange.",759070.0,tt1045658,82693.0,iTunes,https://image.tmdb.org/t/p/w500/y7iOVneBvITlBdhy6tVqXVOa1Js.jpg
"Sin City: Recut, Extended, Unrated",V0613,7.465,,,Sin City Collection,Dystopia; based on comic; anthology; black and white; held captive; based on graphic novel; mysterious killer; doing the right thing; silhouette; neo-noir,"Robert Rodriguez, Frank Miller",2005.0,Action | Crime,,124.0,2005.0,,,"Welcome to Sin City. This town beckons to the tough, the corrupt, the brokenhearted. Some call it dark… Hard-boiled. Then there are those who call it home — Crooked cops, sexy dames, desperate vigilantes. Some are seeking revenge, others lust after redemption, and then there are those hoping for a little of both. A universe of unlikely and reluctant heroes still trying to do the right thing in a city that refuses to care.",8442.0,,187.0,iTunes,https://image.tmdb.org/t/p/w500/i66G50wATMmPrvpP95f0XP6ZdVS.jpg
Sing,V0614,7.1,71.0,PG,Sing Collection,Anthropomorphism; singing; flood; singing competition; illumination; brisk,Garth Jennings,2016.0,Animation | Comedy | Family | Music,3 wins & 25 nominations total,107.0,2016.0,Matthew McConaughey,Matthew McConaughey | Reese Witherspoon | Seth MacFarlane,A koala named Buster recruits his best friend to help him drum up business for his theater by hosting a singing competition.,202207.0,tt3470600,335797.0,iTunes,https://image.tmdb.org/t/p/w500/b8UiFXwMrSXVTHM0fb2twl8uE8a.jpg
Sing 2,V0615,7.3,72.0,PG,Sing Collection,Wolf; stage; villain; sequel; anthropomorphism; singing; thug; animals; villain arrested; illumination; suspenseful,Garth Jennings,2021.0,Animation | Comedy | Family | Music,2 wins & 21 nominations total,109.0,2021.0,Matthew McConaughey,Matthew McConaughey | Reese Witherspoon | Scarlett Johansson,"Buster and his new cast now have their sights set on debuting a new show at the Crystal Tower Theater in glamorous Redshore City. But with no connections, he and his singers must sneak into the Crystal Entertainment offices, run by the ruthless wolf mogul Jimmy Crystal, where the gang pitches the ridiculous idea of casting the lion rock legend Clay Calloway in their show. Buster must embark on a quest to find the now-isolated Clay and persuade him to return to the stage.",94771.0,tt6467266,438695.0,iTunes,https://image.tmdb.org/t/p/w500/aWeKITRFbbwY8txG5uCj4rMCfSP.jpg
Sinister,V0616,6.8,64.0,R,Sinister Collection,Drowning; pennsylvania | Usa; writing; child murder; snuff; tape; home movie footage; murder; massacre; power outage; held captive; hanging; death; car fire; novelist; attic; occult; super 8mm footage; macabre; moving in; book writing; supernatural horror,Scott Derrickson,2012.0,Horror | Mystery | Thriller,3 wins & 14 nominations total,110.0,2012.0,Ethan Hawke,Ethan Hawke | Juliet Rylance | Vincent D'Onofrio,"True-crime writer Ellison Oswald is in a slump; he hasn't had a best seller in more than 10 years and is becoming increasingly desperate for a hit. So, when he discovers the existence of a snuff film showing the deaths of a family, he vows to solve the mystery. He moves his own family into the victims' home and gets to work. However, when old film footage and other clues hint at the presence of a supernatural force, Ellison learns that living in the house may be fatal.",299005.0,tt1922777,82507.0,iTunes,https://image.tmdb.org/t/p/w500/nzx10sca3arCeYBAomHan4Q6wa1.jpg
Sisters,V0617,5.967,,,,,Not Found,2015.0,Comedy,,118.0,2015.0,,,Two disconnected sisters are summoned to clean out their childhood bedrooms before their parents sell their family home.,1412.0,,,iTunes,https://m.media-amazon.com/images/M/MV5BMjM3MzQ5NDE5MF5BMl5BanBnXkFtZTgwODE5OTQyNzE@._V1_SX300.jpg
Sixteen Candles,V0618,7.0,81.0,PG,,High school; birthday; nerd; convertible; crush; teenage crush; exchange student; night vision goggles; sweet sixteen; chastity; teenage angst; playful; high school romance; irreverent; lighthearted; sister's wedding; popular boy; whimsical; high school prom; cliché,John Hughes,1984.0,Comedy | Romance,2 wins & 1 nomination total,93.0,1984.0,Molly Ringwald,Haviland Morris | Michael Schoeffling | Molly Ringwald,"With the occasion all but overshadowed by her sister's upcoming wedding, angst-ridden Samantha faces her 16th birthday with typical adolescent dread. Samantha pines for studly older boy Jake, but worries that her chastity will be a turnoff for the popular senior. Meanwhile, she must constantly rebuff the affections of nerdy Ted, who is unfortunately the only boy in school who seems to take an interest in her.",130929.0,tt0088128,15144.0,iTunes,https://image.tmdb.org/t/p/w500/A3WGCAgJF33kZdlxUdyXHYdbYax.jpg
Skyfall,V0619,7.8,92.0,PG-13,James Bond Collection,Spy; secret agent; sociopath; police impersonator; mi6; killer; art gallery; british secret service; uzi; booby trap; macao; komodo dragon; intense; vibrant,Sam Mendes,2012.0,Action | Adventure | Thriller,Won 2 Oscars. 69 wins & 125 nominations total,143.0,2012.0,Daniel Craig,Daniel Craig | Javier Bardem | Judi Dench,"When Bond's latest assignment goes gravely wrong, agents around the world are exposed and MI6 headquarters is attacked. While M faces challenges to her authority and position from Gareth Mallory, the new Chairman of the Intelligence and Security Committee, it's up to Bond, aided only by field agent Eve, to locate the mastermind behind the attack.",750218.0,tt1074638,37724.0,iTunes,https://image.tmdb.org/t/p/w500/d0IVecFQvsGdSbnMAHqiYsNYaJT.jpg
Skyscraper,V0620,5.8,48.0,PG-13,,Fire; china; skyscraper; hong kong; high tech; security system; pearl; penthouse; world's tallest building; trapped in burning building,Rawson Marshall Thurber,2018.0,Action | Adventure | Thriller,4 nominations total,102.0,2018.0,Dwayne Johnson,Chin Han | Dwayne Johnson | Neve Campbell,"Framed and on the run, a former FBI agent must save his family from a blazing fire in the world's tallest building.",138749.0,tt5758778,447200.0,iTunes,https://image.tmdb.org/t/p/w500/52ml62vClzrlqvXZq2FEW6UF6c1.jpg
Sleepless,V0621,5.6,25.0,R,,Robbery; kidnapping; gangster; mobster; organized crime; undercover cop; police corruption; las vegas; intense; bold,Baran bo Odar,2017.0,Action | Crime | Thriller,1 nomination total,95.0,2017.0,Jamie Foxx,Dermot Mulroney | Jamie Foxx | Michelle Monaghan,"Undercover Las Vegas police officer Vincent Downs, who has a lot of enemies, is caught in a high stakes web of corrupt cops and the mob-controlled casino underground. When a heist goes wrong, a crew of homicidal gangsters kidnap Downs’ teenage son T. In one sleepless night, Downs will have to rescue his son, evade an internal affairs investigation, and bring the kidnappers to justice.",35652.0,tt2072233,324542.0,iTunes,https://image.tmdb.org/t/p/w500/9WkUSY33MDPGmz0vtzbsfaxTHVa.jpg
Sleepy Hollow,V0622,7.3,71.0,R,,Small town; steampunk; 19th century; headless horseman,Tim Burton,1999.0,Drama | Fantasy | Horror | Mystery | Thriller,Won 1 Oscar. 28 wins & 44 nominations total,105.0,1999.0,Johnny Depp,Christina Ricci | Johnny Depp | Miranda Richardson,"Skeptical young detective Ichabod Crane gets transferred to the hamlet of Sleepy Hollow, New York, where he is tasked with investigating the decapitations of three people – murders the townsfolk attribute to a legendary specter, The Headless Horseman.",396913.0,tt0162661,2668.0,iTunes,https://image.tmdb.org/t/p/w500/1GuK965FLJxqUw9fd1pmvjbFAlv.jpg
Smile,V0623,6.5,79.0,R,,California; beauty contest; satire; choreographer; used car salesman; grand; ambiguous,Michael Ritchie,2022.0,Comedy,1 nomination,113.0,1975.0,Bruce Dern,Barbara Feldon | Bruce Dern | Michael Kidd,"It's time again for California's ""Young American Miss"" beauty pageant, the biggest event of the year for Big Bob Freelander and Brenda DiCarlo, who give their all to put on a successful pageant. But Brenda is having marital difficulties and Bob's son is up to some mischief. Could this year's pageant be in jeopardy?",205870.0,tt15474916,42264.0,iTunes,https://image.tmdb.org/t/p/w500/6j1YtyZ9DPzZknqGyuk5veajLnv.jpg
Snatched,V0624,4.7,36.0,R,,Ransom; parent child relationship; kidnapping; tourist; vacation; ecuador,Jonathan Levine,2017.0,Action | Comedy,2 wins & 2 nominations total,90.0,2017.0,Amy Schumer,Amy Schumer | Goldie Hawn | Tom Bateman,"When her boyfriend dumps Emily, a spontaneous woman in her 30s, she persuades her ultra-cautious mom to accompany her on a vacation to Ecuador. When these two very different women are trapped on this wild journey, their bond as mother and daughter is tested and strengthened while they attempt to navigate the jungle and escape.",38130.0,tt2334871,373569.0,iTunes,https://image.tmdb.org/t/p/w500/gsleO1KultziWltEAngAEZkxQhf.jpg
Snitch,V0625,6.4,57.0,PG-13,,Prison; undercover; parent child relationship; arrest; based on true story; drugs; agent; dea,Ric Roman Waugh,2013.0,Action | Drama | Thriller,1 nomination total,112.0,2013.0,Dwayne Johnson,Barry Pepper | Dwayne Johnson | Susan Sarandon,"Construction company owner John Matthews learns that his estranged son, Jason, has been arrested for drug trafficking. Facing an unjust prison sentence for a first time offender courtesy of mandatory minimum sentence laws, Jason has nothing to offer for leniency in good conscience. Desperately, John convinces the DEA and the opportunistic DA Joanne Keeghan to let him go undercover to help make arrests big enough to free his son in return. With the unwitting help of an ex-con employee, John enters the narcotics underworld where every move could be his last in an operation that will demand all his resources, wits and courage to survive.",93951.0,tt0882977,134411.0,iTunes,https://image.tmdb.org/t/p/w500/aucjDu8wv44jUgCyr2lBkJ92Bgk.jpg
Snow White & the Huntsman,V0626,2.1,,,,,Not Found,2025.0,Adventure | Drama | Fantasy,,109.0,2025.0,,,"After the Evil Queen marries the King, she performs a violent coup in which the King is murdered and his daughter, Snow White, is taken captive. Almost a decade later, a grown Snow White is still in the clutches of the Queen. In order to obtain immortality, The Evil Queen needs the heart of Snow White. After Snow escapes the castle, the Queen sends the Huntsman to find her in the Dark Forest.",,,,iTunes,https://m.media-amazon.com/images/M/MV5BY2UwOGUxMzEtMzEyZi00NjEwLTkxOTMtYTljOWEzYjYyMWNjXkEyXkFqcGc@._V1_SX300.jpg
Snowden,V0627,7.3,61.0,R,,Biography; idealism; idealist; national security agency (nsa); surveillance; whistleblower; political thriller; fighting the system; five eyes,Oliver Stone,2016.0,Crime | Drama | History | Thriller,4 wins & 7 nominations total,134.0,2016.0,Joseph Gordon-Levitt,Joseph Gordon-Levitt | Melissa Leo | Shailene Woodley,CIA employee Edward Snowden leaks thousands of classified documents to the press.,166336.0,tt3774114,302401.0,iTunes,https://image.tmdb.org/t/p/w500/yfK7zxNL63VWfluFuoUaJj5PdNw.jpg
Snowpiercer,V0628,7.1,94.0,R,,New year's eve; rebellion; parent child relationship; winter; brothel; child labour; pregnancy; dystopia; allegory; post-apocalyptic future; bridge; hijacking of train; rifle; based on comic; dam; train; based on graphic novel; guilt; revolt; duplicity; tunnel; social class; population control; perpetual winter; city ruin; 2030s; dramatic; suspenseful,Bong Joon Ho,2013.0,Action | Drama | Science Fiction,35 wins & 108 nominations total,127.0,2013.0,Chris Evans,Chris Evans | Ed Harris | Song Kang-ho,"In a future where a failed global-warming experiment kills off most life on the planet, a class system evolves aboard the Snowpiercer; a train that travels around the globe via a perpetual-motion engine.",405395.0,tt1706620,110415.0,iTunes,https://image.tmdb.org/t/p/w500/9JPx09Rr0Txq2eSQfjq1DEBR5cx.jpg
Sonic The Hedgehog,V0629,6.5,64.0,PG,Sonic the Hedgehog Collection,Moon; sequel; based on video game; psychotic; dual role; aftercreditsstinger; duringcreditsstinger; hedgehog; live action and animation; grandfather grandson relationship; animal human friendship; anthropomorphic animal; loss and grief; cliché; complicated; sceptical,Jeff Fowler,2020.0,Action | Comedy | Family | Science Fiction,1 nomination total,110.0,2024.0,,,"Sonic, Knuckles, and Tails reunite against a powerful new adversary, Shadow, a mysterious villain with powers unlike anything they have faced before. With their abilities outmatched in every way, Team Sonic must seek out an unlikely alliance in hopes of stopping Shadow and protecting the planet.",180326.0,tt3794354,939243.0,iTunes,https://image.tmdb.org/t/p/w500/d8Ryb8AunYAuycVKDp5HpdWPKgC.jpg
Sonic the Hedgehog 2,V0630,6.5,69.0,PG,Sonic the Hedgehog Collection,Mad scientist; sequel; revenge; based on video game; duringcreditsstinger; hedgehog; live action and animation; relaxed; joyous,Jeff Fowler,2022.0,Action | Adventure | Comedy | Family,2 wins & 3 nominations total,123.0,2022.0,Ben Schwartz,Ben Schwartz | James Marsden | Tika Sumpter,"After settling in Green Hills, Sonic is eager to prove he has what it takes to be a true hero. His test comes when Dr. Robotnik returns, this time with a new partner, Knuckles, in search for an emerald that has the power to destroy civilizations. Sonic teams up with his own sidekick, Tails, and together they embark on a globe-trotting journey to find the emerald before it falls into the wrong hands.",106128.0,tt12412888,675353.0,iTunes,https://image.tmdb.org/t/p/w500/6DrHO1jr3qVrViUO6s6kFiAGM7.jpg
Sonic The Hedgehog 3,V0631,6.9,85.0,PG,Sonic the Hedgehog Collection,Moon; sequel; based on video game; psychotic; dual role; aftercreditsstinger; duringcreditsstinger; hedgehog; live action and animation; grandfather grandson relationship; animal human friendship; anthropomorphic animal; loss and grief; cliché; complicated; sceptical,Jeff Fowler,2024.0,Action | Comedy | Family | Science Fiction,1 nomination total,110.0,2024.0,,,"Sonic, Knuckles, and Tails reunite against a powerful new adversary, Shadow, a mysterious villain with powers unlike anything they have faced before. With their abilities outmatched in every way, Team Sonic must seek out an unlikely alliance in hopes of stopping Shadow and protecting the planet.",60288.0,tt18259086,939243.0,iTunes,https://image.tmdb.org/t/p/w500/d8Ryb8AunYAuycVKDp5HpdWPKgC.jpg
Space Jam,V0632,6.5,43.0,PG,Space Jam Collection,Sports; cartoon; villain; basketball; slapstick comedy; alien; doctor; cartoon cat; basketball team; referee; cartoon chicken; cartoon skunk; live action and animation; looney; space jam; anthropomorphic,Joe Pytka,1996.0,Adventure | Animation | Comedy | Family | Science Fiction,5 wins & 8 nominations total,87.0,1996.0,Michael Jordan,Michael Jordan | Theresa Randle | Wayne Knight,"With their freedom on the line, the Looney Tunes seek the help of NBA superstar Michael Jordan to win a basketball game against a team of moronic aliens.",219813.0,tt0117705,2300.0,iTunes,https://image.tmdb.org/t/p/w500/4RN5El3Pj2W4gpwgiAGLVfSJv2g.jpg
Spaceballs,V0633,7.1,52.0,PG,,Galaxy; android; space marine; laser gun; temple; swordplay; space battle; space travel; space mission; satire; altar; magnet beam; speed of light; plastic surgery; password; parody; spoof; gross out comedy,Mel Brooks,1987.0,Comedy | Science Fiction,1 win total,96.0,1987.0,Mel Brooks,John Candy | Mel Brooks | Rick Moranis,"When the nefarious Dark Helmet hatches a plan to snatch Princess Vespa and steal her planet's air, space-bum-for-hire Lone Starr and his clueless sidekick fly to the rescue. Along the way, they meet Yogurt, who puts Lone Starr wise to the power of ""The Schwartz."" Can he master it in time to save the day?",214790.0,tt0094012,957.0,iTunes,https://image.tmdb.org/t/p/w500/o624HTt93iIJIc1Sg5hNkDTnk5l.jpg
Spectre,V0634,6.8,63.0,PG-13,James Bond Collection,Based on novel or book; spy; secret agent; sequel; mi6; british secret service; united kingdom,Sam Mendes,2015.0,Action | Adventure | Thriller,Won 1 Oscar. 8 wins & 38 nominations total,148.0,2015.0,Daniel Craig,Christoph Waltz | Daniel Craig | Léa Seydoux,"A cryptic message from Bond’s past sends him on a trail to uncover a sinister organization. While M battles political forces to keep the secret service alive, Bond peels back the layers of deceit to reveal the terrible truth behind SPECTRE.",478737.0,tt2379713,206647.0,iTunes,https://image.tmdb.org/t/p/w500/xfrnnrKuoS1v6x2u2Y50RU50qry.jpg
Speed,V0635,7.3,95.0,R,Speed Collection,California; falling elevator; bomb planting; lapd; trapped in an elevator; subway train; bomb explosion; ransom demand; extortionist; santa monica | California; life or death; bomb vest; city bus; s.w.a.t. officer; dead man switch; bus passengers; trapped in a vehicle | S.w.a.t.; bomber; bus bomb; los angeles,Jan de Bont,1994.0,Action | Thriller,Won 2 Oscars. 20 wins & 20 nominations total,116.0,1994.0,Keanu Reeves,Dennis Hopper | Keanu Reeves | Sandra Bullock,"Jack Traven, an LAPD cop on SWAT detail, and veteran SWAT officer Harry Temple thwart an extortionist-bomber's scheme for a $3 million ransom. As they corner the bomber, he flees and detonates a bomb vest, seemingly killing himself. Weeks later, Jack witnesses a mass transit city bus explode and nearby a pay phone rings. On the phone is that same bomber looking for vengeance and the money he's owed. He gives a personal challenge to Jack: a bomb is rigged on another city bus - if it slows down below 50 mph, it will explode - bad enough any day, but a nightmare in LA traffic. And that's just the beginning...",402144.0,tt0111257,1637.0,iTunes,https://image.tmdb.org/t/p/w500/o1Zs7VaS9y2GYH9CLeWxaVLWd3x.jpg
Spell,V0636,5.5,50.0,R,,Sheriff; prisoner; escape; gas station; cult; appalachia; lawyer; cell phone; backwoods; ceremony; faith healer; voodoo doll; appalachian mountains; plane crash; rural setting; cannibalism; blood moon; violence,Mark Tonderai,2020.0,Fantasy | Horror | Thriller,,91.0,2020.0,Omari Hardwick,John Beasley | Loretta Devine | Omari Hardwick,"A father survives a plane crash in rural Appalachia, but becomes suspicious of the elderly couple who take him in to nurse him back to health with the ancient remedies.",9941.0,tt10736580,621151.0,iTunes,https://image.tmdb.org/t/p/w500/9clw9UBQXmi3EFgjgIPGJSluQr7.jpg
Spider-Man,V0638,7.4,90.0,PG-13,Spider-Man (MCU) Collection,High school; new york city; washington dc | Usa; superhero; based on comic; reboot; aftercreditsstinger; duringcreditsstinger; marvel cinematic universe (mcu),Jon Watts,2002.0,Action | Adventure | Drama | Science Fiction,8 wins & 10 nominations total,133.0,2017.0,,,"Following the events of Captain America: Civil War, Peter Parker, with the help of his mentor Tony Stark, tries to balance his life as an ordinary high school student in Queens, New York City, with fighting crime as his superhero alter ego Spider-Man as a new threat, the Vulture, emerges.",920686.0,tt0145487,315635.0,iTunes,https://image.tmdb.org/t/p/w500/c24sv2weTHPsmDa7jEMN0m2P3RT.jpg
Spider-Man 2,V0639,7.5,93.0,PG-13,Spider-Man Collection,New york city; dual identity; love of one's life; secret identity; superhero; pizza boy; based on comic; sequel; romance; doctor; scientist; tentacle; death; super villain; young adult,Sam Raimi,2004.0,Action | Adventure | Science Fiction,Won 1 Oscar. 25 wins & 60 nominations total,127.0,2004.0,Tobey Maguire,James Franco | Kirsten Dunst | Tobey Maguire,"Peter Parker is going through a major identity crisis. Burned out from being Spider-Man, he decides to shelve his superhero alter ego, which leaves the city suffering in the wake of carnage left by the evil Doc Ock. In the meantime, Parker still can't act on his feelings for Mary Jane Watson, a girl he's loved since childhood. A certain anger begins to brew in his best friend Harry Osborn as well...",731533.0,tt0316654,558.0,iTunes,https://image.tmdb.org/t/p/w500/aGuvNAaaZuWXYQQ6N2v7DeuP6mB.jpg
Spider-Man 3,V0640,6.3,63.0,PG-13,Spider-Man Collection,Amnesia; dual identity; love of one's life; loss of loved one; forgiveness; hostility; superhero; sandstorm; spider; wretch; sand; narcissism; egomania; based on comic; sequel; revenge; symbiote; amused,Sam Raimi,2007.0,Action | Adventure | Science Fiction,Nominated for 1 BAFTA Award4 wins & 44 nominations total,139.0,2007.0,Tobey Maguire,James Franco | Kirsten Dunst | Tobey Maguire,"The seemingly invincible Spider-Man goes up against an all-new crop of villains—including the shape-shifting Sandman. While Spider-Man’s superpowers are altered by an alien organism, his alter ego, Peter Parker, deals with nemesis Eddie Brock and also gets caught up in a love triangle.",666299.0,tt0413300,559.0,iTunes,https://image.tmdb.org/t/p/w500/qFmwhVUoUSXjkKRmca5yGDEXBIj.jpg
Spider-Man: Across the Spider-Verse,V0641,8.5,95.0,PG,Spider-Man: Spider-Verse Collection,New york city; hero; sacrifice; superhero; villain; portal; based on comic; sequel; romance; alter ego; alternate dimension; india; parenting; family; alternate version; super power; brooklyn | New york city; superhero team; spider bite; super villain; cliffhanger; teenage romance; young heroes; teen superhero; teen social issues; chelsea; alternate universe; superhero teamup; female superhero; slow burn romance; interdimensional travel; sentimental; defiant; exuberant,"Kemp Powers, Justin K. Thompson, Joaquim Dos Santos",2023.0,Action | Adventure | Animation | Science Fiction,Nominated for 1 Oscar. 106 wins & 165 nominations total,140.0,2023.0,Shameik Moore,Brian Tyree Henry | Hailee Steinfeld | Shameik Moore,"After reuniting with Gwen Stacy, Brooklyn’s full-time, friendly neighborhood Spider-Man is catapulted across the Multiverse, where he encounters the Spider Society, a team of Spider-People charged with protecting the Multiverse’s very existence. But when the heroes clash on how to handle a new threat, Miles finds himself pitted against the other Spiders and must set out on his own to save those he loves most.",434719.0,tt9362722,569094.0,iTunes,https://image.tmdb.org/t/p/w500/8Vt6mWEReuy4Of61Lnj5Xj704m8.jpg
Spider-Man: Far From Home,V0642,7.4,91.0,PG-13,Spider-Man (MCU) Collection,Italy; superhero; school trip; europe; based on comic; sequel; destruction; aftercreditsstinger; duringcreditsstinger; marvel cinematic universe (mcu); tower of london; hilarious | Venice,Jon Watts,2019.0,Action | Adventure | Science Fiction,11 wins & 26 nominations total,129.0,2019.0,Tom Holland,Jake Gyllenhaal | Samuel L. Jackson | Tom Holland,"Peter Parker and his friends go on a summer trip to Europe. However, they will hardly be able to rest - Peter will have to agree to help Nick Fury uncover the mystery of creatures that cause natural disasters and destruction throughout the continent.",593393.0,tt6320628,429617.0,iTunes,https://image.tmdb.org/t/p/w500/4q2NNj4S5dG2RLF9CpXsej7yXl.jpg
Spider-Man: Homecoming,V0643,7.4,92.0,PG-13,Spider-Man (MCU) Collection,High school; new york city; washington dc | Usa; superhero; based on comic; reboot; aftercreditsstinger; duringcreditsstinger; marvel cinematic universe (mcu),Jon Watts,2017.0,Action | Adventure | Drama | Science Fiction,8 wins & 10 nominations total,133.0,2017.0,Tom Holland,Michael Keaton | Robert Downey Jr. | Tom Holland,"Following the events of Captain America: Civil War, Peter Parker, with the help of his mentor Tony Stark, tries to balance his life as an ordinary high school student in Queens, New York City, with fighting crime as his superhero alter ego Spider-Man as a new threat, the Vulture, emerges.",754126.0,tt2250912,315635.0,iTunes,https://image.tmdb.org/t/p/w500/c24sv2weTHPsmDa7jEMN0m2P3RT.jpg
Spider-Man: No Way Home,V0644,8.2,93.0,PG-13,Spider-Man (MCU) Collection,New york city; hero; showdown; magic; loss of loved one; secret identity; superhero; villain; portal; sequel; vigilante; superhero team; masked vigilante; spider web; alternative reality; aftercreditsstinger; duringcreditsstinger; marvel cinematic universe (mcu); fight for justice; teen superhero; superhero teamup; returning hero; crossover; teamwork; admiring,Jon Watts,2021.0,Action | Adventure | Science Fiction,Nominated for 1 Oscar. 35 wins & 71 nominations total,148.0,2021.0,Tom Holland,Benedict Cumberbatch | Tom Holland | Zendaya,"Peter Parker is unmasked and no longer able to separate his normal life from the high-stakes of being a super-hero. When he asks for help from Doctor Strange the stakes become even more dangerous, forcing him to discover what it truly means to be Spider-Man.",939737.0,tt10872600,634649.0,iTunes,https://image.tmdb.org/t/p/w500/1g0dhYtq4irTY1GPXvft6k4YLjm.jpg
Spiral: From the Book of Saw,V0645,5.925,,,Saw Collection,Sequel; murder; police corruption; survival horror; body count; procedural; father son relationship; mystery killings; murder of a policeman; death game,Darren Lynn Bousman,2021.0,Horror | Mystery,,93.0,2021.0,Chris Rock,Chris Rock | Max Minghella | Samuel L. Jackson,"Working in the shadow of an esteemed police veteran, brash Detective Ezekiel “Zeke” Banks and his rookie partner take charge of a grisly investigation into murders that are eerily reminiscent of the city’s gruesome past.  Unwittingly entrapped in a deepening mystery, Zeke finds himself at the center of the killer’s morbid game.",2159.0,,602734.0,iTunes,https://image.tmdb.org/t/p/w500/cTvSDfBuXTZTdRCNduGMANd7VEP.jpg
Split,V0646,7.343,,,,,M. Night Shyamalan,2016.0,"Horror, Thriller",,117.0,2016.0,James McAvoy,,Three girls are kidnapped by a man with a diagnosed 23 distinct personalities. They must try to escape before the apparent emergence of a frightful new 24th.,17833.0,tt4972582,,iTunes,https://m.media-amazon.com/images/M/MV5BNTZjNmVjMzAtZjg2Mi00MWNmLTk5NTItOTExZDYwNTE2YmExXkEyXkFqcGc@._V1_SX300.jpg
Spotlight,V0647,8.1,97.0,R,,Massachusetts; journalism; sex scandal; victim; based on true story; cover-up; priest; conspiracy; lawyer; historical fiction; biting; catholic; roman catholic church; lgbt; catholicism; 9/11; child molestation; archdiocese; investigative journalism; cardinal; serious; understated; critical; tense; powerful; tragic | Pedophilia; florida; newspaper; journalist; child abuse; court; judge; boston,Tom McCarthy,2015.0,Drama | History,Won 2 Oscars. 124 wins & 144 nominations total,129.0,2015.0,Mark Ruffalo,Mark Ruffalo | Michael Keaton | Rachel McAdams,"The true story of how the Boston Globe uncovered the massive scandal of child molestation and cover-up within the local Catholic Archdiocese, shaking the entire Catholic Church to its core.",514090.0,tt1895587,314365.0,iTunes,https://image.tmdb.org/t/p/w500/8DPGG400FgaFWaqcv11n8mRd2NG.jpg
Star Trek Beyond,V0648,7.0,86.0,PG-13,Star Trek: Alternate Reality Collection,Spacecraft; sequel; stranded; hatred; lgbt; space opera; gay theme,Justin Lin,2016.0,Action | Adventure | Science Fiction,Nominated for 1 Oscar. 3 wins & 29 nominations total,122.0,2016.0,Chris Pine,Chris Pine | Karl Urban | Zachary Quinto,"The USS Enterprise crew explores the furthest reaches of uncharted space, where they encounter a mysterious new enemy who puts them and everything the Federation stands for to the test.",264548.0,tt2660888,188927.0,iTunes,https://image.tmdb.org/t/p/w500/yOnd3XQIg7JBmu0UuBjZyLdsxQD.jpg
Star Trek Into Darkness,V0649,7.7,84.0,PG-13,Star Trek: Alternate Reality Collection,Spacecraft; friendship; sequel; alien; futuristic; space; mysterious force; space opera; terrorist bombing; new beginning,J.J. Abrams,2013.0,Action | Adventure | Science Fiction,Nominated for 1 Oscar. 7 wins & 58 nominations total,132.0,2013.0,Chris Pine,Chris Pine | Zachary Quinto | Zoe Saldaña,"When the crew of the Enterprise is called back home, they find an unstoppable force of terror from within their own organization has detonated the fleet and everything it stands for, leaving our world in a state of crisis.  With a personal score to settle, Captain Kirk leads a manhunt to a war-zone world to capture a one man weapon of mass destruction. As our heroes are propelled into an epic chess game of life and death, love will be challenged, friendships will be torn apart, and sacrifices must be made for the only family Kirk has left: his crew.",503121.0,tt1408101,54138.0,iTunes,https://image.tmdb.org/t/p/w500/7XrRkhMa9lQ71RszzSyVrJVvhyS.jpg
Star Wars: The Force Awakens,V0650,7.256,,,Star Wars Collection,Android; spacecraft; space opera; requel,J.J. Abrams,2015.0,Action | Adventure | Science Fiction,,136.0,2015.0,Harrison Ford,Carrie Fisher | Harrison Ford | Mark Hamill,"Thirty years after defeating the Galactic Empire, Han Solo and his allies face a new threat from the evil Kylo Ren and his army of Stormtroopers.",19955.0,tt10321138,140607.0,iTunes,https://image.tmdb.org/t/p/w500/wqnLdwVXoBjKibFRR5U3y0aDUhs.jpg
Star Wars: The Rise of Skywalker,V0651,6.285,,TV-14,Star Wars Collection,Space opera,J.J. Abrams,2019.0,Action | Adventure | Science Fiction,,142.0,2019.0,Carrie Fisher,Carrie Fisher | Daisy Ridley | Mark Hamill,"The surviving Resistance faces the First Order once again as the journey of Rey, Finn and Poe Dameron continues. With the power and knowledge of generations behind them, the final battle begins.",10348.0,tt15662564,181812.0,iTunes,https://image.tmdb.org/t/p/w500/db32LaOibwEliAmSL2jjDF6oDdj.jpg
Stardust,V0652,7.6,77.0,PG-13,,Biography,Gabriel Range,2007.0,Drama | Music,1 nomination,109.0,2020.0,Johnny Flynn,Jena Malone | Johnny Flynn | Marc Maron,"David Bowie went to America for the first time to promote his third album, The Man Who Sold the World. There, he embarked on a coast-to-coast publicity tour. During this tour, Bowie came up with the idea of his iconic Ziggy Stardust character, inspired by artists like Iggy Pop and Lou Reed.",290311.0,tt0486655,579400.0,iTunes,https://image.tmdb.org/t/p/w500/4auKoOWYVbLwmVBv0fdZUwTyiwk.jpg
Stargate,V0653,7.0,54.0,PG-13,,Egypt; teleportation; pyramid; space travel; uprising; space; androgyny; space western; timebomb; death of son; nuclear weapons; space opera; hieroglyph; egyptian mythology; egyptology,Roland Emmerich,1994.0,Action | Adventure | Science Fiction,6 wins & 6 nominations total,121.0,1994.0,James Spader,James Spader | Jaye Davidson | Kurt Russell,"An interstellar teleportation device, found in Egypt, leads to a planet with humans resembling ancient Egyptians who worship the god Ra.",211635.0,tt0111282,2164.0,iTunes,https://image.tmdb.org/t/p/w500/4T6Po0XnZlevmhfPh3ZfEs5butR.jpg
Step Brothers,V0654,6.9,54.0,R,,Becoming an adult; hostility; autonomy; childhood trauma; stepbrother; slacker; man child; buddy; aftercreditsstinger; duringcreditsstinger; absurd; hilarious; farcical; ridiculous,Adam McKay,2008.0,Comedy,3 wins & 2 nominations,98.0,2008.0,Will Ferrell,John C. Reilly | Richard Jenkins | Will Ferrell,"Brennan Huff and Dale Doback might be grown men. But that doesn't stop them from living at home and turning into jealous, competitive stepbrothers when their single parents marry. Brennan's constant competition with Dale strains his mom's marriage to Dale's dad, leaving everyone to wonder whether they'll ever see eye to eye.",326309.0,tt0838283,12133.0,iTunes,https://image.tmdb.org/t/p/w500/tY2FpgzPVx92JrYveWt4bn3cMyD.jpg
Stephen King's Graveyard Shift,V0655,5.3,,,,Maine; based on short story; exterminator; man eating monster; rat; textile worker; giant rat; rats exterminator,Ralph S. Singleton,1990.0,Horror,,89.0,1990.0,,,"John Hall is a drifter who wanders into a small town in Maine. He needs a job and decides to seek employment at the community's top business: a large textile mill. He is hired to work the ""graveyard shift"" -- from around midnight to dawn -- and, along with a few others, he is charged with cleaning out the basement. This task strikes the workers as simple enough, but then, as they proceed deeper underground, they encounter an unspeakable monstrosity intent on devouring them all.",268.0,,19158.0,iTunes,https://image.tmdb.org/t/p/w500/jrb0BhhtzwM3K55Vo0kLdtDqJks.jpg
Stephen King's Silver Bullet,V0656,6.6,,,,Based on novel or book; maine; werewolf,Daniel Attias,1985.0,Horror,,95.0,1985.0,,,"The small city of Tarker's Mill is startled by a series of sadistic murders. The population fears that this is the work of a maniac. During a search a mysterious, hairy creature is observed. This strange appearance is noticed once a month. People lock themselves up at night, but there's one boy who's still outside, he's preparing the barbecue.",641.0,,17898.0,iTunes,https://image.tmdb.org/t/p/w500/52CvWYuJyWcMTPvsfcmsxaVHi7f.jpg
Stephen King's Thinner,V0657,5.9,,,,Based on novel or book; curse; fat suit; disturbed,Tom Holland,1996.0,Fantasy | Horror,,92.0,1996.0,,,"An obese lawyer finds himself growing ""Thinner"" when an old Romani man places a hex on him. Now the lawyer must call upon his friends in organized crime to help him persuade the old man to lift the curse. Time is running out for the desperate lawyer as he draws closer to his own death, and grows ever thinner.",639.0,,10280.0,iTunes,https://image.tmdb.org/t/p/w500/nXqHqsQXA0jJpCaUsyre1Yw18oV.jpg
Straight Outta Compton (Unrated Director's Cut),V0658,,,,,,Not Found,,Nan,,,,,,,,,,iTunes,
Subservience,V0659,5.4,49.0,R,,Artificial intelligence (a.i.); robot; suspenseful; tense; intense; android horror,SK Dale,2024.0,Horror | Science Fiction | Thriller,,105.0,2024.0,Megan Fox,Madeline Zima | Megan Fox | Michele Morrone,"With his wife out sick, a struggling father brings home a lifelike AI, only to have his self-aware new help want everything her new family has to offer... Like the affection of her owner and she'll kill to get it.",20866.0,tt24871974,1064028.0,iTunes,https://image.tmdb.org/t/p/w500/gBenxR01Uy0Ev9RTIw6dVBPoyQU.jpg
Suicide Squad,V0660,5.92,,,,,David Ayer,2016.0,"Action, Adventure, Fantasy",,123.0,2016.0,Will Smith,,A secret government agency recruits some of the most dangerous incarcerated super-villains to form a defensive task force. Their first mission: save the world from the apocalypse.,21591.0,tt1386697,,iTunes,https://m.media-amazon.com/images/M/MV5BMjM1OTMxNzUyM15BMl5BanBnXkFtZTgwNjYzMTIzOTE@._V1_SX300.jpg
Supergirl,V0661,5.314,,,,,Jeannot Szwarc,1984.0,"Action, Adventure, Fantasy",,124.0,1984.0,Helen Slater,,"After losing a powerful orb, Kara Zor-El, Superman's cousin, comes to Earth to retrieve it and instead finds herself up against a wicked witch.",624.0,tt0088206,,iTunes,https://m.media-amazon.com/images/M/MV5BODQzZTdjMmYtOWFiYS00NWRlLWI5NTYtZTExNGYyMTFmZTUzXkEyXkFqcGc@._V1_SX300.jpg
Superman Returns,V0662,6.1,74.0,PG-13,,Saving the world; superhero; invulnerability; based on comic; sequel; super power; kryptonite; superhuman strength,Bryan Singer,2006.0,Action | Adventure | Science Fiction,Nominated for 1 Oscar. 12 wins & 47 nominations total,154.0,2006.0,Brandon Routh,Brandon Routh | Kate Bosworth | Kevin Spacey,"Superman returns to discover his 5-year absence has allowed Lex Luthor to walk free, and that those he was closest to felt abandoned and have moved on. Luthor plots his ultimate revenge that could see millions killed and change the face of the planet forever, as well as ridding himself of the Man of Steel.",294943.0,tt0348150,1452.0,iTunes,https://image.tmdb.org/t/p/w500/qIegbn6DSUYmggfwxOBNOVS35q.jpg
Superman: The Movie,V0663,7.0,,,,,Iain Johnstone,2016.0,Documentary,,52.0,1980.0,,,"Ernie Anderson narrates this look at the making of Richard Donner's blockbuster 1978 film. Behind-the-scenes footage, as well as scenes from the film, reveal just how audiences were able to ""believe a man can fly."" This program features interviews with key cast and crew.",216.0,tt5852184,457825.0,iTunes,https://image.tmdb.org/t/p/w500/64dBPF3v7KcxfG3V1zCIHxJcNqS.jpg
Sweeney Todd: The Demon Barber of Fleet Street,V0664,7.3,86.0,R,,,Mario Gas,2007.0,Drama | Horror | Music | Thriller | Tv Movie,,173.0,2008.0,Joan Crosas,Joan Crosas | Pedro de los Ríos | Vicky Peña,"In 1846, Anthony Hope sails into London with the mysterious Sweeney Todd, a once-naive barber whose life and marriage was uprooted by a corrupt justice system. Todd confides in Nellie Lovett, the owner of a local meat pie shop, and the two become partners, as Todd swears revenge on those that have wronged him and decides to take up his old profession.",396994.0,tt0408236,1280646.0,iTunes,https://image.tmdb.org/t/p/w500/a6kO24Nkt56tU4RnDLP4H4tivGe.jpg
Swingers,V0665,7.2,87.0,R,,Husband wife relationship; sexploitation; swinger,Stephan Brenninkmeijer,1996.0,Drama | Romance,,93.0,2002.0,Ellen van der Koogh,Danny de Kok | Ellen van der Koogh | Nienke Brinkhuis,"Despite Diana's insecure nature, she and her husband Julian agree with the idea to sexually experiment with another couple. They put out an ad on the net to which the well experienced Alex and Timo react. We follow Diana and Julian as they prepare for the arrival of Alex and Timo, who they have invited to their home for the weekend. Diana is nervous. As soon as she is confronted with the self-confident and ravishingly sexy Alex, her insecurity increases even more. Timo seems disinterested, a sharp contrast to the boyish excitement of Julian. But as night falls and their sexual exploration begins, we notice Timo may not be as casual as he initially seemed and Diana on the other hand contains hidden strength. And so we realize there's more to 'Swingers' than just sex. Swingers: could your relationship stand the test?",90281.0,tt0117802,93685.0,iTunes,https://image.tmdb.org/t/p/w500/vsctdCbDHApN003Fs3QzJB8Nl9B.jpg
Taken,V0666,7.7,60.0,PG-13,Taken Collection,France; kidnapping; prostitution; sex trafficking; albanian; missing daughter; ex special forces; ex-cia agent; abduction; search for daughter; army veteran | Rescue; paris,Pierre Morel,2008.0,Action | Thriller,2 wins & 2 nominations total,94.0,2008.0,Liam Neeson,Famke Janssen | Liam Neeson | Maggie Grace,"Bryan Mills, a former government operative, is trying to reconnect with his teenage daughter Kim. After reluctantly agreeing with his ex-wife to let Kim go to Paris on vacation with a friend, his worst nightmare comes true. While on the phone with his daughter shortly after she arrives in Paris, she and her friend are abducted by a gang of human traffickers. Working against the clock, Bryan relies on his extensive training and skills to track down the ruthless gang that abducted her and launch a one-man war to rescue his daughter.",650022.0,tt0936501,8681.0,iTunes,https://image.tmdb.org/t/p/w500/y5Va1WXDX6nZElVirPrGxf6w99B.jpg
Taken (Extended Cut),V0667,,,,,,Not Found,,Nan,,,,,,,,,,iTunes,
Taken 2,V0668,6.2,22.0,PG-13,Taken Collection,Kidnapping; fbi; turkey; police chase; teenage daughter; stealing a car; ex-husband ex-wife relationship; albanian; u.s. embassy; aggressive; furious,Olivier Megaton,2012.0,Action | Crime | Thriller,1 win & 3 nominations total,91.0,2012.0,Liam Neeson,Famke Janssen | Liam Neeson | Maggie Grace,"In Istanbul, retired CIA operative Bryan Mills and his wife are taken hostage by the father of a kidnapper Mills killed while rescuing his daughter.",328740.0,tt1397280,82675.0,iTunes,https://image.tmdb.org/t/p/w500/mGRtQS39DYIu6gXu5mXQsXFGZPO.jpg
Taken 3,V0669,6.0,13.0,PG-13,Taken Collection,California; escape; funeral; gas station; detective; bodyguard; suspicion of murder; golf; penthouse apartment; morgue; car crash; sequel; confusion; murder; fugitive; on the run; shootout; police chase; explosion; foot chase; anger; group of friends; death of mother; surveillance camera; murder investigation; failing marriage; ex-husband ex-wife relationship; police surveillance; wanted man; police inspector; framed for murder; protective father; gps; money problems; elevator; prime suspect; curious; college student; rich husband; thoughtful; ex special forces; ex-cia agent; unhappy marriage; unplanned pregnancy; spetsnaz; secret hideout; innocent suspect; lost money; father daughter relationship; army veteran; associates; secret investigation; homicide investigation; russian; deep sadness; enemy; evasion; understated; in love with ex; mystery; honorable; stepfather stepdaughter relationship; death of ex; spy tech; outsmart; special skills; owe money to criminals; amused; awestruck; enthusiastic,Olivier Megaton,2014.0,Action | Thriller,3 wins & 3 nominations total,109.0,2014.0,Liam Neeson,Forest Whitaker | Liam Neeson | Maggie Grace,"Ex-government operative Bryan Mills finds his life is shattered when he's falsely accused of a murder that hits close to home. As he's pursued by a savvy police inspector, Mills employs his particular set of skills to track the real killer and exact his unique brand of justice.",209859.0,tt2446042,260346.0,iTunes,https://image.tmdb.org/t/p/w500/vzvMXMypMq7ieDofKThsxjHj9hn.jpg
Tales from the Darkside: The Movie,V0670,6.2,46.0,R,,Witch; monster; heart attack; mummy; dark comedy; anthology; paperboy; decapitation; gargoyle; darkside; black cat; severed hand; horror anthology,John Harrison,1990.0,Comedy | Fantasy | Horror | Thriller,1 win,93.0,1990.0,Debbie Harry,David Forrester | Debbie Harry | Matthew Lawrence,A young boy tells three stories of horror to distract a witch who plans to eat him.,19833.0,tt0100740,20701.0,iTunes,https://image.tmdb.org/t/p/w500/5q8WK4gW45Knxhpb29IVOCbbfI7.jpg
Talk To Me,V0671,7.152,,R,Talk to Me Collection,Suicide; trauma; possession; female friendship; addiction; grief; female protagonist; death of mother; self mutilation; mental health; dead parent; social media; peer pressure; disembodied hand; generation z; self-harm; supernatural horror; cautionary tale; adelaide australia; body horror; teenager; modern australia,"Michael Philippou, Danny Philippou",2022.0,Horror,,95.0,2023.0,,,"When a group of friends discover how to conjure spirits using an embalmed hand, they become hooked on the new thrill, until one of them goes too far and unleashes terrifying supernatural forces.",3388.0,tt10638522,1008042.0,iTunes,https://image.tmdb.org/t/p/w500/kdPMUMJzyYAc4roD52qavX0nLIC.jpg
Taxi Driver,V0672,8.2,89.0,R,,Drug dealer; vietnam veteran; new york city; taxi; pornography; obsession; taxi driver; pimp; firearm; politician; alienation; junk food; misanthrophy; vigilante; cynical; illegal prostitution; character study; loner; manhattan | New york city; meditative; neo-noir; child prostitution; complex; new hollywood; dreary; cautionary; drives; provocative; antagonistic; audacious; callous,Martin Scorsese,1976.0,Crime | Drama,Nominated for 4 Oscars. 22 wins & 21 nominations total,114.0,1976.0,Robert De Niro,Cybill Shepherd | Jodie Foster | Robert De Niro,A mentally unstable Vietnam War veteran works as a night-time taxi driver in New York City where the perceived decadence and sleaze feed his urge for violent action.,977068.0,tt0075314,103.0,iTunes,https://image.tmdb.org/t/p/w500/ekstpH614fwDX8DUln1a2Opz0N8.jpg
Ted,V0673,6.445,,,Ted Collection,Friendship; dreams; love; buddy; teddy bear; toy comes to life; wishes come true,Seth MacFarlane,2012.0,Comedy,,107.0,2012.0,Mark Wahlberg,,"John Bennett, a man whose childhood wish of bringing his teddy bear to life came true, now must decide between keeping the relationship with the bear, Ted or his girlfriend, Lori.",12741.0,tt1637725,72105.0,iTunes,https://image.tmdb.org/t/p/w500/tZPTcdGTpxq4yJx1YxqBl0gthNz.jpg
Ted 2,V0674,6.315,,,,,Not Found,2015.0,Comedy | Fantasy,,115.0,2015.0,,,"Newlywed couple Ted and Tami-Lynn want to have a baby, but in order to qualify to be a parent, Ted will have to prove he's a person in a court of law.",7717.0,,,iTunes,https://m.media-amazon.com/images/M/MV5BMjEwMDg3MDk1NF5BMl5BanBnXkFtZTgwNjYyODA1NTE@._V1_SX300.jpg
Teenage Mutant Ninja Turtles,V0675,5.921,,,,,Jonathan Liebesman,2014.0,"Action, Adventure, Comedy",,101.0,2014.0,Megan Fox,,"When a kingpin threatens New York City, a group of mutated turtle warriors must emerge from the shadows to protect their home.",6974.0,tt1291150,,iTunes,https://m.media-amazon.com/images/M/MV5BNjUzODQ5MDY5NV5BMl5BanBnXkFtZTgwOTc1NzcyMjE@._V1_SX300.jpg
Teenage Mutant Ninja Turtles: Out of the Shadows,V0676,5.9,38.0,PG-13,Teenage Mutant Ninja Turtles (Remake) Collection,Sibling relationship; turtle; based on comic; sequel; ninja; rat; bebop and rocksteady,Dave Green,2016.0,Action | Adventure | Comedy | Family | Science Fiction,10 nominations total,112.0,2016.0,Pete Ploszek,Alan Ritchson | Jeremy Howard | Pete Ploszek,"After supervillain Shredder escapes custody, he joins forces with mad scientist Baxter Stockman and two dimwitted henchmen, Bebop and Rocksteady, to unleash a diabolical plan to take over the world. As the Turtles prepare to take on Shredder and his new crew, they find themselves facing an even greater evil with similar intentions: the notorious Krang.",103159.0,tt3949660,308531.0,iTunes,https://image.tmdb.org/t/p/w500/euVaCiCWz3AALcQXHT6aUqdGUo6.jpg
Tenacious D In the Pick of Destiny,V0677,6.8,53.0,R,,Rock 'n' roll; guitar; rock star; music competition; satan; devil,Liam Lynch,2006.0,Adventure | Comedy | Fantasy | Music,2 nominations total,93.0,2006.0,,,"In Venice Beach, naive Midwesterner JB bonds with local slacker KG and they form the rock band Tenacious D. Setting out to become the world's greatest band is no easy feat, so they set out to steal what could be the answer to their prayers... a magical guitar pick housed in a rock-and-roll museum some 300 miles away.",117424.0,tt0365830,2179.0,iTunes,https://image.tmdb.org/t/p/w500/7NmDIj5I1OFOZfYFnS3uWtM7WMO.jpg
Tenet,V0678,7.3,70.0,PG-13,,Assassin; espionage; spy; time travel; mumbai (bombay) | India; arms dealer; terrorism; terrorist attack; nuclear weapons; terrorist plot; backwards; alternate timeline; oslo | Norway; time paradox; kyiv (kiev) | Ukraine,Christopher Nolan,2020.0,Action | Science Fiction | Thriller,Won 1 Oscar. 49 wins & 139 nominations total,150.0,2020.0,John David Washington,Elizabeth Debicki | John David Washington | Robert Pattinson,"Armed with only one word - Tenet - and fighting for the survival of the entire world, the Protagonist journeys through a twilight world of international espionage on a mission that will unfold in something beyond real time.",622293.0,tt6723592,577922.0,iTunes,https://image.tmdb.org/t/p/w500/aCIFMriQh8rvhxpN1IWGgvH0Tlg.jpg
Terminator 2: Judgment Day,V0679,8.6,91.0,R,The Terminator Collection,Man vs machine; cyborg; shotgun; dystopia; moral ambiguity; post-apocalyptic future; villain; time travel; mental institution; juvenile delinquent; fictional war; urban setting; troubled teen; morphing; nuclear weapons; shape shifter; savior; catch phrase; aggressive; action hero; complex; good versus evil; sinister; depressing; commanding; compassionate; exhilarated,James Cameron,1991.0,Action | Science Fiction | Thriller,Won 4 Oscars. 39 wins & 33 nominations total,137.0,1991.0,Arnold Schwarzenegger,Arnold Schwarzenegger | Edward Furlong | Linda Hamilton,"Set ten years after the events of the original, James Cameron’s classic sci-fi action flick tells the story of a second attempt to get rid of rebellion leader John Connor, this time targeting the boy himself. However, the rebellion has sent a reprogrammed terminator to protect Connor.",1227716.0,tt0103064,280.0,iTunes,https://image.tmdb.org/t/p/w500/weVXMD5QBGeQil4HEATZqAkXeEc.jpg
Terminator 3: Rise of the Machines,V0680,6.3,70.0,R,The Terminator Collection,Man vs machine; artificial intelligence (a.i.); saving the world; leather jacket; cyborg; killer robot; dystopia; nanotechnology; rocket launcher; veterinarian; fire engine; villain; time travel; psychiatrist; urban setting; female villain; firefighter; action hero; 2030s; good versus evil,Jonathan Mostow,2003.0,Action | Science Fiction | Thriller,3 wins & 24 nominations total,109.0,2003.0,Arnold Schwarzenegger,Arnold Schwarzenegger | Claire Danes | Nick Stahl,"It's been 10 years since John Connor saved Earth from Judgment Day, and he's now living under the radar, steering clear of using anything Skynet can trace. That is, until he encounters T-X, a robotic assassin ordered to finish what T-1000 started. Good thing Connor's former nemesis, the Terminator, is back to aid the now-adult Connor … just like he promised.",425584.0,tt0181852,296.0,iTunes,https://image.tmdb.org/t/p/w500/vvevzdYIrk2636maNW4qeWmlPFG.jpg
Terminator Genisys,V0681,6.3,26.0,PG-13,The Terminator Collection,Future; artificial intelligence (a.i.); saving the world; cyborg; killer robot; dystopia; time travel; sequel; robot; duringcreditsstinger,Alan Taylor,2015.0,Action | Adventure | Science Fiction | Thriller,9 nominations total,126.0,2015.0,Emilia Clarke,Arnold Schwarzenegger | Emilia Clarke | Jai Courtney,"The year is 2029. John Connor, leader of the resistance continues the war against the machines. At the Los Angeles offensive, John's fears of the unknown future begin to emerge when TECOM spies reveal a new plot by SkyNet that will attack him from both fronts; past and future, and will ultimately change warfare forever.",299665.0,tt1340138,87101.0,iTunes,https://image.tmdb.org/t/p/w500/oZRVDpNtmHk8M1VYy1aeOWUXgbC.jpg
Terminator: Dark Fate,V0682,6.2,70.0,R,The Terminator Collection,Helicopter; mexico city | Mexico; artificial intelligence (a.i.); cyborg; dystopia; time travel; sequel; plane crash,Tim Miller,2019.0,Action | Adventure | Science Fiction | Thriller,1 win & 12 nominations total,128.0,2019.0,Linda Hamilton,Arnold Schwarzenegger | Linda Hamilton | Mackenzie Davis,"Decades after Sarah Connor prevented Judgment Day, a lethal new Terminator is sent to eliminate the future leader of the resistance. In a fight to save mankind, battle-hardened Sarah Connor teams up with an unexpected ally and an enhanced super soldier to stop the deadliest Terminator yet.",201569.0,tt6450804,290859.0,iTunes,https://image.tmdb.org/t/p/w500/vqzNJRH4YyquRiWxCCOH0aXggHI.jpg
Texas Chainsaw,V0683,4.8,20.0,R,Texas Chainsaw (Reboot) Collection,Suicide; sheriff; psychopath; trauma; telephone; gore; stalker; friends; remake; murder; hitchhiker; slaughterhouse; chainsaw; torture; cannibal; killer; family; human skin mask,Marcus Nispel,2013.0,Horror,4 wins & 17 nominations total,98.0,2003.0,,,"After picking up a traumatized young hitchhiker, five friends find themselves stalked and hunted by a chainsaw-wielding killer and his family of equally psychopathic killers.",57687.0,tt1572315,9373.0,iTunes,https://image.tmdb.org/t/p/w500/fr2gPfajj4Chj3mG1M1aslwvDNE.jpg
The 40-Year-Old Virgin,V0684,6.411,,,,First time; virgin; male friendship; co-workers relationship; poker game; sex comedy; virginity; sex,Judd Apatow,2005.0,Comedy | Romance,,116.0,2005.0,,,"Andy Stitzer has a pleasant life with a nice apartment and a job stamping invoices at an electronics store. But at age 40, there's one thing Andy hasn't done, and it's really bothering his sex-obsessed male co-workers: Andy is still a virgin. Determined to help Andy get laid, the guys make it their mission to de-virginize him. But it all seems hopeless until Andy meets small business owner Trish, a single mom.",6933.0,,6957.0,iTunes,https://m.media-amazon.com/images/M/MV5BMzFiNzU2NjQtZTcwZC00Nzc3LTk3NjEtMDZmMDhmYjQ4NTAwXkEyXkFqcGc@._V1_SX300.jpg
The Addams Family,V0685,7.066,,,,,Barry Sonnenfeld,1991.0,"Comedy, Fantasy",,99.0,1991.0,Anjelica Huston,,Con artists plan to fleece an eccentric family using an accomplice who claims to be their long-lost uncle.,4803.0,tt0101272,,iTunes,https://m.media-amazon.com/images/M/MV5BZWY0MzVlNGEtYzM1MC00OTI4LWE3ZTQtNWJjYzk2Y2MyNjVkXkEyXkFqcGc@._V1_SX300.jpg
The Adjustment Bureau,V0686,7.0,72.0,PG-13,,Hotel; future; plan; dancer; hat; marriage; senator; kiss; politician; honesty; alone; speech; fate; foot chase; covert agency; courthouse; political campaign; destiny; based on short story,George Nolfi,2011.0,Romance | Science Fiction | Thriller,1 win & 9 nominations total,106.0,2011.0,Matt Damon,Emily Blunt | John Slattery | Matt Damon,"A man glimpses the future Fate has planned for him – and chooses to fight for his own destiny. Battling the powerful Adjustment Bureau across, under and through the streets of New York, he risks his destined greatness to be with the only woman he's ever loved.",276956.0,tt1385826,38050.0,iTunes,https://image.tmdb.org/t/p/w500/5ZzeR8iz1nEFLp94OBnbakLZawo.jpg
The Age of Adaline,V0687,7.2,55.0,PG-13,,California; love; forever | Immortality; san francisco,Lee Toland Krieger,2015.0,Drama | Fantasy | Romance,1 win & 10 nominations,112.0,2015.0,Blake Lively,Blake Lively | Harrison Ford | Michiel Huisman,"After 29-year-old Adaline recovers from a nearly lethal accident, she inexplicably stops growing older. As the years stretch on and on, Adaline keeps her secret to herself  until she meets a man who changes her life.",212877.0,tt1655441,293863.0,iTunes,https://image.tmdb.org/t/p/w500/MbILysGhjAbnZi1Okae9wYqLMx.jpg
The Amazing Spider-Man 2,V0688,6.6,50.0,PG-13,The Amazing Spider-Man Collection,Experiment; obsession; superhero; based on comic; sequel; electrocution; super power,Marc Webb,2014.0,Action | Adventure | Science Fiction,4 wins & 30 nominations total,141.0,2014.0,Andrew Garfield,Andrew Garfield | Emma Stone | Jamie Foxx,"For Peter Parker, life is busy. Between taking out the bad guys as Spider-Man and spending time with the person he loves, Gwen Stacy, high school graduation cannot come quickly enough. Peter has not forgotten about the promise he made to Gwen’s father to protect her by staying away, but that is a promise he cannot keep. Things will change for Peter when a new villain, Electro, emerges, an old friend, Harry Osborn, returns, and Peter uncovers new clues about his past.",562817.0,tt1872181,102382.0,iTunes,https://image.tmdb.org/t/p/w500/dGjoPttcbKR5VWg1jQuNFB247KL.jpg
The Amityville Horror,V0689,6.1,,,,,Andrew Douglas,2005.0,Horror,,90.0,2005.0,Ryan Reynolds,,Newlyweds are terrorized by demonic forces after moving into a large house that was the site of a grisly mass murder a year before.,2248.0,tt0384806,,iTunes,https://m.media-amazon.com/images/M/MV5BMzc1Njc2NDc3NV5BMl5BanBnXkFtZTYwODYyNzI3._V1_SX300.jpg
The Batman,V0690,7.8,85.0,PG-13,The Batman Collection,Police; psychopath; secret identity; crime fighter; superhero; nightclub; politician; based on comic; vigilante; organized crime; serial killer; millionaire; social injustice; murder investigation; aftercreditsstinger; masked superhero; political corruption; neo-noir; somber; urban gothic; vengeance; mayoral election,Matt Reeves,2022.0,Crime | Mystery | Thriller,Nominated for 3 Oscars. 39 wins & 185 nominations total,177.0,2022.0,Robert Pattinson,Jeffrey Wright | Robert Pattinson | Zoë Kravitz,"In his second year of fighting crime, Batman uncovers corruption in Gotham City that connects to his own family while facing a serial killer known as the Riddler.",855531.0,tt1877830,414906.0,iTunes,https://image.tmdb.org/t/p/w500/74xTEgt7R36Fpooo50r9T25onhq.jpg
The Big Lebowski,V0691,8.1,80.0,R,,California; millionaire; cowboy; ashes; impregnation; bowling team; unemployed; bowling ball; neo-noir; weeds | Vietnam veteran; white russian; bowling; carpet; nihilism; heart attack; kidnapping; lsd; marijuana; los angeles,Joel Coen,1998.0,Comedy | Crime,5 wins & 18 nominations total,117.0,1998.0,Jeff Bridges,Jeff Bridges | John Goodman | Julianne Moore,"Jeffrey 'The Dude' Lebowski, a Los Angeles slacker who only wants to bowl and drink White Russians, is mistaken for another Jeffrey Lebowski, a wheelchair-bound millionaire, and finds himself dragged into a strange series of events involving nihilists, adult film producers, ferrets, errant toes, and large sums of money.",886030.0,tt0118715,115.0,iTunes,https://image.tmdb.org/t/p/w500/9mprbw31MGdd66LR0AQKoDMoFRv.jpg
The Big Short,V0692,7.8,89.0,R,,Based on novel or book; bank; fraud; wall street; biography; based on true story; finances; animated scene; historical fiction; loan; cynical; financial crisis; real estate; mortgage; factual; complicated,Adam McKay,2015.0,Comedy | Drama,Won 1 Oscar. 37 wins & 81 nominations total,131.0,2015.0,Steve Carell,Christian Bale | Ryan Gosling | Steve Carell,The men who made millions from a global economic meltdown.,509381.0,tt1596363,318846.0,iTunes,https://image.tmdb.org/t/p/w500/scVEaJEwP8zUix8vgmMoJJ9Nq0w.jpg
The Birdcage,V0693,7.2,84.0,R,,Coming out; florida; homophobia; drag queen; nightclub; senator; politician; based on play or musical; remake; conservative; cross dressing; gay parent; lgbt; political conflict; south beach; playing straight; drag club,Mike Nichols,1996.0,Comedy,Nominated for 1 Oscar. 7 wins & 25 nominations total,119.0,1996.0,Robin Williams,Gene Hackman | Nathan Lane | Robin Williams,"Middle-aged gay life partners, Armand Goldman, a Jewish drag club owner, and Albert, the club's flamboyant star attraction, live in the eclectic community of South Beach and have raised a straight son. Now, their newly engaged son, 20-year-old Val, wants to bring his fiancée, Barbara, and her ultraconservative parents home to meet his family for the first time. By Val's request, Armand pretends to be straight, not Jewish and attempts to hide his relationship with Albert, in order to please Barbara's father, controversial right-wing Republican Sen. Kevin Keeley.",104883.0,tt0115685,11000.0,iTunes,https://image.tmdb.org/t/p/w500/hU2XeckncHS61TWZKDtw1BrKmOO.jpg
The Black Phone,V0694,6.9,81.0,R,The Black Phone Collection,Mask; small town; child abuse; dreams; sibling relationship; kidnapping; sadistic; 1970s; supernatural; cellar; colorado; bullying; basement; serial killer; based on short story; alcoholic father; child kidnapping,Scott Derrickson,2021.0,Horror | Thriller,,103.0,2022.0,Mason Thames,Ethan Hawke | Madeleine McGraw | Mason Thames,"Finney Blake, a shy but clever 13-year-old boy, is abducted by a sadistic killer and trapped in a soundproof basement where screaming is of little use. When a disconnected phone on the wall begins to ring, Finney discovers that he can hear the voices of the killer’s previous victims. And they are dead set on making sure that what happened to them doesn’t happen to Finney.",225940.0,tt7144666,756999.0,iTunes,https://image.tmdb.org/t/p/w500/p9ZUzCyy9wRTDuuQexkQ78R2BgF.jpg
The Blair Witch Project,V0695,6.5,86.0,R,Blair Witch Collection,Witch; legend; camping; map; supernatural; wilderness; forest; maryland; paranormal; friends; survival; urban legend; fear; witchcraft; evil; found footage; videotape; hopeless; lost in the woods; mokumentary,"Daniel Myrick, Eduardo Sánchez",1999.0,Horror | Mystery,23 wins & 26 nominations total,81.0,1999.0,Rei Hance,Joshua Leonard | Michael C. Williams | Rei Hance,"In October of 1994 three student filmmakers disappeared in the woods near Burkittsville, Maryland, while shooting a documentary. A year later their footage was found.",298935.0,tt0185937,2667.0,iTunes,https://image.tmdb.org/t/p/w500/9050VGrYjYrEjpOvDZVAngLbg1f.jpg
The Boss,V0696,5.821,,,,,Not Found,2016.0,Comedy,,99.0,2016.0,,,"A titan of industry is sent to prison after she's caught for insider trading. When she emerges ready to rebrand herself as America's latest sweetheart, not everyone she screwed over is so quick to forgive and forget.",1355.0,,,iTunes,https://m.media-amazon.com/images/M/MV5BMjQzNTUwNDU0OV5BMl5BanBnXkFtZTgwNzU5NTAwODE@._V1_SX300.jpg
The Bourne Identity,V0697,7.8,84.0,PG-13,The Bourne Collection,France; based on novel or book; escape; barcelona | Germany; fishing boat; langley virginia; safe deposit box; hand to hand combat; action hero; bourne; jason bourne; intense; powerful | Sniper; assassin; amnesia; paris | Spain; spy; secret identity; passport; mission of murder; lovers; flashback; shootout; foot chase; cell phone; multiple identities; surveillance camera; hamburg,Doug Liman,2002.0,Action | Drama | Mystery | Thriller,3 wins & 6 nominations total,119.0,2002.0,Matt Damon,Chris Cooper | Franka Potente | Matt Damon,"Wounded to the brink of death and suffering from amnesia, Jason Bourne is rescued at sea by a fisherman. With nothing to go on but a Swiss bank account number, he starts to reconstruct his life, but finds that many people he encounters want him dead. However, Bourne realizes that he has the combat and mental skills of a world-class spy—but who does he work for?",594307.0,tt0258463,2501.0,iTunes,https://image.tmdb.org/t/p/w500/aP8swke3gmowbkfZ6lmNidu0y9p.jpg
The Bourne Legacy,V0698,6.6,56.0,PG-13,The Bourne Collection,Assassin; espionage; wolf; maryland; covert operation; rooftop; exploding house; laptop; tracking device; fake id; pharmaceutical lab; government conspiracy; manila philippines; hunted; false passport; alberta canada; dramatic; admiring,Tony Gilroy,2012.0,Action | Thriller,1 win & 12 nominations total,135.0,2012.0,Jeremy Renner,Edward Norton | Jeremy Renner | Rachel Weisz,New CIA operative Aaron Cross experiences life-or-death stakes that have been triggered by the previous actions of Jason Bourne.,321917.0,tt1194173,49040.0,iTunes,https://image.tmdb.org/t/p/w500/1aExL5DTGHj25ZfIC3dDwS84RWi.jpg
The Bourne Supremacy,V0699,7.7,82.0,PG-13,The Bourne Collection,Germany; amnesia; based on novel or book; espionage; lie; sequel; on the run; shootout; foot chase; exploding house; one against many; rail car; dark past; moscow | Russia; hand to hand combat; action hero; bourne; jason bourne; dramatic; suspenseful | Sniper; assassin; berlin,Paul Greengrass,2004.0,Action | Drama | Thriller,5 wins & 22 nominations total,108.0,2004.0,Matt Damon,Brian Cox | Franka Potente | Matt Damon,"A CIA operation to purchase classified Russian documents is blown by a rival agent, who then shows up in the sleepy seaside village where Bourne and Marie have been living. The pair run for their lives and Bourne, who promised retaliation should anyone from his former life attempt contact, is forced to once again take up his life as a trained assassin to survive.",499099.0,tt0372183,2502.0,iTunes,https://image.tmdb.org/t/p/w500/g09UIYfShY8uWGMGP3HkvWp8L8n.jpg
The Bourne Ultimatum,V0700,8.0,92.0,PG-13,The Bourne Collection,Assassin; central intelligence agency (cia); corruption; paris | France; based on novel or book; madrid | Russia; frantic; action hero; security leak; investigative reporter; jason bourne; furious; intense | Spain; espionage; prosecution; fake identity; revelation; europe; interpol; sequel; flashback; on the run; conspiracy; shootout; motorcycle; foot chase; dark past; langley virginia; moscow,Paul Greengrass,2007.0,Action | Drama | Mystery | Thriller,Won 3 Oscars. 29 wins & 42 nominations total,115.0,2007.0,Matt Damon,David Strathairn | Julia Stiles | Matt Damon,"Bourne is brought out of hiding once again by reporter Simon Ross who is trying to unveil Operation Blackbriar, an upgrade to Project Treadstone, in a series of newspaper columns. Information from the reporter stirs a new set of memories, and Bourne must finally uncover his dark past while dodging The Company's best efforts to eradicate him.",669142.0,tt0440963,2503.0,iTunes,https://image.tmdb.org/t/p/w500/15rMz5MRXFp7CP4VxhjYw4y0FUn.jpg
The Boxtrolls,V0701,6.8,78.0,PG,,Based on novel or book; parent child relationship; stop motion; unlikely friendship; duringcreditsstinger,"Graham Annable, Anthony Stacchi",2014.0,Animation | Comedy | Family | Fantasy,Nominated for 1 Oscar. 8 wins & 61 nominations total,97.0,2014.0,Ben Kingsley,Ben Kingsley | Elle Fanning | Isaac Hempstead Wright,"An orphaned boy raised by underground creatures called Boxtrolls comes up from the sewers and out of his box to save his family and the town from the evil exterminator, Archibald Snatcher.",62785.0,tt0787474,170687.0,iTunes,https://image.tmdb.org/t/p/w500/npBf0yc5Gt7aAyyVOcYtFyT2IPa.jpg
The Boy Who Saw the Wind,V0702,7.7,,,,,Kazuki Ômori,2000.0,"Animation, Action, Adventure",,97.0,2016.0,Yumi Adachi,,"A boy has a powerful gift, a war hungery government comes to use him to create a weapon. He learns the origins of his power and units a people to over throw the evil government.",7.0,tt0784145,,iTunes,https://m.media-amazon.com/images/M/MV5BOWE3MGRiZTgtYmQ2ZC00Y2FjLTk1NDEtMDYwYzE3YWM3OTVkXkEyXkFqcGdeQXVyNDUxNjc5NjY@._V1_SX300.jpg
The Boy Next Door,V0703,4.9,,,,,Rob Cohen,2015.0,Thriller,,91.0,2015.0,Jennifer Lopez,,"A woman, separated from her unfaithful husband, falls for a younger man who has moved in next door, but their torrid affair soon takes a dangerous turn.",2067.0,tt3181822,,iTunes,https://m.media-amazon.com/images/M/MV5BMTgxNTEyMTYzOV5BMl5BanBnXkFtZTgwNzQ4OTg5MjE@._V1_SX300.jpg
The Breakfast Club,V0704,7.8,87.0,R,,High school; coming of age; teen angst; detention; teenage rebellion; stereotype; 1980s; teenager; wry,John Hughes,1985.0,Comedy | Drama,4 wins total,98.0,1985.0,Emilio Estevez,Emilio Estevez | Judd Nelson | Molly Ringwald,"Five high school students from different walks of life endure a Saturday detention under a power-hungry principal. The disparate group includes rebel John, princess Claire, outcast Allison, brainy Brian and Andrew, the jock. Each has a chance to tell his or her story, making the others see them a little differently -- and when the day ends, they question whether school will ever be the same.",456735.0,tt0088847,2108.0,iTunes,https://image.tmdb.org/t/p/w500/wM9ErA8UVdcce5P4oefQinN8VVV.jpg
The Broken Hearts Gallery,V0705,6.3,80.0,PG-13,,Infidelity; new york city; roommates; break-up; art gallery; chance meeting; woman director; compulsive hoarding; hotel renovation; memorabilia; fired from a job,Natalie Krinsky,2020.0,Comedy | Romance,1 win & 2 nominations total,109.0,2020.0,Geraldine Viswanathan,Dacre Montgomery | Geraldine Viswanathan | Utkarsh Ambudkar,"Lucy is a young gallery assistant who collects mementos from her relationships. She discovers that she must let go of her past to move forward, and comes up with a lovely, artistic way to help herself and others who have suffered heartbreak.",10678.0,tt2140571,616251.0,iTunes,https://image.tmdb.org/t/p/w500/wGkr4r1e8nubmSNKJpv3HL6sFrA.jpg
The Bye Bye Man,V0706,4.3,18.0,PG-13,,Wisconsin; supernatural; urban legend; hooded figure; woman director; young adult; college student,Stacy Title,2017.0,Horror | Thriller,,96.0,2017.0,,,"When three college students move into an old house off campus, they unwittingly unleash a supernatural entity known as The Bye Bye Man, who comes to prey upon them once they discover his name. The friends must try to save each other, all the while keeping The Bye Bye Man's existence a secret to save others from the same deadly fate.",26866.0,tt4030600,292280.0,iTunes,https://image.tmdb.org/t/p/w500/bape74Eeli5NJ6x4UKuUr604xXh.jpg
The Cabin In the Woods,V0707,7.0,92.0,R,,Giant snake; school party; motorcycle crash; abandoned house; woods; marijuana; cabin; apocalypse; zombie; werewolf; creature; cabin in the woods; video wall; speaker phone; young adult; college student; 林中小屋; teen scream,Drew Goddard,2011.0,Horror | Mystery,,95.0,2012.0,,,A group of teens journey to a remote cabin in the woods where their fate is unknowingly controlled by technicians as part of a worldwide conspiracy where all horror movie clichés are revealed to be part of an elaborate sacrifice ritual.,471788.0,tt1259521,22970.0,iTunes,https://image.tmdb.org/t/p/w500/zZZe5wn0udlhMtdlDjN4NB72R6e.jpg
The Cable Guy,V0708,6.1,56.0,PG-13,,Prison; prostitute; karaoke; obsession; dark comedy; medieval; cable guy; frenemies; satirical; bold; farcical; sardonic,Ben Stiller,1996.0,Comedy | Drama | Thriller,3 wins & 2 nominations total,96.0,1996.0,Jim Carrey,Jim Carrey | Leslie Mann | Matthew Broderick,"When recently single Steven moves into his new apartment, cable guy Chip comes to hook him up—and doesn't let go. Initially, Chip is just overzealous in his desire to be Steven's pal, but when Steven tries to end the 'friendship', Chip shows his dark side. He begins stalking Steven, who's left to fend for himself because no one else can believe Chip's capable of such behaviour.",184112.0,tt0115798,9894.0,iTunes,https://image.tmdb.org/t/p/w500/YJt9l3RdrRohI95btQKPXwpdii.jpg
The Call of the Wild,V0709,6.7,63.0,PG,,Based on novel or book; affectation; gold rush; dog; sled dogs; yukon | Canada; 19th century; pets; appreciative,Chris Sanders,2020.0,Adventure | Drama | Family,1 win & 8 nominations total,100.0,2020.0,Harrison Ford,Colin Woodell | Dan Stevens | Harrison Ford,"Buck is a big-hearted dog whose blissful domestic life is turned upside down when he is suddenly uprooted from his California home and transplanted to the exotic wilds of the Yukon during the Gold Rush of the 1890s. As the newest rookie on a mail delivery dog sled team—and later its leader—Buck experiences the adventure of a lifetime, ultimately finding his true place in the world and becoming his own master.",61007.0,tt7504726,481848.0,iTunes,https://image.tmdb.org/t/p/w500/33VdppGbeNxICrFUtW2WpGHvfYc.jpg
The Choice,V0710,6.5,11.0,PG-13,,Based on novel or book; cheating; love; opposites attract; girl next door,Ross Katz,2016.0,Drama | Romance,3 nominations total,111.0,2016.0,Benjamin Walker,Benjamin Walker | Maggie Grace | Teresa Palmer,Travis and Gabby first meet as neighbors in a small coastal town and wind up in a relationship that is tested by life's most defining events.,47342.0,tt3797868,330483.0,iTunes,https://image.tmdb.org/t/p/w500/6MF3cdAasnF17SG9bmeamQ066iJ.jpg
The Cider House Rules,V0711,7.4,71.0,PG-13,,Based on novel or book; orphanage; pregnancy; drug addiction; cigarette; cider; maine; orphan; incest; drug overdose; war injury; apple cider; anesthetic; incinerator; picking apples; 1940s; abortion; abortionist,Lasse Hallström,1999.0,Drama,Won 2 Oscars. 8 wins & 30 nominations total,126.0,1999.0,Tobey Maguire,Charlize Theron | Delroy Lindo | Tobey Maguire,"Homer is an orphan who was never adopted, becoming the favorite of orphanage director Dr. Larch. Dr. Larch imparts his full medical knowledge on Homer, who becomes a skilled, albeit unlicensed, physician. But Homer yearns for a self-chosen life outside the orphanage. What will Homer learn about life and love in the cider house? What of the destiny that Dr. Larch has planned for him?",106597.0,tt0124315,1715.0,iTunes,https://image.tmdb.org/t/p/w500/qAECAgqjSFRVZzEEGbFAZqZNiDh.jpg
The Conjuring,V0712,7.5,86.0,R,The Conjuring Collection,Sibling relationship; 1970s; cellar; exorcism; haunted house; possession; satanism; rhode island; based on true story; paranormal investigation; crucifix; ghost; disturbed; demonic; demonology; psychic vision; dramatic; the conjuring universe; frightened,James Wan,2013.0,Horror | Thriller,15 wins & 22 nominations total,112.0,2013.0,Patrick Wilson,Lili Taylor | Patrick Wilson | Vera Farmiga,"Paranormal investigators Ed and Lorraine Warren work to help a family terrorized by a dark presence in their farmhouse. Forced to confront a powerful entity, the Warrens find themselves caught in the most terrifying case of their lives.",583549.0,tt1457767,138843.0,iTunes,https://image.tmdb.org/t/p/w500/wVYREutTvI2tmxr6ujrHT704wGF.jpg
The Conjuring: The Devil Made Me Do It,V0713,6.3,56.0,R,The Conjuring Collection,Supernatural; exorcism; connecticut; sequel; paranormal investigation; 1980s; somber; religious horror; the conjuring universe; frightened,Michael Chaves,2021.0,Horror | Mystery | Thriller,,111.0,2021.0,Patrick Wilson,Patrick Wilson | Ruairí O'Connor | Vera Farmiga,"Paranormal investigators Ed and Lorraine Warren encounter what would become one of the most sensational cases from their files. The fight for the soul of a young boy takes them beyond anything they'd ever seen before, to mark the first time in U.S. history that a murder suspect would claim demonic possession as a defense.",148138.0,tt7069210,423108.0,iTunes,https://image.tmdb.org/t/p/w500/xbSuFiJbbBWCkyCCKIMfuDCA4yV.jpg
The Count of Monte Cristo,V0714,7.7,74.0,PG-13,,France; female lover; ex-lover; napoleon bonaparte; prison escape; sword fight; torture; period drama; historical; swashbuckler; betrayal by friend; 19th century; awestruck | Treasure; based on novel or book; loss of loved one; marseille,Kevin Reynolds,2002.0,Adventure | Drama | History,,131.0,2002.0,Jim Caviezel,Guy Pearce | Jim Caviezel | Richard Harris,"Edmond Dantés's life and plans to marry the beautiful Mercedes are shattered when his best friend, Fernand, deceives him. After spending 13 miserable years in prison, Dantés escapes with the help of a fellow inmate and plots his revenge, cleverly insinuating himself into the French nobility.",153218.0,tt0245844,11362.0,iTunes,https://image.tmdb.org/t/p/w500/ifMgDAUXVQLY4DeOu3VTTi55jSP.jpg
The Courier,V0715,7.0,,,,,Dominic Cooke,2020.0,"Drama, History, Mystery",,112.0,2020.0,Benedict Cumberbatch,,Businessman Greville Wynne is asked by a Russian source to try to help put an end to the Cuban Missile Crisis.,1222.0,tt8368512,,iTunes,https://m.media-amazon.com/images/M/MV5BYTJlOTIwNjItYjZiMS00Njc3LThkMDgtNWVhNGUxNzBlYWE3XkEyXkFqcGc@._V1_SX300.jpg
The Curious Case of Benjamin Button,V0716,7.8,72.0,PG-13,,New york city; navy; funeral; diary; tea; travel; hospital; historical fiction; period drama; magic realism; based on short story; fictional biography; reverse aging; introspective; serene; intense,David Fincher,2008.0,Drama | Fantasy | Romance,Won 3 Oscars. 85 wins & 160 nominations total,166.0,2008.0,Brad Pitt,Brad Pitt | Cate Blanchett | Taraji P. Henson,"Born under unusual circumstances, Benjamin Button springs into being as an elderly man in a New Orleans nursing home and ages in reverse. Twelve years after his birth, he meets Daisy, a child who flits in and out of his life as she grows up to be a dancer. Though he has all sorts of unusual adventures over the course of his life, it is his relationship with Daisy, and the hope that they will come together at the right time, that drives Benjamin forward.",719514.0,tt0421715,4922.0,iTunes,https://image.tmdb.org/t/p/w500/26wEWZYt6yJkwRVkjcbwJEFh9IS.jpg
The Da Vinci Code,V0717,6.6,25.0,PG-13,Robert Langdon Collection,France; based on novel or book; holy grail; christianity; monk; secret society; louvre museum; heresy; mona lisa (la gioconda); freemason; pentagram; conspiracy; tomb; catholicism; cryptologist; iconography; albino; sect | Paris,Ron Howard,2006.0,Mystery | Thriller,8 wins & 21 nominations total,149.0,2006.0,Tom Hanks,Audrey Tautou | Ian McKellen | Tom Hanks,"A murder in Paris’ Louvre Museum and cryptic clues in some of Leonardo da Vinci’s most famous paintings lead to the discovery of a religious mystery. For 2,000 years a secret society closely guards information that — should it come to light — could rock the very foundations of Christianity.",472137.0,tt0382625,591.0,iTunes,https://image.tmdb.org/t/p/w500/9ejKfNk0LBhSI9AahH4f9NJNZNM.jpg
The Danish Girl,V0718,7.1,65.0,R,,Denmark; artist; painter; historical fiction; art; transsexual; surgery; lgbt; mourning; 1920s; desperate; dramatic; cliché; derogatory | France; based on novel or book; denmark; copenhagen | Paris,Tom Hooper,2015.0,Drama,Won 1 Oscar. 32 wins & 80 nominations total,119.0,2015.0,Eddie Redmayne,Alicia Vikander | Eddie Redmayne | Matthias Schoenaerts,"When Gerda Wegener asks her husband Einar to fill in as a portrait model, Einar discovers the person she's meant to be and begins living her life as Lili Elbe. Having realized her true self and with Gerda's love and support, Lili embarks on a groundbreaking journey as a transgender pioneer.",202490.0,tt0810819,306819.0,iTunes,https://image.tmdb.org/t/p/w500/mXZZIacI5FC8thzSC0lgQBQ2uAX.jpg
The Dark Knight,V0719,9.0,94.0,PG-13,The Dark Knight Collection,Joker; sadism; chaos; secret identity; crime fighter; superhero; anti hero; scarecrow; based on comic; vigilante; organized crime; tragic hero; anti villain; criminal mastermind; district attorney; super power; super villain; neo-noir; bold,Christopher Nolan,2008.0,Action | Crime | Drama | Thriller,Won 2 Oscars. 164 wins & 165 nominations total,152.0,2008.0,Christian Bale,Aaron Eckhart | Christian Bale | Heath Ledger,"Batman raises the stakes in his war on crime. With the help of Lt. Jim Gordon and District Attorney Harvey Dent, Batman sets out to dismantle the remaining criminal organizations that plague the streets. The partnership proves to be effective, but they soon find themselves prey to a reign of chaos unleashed by a rising criminal mastermind known to the terrified citizens of Gotham as the Joker.",3015692.0,tt0468569,155.0,iTunes,https://image.tmdb.org/t/p/w500/qJ2tW6WMUDux911r6m7haRef0WH.jpg
The Dark Knight Rises,V0720,8.4,87.0,PG-13,The Dark Knight Collection,Airplane; fight; burglar; hostage; secret identity; crime fighter; superhero; villainess; time bomb; based on comic; cover-up; vigilante; tragic hero; mobile; terrorism; destruction; fighting; criminal underworld; cat burglar; flood,Christopher Nolan,2012.0,Action | Crime | Drama | Thriller,Nominated for 1 BAFTA Award45 wins & 103 nominations total,165.0,2012.0,Christian Bale,Christian Bale | Gary Oldman | Tom Hardy,"Following the death of District Attorney Harvey Dent, Batman assumes responsibility for Dent's crimes to protect the late attorney's reputation and is subsequently hunted by the Gotham City Police Department. Eight years later, Batman encounters the mysterious Selina Kyle and the villainous Bane, a new terrorist leader who overwhelms Gotham's finest. The Dark Knight resurfaces to protect a city that has branded him an enemy.",1910617.0,tt1345836,49026.0,iTunes,https://image.tmdb.org/t/p/w500/hr0L2aueqlP2BYUblTTjmtn0hw4.jpg
The Darkness,V0721,4.5,3.0,PG-13,,Infidelity; snake; self sacrifice; autism; bulimia; haunted house; haunting; grand canyon; demon; dog; native american folklore; portal to hell,Greg McLean,2016.0,Horror | Thriller,,92.0,2016.0,Kevin Bacon,David Mazouz | Kevin Bacon | Radha Mitchell,A family returns from a Grand Canyon vacation with a supernatural presence in tow.,17370.0,tt1878841,257345.0,iTunes,https://image.tmdb.org/t/p/w500/7i7yuJoXCv12rQwYdSWcImhryrL.jpg
The Day After Tomorrow,V0722,6.5,45.0,PG-13,,New york city; philadelphia | Pennsylvania; saving the world; scotland; climate change; greenhouse effect; tornado; hurricane; hail; temperature drop; ice age; polar zone; barrier ice; ice melting; evacuation; flooding; rescue mission; global warming; tsunami; end of the world; snow; scientist; united nations; high school student; climatologist; freezing; frozen alive; disaster movie; snowed in; typhoon; cataclysmic storm; new york public library; global catastrophe; climate science; climate crisis; superstorm; torrential rain; mass casualties,Roland Emmerich,2004.0,Action | Adventure | Science Fiction | Thriller,Won 1 BAFTA Award6 wins & 12 nominations total,123.0,2004.0,Dennis Quaid,Dennis Quaid | Emmy Rossum | Jake Gyllenhaal,"After paleoclimatologist Jack Hall is largely ignored by UN officials when presenting his environmental concerns about the beginning of a new Ice Age, his research proves true when a superstorm develops, setting off catastrophic natural disasters throughout the world. Trying to get to his son, Sam, who is trapped in New York City with his friend Laura and others, Jack and his crew must travel to get to Sam before it's too late.",494701.0,tt0319262,435.0,iTunes,https://image.tmdb.org/t/p/w500/Wr4HeYQRvwVCxzOV5TmGE7UkXq.jpg
The Dead Zone,V0723,7.2,89.0,R,,Coma; based on novel or book; remake; vision; car accident; school teacher,Rob Lieberman,1983.0,Drama | Science Fiction | Thriller | Tv Movie,,83.0,2002.0,Anthony Michael Hall,Anthony Michael Hall | Chris Bruno | Nicole de Boer,A young man awakens from a six-year coma with the ability to see into peoples futures. This is the first two episodes of the television series.,79854.0,tt0085407,352128.0,iTunes,https://image.tmdb.org/t/p/w500/oxH3j0MMMcuHIIWDaKiWCEZXWcB.jpg
The Descent,V0724,7.2,87.0,R,The Descent Collection,Panic; darkness; mutant; expedition; cave; claustrophobia; trauma; gore; female friendship; rope; climbing; appalachia; friends; female protagonist; best friend; creature; survival horror; grieving; speleology; camcorder; suspenseful,Neil Marshall,2005.0,Adventure | Horror,8 wins & 22 nominations total,100.0,2005.0,Shauna Macdonald,Alex Reid | Natalie Mendoza | Shauna Macdonald,"After a tragic accident, six friends reunite for a caving expedition. Their adventure soon goes horribly wrong when a collapse traps them deep underground and they find themselves pursued by bloodthirsty creatures. As their friendships deteriorate, they find themselves in a desperate struggle to survive the creatures and each other.",259869.0,tt0435625,9392.0,iTunes,https://image.tmdb.org/t/p/w500/mxFPI4KYBk5ri9cPteIS8jiDFgj.jpg
The Devil Wears Prada,V0725,6.9,75.0,PG-13,The Devil Wears Prada Collection,France; based on novel or book; journalism; fashion journal; assistant; job entrant; job interview; editor-in-chief; fashion; fashion magazine; bullied; city life; fashion industry; bold | New york city; journalist; paris,David Frankel,2006.0,Comedy | Drama,Nominated for 2 Oscars. 21 wins & 53 nominations total,109.0,2006.0,Meryl Streep,Anne Hathaway | Emily Blunt | Meryl Streep,"Andy moves to New York to work in the fashion industry. Her boss is extremely demanding, cruel and won't let her succeed if she doesn't fit into the high class elegant look of their magazine.",498601.0,tt0458352,350.0,iTunes,https://image.tmdb.org/t/p/w500/8912AsVuS7Sj915apArUFbv6F9L.jpg
The Disappearance of Eleanor Rigby: Them,V0726,6.3,64.0,R,The Disappearance Of Eleanor Rigby Collection,New york city; loss of loved one; couple,Ned Benson,2014.0,Drama,3 wins & 9 nominations,119.0,2014.0,Jessica Chastain,Bill Hader | James McAvoy | Jessica Chastain,A New York couple's relationship is tested after the loss of their child. This film is the wide-released combination of the original two :him and :her volumes that premiered at the Cannes Film Festival.,13248.0,tt3729920,157829.0,Vudu,https://image.tmdb.org/t/p/w500/rFBfW5RJbjgOYufLvu2DP4A71JW.jpg
The Divergent Series: Allegiant,V0727,6.103,,,Divergent Collection,Based on novel or book; revolution; dystopia; sequel; based on young adult novel,Robert Schwentke,2016.0,Action | Adventure | Mystery | Science Fiction,,120.0,2016.0,,,Beatrice Prior and Tobias Eaton venture into the world outside of the fence and are taken into protective custody by a mysterious agency known as the Bureau of Genetic Welfare.,6766.0,,262504.0,iTunes,https://image.tmdb.org/t/p/w500/faq9JlF8znUGQ5p3En1W61Fi5p0.jpg
The Divergent Series: Insurgent,V0728,6.2,29.0,PG-13,Divergent Collection,Based on novel or book; revolution; dystopia; sequel; based on young adult novel,Robert Schwentke,2015.0,Action | Science Fiction | Thriller,6 wins & 26 nominations total,119.0,2015.0,,,Beatrice Prior must confront her inner demons and continue her fight against a powerful alliance which threatens to tear her society apart.,262919.0,tt2908446,262500.0,iTunes,https://image.tmdb.org/t/p/w500/dP5Fb6YRfzmCQtRbHOr2kO7tJW9.jpg
The DUFF,V0729,6.4,73.0,PG-13,,High school; friendship; based on novel or book; geek; relationship; high school student; teen comedy; duringcreditsstinger; girl next door; based on young adult novel; teenager; american high school,Ari Sandel,2015.0,Comedy | Romance,1 win & 8 nominations total,100.0,2015.0,Mae Whitman,Bella Thorne | Mae Whitman | Robbie Amell,"Bianca's universe turns upside down when she learns that her high school refers to her as a ‘DUFF' (Designated Ugly Fat Friend). Hoping to erase that label, she enlists the help of a charming jock and her favorite teacher. Together they'll face the school's mean girl and remind everyone that we are all someone's DUFF… and that's totally fine.",103964.0,tt1666801,272693.0,iTunes,https://image.tmdb.org/t/p/w500/aHzdMSKwq9ucnP2yXl5zYIfKgGl.jpg
The Endless,V0730,6.5,91.0,Not Rated,,Suicide; sibling relationship; brother; supernatural; cult; childhood trauma; time loop; resolution; time manipulation,"Aaron Moorhead, Justin Benson",2017.0,Horror | Science Fiction | Thriller,5 wins & 8 nominations total,112.0,2017.0,Aaron Moorhead,Aaron Moorhead | Callie Hernandez | Justin Benson,Two brothers return to the cult they fled from years ago to discover that the group's beliefs may be more sane than they once thought.,52212.0,tt3986820,430231.0,iTunes,https://image.tmdb.org/t/p/w500/49sb3kEZplzudQBhJDSt0mNJm4V.jpg
The English Patient,V0731,7.4,86.0,R,,Egypt; secret love; amnesia; airplane; cairo; identity; intelligence; traitor; burn; world war ii; landmine; expedition; cave; sandstorm; cave painting; prisoner of war; map; mine clearer; hearing; desert scientist; desert,Anthony Minghella,1996.0,Drama | Romance | War,Won 9 Oscars. 62 wins & 78 nominations total,162.0,1996.0,Ralph Fiennes,Juliette Binoche | Ralph Fiennes | Willem Dafoe,"In the 1930s, Count Almásy is a Hungarian map maker employed by the Royal Geographical Society to chart the vast expanses of the Sahara Desert along with several other prominent explorers. As World War II unfolds, Almásy enters into a world of love, betrayal, and politics.",208052.0,tt0116209,409.0,iTunes,https://image.tmdb.org/t/p/w500/8eHHqMg8qEYtVw8LQLygsHXSR2q.jpg
The Expendables,V0732,6.4,42.0,R,The Expendables Collection,Rescue; sniper; island; martial arts; tattoo; escape; mercenary; bridge; church; drugs; blade; duringcreditsstinger; exhilarated,Sylvester Stallone,2010.0,Action | Adventure | Thriller,3 wins & 5 nominations total,103.0,2010.0,Sylvester Stallone,Jason Statham | Jet Li | Sylvester Stallone,"Barney Ross leads a band of highly skilled mercenaries including knife enthusiast Lee Christmas, a martial arts expert Yin Yang, heavy weapons specialist Hale Caesar, demolitionist Toll Road, and a loose-cannon sniper Gunner Jensen. When the group is commissioned by the mysterious Mr. Church to assassinate the dictator of a small South American island, Barney and Lee visit the remote locale to scout out their opposition and discover the true nature of the conflict engulfing the city.",370807.0,tt1320253,27578.0,iTunes,https://image.tmdb.org/t/p/w500/j09ZkH6R4JWVylBcDai1laCmGw7.jpg
The Expendables 2,V0733,6.6,68.0,R,The Expendables Collection,Airplane; loss of loved one; mercenary; airplane crash; beard; wisecrack humor; airport lounge; asian woman,Simon West,2012.0,Action | Adventure | Thriller,4 wins & 5 nominations total,103.0,2012.0,Sylvester Stallone,Jason Statham | Jet Li | Sylvester Stallone,"Mr. Church reunites the Expendables for what should be an easy paycheck, but when one of their men is murdered on the job, their quest for revenge puts them deep in enemy territory and up against an unexpected threat.",327128.0,tt1764651,76163.0,iTunes,https://image.tmdb.org/t/p/w500/74rTIGyGoIu5KSxDVMdr8H3MtMo.jpg
The Family Stone,V0734,6.3,52.0,PG-13,,Marriage proposal; holiday; affectation; big family; terminal illness; connecticut; family relationships; falling in love; engagement ring; curious; christmas; anxious; christmas tradition; christmas romance; christmas dinner; christmas present; critical; ambiguous; appreciative; assertive; cliché; enthusiastic,Thomas Bezucha,2005.0,Comedy | Drama | Romance,4 wins & 8 nominations,103.0,2005.0,Dermot Mulroney,Dermot Mulroney | Diane Keaton | Sarah Jessica Parker,"An uptight, conservative businesswoman accompanies her boyfriend to his eccentric and outgoing family's annual Christmas celebration and finds that she's a fish out of water in their free-spirited way of life.",76311.0,tt0356680,9043.0,iTunes,https://image.tmdb.org/t/p/w500/3QPSWIx14H7sfaLqY5bh1qDNQhZ.jpg
The Fast and the Furious,V0735,6.8,55.0,PG-13,The Fast and the Furious Collection,California; aftercreditsstinger; duringcreditsstinger; based on magazine | Newspaper or article | Street gang; undercover; car race; auto-tuning; street race; los angeles,Rob Cohen,2001.0,Action | Crime | Thriller,11 wins & 18 nominations total,106.0,2001.0,Paul Walker,Michelle Rodriguez | Paul Walker | Vin Diesel,"Dominic Toretto is a Los Angeles street racer suspected of masterminding a series of big-rig hijackings. When undercover cop Brian O'Conner infiltrates Toretto's iconoclastic crew, he falls for Toretto's sister and must choose a side: the gang or the LAPD.",436588.0,tt0232500,9799.0,iTunes,https://image.tmdb.org/t/p/w500/gqY0ITBgT7A82poL9jv851qdnIb.jpg
The Fast and the Furious: Tokyo Drift,V0736,6.1,38.0,PG-13,The Fast and the Furious Collection,Car race; car journey; car mechanic; car garage; auto-tuning; street race; drifting; tokyo | Japan; vindictive; intense; brisk,Justin Lin,2006.0,Action | Crime | Drama | Thriller,1 win & 4 nominations total,104.0,2006.0,Lucas Black,Lucas Black | Nathalie Kelley | Sung Kang,"In order to avoid a jail sentence, Sean Boswell heads to Tokyo to live with his military father. In a low-rent section of the city, Shaun gets caught up in the underground world of drift racing",313005.0,tt0463985,9615.0,iTunes,https://image.tmdb.org/t/p/w500/46xqGOwHbh2TH2avWSw3SMXph4E.jpg
The Fate of the Furious,V0737,6.6,67.0,PG-13,The Fast and the Furious Collection,New york city; submarine; rescue mission; sequel; street race; betrayal; criminal mastermind; mysterious woman,F. Gary Gray,2017.0,Action | Crime | Thriller,2 wins & 16 nominations total,136.0,2017.0,Vin Diesel,Dwayne Johnson | Jason Statham | Vin Diesel,"When a mysterious woman seduces Dom into the world of crime and a betrayal of those closest to him, the crew face trials that will test them as never before.",263528.0,tt4630562,337339.0,iTunes,https://image.tmdb.org/t/p/w500/dImWM7GJqryWJO9LHa3XQ8DD5NH.jpg
The Fifth Element,V0738,7.6,71.0,PG-13,,New york city; flying car; taxi; egypt; race against time; saving the world; cyborg; dystopia; anti hero; stowaway; space travel; chosen one; arms dealer; alien life-form; end of the world; priest; shootout; police chase; cab driver; cyberpunk; archaeologist; space opera; military; opera singer; futuristic city; ancient evil; cruise liner; hieroglyphics; spaceship; good versus evil; science fantasy; amused,Luc Besson,1997.0,Action | Adventure | Science Fiction,Nominated for 1 Oscar. 10 wins & 39 nominations total,126.0,1997.0,Bruce Willis,Bruce Willis | Gary Oldman | Milla Jovovich,"In 2257, a taxi driver is unintentionally given the task of saving a young girl who is part of the key that will ensure the survival of humanity.",526658.0,tt0119116,18.0,iTunes,https://image.tmdb.org/t/p/w500/fPtlCO1yQtnoLHOwKtWz7db6RGU.jpg
The Fighter,V0739,7.381,,,,Sports; irish-american; boxer; biography; family business ; dysfunctional family; family conflict; hometown; boxing trainer; crack addict; lowell massachusetts; jumping rope; shadow boxing; boxing; boxer hero; professional athlete; black sheep; devoted girlfriend; local hero,David O. Russell,2010.0,"Action, Biography, Drama",,116.0,2010.0,Mark Wahlberg,,"Based on the story of Micky Ward, a fledgling boxer who tries to escape the shadow of his more famous but troubled older boxing brother and get his own shot at greatness.",4506.0,tt0964517,45317.0,iTunes,https://image.tmdb.org/t/p/w500/xfsFerGhO1h6rLk8vwLgMyQ8WVJ.jpg
The Final Destination 4,V0740,5.6,,,Final Destination Collection,Dying and death; plan; car race; gore; stock car racing; car crash; premonition; vision; death; cheating death; supernatural horror; horror; teen scream,David R. Ellis,2009.0,Horror | Mystery,,82.0,2009.0,,,A horrifying premonition saves a young man and his friends from death during a racetrack accident but terrible fates await them nonetheless.,3686.0,,19912.0,iTunes,https://image.tmdb.org/t/p/w500/5vxXrr1MqGsT4NNeRITpfDnl4Rq.jpg
The First Purge,V0741,5.2,55.0,R,The Purge Collection,New york city; new jersey; sequel; prequel; murder; church; social media; staten island | New york city; purge; abuse of power; apartment buildings,Gerard McMurray,2018.0,Action | Horror | Thriller,1 nomination total,97.0,2018.0,Y'lan Noel,Joivan Wade | Lex Scott Davis | Y'lan Noel,"To push the crime rate below one percent for the rest of the year, the New Founding Fathers of America test a sociological theory that vents aggression for one night in one isolated community. But when the violence of oppressors meets the rage of the others, the contagion will explode from the trial-city borders and spread across the nation.",75128.0,tt6133466,442249.0,iTunes,https://image.tmdb.org/t/p/w500/litjsBoiydO6JlO70uOX4N3WnNL.jpg
The Forest,V0742,4.8,10.0,PG-13,,Japan; aokigahara; haunted forest | Japan; identical twin; lost in the woods; sister sister relationship; mount fuji | Suicide attempt; supernatural; childhood trauma; female protagonist; tokyo,Jason Zada,2016.0,Horror | Mystery | Thriller,1 win & 1 nomination total,95.0,2016.0,Natalie Dormer,Eoin Macken | Natalie Dormer | Stephanie Vogt,"Set in the Aokigahara Forest, a real-life place in Japan where people go to end their lives. Against this backdrop, a young American woman comes in search of her twin sister, who has mysteriously disappeared.",46521.0,tt3387542,329440.0,iTunes,https://image.tmdb.org/t/p/w500/1TohqCqMbaiuRLJPrPW0vnQP3lE.jpg
The Gambler,V0743,6.0,43.0,R,,Gambling; gun; professor; beating; gambler; loan shark; reflective,Rupert Wyatt,2014.0,Crime | Drama | Thriller,1 win & 3 nominations total,111.0,2014.0,Mark Wahlberg,Brie Larson | John Goodman | Mark Wahlberg,"Literature professor Jim Bennett leads a secret life as a high-stakes gambler. Always a risk-taker, Bennett bets it all when he borrows from a gangster and offers his own life as collateral. Staying one step ahead, he pits his creditor against the operator of an illicit gambling ring while garnering the attention of Frank, a paternalistic loan shark. As his relationship with a student deepens, Bennett must risk everything for a second chance.",75412.0,tt2039393,284536.0,iTunes,https://image.tmdb.org/t/p/w500/hIgU3cxn7Y87joQGM3srofnXOm5.jpg
The Gentlemen,V0744,7.8,75.0,R,,England; robbery; businessman; dark comedy; betrayal; marijuana; business; jewish american; gunfight; brutality; american abroad; irishman; scheme; playful; gangsters; casual | London,Guy Ritchie,2019.0,Comedy | Crime,,113.0,2020.0,Matthew McConaughey,Charlie Hunnam | Matthew McConaughey | Michelle Dockery,"American expat Mickey Pearson has built a highly profitable marijuana empire in London. When word gets out that he’s looking to cash out of the business forever it triggers plots, schemes, bribery and blackmail in an attempt to steal his domain out from under him.",429432.0,tt8367814,522627.0,iTunes,https://image.tmdb.org/t/p/w500/jtrhTYB7xSrJxR1vusu99nvnZ1g.jpg
The Gift,V0745,6.5,,,,,Sam Raimi,2015.0,"Drama, Fantasy, Horror",,111.0,2000.0,Cate Blanchett,,"Annabelle Wilson, a woman with psychic abilities, tries to find Jessica King, a young socialite who has mysteriously disappeared. While the search continues, she starts to suspect the townspeople.",1291.0,tt0219699,,iTunes,https://m.media-amazon.com/images/M/MV5BNDlhOWFhNTctMTNiYS00NjEwLWJjNDQtMmEyOWZhZTA0YjgyXkEyXkFqcGc@._V1_SX300.jpg
The Girl on the Train,V0746,6.444,,,,Infidelity; new york city; amnesia; based on novel or book; obsession; homicide; blackout; alcoholism; flashback; confusion; memory loss; domestic abuse; disappearance; female protagonist; psychological thriller; train; divorcee; missing person; police investigation; ex-husband ex-wife relationship; unreliable narrator; voyeurism; abuse; alcoholics anonymous,Tate Taylor,2016.0,"Crime, Drama, Mystery",,112.0,2016.0,Emily Blunt,,A divorcee becomes entangled in a missing persons investigation that promises to send shockwaves throughout her life.,5842.0,tt3631112,346685.0,iTunes,https://image.tmdb.org/t/p/w500/AhTO2QWG0tug7yDoh0XoaMhPt3J.jpg
The Godfather,V0747,9.2,97.0,R,The Godfather Collection,Based on novel or book; loss of loved one; love at first sight; italy; symbolism; patriarch; europe; organized crime; mafia; religion; lawyer; revenge motive; crime family; sicilian mafia; religious hypocrisy; gun violence; rise to power; dead horse; gang violence; aggressive; 1940s; 1950s; mafia war; vindictive; tense; audacious; familiar,Francis Ford Coppola,1972.0,Crime | Drama,Won 3 Oscars. 31 wins & 31 nominations total,175.0,1972.0,Marlon Brando,Al Pacino | James Caan | Marlon Brando,"Spanning the years 1945 to 1955, a chronicle of the fictional Italian-American Corleone crime family. When organized crime family patriarch, Vito Corleone barely survives an attempt on his life, his youngest son, Michael steps in to take care of the would-be killers, launching a campaign of bloody revenge.",2121667.0,tt0068646,238.0,iTunes,https://image.tmdb.org/t/p/w500/3bhkrj58Vtu7enYsRolD1fZdja1.jpg
The Godfather Part II,V0748,9.0,96.0,R,The Godfather Collection,New year's eve; new york city; based on novel or book; italian american; cuba; italy; gangster; praise; blackmail; symbolism; senator; revenge; murder; betrayal; organized crime; extortion; mafia; lawyer; suburb; sicilian mafia; corrupt politician; aggressive; 1950s; new year; vindictive; cautionary; grand; violence; admiring; audacious,Francis Ford Coppola,1974.0,Crime | Drama,Won 6 Oscars. 17 wins & 21 nominations total,202.0,1974.0,Al Pacino,Al Pacino | Diane Keaton | Robert Duvall,"In the continuing saga of the Corleone crime family, a young Vito Corleone grows up in Sicily and in 1910s New York. In the 1950s, Michael Corleone attempts to expand the family business into Las Vegas, Hollywood and Cuba.",1424468.0,tt0071562,240.0,iTunes,https://image.tmdb.org/t/p/w500/hek3koDUyRQk7FIhPXsa6mT2Zc3.jpg
The Godfather Part III: The Coppola Restoration,V0749,,,,,,Not Found,,Nan,,,,,,,,,,iTunes,
The Good Liar,V0750,6.7,64.0,R,,Based on novel or book; con artist,Bill Condon,2019.0,Crime,6 nominations total,109.0,2019.0,Helen Mirren,Helen Mirren | Ian McKellen | Russell Tovey,"Career con man Roy sets his sights on his latest mark: recently widowed Betty, worth millions. And he means to take it all. But as the two draw closer, what should have been another simple swindle takes on the ultimate stakes.",51520.0,tt5563334,511322.0,iTunes,https://image.tmdb.org/t/p/w500/6kmxXfg3aSWrzUlEPt2L0YD4jz9.jpg
The Grand Budapest Hotel,V0751,8.1,92.0,R,,Hotel; painting; wartime; affectation; eastern europe; author; gunfight; theft; bellboy; mentor protégé relationship; european; hotel lobby; renaissance painting; 1960s; 1930s; ironic; complex; loving; joyous; admiring; adoring; celebratory; cheerful; comforting; conceited; euphoric; forceful; joyful,Wes Anderson,2014.0,Comedy | Drama,Won 4 Oscars. 135 wins & 227 nominations total,100.0,2014.0,Ralph Fiennes,F. Murray Abraham | Mathieu Amalric | Ralph Fiennes,"The Grand Budapest Hotel tells of a legendary concierge at a famous European hotel between the wars and his friendship with a young employee who becomes his trusted protégé. The story involves the theft and recovery of a priceless Renaissance painting, the battle for an enormous family fortune and the slow and then sudden upheavals that transformed Europe during the first half of the 20th century.",925564.0,tt2278388,120467.0,iTunes,https://image.tmdb.org/t/p/w500/eWdyYQreja6JGCzqHWXpWHDrrPo.jpg
The Great Gatsby,V0752,7.361,,,,Infidelity; based on novel or book; obsession; hope; long island | New york; 1920s; voiceover,Baz Luhrmann,2013.0,"Drama, Romance",,143.0,1974.0,Leonardo DiCaprio,,"A writer and wall street trader, Nick Carraway, finds himself drawn to the past and lifestyle of his mysterious millionaire neighbor, Jay Gatsby, amid the riotous parties of the Jazz Age.",12597.0,tt1343092,64682.0,iTunes,https://image.tmdb.org/t/p/w500/nimh1rrDDLhgpG8XAYoUZXHYwb6.jpg
The Great Wall,V0753,5.9,35.0,PG-13,,Monster; china; archer; female soldier; historical fiction; explosion; period drama; british soldier; great wall of china; 15th century; female general; war; appreciative; bold,Zhang Yimou,2016.0,Action | Adventure | Fantasy,3 wins & 2 nominations,103.0,2016.0,Matt Damon,Jing Tian | Matt Damon | Willem Dafoe,European mercenaries searching for black powder become embroiled in the defense of the Great Wall of China against a horde of monstrous creatures.,151140.0,tt2034800,311324.0,iTunes,https://image.tmdb.org/t/p/w500/p70dq1YxabemdZDm5K6Q8G10wSn.jpg
The Green Inferno,V0754,5.4,38.0,R,,Amazon rainforest; chile; jungle; cannibal; south america,Eli Roth,2013.0,Adventure | Horror,1 win & 6 nominations total,100.0,2013.0,Lorenza Izzo,Ariel Levy | Lorenza Izzo | Sky Ferreira,"A group of student activists travel from New York City to the Amazon to save the rainforest.  However, once they arrive in this vast green landscape, they soon discover that they are not alone… and that no good deed goes unpunished.",51659.0,tt2403021,171424.0,iTunes,https://image.tmdb.org/t/p/w500/dTnAYyUwp6lT0cKrt4aNujj5mdF.jpg
The Grey,V0755,6.7,80.0,R,,Wolf; flashback; alaska; airplane crash; struggle for survival; based on short story; campfire; male camaraderie; oil rig ; aftercreditsstinger; wolf pack; american wilderness; aggressive; grieving man; outdoors; wolf hunter,Joe Carnahan,2011.0,Action | Adventure | Drama | Thriller,,117.0,2012.0,Liam Neeson,Dermot Mulroney | Frank Grillo | Liam Neeson,"Following a grueling five-week shift at an Alaskan oil refinery, workers led by sharpshooter John Ottway are flying home for a much-needed vacation. But a brutal storm causes their plane to crash in the frozen wilderness, and only eight men, including Ottway, survive. As they trek southward toward civilization and safety, Ottway and his companions must battle mortal injuries, the icy elements, and a pack of hungry wolves.",267812.0,tt1601913,75174.0,iTunes,https://image.tmdb.org/t/p/w500/a0Vt3wx8ciKmPt4iXPx9sH4HBVU.jpg
The Grudge,V0756,5.9,40.0,PG-13,The Grudge Collection,Japan; old woman; catatonia; suspenseful; sinister; frightened; ominous | Nurse; house; remake; curse; tokyo,Takashi Shimizu,2004.0,Horror | Mystery | Thriller,2 wins & 10 nominations total,92.0,2004.0,Sarah Michelle Gellar,Jason Behr | Sarah Michelle Gellar | Takako Fuji,"An American nurse living and working in Tokyo is exposed to a mysterious supernatural curse, one that locks a person in a powerful rage before claiming their life and spreading to another victim.",154163.0,tt0391198,1970.0,iTunes,https://image.tmdb.org/t/p/w500/5AGB8FVELnhMMw3nO372sw1xp58.jpg
The Guest,V0757,6.7,92.0,R,,High school; psychopath; harassment; halloween; diner; bullying; arms dealer; iraq war veteran; sociopath; grief; murder; soldier; killing spree; ex soldier; brawl; halloween costume; paranoid; aggressive; clinical; harsh,Adam Wingard,2014.0,Action | Mystery | Thriller,5 wins & 13 nominations total,101.0,2014.0,Dan Stevens,Brendan Meyer | Dan Stevens | Maika Monroe,"A soldier introduces himself to the Peterson family, claiming to be a friend of their son who died in action. After the young man is welcomed into their home, a series of accidental deaths seem to be connected to his presence.",110632.0,tt2980592,241848.0,iTunes,https://image.tmdb.org/t/p/w500/8hGMD8PhOJrzkew0RZyOWqDhGJR.jpg
The Guilt Trip,V0758,5.8,36.0,PG-13,,Mother; inventor; parent child relationship; road trip; guilt; woman director,Anne Fletcher,2012.0,Comedy,1 nomination total,95.0,2012.0,Seth Rogen,Barbra Streisand | Seth Rogen | Yvonne Strahovski,An inventor and his mom hit the road together so he can sell his latest invention.,41185.0,tt1694020,82687.0,iTunes,https://image.tmdb.org/t/p/w500/55JqWqocsMNx5uanELDRDFqu40J.jpg
The Gunman,V0759,5.764,,,,,Pierre Morel,2015.0,"Action, Crime, Mystery",,115.0,2015.0,Sean Penn,,"A sniper on a mercenary assassination team kills the minister of mines in the Democratic Republic of the Congo. His kill shot forces him into hiding. After returning to the Congo years later, he becomes the target of a hit squad h...",976.0,tt2515034,,iTunes,https://m.media-amazon.com/images/M/MV5BMTk5NTYzMDAxOF5BMl5BanBnXkFtZTgwNjY3NzMwNDE@._V1_SX300.jpg
The Hangover,V0760,7.7,79.0,R,The Hangover Collection,Blackjack; stag night; lost weekend; chapel; hit with tire iron; memory loss; las vegas; drugs; irreverent; absurd; dramatic; hilarious; amused; celebratory; farcical; 宿醉,Todd Phillips,2009.0,Comedy,Nominated for 1 BAFTA Award13 wins & 25 nominations total,100.0,2009.0,Bradley Cooper,Bradley Cooper | Ed Helms | Zach Galifianakis,"When three friends finally come to after a raucous night of bachelor-party revelry, they find a baby in the closet and a tiger in the bathroom. But they can't seem to locate their best friend, Doug – who's supposed to be tying the knot. Launching a frantic search for Doug, the trio perseveres through a nasty hangover to try to make it to the church on time.",880325.0,tt1119646,18785.0,iTunes,https://image.tmdb.org/t/p/w500/A0uS9rHR56FeBtpjVki16M5xxSW.jpg
The Hangover Part II,V0761,6.5,34.0,R,The Hangover Collection,Stag night; memory loss; undercover cop; drugs; 宿醉2,Todd Phillips,2011.0,Comedy,5 wins & 18 nominations total,102.0,2011.0,Bradley Cooper,Bradley Cooper | Ed Helms | Zach Galifianakis,"The Hangover crew heads to Thailand for Stu's wedding. After the disaster of a bachelor party in Las Vegas last year, Stu is playing it safe with a mellow pre-wedding brunch. However, nothing goes as planned and Bangkok is the perfect setting for another adventure with the rowdy group.",550981.0,tt1411697,45243.0,iTunes,https://image.tmdb.org/t/p/w500/7sGkjqorTHkaHTz8Q4WWHj8JL9t.jpg
The Happytime Murders,V0762,5.5,23.0,R,,Prostitute; fbi; adult humor; puppet; spoof; puppetry; drug lord; buddy cop,Brian Henson,2018.0,Action | Comedy | Crime,2 wins & 10 nominations total,90.0,2018.0,Melissa McCarthy,Bill Barretta | Leslie David Baker | Melissa McCarthy,"In a world where human beings and puppets live together, when the members of the cast of a children's television show aired during the 1990s begin to get murdered one by one, puppet Phil Philips, a former LAPD detective who fell in disgrace and turned into a private eye, takes on the case at the request of his old boss in order to assist detective Edwards, who was his partner in the past.",31237.0,tt1308728,412988.0,iTunes,https://image.tmdb.org/t/p/w500/rWxkur51srfVnMn2QOFjE7mbq6h.jpg
The Harvey Girls,V0763,7.0,100.0,Approved,,Saloon; waitress; restaurant; love letter; musical; mail order bride; train; saloon owner; dancehall girl; restaurant chain; saloon singer; saloon brawl; bar brawl; working women; charming hostess; friendship between women; group of young women; working girl; many beautiful girls; restaurant management; dancing girls; cheerful girl,George Sidney,1946.0,Comedy | Music | Romance | Western,Won 1 Oscar. 1 win & 1 nomination total,104.0,1946.0,Judy Garland,John Hodiak | Judy Garland | Ray Bolger,"On a train trip out west to become a mail-order bride, Susan Bradley meets a cheery crew of young women traveling out to open a ""Harvey House"" restaurant at a remote whistle-stop.",4976.0,tt0038589,28907.0,iTunes,https://image.tmdb.org/t/p/w500/jk38rtmtxoLkHDLjLP7u7QhfkRH.jpg
The Hateful Eight,V0764,7.8,74.0,R,,Bounty hunter; wyoming | Usa; narration; mountain; hangman; whodunit; stagecoach; blizzard; post civil war; 19th century; grim; dramatic; male rape; intense,Quentin Tarantino,2015.0,Drama | Mystery | Western,Won 1 Oscar. 46 wins & 116 nominations total,188.0,2015.0,Samuel L. Jackson,Jennifer Jason Leigh | Kurt Russell | Samuel L. Jackson,Bounty hunters seek shelter from a raging blizzard and get caught up in a plot of betrayal and deception.,687194.0,tt3460252,273248.0,iTunes,https://image.tmdb.org/t/p/w500/jIywvdPjia2t3eKYbjVTcwBQlG8.jpg
The Heat,V0765,6.6,65.0,R,,Drug dealer; police; undercover; workaholic; boston | Massachusetts; fbi; crime boss; witness protection; ambition; murder; drugs; female cop; drinking; interrogation; drug lord; family conflict; female detective; buddy cop; buddy comedy; opposites; tough cop; arrogance; dea; drunkenness; special agent; zealous; brother sister relationship; playful; relaxed; fbi agent; irreverent; no friends; whimsical; amused; familiar; vibrant,Paul Feig,2013.0,Action | Comedy | Crime,7 wins & 16 nominations,117.0,2013.0,Sandra Bullock,Demián Bichir | Melissa McCarthy | Sandra Bullock,"Uptight and straight-laced, FBI Special Agent Sarah Ashburn is a methodical investigator with a reputation for excellence--and hyper-arrogance. Shannon Mullins, one of Boston P.D.'s ""finest,"" is foul-mouthed and has a very short fuse, and uses her gut instinct and street smarts to catch the most elusive criminals. Neither has ever had a partner, or a friend for that matter. When these two wildly incompatible law officers join forces to bring down a ruthless drug lord, they become the last thing anyone expected: buddies.",183455.0,tt2404463,136795.0,iTunes,https://image.tmdb.org/t/p/w500/yERBa1y5zNUOTRKQPiDCPIc2fuv.jpg
The Hitchhikers Guide to the Galaxy,V0766,6.676,,,,Galaxy; android; bureaucracy; based on novel or book; chase; space travel; alien; survival; stop motion; hitchhiker; robot; alien invasion; space opera; hyperspace; meaning of life; destruction of earth; intergalactic travel; islington england; lighthearted; absurd; excited; exuberant,Garth Jennings,2005.0,Adventure | Comedy | Science Fiction,,109.0,2005.0,,,"Mere seconds before the Earth is to be demolished by an alien construction crew, Arthur Dent is swept off the planet by his friend Ford Prefect, a researcher penning a new edition of ""The Hitchhiker's Guide to the Galaxy.",4022.0,,7453.0,iTunes,https://image.tmdb.org/t/p/w500/yr9A3KGQlxBh3yW0cmglsr8aMIz.jpg
The Hitman's Bodyguard,V0767,6.9,44.0,R,The Hitman's Bodyguard Collection,Assassin; court; england; hitman; bodyguard; travel; on the run; criminal; killer; courtroom; opposites attract; buddy comedy; aftercreditsstinger; testify,Patrick Hughes,2017.0,Action | Comedy | Crime | Thriller,1 win & 9 nominations total,118.0,2017.0,Ryan Reynolds,Gary Oldman | Ryan Reynolds | Samuel L. Jackson,"The world’s top bodyguard gets a new client, a hitman who must testify at the International Court of Justice. They must put their differences aside and work together to make it to the trial on time.",254544.0,tt1959563,390043.0,iTunes,https://image.tmdb.org/t/p/w500/5CGjlz2vyBhW5xHW4eNOZIdgzYq.jpg
The Hobbit: An Unexpected Journey,V0768,7.8,64.0,PG-13,The Hobbit Collection,Based on novel or book; orcs; elves; dwarf; magic; horseback riding; sword; burglar; legend; riddle; mountain; contract; travel; troll; creature; thunderstorm; fantasy world; wizard; epic battle; lost ring; journey; ring; tunnel; underground lake; buried treasure; invisibility; quest; live action and animation; high fantasy; sword and sorcery; trekking; goblins; good versus evil; creatures; fantasy creature; amused; excited; hobbit,Peter Jackson,2012.0,Action | Adventure | Fantasy,Nominated for 3 Oscars. 11 wins & 76 nominations total,169.0,2012.0,Martin Freeman,Ian McKellen | Martin Freeman | Richard Armitage,"Bilbo Baggins, a hobbit enjoying his quiet life, is swept into an epic quest by Gandalf the Grey and thirteen dwarves who seek to reclaim their mountain home from Smaug, the dragon.",900813.0,tt0903624,49051.0,iTunes,https://image.tmdb.org/t/p/w500/yHA9Fc37VmpUA5UncTxxo3rTGVA.jpg
The Hobbit: The Battle of the Five Armies,V0770,7.4,59.0,R,The Hobbit Collection,Gold; corruption; based on novel or book; orcs; elves; dwarf; mine; mountain; sequel; dragon; battle; unlikely friendship; fantasy world; wizard; epic battle; ring; invisibility; live action and animation; high fantasy; sword and sorcery; good versus evil; creatures; dwarves; hobbits; trolls; hobbit; armies,Peter Jackson,2014.0,Action | Adventure | Fantasy,Nominated for 1 Oscar. 8 wins & 56 nominations total,144.0,2014.0,Ian McKellen,Ian McKellen | Martin Freeman | Richard Armitage,"Following Smaug's attack on Laketown, Bilbo and the dwarves try to defend Erebor's mountain of treasure from others who claim it: the men of the ruined Laketown and the elves of Mirkwood. Meanwhile an army of Orcs led by Azog the Defiler is marching on Erebor, fueled by the rise of the dark lord Sauron. Dwarves, elves and men must unite, and the hope for Middle-Earth falls into Bilbo's hands.",595482.0,tt2310332,122917.0,iTunes,https://image.tmdb.org/t/p/w500/xT98tLqatZPQApyRmlPL12LtiWp.jpg
The Hobbit: The Desolation of Smaug,V0772,7.8,74.0,PG-13,The Hobbit Collection,Gold; lake; based on novel or book; orcs; elves; dwarf; shapeshifting; mountain; giant spider; sequel; bear; dragon; turns into animal; barrel; fantasy world; wizard; journey; ring; invisibility; captured; live action and animation; high fantasy; sword and sorcery; trekking; good versus evil; creatures; dwarves; epic quest; trolls; hobbit,Peter Jackson,2013.0,Action | Adventure | Fantasy,Nominated for 3 Oscars. 19 wins & 90 nominations total,161.0,2013.0,Ian McKellen,Ian McKellen | Martin Freeman | Richard Armitage,"The Dwarves, Bilbo and Gandalf have successfully escaped the Misty Mountains, and Bilbo has gained the One Ring. They all continue their journey to get their gold back from the Dragon, Smaug.",731147.0,tt1170358,57158.0,iTunes,https://image.tmdb.org/t/p/w500/xQYiXsheRCDBA39DOrmaw1aSpbk.jpg
The Hobbit: The Desolation of Smaug,V0773,7.572,,PG-13,,,Not Found,2013.0,Action | Adventure | Fantasy,,186.0,2014.0,,,"The Dwarves, Bilbo and Gandalf have successfully escaped the Misty Mountains, and Bilbo has gained the One Ring. They all continue their journey to get their gold back from the Dragon, Smaug.",13635.0,tt21824192,,iTunes,https://m.media-amazon.com/images/M/MV5BM2MwYWFmZmMtY2JhNy00N2VkLTgwZjUtMDhkOWRmMjY5OWY4XkEyXkFqcGdeQXVyMTEwNDU1MzEy._V1_SX300.jpg
The Holiday,V0774,7.0,51.0,PG-13,,California; multiple storylines; woman director; christmas; christmas romance; house swapping; holiday romance | England; holiday; movie business; christmas party; country house; vacation; surrey; romance; los angeles | London,Nancy Meyers,2006.0,Comedy | Romance,2 wins & 12 nominations total,136.0,2006.0,Cameron Diaz,Cameron Diaz | Jude Law | Kate Winslet,"Two women, one American and one British, swap homes at Christmastime following bad breakups. Each woman finds romance with a local man but realizes that the imminent return home may end the relationship.",348202.0,tt0457939,1581.0,iTunes,https://image.tmdb.org/t/p/w500/h1ITOpvJN3Tw4Sy60w2QTfYMvdd.jpg
The Host,V0775,7.0,,,,,Bong Joon Ho,2006.0,"Drama, Horror, Sci-Fi",,120.0,2006.0,Song Kang-ho,,A monster emerges from Seoul's Han River and begins attacking people. One victim's loving family does what it can to rescue her from its clutches.,2949.0,tt0468492,,iTunes,https://m.media-amazon.com/images/M/MV5BMTU4OTEzMzg4OF5BMl5BanBnXkFtZTcwMzUyNzYzMQ@@._V1_SX300.jpg
The House With a Clock In Its Walls,V0776,6.1,65.0,PG,,Based on novel or book; clock; haunted house; uncle; pumpkin; orphan; warlock; secret passageway; 1950s; magician; amused,Eli Roth,2018.0,Comedy | Family | Fantasy | Horror,1 win & 1 nomination total,105.0,2018.0,,,"When ten-year-old Lewis is suddenly orphaned, he is sent to live with his Uncle Jonathan in a creaky (and creepy) old mansion with a mysterious ticking noise that emanates from the walls. Upon discovering that his uncle is a warlock, Lewis begins learning magic, but when he rebelliously resurrects an evil warlock he must find the secret of the house and save the world from destruction.",56865.0,tt2119543,463821.0,iTunes,https://image.tmdb.org/t/p/w500/qM66Hv4ByAxnilr0jaqCA9uOD4Y.jpg
The Hunger Games,V0777,7.2,84.0,PG-13,The Hunger Games Collection,Based on novel or book; revolution; dystopia; female protagonist; bow and arrow; game; archery; death match; survival competition; forced to kill; based on young adult novel,Gary Ross,2012.0,Adventure | Fantasy | Science Fiction,Won 1 BAFTA Award34 wins & 49 nominations total,142.0,2012.0,Jennifer Lawrence,Jennifer Lawrence | Josh Hutcherson | Liam Hemsworth,"Every year in the ruins of what was once North America, the nation of Panem forces each of its twelve districts to send a teenage boy and girl to compete in the Hunger Games.  Part twisted entertainment, part government intimidation tactic, the Hunger Games are a nationally televised event in which “Tributes” must fight with one another until one survivor remains.  Pitted against highly-trained Tributes who have prepared for these Games their entire lives, Katniss is forced to rely upon her sharp instincts as well as the mentorship of drunken former victor Haymitch Abernathy.  If she’s ever to return home to District 12, Katniss must make impossible choices in the arena that weigh survival against humanity and life against love. The world will be watching.",1034868.0,tt1392170,70160.0,iTunes,https://image.tmdb.org/t/p/w500/yXCbOiVDCxO71zI7cuwBRXdftq8.jpg
The Hunger Games: Catching Fire,V0778,7.5,90.0,PG-13,The Hunger Games Collection,Rebellion; based on novel or book; propaganda; dystopia; uprising; sequel; president; survival; murder; conspiracy; female protagonist; tournament; game; survival competition; based on young adult novel,Francis Lawrence,2013.0,Action | Adventure | Science Fiction,22 wins & 68 nominations total,146.0,2013.0,Jennifer Lawrence,Jennifer Lawrence | Josh Hutcherson | Liam Hemsworth,"Katniss Everdeen has returned home safe after winning the 74th Annual Hunger Games along with fellow tribute Peeta Mellark. Winning means that they must turn around and leave their family and close friends, embarking on a ""Victor's Tour"" of the districts. Along the way Katniss senses that a rebellion is simmering, but the Capitol is still very much in control as President Snow prepares the 75th Annual Hunger Games (The Quarter Quell) - a competition that could change Panem forever.",746857.0,tt1951264,101299.0,iTunes,https://image.tmdb.org/t/p/w500/vrQHDXjVmbYzadOXQ0UaObunoy2.jpg
The Hunger Games: Mockingjay - Part 1,V0779,6.6,70.0,PG-13,The Hunger Games Collection,Based on novel or book; resistance; dystopia; post-apocalyptic future; sequel; female protagonist; bow and arrow; game; future war; revolt; class prejudice; human subjugation; based on young adult novel,Francis Lawrence,2014.0,Adventure | Science Fiction | Thriller,21 wins & 32 nominations total,123.0,2014.0,Jennifer Lawrence,Jennifer Lawrence | Josh Hutcherson | Liam Hemsworth,Katniss Everdeen reluctantly becomes the symbol of a mass rebellion against the autocratic Capitol.,523819.0,tt1951265,131631.0,iTunes,https://image.tmdb.org/t/p/w500/4FAA18ZIja70d1Tu5hr5cj2q1sB.jpg
The Hunger Games: Mockingjay - Part 2,V0780,6.6,70.0,PG-13,The Hunger Games Collection,Strong woman; based on novel or book; revolution; dystopia; death match; based on young adult novel,Francis Lawrence,2015.0,Action | Adventure | Science Fiction,15 wins & 34 nominations total,137.0,2015.0,Jennifer Lawrence,Jennifer Lawrence | Josh Hutcherson | Liam Hemsworth,"With the nation of Panem in a full scale war, Katniss confronts President Snow in the final showdown. Teamed with a group of her closest friends – including Gale, Finnick, and Peeta – Katniss goes off on a mission with the unit from District 13 as they risk their lives to stage an assassination attempt on President Snow who has become increasingly obsessed with destroying her. The mortal traps, enemies, and moral choices that await Katniss will challenge her more than any arena she faced in The Hunger Games.",392616.0,tt1951266,131634.0,iTunes,https://image.tmdb.org/t/p/w500/lImKHDfExAulp16grYm8zD5eONE.jpg
The Hunger Games: The Ballad of Songbirds and Snakes,V0781,6.995,,,The Hunger Games Collection,Daughter; based on novel or book; arena; fight; mentor; dystopia; riot; exploration; president; prequel; survival; murder; snow; creature; battle; fight to the death; curious; young adult; reflective; origin story; based on young adult novel; provocative; death game; teenager; critical; admiring; assertive,Francis Lawrence,2023.0,Action | Adventure | Drama | Science Fiction,,157.0,2023.0,,,"64 years before he becomes the tyrannical president of Panem, Coriolanus Snow sees a chance for a change in fortunes when he mentors Lucy Gray Baird, the female tribute from District 12.",3204.0,,695721.0,iTunes,https://image.tmdb.org/t/p/w500/lrkOYL5GBTFW9cgs9RlojxAcZZF.jpg
The Hunt,V0782,6.632,,,,Dark comedy; gore; hunting human beings; satire; murder; death game,Craig Zobel,2012.0,"Action, Horror, Thriller",,90.0,2020.0,Betty Gilpin,,"Twelve strangers wake up in a clearing. They don't know where they are, or how they got there. They don't know they've been chosen - for a very specific purpose - The Hunt.",3423.0,tt8244784,514847.0,iTunes,https://image.tmdb.org/t/p/w500/wxPhn4ef1EAo5njxwBkAEVrlJJG.jpg
The Huntsman: Winter's War,V0783,6.287,,,,,Not Found,2016.0,Action | Adventure | Drama,,114.0,2016.0,,,"As two evil sisters prepare to conquer the land, two renegades—Eric the Huntsman, who aided Snow White in defeating Ravenna in Snowwhite and the Huntsman, and his forbidden lover, Sara—set out to stop them.",4905.0,,,iTunes,https://m.media-amazon.com/images/M/MV5BMjY0YTM4ZTAtZjliYS00YzgwLTg0NWEtYzgwNWViMTNiOTQ1XkEyXkFqcGc@._V1_SX300.jpg
The Incredibles,V0784,7.716,,PG,The Incredibles Collection,Hero; secret identity; superhero; villain; family relationships; super power; supervillain; 1950s; 1960s; superhero family,Brad Bird,2004.0,Action | Adventure | Animation | Family,Won 2 Oscars. 69 wins & 56 nominations total,115.0,2004.0,Craig T. Nelson,Craig T. Nelson | Holly Hunter | Sarah Vowell,"Bob Parr has given up his superhero days to log in time as an insurance adjuster and raise his three children with his formerly heroic wife in suburbia. But when he receives a mysterious assignment, it's time to get back into costume.",18250.0,tt0317705,9806.0,iTunes,https://image.tmdb.org/t/p/w500/2LqaLgk4Z226KkgPJuiOQ58wvrm.jpg
The Internship,V0785,6.3,34.0,PG-13,,,Aaron Christian,2013.0,Nan,,12.0,2019.0,,,"The Internship is a short film about race, class and privilege within the creative industries. It follows Josh, a young design graduate working in a dead end job has a chance meeting with his idol, a famous design magazine editor who offers him a rare and prestigious internship. However, he must convince a family to who internships mean an extra financial burden, and in an industry in which their culture has never really been well represented; that it’s a chance worth taking.",218266.0,tt2234155,613130.0,iTunes,https://image.tmdb.org/t/p/w500/lKZYAaDOh26nwISWVXxVERX7lKU.jpg
The Invisible Man,V0786,7.1,,,,Based on novel or book; pregnancy; architect; fake suicide; stalker; murder; domestic abuse; scientist; police detective; death; invisible person; mental hospital; angry; woman in peril; invisible man; frightened,Leigh Whannell,2020.0,"Drama, Horror, Mystery",,124.0,2020.0,Elisabeth Moss,,"When Cecilia's abusive ex takes his own life and leaves her his fortune, she suspects his death was a hoax. As a series of coincidences turn lethal, Cecilia works to prove that she is being hunted by someone nobody can see.",5976.0,tt1051906,570670.0,iTunes,https://image.tmdb.org/t/p/w500/5EufsDwXdY2CVttYOk2WtYhgKpa.jpg
The Italian Job,V0787,7.0,73.0,PG-13,,California; explosion; safecracker; television repair; based on movie; mentor protégé relationship; mini cooper; vengeance; father daughter relationship; heist thriller; suspenseful; gold heist | Gold; california; helicopter; hacker; venice | Italy; chase; subway; master thief; safe; heist; revenge; murder; double crossed; boat chase; los angeles,F. Gary Gray,2003.0,Action | Crime,7 wins & 9 nominations total,110.0,2003.0,Mark Wahlberg,Charlize Theron | Edward Norton | Mark Wahlberg,"Charlie Croker pulled off the crime of a lifetime. The one thing that he didn't plan on was being double-crossed. Along with a drop-dead gorgeous safecracker, Croker and his team take off to re-steal the loot and end up in a pulse-pounding, pedal-to-the-metal chase that careens up, down, above and below the streets of Los Angeles.",397282.0,tt0317740,9654.0,Vudu,https://image.tmdb.org/t/p/w500/eSkjK4kctyrWpFhxl35GPvSs6tI.jpg
The Judge,V0788,7.4,49.0,R,,Small town; indiana | Usa; judge; parent child relationship; dysfunctional family; trial; family relationships; lawyer; courtroom; courtroom drama; father son relationship; legal thriller,David Dobkin,2014.0,Drama,Nominated for 1 Oscar. 3 wins & 9 nominations total,141.0,2014.0,Robert Downey Jr.,Robert Downey Jr. | Robert Duvall | Vera Farmiga,"A successful lawyer returns to his hometown for his mother's funeral only to discover that his estranged father, the town's judge, is suspected of murder.",211552.0,tt1872194,205587.0,iTunes,https://image.tmdb.org/t/p/w500/3K93GWotLXe4FqpErri0xkpLaD5.jpg
The Karate Kid,V0789,7.3,89.0,PG,The Karate Kid Collection,Martial arts; duringcreditsstinger; karate kid; the karate kid; intense; pretentious; straightforward; tragic,Harald Zwart,1984.0,Action | Adventure | Drama | Family,5 wins & 12 nominations total,140.0,2010.0,Jaden Smith,Jackie Chan | Jaden Smith | Taraji P. Henson,"Twelve-year-old Dre Parker could have been the most popular kid in Detroit, but his mother's latest career move has landed him in China. Dre immediately falls for his classmate Mei Ying but the cultural differences make such a friendship impossible. Even worse, Dre's feelings make him an enemy of the class bully, Cheng. With no friends in a strange land, Dre has nowhere to turn but maintenance man Mr. Han, who is a kung fu master. As Han teaches Dre that kung fu is not about punches and parries, but maturity and calm, Dre realizes that facing down the bullies will be the fight of his life.",258154.0,tt0087538,38575.0,iTunes,https://image.tmdb.org/t/p/w500/b1RBy3l297N0c7PHjlz35cClWju.jpg
The Last Exorcism,V0790,5.7,71.0,PG-13,The Last Exorcism Collection,Farm; exorcism; louisiana; fraud; mockumentary; evil spirit; human sacrifice; evangelical; preacher; satanic ritual; found footage; satanic cult; documentary crew,Daniel Stamm,2010.0,Horror | Mystery | Thriller,7 wins & 10 nominations total,87.0,2010.0,Patrick Fabian,Ashley Bell | Iris Bahr | Patrick Fabian,"After years of performing “exorcisms” and taking believers’ money, Reverend Marcus travels to rural Louisiana with a film crew so he can dispel what he believes is the myth of demonic possession. The dynamic reverend is certain that this will be another routine “exorcism” on a disturbed religious fanatic but instead comes upon the blood-soaked farm of the Sweetzer family and a true evil he would have never thought imaginable.",53252.0,tt1320244,38358.0,iTunes,https://image.tmdb.org/t/p/w500/eOo9tgGjxdsQEgqc6g7E1NL8460.jpg
The Last House on the Left (Unrated) [2009],V0791,,,,,,Not Found,,Crime | Drama | Horror | Thriller,,,2009.0,,,"When athletic teen Mari Collingwood opts to hang out with her friend Paige in town rather than spend an evening in with her parents vacationing at the family's remote lake house, it marks the beginning of a night no one is going to forget.",,,,iTunes,
The Last of the Mohicans (Director's Definitive Cut),V0792,,,,,,Not Found,,Nan,,,,,,,,,,iTunes,
The Last Voyage of the Demeter,V0793,6.8,,R,,Ship; based on novel or book; sacrifice; vampire; supernatural; gothic horror; dracula; 1890s,André Øvredal,2023.0,Fantasy | Horror | Thriller,2 wins & 10 nominations total,119.0,2023.0,Corey Hawkins,Aisling Franciosi | Corey Hawkins | David Dastmalchian,The crew of the merchant ship Demeter attempts to survive the ocean voyage from Carpathia to London as they are stalked each night by a merciless presence onboard the ship.,1781.0,tt1001520,635910.0,iTunes,https://image.tmdb.org/t/p/w500/nrtbv6Cew7qC7k9GsYSf5uSmuKh.jpg
The Last Witch Hunter,V0794,5.9,18.0,PG-13,,Witch; new york city; magic; superstition; black magic; man; aircraft; woman murder; witch hunter,Breck Eisner,2015.0,Action | Adventure | Fantasy | Horror,1 nomination total,106.0,2015.0,Vin Diesel,Elijah Wood | Rose Leslie | Vin Diesel,"The modern world holds many secrets, but by far the most astounding is that witches still live among us; vicious supernatural creatures intent on unleashing the Black Death upon the world and putting an end to the human race once and for all. Armies of witch hunters have battled this unnatural enemy for centuries, including Kaulder, a valiant warrior who many years ago slayed the all-powerful Witch Queen, decimating her followers in the process. In the moments right before her death, the Queen cursed Kaulder with immortality, forever separating him from his beloved wife and daughter. Today, Kaulder is the last living hunter who has spent his immortal life tracking down rogue witches, all the while yearning for his long-lost family.",113053.0,tt1618442,274854.0,iTunes,https://image.tmdb.org/t/p/w500/gPA6PFBQPlAY7sCOCKKSSB7HyNl.jpg
The Legend of Hercules,V0795,4.3,5.0,PG-13,,Mythology; zeus; ancient greece; demigod; city of argos; mistaken parentage,Renny Harlin,2014.0,Action | Adventure,1 win & 7 nominations total,99.0,2014.0,Kellan Lutz,Gaia Weiss | Kellan Lutz | Liam McIntyre,"In Ancient Greece 1200 B.C., a queen succumbs to the lust of Zeus to bear a son promised to overthrow the tyrannical rule of the king and restore peace to a land in hardship. But this prince, Hercules, knows nothing of his real identity or his destiny. He desires only one thing: the love of Hebe, Princess of Crete, who has been promised to his own brother. When Hercules learns of his greater purpose, he must choose: to flee with his true love or to fulfill his destiny and become the true hero of his time. The story behind one of the greatest myths is revealed in this action-packed epic - a tale of love, sacrifice and the strength of the human spirit.",56855.0,tt1043726,188207.0,iTunes,https://image.tmdb.org/t/p/w500/aAnRHLq50AbGWEibXHjmLbp2Tze.jpg
The LEGO Movie,V0796,7.7,96.0,PG,The Lego Movie Collection,Friendship; parent child relationship; prophecy; superhero; villain; based on comic; part live action; based on toy; falling in love; anti villain; super power; good cop bad cop; duringcreditsstinger; live action and animation; lego; father son relationship; loving; mischievous; playful; irreverent; evil tyrant; witty; hilarious; whimsical; celebratory; euphoric; exhilarated; exuberant; ridiculous,"Phil Lord, Christopher Miller",2014.0,Adventure | Animation | Comedy | Family | Fantasy,Nominated for 1 Oscar. 72 wins & 67 nominations total,100.0,2014.0,,,"An ordinary Lego mini-figure, mistakenly thought to be the extraordinary MasterBuilder, is recruited to join a quest to stop an evil Lego tyrant from conquering the universe.",401561.0,tt1490017,137106.0,iTunes,https://image.tmdb.org/t/p/w500/lbctonEnewCYZ4FYoTZhs8cidAl.jpg
The Limey,V0797,6.9,92.0,R,,Prison; daughter; release from prison; investigation; suitcase; record producer; loss; revenge; stakeout; ex-con; warehouse; hired killer; narcotics; motel room; neo-noir; 1960s,Steven Soderbergh,1999.0,Crime | Drama | Mystery | Thriller,1 win & 9 nominations total,89.0,1999.0,Terence Stamp,Lesley Ann Warren | Luis Guzmán | Terence Stamp,"The Limey follows Wilson, a tough English ex-con who travels to Los Angeles to avenge his daughter's death. Upon arrival, Wilson goes to task battling Valentine and an army of L.A.'s toughest criminals, hoping to find clues and piece together what happened. After surviving a near-death beating, getting thrown from a building and being chased down a dangerous mountain road, the Englishman decides to dole out some bodily harm of his own.",35802.0,tt0165854,10388.0,iTunes,https://image.tmdb.org/t/p/w500/efAnFInZYrenNvBlLIXN2oLYyNc.jpg
The Lincoln Lawyer,V0798,7.3,83.0,R,,California; prostitute; based on novel or book; judge; attempted murder; video surveillance; jury; playboy; private investigator; lawyer; crime scene; motorcycle gang; courtroom; defense attorney; divorced father; courtroom drama; car driver; innocent in jail; murder of a prostitute; legal thriller; defense lawyer; attorney client privilege; high-profile client,Brad Furman,2011.0,Crime | Drama | Thriller,1 nomination total,119.0,2011.0,Matthew McConaughey,Matthew McConaughey | Ryan Phillippe | William H. Macy,"Mick Haller is a charismatic defense attorney who does business out of his Lincoln Continental sedan. Mick spends most of his time defending petty crooks and other bottom-feeders, so it comes as quite a surprise when he lands the case of a lifetime: defending a Beverly Hills playboy who is accused of attempted murder. However, what Mick initially thinks is an open-and-shut case with a big monetary reward develops into something more sinister.",262057.0,tt1189340,50348.0,iTunes,https://image.tmdb.org/t/p/w500/gOn8Ve9Yi8fxjRkmLr5BZoOc7KV.jpg
The Lion King,V0799,8.256,,,The Lion King (Reboot) Collection,Africa; lion; prince; redemption; musical; uncle; remake; grief; king; family; sidekick; live action and animation; father son relationship; live action remake,Jon Favreau,1994.0,"Animation, Adventure, Drama",,118.0,1994.0,Donald Glover,,"After the murder of his father, a young lion prince flees his kingdom only to learn the true meaning of responsibility and bravery.",19012.0,tt6105098,420818.0,iTunes,https://image.tmdb.org/t/p/w500/dzBtMocZuJbjLOXvrl4zGYigDzh.jpg
The Little Mermaid 2: Return to the Sea,V0800,6.394,,,,,"Jim Kammerud, Brian Smith(co-director), Bill Speers(co-director)",2000.0,"Animation, Drama, Family, Fantasy, Musical",,75.0,2018.0,Jodi Benson,,"To protect her from a sea witch, Ariel's daughter is not allowed in the ocean; but when she becomes 12, she runs away to an adventure under the sea.",1744.0,tt0240684,,iTunes,https://m.media-amazon.com/images/M/MV5BYjMwNTkwYzktMWEzZC00MmQ5LWE5YjQtZWExY2ZjODExNDgyXkEyXkFqcGdeQXVyMTQxNzMzNDI@._V1_SX300.jpg
The Lodge,V0801,6.0,75.0,R,,Rape; attempted murder; lodge; vacation; physicist,"Brad Helmink, John Rauschelbach",2019.0,Horror | Thriller,2 wins & 1 nomination,83.0,2008.0,Deanna Cramer,Deanna Cramer | Elizabeth Kell | Liz Jones,A young couple's weekend getaway at a secluded mountain ranch becomes an unfathomable nightmare when they discover the truth about the caretaker.,60434.0,tt7347846,35247.0,iTunes,https://image.tmdb.org/t/p/w500/13Z36tF6dxpBrkDQOsGaabxwHoz.jpg
The Loft,V0802,6.3,15.0,R,,Male friendship; murder; love affair; extramarital affair; murder mystery,Erik Van Looy,2014.0,Thriller,1 nomination total,108.0,2014.0,Karl Urban,James Marsden | Karl Urban | Wentworth Miller,"For five men, the opportunity to share a penthouse in the city -- in which to carry on extramarital affairs -- is a dream come true, until the dead body of an unknown woman turns up. Realizing that her killer must be one of their group, the men are gripped by paranoia as each one suspects another. Friendships are tested, loyalties are questioned, and marriages crumble while fear and suspicion run rampant.",61002.0,tt1850397,72784.0,iTunes,https://image.tmdb.org/t/p/w500/msHg4MRKZBcGwIakhMEaYRSdYag.jpg
The Longest Ride,V0803,7.0,31.0,PG-13,,Based on novel or book; art student; love; cowboy; injury; bull riding; young adult,George Tillman Jr.,2015.0,Drama | Romance,1 win & 5 nominations,128.0,2015.0,Britt Robertson,Alan Alda | Britt Robertson | Scott Eastwood,The lives of a young couple intertwine with a much older man as he reflects back on a lost love while he's trapped in an automobile crash.,90312.0,tt2726560,228205.0,iTunes,https://image.tmdb.org/t/p/w500/qdUVfvPBvT6cetDDM7rn8y2CNZE.jpg
The Lord of the Rings: The Fellowship of the Ring,V0804,8.9,92.0,PG-13,The Lord of the Rings Collection,Based on novel or book; orcs; elves; dwarf; magic; obsession; bravery; fireworks; mine; maze; mountain; castle; birthday party; battle; demon; blizzard; uncle nephew relationship; fantasy world; journey; ring; invisibility; live action and animation; hero's journey; wraith; sword and sorcery; trekking; loving; good versus evil; creatures; admiring; appreciative; epic quest; hobbits; trolls,Peter Jackson,2001.0,Action | Adventure | Fantasy,Won 4 Oscars. 125 wins & 126 nominations total,179.0,2001.0,Elijah Wood,Elijah Wood | Ian McKellen | Viggo Mortensen,"Young hobbit Frodo Baggins, after inheriting a mysterious ring from his uncle Bilbo, must leave his home in order to keep it from falling into the hands of its evil creator. Along the way, a fellowship is formed to protect the ringbearer and make sure that the ring arrives at its final destination: Mt. Doom, the only place where it can be destroyed.",2104541.0,tt0120737,120.0,iTunes,https://image.tmdb.org/t/p/w500/6oom5QYQ2yQTMJIbnvbkBL9cHo6.jpg
The Lord of the Rings: The Return of the King,V0806,8.489,,,,,Not Found,2003.0,Action | Adventure | Fantasy,,201.0,2003.0,,,"As armies mass for a final battle that will decide the fate of the world--and powerful, ancient forces of Light and Dark compete to determine the outcome--one member of the Fellowship of the Ring is revealed as the noble heir to the throne of the Kings of Men. Yet, the sole hope for triumph over evil lies with a brave hobbit, Frodo, who, accompanied by his loyal friend Sam and the hideous, wretched Gollum, ventures deep into the very dark heart of Mordor on his seemingly impossible quest to destroy the Ring of Power.​",25443.0,,,iTunes,https://m.media-amazon.com/images/M/MV5BMTZkMjBjNWMtZGI5OC00MGU0LTk4ZTItODg2NWM3NTVmNWQ4XkEyXkFqcGc@._V1_SX300.jpg
The Lord of the Rings: The Two Towers,V0807,8.41,,,,,Not Found,2002.0,Action | Adventure | Fantasy,,179.0,2002.0,,,"Frodo Baggins and the other members of the Fellowship continue on their sacred quest to destroy the One Ring--but on separate paths. Their destinies lie at two towers--Orthanc Tower in Isengard, where the corrupt wizard Saruman awaits, and Sauron's fortress at Barad-dur, deep within the dark lands of Mordor. Frodo and Sam are trekking to Mordor to destroy the One Ring of Power while Gimli, Legolas and Aragorn search for the orc-captured Merry and Pippin. All along, nefarious wizard Saruman awaits the Fellowship members at the Orthanc Tower in Isengard.",22902.0,,,iTunes,https://m.media-amazon.com/images/M/MV5BMGQxMDdiOWUtYjc1Ni00YzM1LWE2NjMtZTg3Y2JkMjEzMTJjXkEyXkFqcGc@._V1_SX300.jpg
The Lost Boys,V0808,7.2,75.0,R,,,Bryan Young,1987.0,Drama | Horror,,9.0,2025.0,Vahl Pate,Kingston Young | Vahl Pate,The Lost Boys is an exploration of grief through the lens of film. It aims to stretch the bounds of what we think of the horror genre is capable and aims to tell a story that can only be told with the power of cinema. It's a picture with heart...and perhaps a tear.,167767.0,tt0093437,1405651.0,iTunes,https://image.tmdb.org/t/p/w500/qVMuCSCs8bceXGm7hVdXJqnL53V.jpg
The Lost World: Jurassic Park,V0809,6.6,53.0,PG-13,Jurassic Park Collection,California; sequel; dinosaur; creature; scientist; amusement park; theme park; costa rica; animal horror; father daughter relationship | Exotic island; island; velociraptor; dna; tyrannosaurus rex; paleontology; san diego,Steven Spielberg,1997.0,Action | Adventure | Science Fiction,Nominated for 1 Oscar. 4 wins & 28 nominations total,129.0,1997.0,Jeff Goldblum,Jeff Goldblum | Julianne Moore | Pete Postlethwaite,"Four years after Jurassic Park's genetically bred dinosaurs ran amok, multimillionaire John Hammond shocks chaos theorist Ian Malcolm by revealing that he has been breeding more beasties at a secret location. Malcolm, his paleontologist ladylove and a wildlife videographer join an expedition to document the lethal lizards' natural behavior in this action-packed thriller.",458283.0,tt0119567,330.0,iTunes,https://image.tmdb.org/t/p/w500/6fSkhv35nPSw9hwPVCMINQFG1WD.jpg
The Martian,V0810,8.0,91.0,PG-13,,Spacecraft; planet mars; based on novel or book; nasa; isolation; botanist; alone; survival; space; engineering; stranded; astronaut; struggle for survival; duringcreditsstinger; deep space; potatoes; 2030s; suspenseful; mars,Ridley Scott,2015.0,Adventure | Drama | Science Fiction,Nominated for 7 Oscars. 40 wins & 199 nominations total,141.0,2015.0,Matt Damon,Jessica Chastain | Kristen Wiig | Matt Damon,"During a manned mission to Mars, Astronaut Mark Watney is presumed dead after a fierce storm and left behind by his crew. But Watney has survived and finds himself stranded and alone on the hostile planet. With only meager supplies, he must draw upon his ingenuity, wit and spirit to subsist and find a way to signal to Earth that he is alive.",956193.0,tt3659388,286217.0,iTunes,https://image.tmdb.org/t/p/w500/3ndAx3weG6KDkJIRMCi5vXX6Dyb.jpg
The Matrix,V0811,8.7,83.0,R,The Matrix Collection,Man vs machine; martial arts; dreams; artificial intelligence (a.i.); saving the world; hacker; self sacrifice; virtual reality; fight; prophecy; truth; philosophy; dystopia; insurgence; simulated reality ; cyberpunk; dream world; messiah; action hero; gnosticism; hopeful; allegory of the cave,"Lana Wachowski, Lilly Wachowski",1999.0,Action | Science Fiction,Won 4 Oscars. 42 wins & 52 nominations total,136.0,1999.0,Keanu Reeves,Carrie-Anne Moss | Keanu Reeves | Laurence Fishburne,"Set in the 22nd century, The Matrix tells the story of a computer hacker who joins a group of underground insurgents fighting the vast and powerful computers who now rule the earth.",2147060.0,tt0133093,603.0,iTunes,https://image.tmdb.org/t/p/w500/p96dm7sCMn4VYAStA6siNz30G1r.jpg
The Matrix Reloaded,V0812,7.2,74.0,R,The Matrix Collection,Dying and death; future; mission; man vs machine; underground world; martial arts; kung fu; hero; dreams; artificial intelligence (a.i.); computer; saving the world; computer virus; virtual reality; fight; prophecy; faith; truth; key; dystopia; simulation; plato; precognition; rave; car crash; cyberpunk; philosophical; action hero; gnosticism; oracle; grand; romantic; awestruck; defiant; sardonic,"Lana Wachowski, Lilly Wachowski",2003.0,Action | Adventure | Science Fiction | Thriller,8 wins & 34 nominations total,138.0,2003.0,Keanu Reeves,Carrie-Anne Moss | Keanu Reeves | Laurence Fishburne,"Six months after the events depicted in The Matrix, Neo has proved to be a good omen for the free humans, as more and more humans are being freed from the matrix and brought to Zion, the one and only stronghold of the Resistance.  Neo himself has discovered his superpowers including super speed, ability to see the codes of the things inside the matrix and a certain degree of pre-cognition. But a nasty piece of news hits the human resistance: 250,000 machine sentinels are digging to Zion and would reach them in 72 hours. As Zion prepares for the ultimate war, Neo, Morpheus and Trinity are advised by the Oracle to find the Keymaker who would help them reach the Source.  Meanwhile Neo's recurrent dreams depicting Trinity's death have got him worried and as if it was not enough, Agent Smith has somehow escaped deletion, has become more powerful than before and has fixed Neo as his next target.",650747.0,tt0234215,604.0,iTunes,https://image.tmdb.org/t/p/w500/9TGHDvWrqKBzwDxDodHYXEmOE6J.jpg
The Matrix Revolutions,V0813,6.7,33.0,R,The Matrix Collection,Dying and death; rescue; future; mission; man vs machine; underground world; machine town; martial arts; kung fu; hero; dreams; fortune teller; artificial intelligence (a.i.); computer; saving the world; flying; temple; computer virus; virtual reality; fight; faith; truth; philosophy; key; killer robot; subway; dystopia; sun; sunlight; precognition; super computer; ying yang; cyberpunk; philosophical; action hero; gnosticism; inspirational; grand,"Lilly Wachowski, Lana Wachowski",2003.0,Action | Adventure | Science Fiction | Thriller,5 wins & 36 nominations total,129.0,2003.0,Keanu Reeves,Carrie-Anne Moss | Keanu Reeves | Laurence Fishburne,The human city of Zion defends itself against the massive invasion of the machines as Neo fights to end the war at another front while also opposing the rogue Agent Smith.,558579.0,tt0242653,605.0,iTunes,https://image.tmdb.org/t/p/w500/t1wm4PgOQ8e4z1C6tk1yDNrps4T.jpg
The Maze Runner,V0814,6.8,66.0,PG-13,The Maze Runner Collection,Based on novel or book; escape; dystopia; maze; post-apocalyptic future; memory loss; erased memory; trapped; runner; based on young adult novel,Wes Ball,2014.0,Action | Mystery | Science Fiction | Thriller,4 wins & 12 nominations total,113.0,2014.0,Dylan O'Brien,Aml Ameen | Dylan O'Brien | Kaya Scodelario,"Set in a post-apocalyptic world, young Thomas is deposited in a community of boys after his memory is erased, soon learning they're all trapped in a maze that will require him to join forces with fellow “runners” for a shot at escape.",534461.0,tt1790864,198663.0,iTunes,https://image.tmdb.org/t/p/w500/ode14q7WtDugFDp78fo9lCsmay9.jpg
The Meg,V0815,5.7,47.0,PG-13,The Meg Collection,Beach; based on novel or book; deep sea; underwater; shark; oceanic expedition; kaiju; underwater facility; mariana trench,Jon Turteltaub,2018.0,Action | Horror | Science Fiction,5 wins & 6 nominations total,113.0,2018.0,Jason Statham,Jason Statham | Li Bingbing | Rainn Wilson,"A deep sea submersible pilot revisits his past fears in the Mariana Trench, and accidentally unleashes the seventy foot ancestor of the Great White Shark believed to be extinct.",215582.0,tt4779682,345940.0,iTunes,https://image.tmdb.org/t/p/w500/eyWICPcxOuTcDDDbTMOZawoOn8d.jpg
The Menu,V0816,7.2,88.0,R,,Psychopath; obsession; mass murder; restaurant; dark comedy; revenge; food; dinner; chef; food critic; remote island; french cuisine; culinary arts; satirical; fine dining; haute cuisine; direct; absurd; foreboding; pessimistic,Mark Mylod,2022.0,Comedy | Horror | Thriller,2 wins & 66 nominations total,107.0,2022.0,Anya Taylor-Joy,Anya Taylor-Joy | Nicholas Hoult | Ralph Fiennes,"A young couple travels to a remote island to eat at an exclusive restaurant where the chef has prepared a lavish menu, with some shocking surprises.",447264.0,tt9764362,593643.0,iTunes,https://image.tmdb.org/t/p/w500/fPtUgMcLIboqlTlPrq0bQpKK8eq.jpg
The Midnight Meat Train,V0817,6.0,70.0,R,,Photographer; gore; butcher; vegetarian; stalking; subway train; urban gothic,Ryûhei Kitamura,2008.0,Fantasy | Horror | Mystery,2 wins & 6 nominations total,98.0,2008.0,Bradley Cooper,Bradley Cooper | Brooke Shields | Vinnie Jones,"A photographer's obsessive pursuit of dark subject matter leads him into the path of a serial killer who stalks late night commuters, ultimately butchering them in the most gruesome ways.",73312.0,tt0805570,10185.0,Vudu,https://image.tmdb.org/t/p/w500/x5YbfyUA8huK0shr008xwzNVJ5Y.jpg
The Mummy,V0818,7.1,62.0,PG-13,The Mummy Collection,Egypt; cairo; library; secret passage; pastor; pyramid; sandstorm; solar eclipse; mummy; foreign legion; nile; secret society; treasure hunt; remake; archaeologist; tomb; book of the dead; ancient egypt; opposites attract; 1920s; pharoah; good versus evil,Stephen Sommers,1999.0,Action | Adventure | Fantasy,Nominated for 1 Oscar. 5 wins & 24 nominations total,124.0,1999.0,Brendan Fraser,Brendan Fraser | John Hannah | Rachel Weisz,Dashing legionnaire Rick O'Connell stumbles upon the hidden ruins of Hamunaptra while in the midst of a battle to claim the area in 1920s Egypt. It has been over three thousand years since former High Priest Imhotep suffered a fate worse than death as a punishment for a forbidden love—along with a curse that guarantees eternal doom upon the world if he is ever awoken.,481650.0,tt0120616,564.0,iTunes,https://image.tmdb.org/t/p/w500/yhIsVvcUm7QxzLfT6HW2wLf5ajY.jpg
The Mummy,V0819,5.517,,,,Egypt; monster; supernatural; mummy; remake; tomb; egyptian mythology; dark universe,Alex Kurtzman,1999.0,"Action, Adventure, Fantasy",,110.0,1999.0,Tom Cruise,,"An ancient Egyptian princess is awakened from her crypt beneath the desert, bringing with her malevolence grown over millennia and terrors that defy human comprehension.",7406.0,tt2345759,282035.0,iTunes,https://image.tmdb.org/t/p/w500/zxkY8byBnCsXodEYpK8tmwEGXBI.jpg
The Mummy: Tomb of the Dragon Emperor,V0820,5.2,13.0,PG-13,The Mummy Collection,China; sword; pyramid; mummy; yeti; chinese emperor; tomb; great wall of china; terracotta army; 1940s; 3rd century bc,Rob Cohen,2008.0,Action | Adventure | Fantasy,2 wins & 6 nominations total,112.0,2008.0,Brendan Fraser,Brendan Fraser | John Hannah | Maria Bello,"Archaeologist Rick O'Connell travels to China, pitting him against an emperor from the 2,000-year-old Han dynasty who's returned from the dead to pursue a quest for world domination. This time, O'Connell enlists the help of his wife and son to quash the so-called 'Dragon Emperor' and his abuse of supernatural power.",175322.0,tt0859163,1735.0,iTunes,https://image.tmdb.org/t/p/w500/A3acM1lX5PNWQa6r5qeMAJOxbnT.jpg
The Neverending Story,V0821,7.3,84.0,PG,The NeverEnding Story Collection,Based on novel or book; wolf; magic; fairy tale; horse; mythology; child hero; anthropomorphism; bully; school; creature; reading; book store; fantasy world; giant; gnome; quest; child protagonist; father son relationship; based on young adult novel; magical necklace,Wolfgang Petersen,1984.0,Adventure | Drama | Family | Fantasy,5 wins & 9 nominations total,102.0,1984.0,,,"While hiding from bullies in his school's attic, a young boy discovers the extraordinary land of Fantasia, through a magical book called The Neverending Story. The book tells the tale of Atreyu, a young warrior who, with the help of a luck dragon named Falkor, must save Fantasia from the destruction of The Nothing.",163133.0,tt0088323,34584.0,iTunes,https://image.tmdb.org/t/p/w500/ddYCa91iDXfJCxaqSYzwi2fjfnl.jpg
The Nice Guys,V0822,7.4,91.0,R,,Daughter; pornography; detective; 1970s; investigation; alcoholism; private investigator; conspiracy; whodunit; alcoholic; buddy cop; private eye; neo-noir; father daughter relationship; lighthearted; hilarious; amused; earnest; vibrant,Shane Black,2016.0,Action | Comedy | Crime,9 wins & 34 nominations total,116.0,2016.0,Russell Crowe,Angourie Rice | Russell Crowe | Ryan Gosling,A private eye investigates the apparent suicide of a fading porn star in 1970s Los Angeles and uncovers a conspiracy.,388459.0,tt3799694,290250.0,iTunes,https://image.tmdb.org/t/p/w500/clq4So9spa9cXk3MZy2iMdqkxP2.jpg
The Nightmare Before Christmas,V0823,7.9,95.0,PG,,Skeleton; fire; magic; holiday; santa claus; halloween; villain; musical; christmas tree; saving christmas; pumpkin; woods; stop motion; christmas horror; christmas,Henry Selick,1993.0,Animation | Family | Fantasy,Nominated for 1 Oscar. 7 wins & 17 nominations total,76.0,1993.0,Danny Elfman,Catherine O'Hara | Chris Sarandon | Danny Elfman,"Tired of scaring humans every October 31 with the same old bag of tricks, Jack Skellington, the spindly king of Halloween Town, kidnaps Santa Claus and plans to deliver shrunken heads and other ghoulish gifts to children on Christmas morning. But as Christmas approaches, Jack's rag-doll girlfriend, Sally, tries to foil his misguided plans.",394577.0,tt0107688,9479.0,iTunes,https://image.tmdb.org/t/p/w500/oQffRNjK8e19rF7xVYEN8ew0j7b.jpg
The Northman,V0824,7.0,90.0,R,,Father murder; sword; prince; gore; vikings (norsemen); iceland; death of father; northern ireland; sword fight; revenge; fate; king; brutality; hamlet; based on myths | Legends or folklore; disturbed; aggressive; grim; nordic; 10th century; fantasy,Robert Eggers,2022.0,Action | Adventure | Fantasy,6 wins & 65 nominations total,137.0,2022.0,Alexander Skarsgård,Alexander Skarsgård | Claes Bang | Nicole Kidman,"Prince Amleth is on the verge of becoming a man when his father is brutally murdered by his uncle, who kidnaps the boy's mother. Two decades later, Amleth is now a Viking who's on a mission to save his mother, kill his uncle and avenge his father.",277478.0,tt11138512,639933.0,iTunes,https://image.tmdb.org/t/p/w500/aSSJMnHknzKjlZ6zybwD7eyJ4Po.jpg
The Nun,V0825,5.9,,,The Nun Collection,Italy; nun; supernatural; exorcism; father; priest; spirit; demon; spin off; evil nun; demonic possession; romania; murder mystery; ancient evil; the conjuring universe | Rome,Corin Hardy,2018.0,"Horror, Mystery, Thriller",,96.0,2018.0,Demián Bichir,,A priest with a haunted past and a novice on the threshold of her final vows are sent by the Vatican to investigate the death of a young nun in Romania and confront a malevolent force in the form of a demonic nun.,6939.0,tt5814060,439079.0,iTunes,https://image.tmdb.org/t/p/w500/sFC1ElvoKGdHJIWRpNB3xWJ9lJA.jpg
The Other Side of the Door,V0826,5.3,35.0,R,,Ritual; india; death; grieving; grieving parents,Johannes Roberts,2016.0,Horror | Thriller,2 wins & 3 nominations,96.0,2016.0,Sarah Wayne Callies,Jeremy Sisto | Sarah Wayne Callies | Sofia Rosinsky,"Grieving over the loss of her son, a mother struggles with her feelings for her daughter and her husband. She seeks out a ritual that allows her say goodbye to her dead child, opening the veil between the world of the dead and the living. Her daughter becomes the focus of terror. She must now protect against the evil that was once her beloved son.",19696.0,tt3702652,364116.0,iTunes,https://image.tmdb.org/t/p/w500/z5HubVaGLp1EXQbEXhg6hbEYee9.jpg
The Other Woman,V0827,6.0,27.0,PG-13,,Based on novel or book; romantic rivalry; candlelight vigil,Don Roos,2014.0,Drama,,98.0,2010.0,Natalie Portman,Charlie Tahan | Natalie Portman | Scott Cohen,"Emilia, a law-school graduate, falls in love with her married boss, Jack. After Emilia marries Jack, her happiness turns unexpectedly to grief following the death of her infant daughter. Devastated, Emilia nonetheless carries on, attempting to forge a connection with her stepson William and to resist the interference of Jack's jealous ex-wife.",154744.0,tt2203939,52505.0,iTunes,https://image.tmdb.org/t/p/w500/kKzKxip6Qezdw5pSR9ozib0RB2F.jpg
The Perfect Storm,V0828,6.487,,PG-13,,Based on novel or book; natural disaster; u.s. air force; biography; based on true story; disaster; shark; tragic event; thunderstorm; new england; jamaican; meteorologist; rescue boat; marina; city hall; the flemish cap; male camaraderie; storm at sea; 1990s; man vs nature,Wolfgang Petersen,2000.0,Action | Adventure | Drama,Nominated for 2 Oscars. 4 wins & 28 nominations total,130.0,2000.0,George Clooney,Diane Lane | George Clooney | Mark Wahlberg,"In October 1991, a confluence of weather conditions combined to form a killer storm in the North Atlantic. Caught in the storm was the sword-fishing boat Andrea Gail.",2424.0,tt0177971,2133.0,iTunes,https://image.tmdb.org/t/p/w500/vJPoxqgpfFNbGi0HyoNsjFeLCio.jpg
The Place Beyond the Pines,V0829,7.3,79.0,R,,Corruption; parent child relationship; hostage; motel; carnival; stuntman; house party; mechanic; religion; bag of money; motorcycle; police officer; bank robbery; rookie cop; haunted by the past; legacy; evidence room; dreary; tragic; diverging narrative,Derek Cianfrance,2012.0,Crime | Drama,,140.0,2013.0,Ryan Gosling,Bradley Cooper | Eva Mendes | Ryan Gosling,"A motorcycle stunt rider considers committing a crime in order to provide for his wife and child, an act that puts him on a collision course with a cop-turned-politician.",296737.0,tt1817273,97367.0,iTunes,https://image.tmdb.org/t/p/w500/vY5j2xQzMGWmxBuhQo0HfA4Lxqb.jpg
The Polar Express,V0830,6.6,55.0,G,The Polar Express Collection,Faith; holiday; santa claus; nerd; bell; train; beard; north pole; trestle; ticket; train travel; christmas,Robert Zemeckis,2004.0,Adventure | Animation | Family | Fantasy,Nominated for 3 Oscars. 5 wins & 26 nominations total,100.0,2004.0,Tom Hanks,Eddie Deezen | Leslie Zemeckis | Tom Hanks,"When a doubting young boy takes an extraordinary train ride to the North Pole, he embarks on a journey of self-discovery that shows him that the wonder of life never fades for those who believe.",255844.0,tt0338348,5255.0,iTunes,https://image.tmdb.org/t/p/w500/eOoCzH0MqeGr2taUZO4SwG416PF.jpg
The Possession,V0831,5.9,39.0,PG-13,,Exorcism; house; rabbi; hospital; demonic possession; divorced parents; basketball coach; dybbuk box; sister sister relationship; hebrew text; jewish folklore,Ole Bornedal,2012.0,Horror | Thriller,6 nominations total,92.0,2012.0,Jeffrey Dean Morgan,Jeffrey Dean Morgan | Kyra Sedgwick | Natasha Calis,"A young girl buys an antique box at a yard sale, unaware that inside the collectible lives a malicious ancient spirit. The girl's father teams with his ex-wife to find a way to end the curse upon their child.",64707.0,tt0431021,77883.0,iTunes,https://image.tmdb.org/t/p/w500/4VxIbGO5A9HRlkAPMi70zimosDY.jpg
The Prestige,V0832,8.5,77.0,PG-13,,Dying and death; suicide; class society; london | England; magic; competition; obsession; hostility; class; diary; twist; tricks; illusion; rivalry; partner; steampunk; cruelty; hanging; jail cell; 19th century; nikola tesla; magician; tesla coil; bittersweet; secret; absurd; mind-blowing,Christopher Nolan,2006.0,Drama | Mystery | Science Fiction,Nominated for 2 Oscars. 6 wins & 44 nominations total,130.0,2006.0,Hugh Jackman,Christian Bale | Hugh Jackman | Michael Caine,"A mysterious story of two magicians whose intense rivalry leads them on a life-long battle for supremacy -- full of obsession, deceit and jealousy with dangerous and deadly consequences.",1512938.0,tt0482571,1124.0,iTunes,https://image.tmdb.org/t/p/w500/2ZOzyhoW08neG27DVySMCcq2emd.jpg
The Princess Bride,V0833,8.0,96.0,PG,,Dreams; based on novel or book; narration; wrestling; miracle; sword fight; revenge; boat chase; pirate; wedding; swashbuckler; evil prince; screwball; impersonation; giant man; nostalgic; story within the story; hidden identity; fictitious country; grandfather grandson relationship; battle of wits; comforting; fairytale,Rob Reiner,1987.0,Adventure | Comedy | Family | Fantasy | Romance,Nominated for 1 Oscar. 7 wins & 11 nominations total,99.0,1987.0,Cary Elwes,Cary Elwes | Mandy Patinkin | Robin Wright,"In this enchantingly cracked fairy tale, the beautiful Princess Buttercup and the dashing Westley must overcome staggering odds to find happiness amid six-fingered swordsmen, murderous princes, Sicilians and rodents of unusual size. But even death can't stop these true lovebirds from triumphing.",463526.0,tt0093779,2493.0,iTunes,https://image.tmdb.org/t/p/w500/dvjqlp2sAhUeFjUOfQDgqwpphHj.jpg
The Purge,V0834,5.7,41.0,R,The Purge Collection,California; dystopia; barricade; bloody fight; home invasion; blood lust; rich vs poor; constitutional convention; legalized murder; social allegory; bloody; bloody death; bloody deaths; family's house; ethan hawke,James DeMonaco,2013.0,Horror | Science Fiction | Thriller,2 wins & 6 nominations total,86.0,2013.0,Ethan Hawke,Ethan Hawke | Lena Headey | Max Burkholder,"Given the country's overcrowded prisons, the U.S. government begins to allow 12-hour periods of time in which all illegal activity is legal. During one of these free-for-alls, a family must protect themselves from a home invasion.",251231.0,tt2184339,158015.0,iTunes,https://image.tmdb.org/t/p/w500/46X1ei9uf13nkkr0OhWldGyr5Uh.jpg
The Purge: Anarchy,V0835,6.4,59.0,R,The Purge Collection,Sniper; psychopath; bus; assault rifle; machete; sequel; revenge; murder; rampage; motorcycle; masked man; death; survival horror; martyr; gatling gun; purge; cautionary,James DeMonaco,2014.0,Horror | Thriller,3 wins & 6 nominations,103.0,2014.0,Frank Grillo,Carmen Ejogo | Frank Grillo | Zach Gilford,"One night per year, the government sanctions a 12-hour period in which citizens can commit any crime they wish -- including murder -- without fear of punishment or imprisonment. Leo, a sergeant who lost his son, plans a vigilante mission of revenge during the mayhem. However, instead of a death-dealing avenger, he becomes the unexpected protector of four innocent strangers who desperately need his help if they are to survive the night.",166059.0,tt2975578,238636.0,iTunes,https://image.tmdb.org/t/p/w500/qwqHHZLZSUvMkAMQ47ymtfjEifY.jpg
The Purge: Election Year,V0836,6.0,55.0,R,The Purge Collection,Dystopia; sequel; calvary; legalized murder; attack on politician; military attack,James DeMonaco,2016.0,Action | Horror | Thriller,6 nominations total,109.0,2016.0,Elizabeth Mitchell,Elizabeth Mitchell | Frank Grillo | Mykelti Williamson,"Two years after choosing not to kill the man who killed his son, former police sergeant Leo Barnes has become head of security for Senator Charlene Roan, the front runner in the next Presidential election due to her vow to eliminate the Purge. On the night of what should be the final Purge, a betrayal from within the government forces Barnes and Roan out onto the street where they must fight to survive the night.",114688.0,tt4094724,316727.0,iTunes,https://image.tmdb.org/t/p/w500/gg7tlp45xqGWMra0sqQVPvybje2.jpg
The Revenant,V0837,8.0,78.0,R,,Rape; based on novel or book; parent child relationship; winter; child murder; mountain; grizzly bear; animal attack; wilderness; gore; native american; forest; based on true story; liar; fur trapping; frontier; remake; revenge; survival; murder; bear; snow; scalping; animals; nature; wild west; bear attack; indian attack; dead horse; starvation; 19th century; wolves; ice,Alejandro González Iñárritu,2015.0,Adventure | Drama | Western,Won 3 Oscars. 92 wins & 193 nominations total,157.0,2015.0,Leonardo DiCaprio,Domhnall Gleeson | Leonardo DiCaprio | Tom Hardy,"In the 1820s, a frontiersman, Hugh Glass, sets out on a path of vengeance against those who left him for dead after a bear mauling.",899014.0,tt1663202,281957.0,iTunes,https://image.tmdb.org/t/p/w500/ji3ecJphATlVgWNY0B0RVXZizdf.jpg
The River Wild,V0838,6.5,63.0,PG-13,,Husband wife relationship; strong woman; marriage crisis; boston | Massachusetts; montana; river; married couple; robber; architect; matter of life and death; dysfunctional family; hostage-taking; rafting; teacher; raft; family vacation; criminal; dog; park ranger; rowing; adventurer; heist gone wrong; gauntlet; smoke signal; sign languages; experience; escape attempt; whitewater river rafting; camping trip; father son relationship; mother son relationship; rapids; married parents; suspense; family in danger; heist thriller; teacher for the deaf; unable to swim; gripping,Curtis Hanson,1994.0,Adventure | Drama | Thriller,5 nominations total,111.0,1994.0,Meryl Streep,David Strathairn | Kevin Bacon | Meryl Streep,"Gail and Tom Hartman are struggling to stay together and decide to take a white-water rafting holiday adventure in Montana for their son Roarke's 10th birthday, only to meet up with a pair of mysterious men whose desperation grows, turning their vacation into a nightmare.",51989.0,tt0110997,8987.0,iTunes,https://image.tmdb.org/t/p/w500/cvnEUdVXeuiE1qUXsmMzs8IrNl7.jpg
The Rocky Horror Picture Show,V0839,7.4,80.0,R,The Rocky Horror Picture Show Collection,Sexual identity; rock 'n' roll; transvestism; time warp; transylvania; transvestite; group sex; seduction; castle; sex addiction; musical; based on play or musical; cross dressing; homoeroticism; psychotronic; horror musical,Jim Sharman,1975.0,Comedy | Fantasy | Horror | Science Fiction,3 wins & 4 nominations total,100.0,1975.0,Tim Curry,Barry Bostwick | Susan Sarandon | Tim Curry,"Sweethearts Brad and Janet, stuck with a flat tire during a storm, discover the eerie mansion of Dr. Frank-N-Furter, a transvestite scientist. As their innocence is lost, Brad and Janet meet a houseful of wild characters, including a rocking biker and a creepy butler. Through elaborate dances and rock songs, Frank-N-Furter unveils his latest creation: a muscular man named 'Rocky'.",174601.0,tt0073629,36685.0,iTunes,https://image.tmdb.org/t/p/w500/3pyE6ZqDbuJi7zrNzzQzcKTWdmN.jpg
The Running Man,V0840,6.6,67.0,R,,Spain; gibraltar; investigator; insurance investigator; fake death; insurance; glider; ironic ending; insurance scam; plane wreck; málaga | Spain; rock of gibraltar; relentless investigator,Carol Reed,1987.0,Crime | Drama | Thriller,Nominated for 1 BAFTA Award1 nomination total,103.0,1963.0,Laurence Harvey,Alan Bates | Laurence Harvey | Lee Remick,"An Englishman with a grudge against an insurance company for a disallowed claim fakes his own death and escapes to Spain, but is soon pursued by an insurance investigator.",173570.0,tt0093894,144299.0,iTunes,https://image.tmdb.org/t/p/w500/4tKUyNMhnhWeezI0AwLWc6tWyZG.jpg
The Sandlot,V0841,7.8,66.0,PG,The Sandlot Collection,Sports; baseball; tree house; dog; fourth of july; san fernando valley; fence; 1960s; mastiff; kids' sports team,David Mickey Evans,1993.0,Comedy | Family,1 win & 1 nomination total,101.0,1993.0,Tom Guiry,Mike Vitar | Patrick Renna | Tom Guiry,"During a summer of friendship and adventure, one boy becomes a part of the gang, nine boys become a team and their leader becomes a legend by confronting the terrifying mystery beyond the right field wall.",107239.0,tt0108037,11528.0,iTunes,https://image.tmdb.org/t/p/w500/7PYqz0viEuW8qTvuGinUMjDWMnj.jpg
The Santa Clause,V0842,6.6,73.0,PG,The Santa Clause Collection,Chicago | Illinois; holiday; christmas party; deal; santa claus; christmas tree; nostalgic; child custody; christmas; father son relationship; christmas eve,John Pasquin,1994.0,Comedy | Drama | Family | Fantasy,2 wins & 9 nominations total,97.0,1994.0,Tim Allen,Judge Reinhold | Tim Allen | Wendy Crewson,"On Christmas Eve, divorced dad Scott Calvin and his son discover Santa Claus has fallen off their roof. When Scott takes the reins of the magical sleigh, he finds he is now the new Santa, and must convince a world of disbelievers, including himself.",140720.0,tt0111070,11395.0,iTunes,https://image.tmdb.org/t/p/w500/hvV2rI60qOYELT7tHHLpxtafnBZ.jpg
The Scorpion King 3: Battle for Redemption,V0843,4.591,,PG-13,The Scorpion King Collection,Blunt; understated; furious; disdainful; doubtful; dubious,Roel Reiné,2012.0,Action | Adventure | Drama | Fantasy,,106.0,2012.0,Victor Webster,Bostin Christopher | Temuera Morrison | Victor Webster,"Since his triumphant rise to power in the original blockbuster ""The Scorpion King"", Mathayus' kingdom has fallen and he's lost his queen to plague. Now an assassin for hire, he must defend a kingdom from an evil tyrant and his ghost warriors for the chance to regain the power and glory he once knew. Starring Ron Perlman (""Hellboy"") and Billy Zane (""Titanic""), and featuring 6-time WWE champion Dave Bautista and UFC star Kimbo Slice, ""The Scorpion King 3: Battle for Redemption"" takes ""The Mummy"" phenomenon to an all-new level of epic action and non-stop adventure.",362.0,tt1781896,78049.0,iTunes,https://image.tmdb.org/t/p/w500/chDnDwzv9njnYHDr2lhsvujSaPb.jpg
The Secret Life of Pets,V0844,6.5,71.0,PG,The Secret Life of Pets Collection,Bunny; pet; anthropomorphism; dog; animals; apartment building; sewer; terrier; manhattan | New york city; rodent; pets; mongrel; illumination,Chris Renaud,2016.0,Adventure | Animation | Comedy | Family,4 wins & 15 nominations total,86.0,2016.0,Louis C.K.,Eric Stonestreet | Kevin Hart | Louis C.K.,"The quiet life of a terrier named Max is upended when his owner takes in Duke, a stray whom Max instantly dislikes.",227151.0,tt2709768,328111.0,iTunes,https://image.tmdb.org/t/p/w500/bc3rCMgP4bbxNqGQCRlpJyU8otF.jpg
The Secret Life of Walter Mitty,V0845,7.3,52.0,PG,,Himalaya mountain range; photographer; iceland; daydream; magazine; photograph; shark; fired from the job; dreamer; online dating; daydreaming,Ben Stiller,2013.0,Adventure | Comedy | Drama | Fantasy,5 wins & 18 nominations total,114.0,2013.0,Ben Stiller,Ben Stiller | Kristen Wiig | Sean Penn,A timid magazine photo manager who lives life vicariously through daydreams embarks on a true-life adventure when a negative goes missing.,354845.0,tt0359950,116745.0,iTunes,https://image.tmdb.org/t/p/w500/tY6ypjKOOtujhxiSwTmvA4OZ5IE.jpg
The Shack,V0846,6.3,20.0,PG-13,,Based on novel or book; loss of loved one; christianity; guilt; death of daughter; family trip; christian film; christian; hopeful; straightforward,Stuart Hazeldine,2017.0,Drama | Family,3 wins & 2 nominations total,132.0,2017.0,Sam Worthington,Octavia Spencer | Sam Worthington | Tim McGraw,"A grieving man receives a mysterious, personal invitation to meet with God at a place called 'The Shack'.",40481.0,tt2872518,345938.0,iTunes,https://image.tmdb.org/t/p/w500/doAzav9kfdtsoSdw1MDFvjKq3J4.jpg
The Shawshank Redemption,V0847,9.3,89.0,R,,Prison; friendship; police brutality; corruption; based on novel or book; freedom; hope; prison cell; delinquent; redemption; parole board; prison escape; wrongful imprisonment; interracial friendship; framed for murder; 1940s; voiceover,Frank Darabont,1994.0,Crime | Drama,Nominated for 7 Oscars. 21 wins & 42 nominations total,142.0,1994.0,Tim Robbins,Bob Gunton | Morgan Freeman | Tim Robbins,"Imprisoned in the 1940s for the double murder of his wife and her lover, upstanding banker Andy Dufresne begins a new life at the Shawshank prison, where he puts his accounting skills to work for an amoral warden. During his long stretch in prison, Dufresne comes to be admired by the other inmates -- including an older prisoner named Red -- for his integrity and unquenchable sense of hope.",3031101.0,tt0111161,278.0,iTunes,https://image.tmdb.org/t/p/w500/9cqNxx0GxF0bflZmeSMuL5tnGzr.jpg
The Shining,V0848,8.4,83.0,R,The Shining Collection,Hotel; new year's eve; child abuse; based on novel or book; isolation; telepathy; delusion; halloween; snowstorm; colorado; seclusion; surrealism; alcoholism; premonition; psychic power; caretaker; loneliness; vision; domestic violence; postmodern; psychological thriller; writer; twins; labyrinth; alcoholic; blizzard; mutilation; bloody body of child; extrasensory perception; uxoricide; motherhood; filicide; snowed in; burial ground; hypothermia; haunted hotel; psychological disintegration; paranoid; afi; pediatrician; repetition; mother son relationship; malicious; supernatural power; anxious; new year; supernatural horror; ghost child; psychotronic film; dreary; writers-block; cabin fever; psychological horror; deal with the devil; nuclear family; avant garde; suspenseful; new year's party; twin sisters; identical twins; antagonistic,Stanley Kubrick,1980.0,Horror | Thriller,6 wins & 9 nominations total,144.0,1980.0,Jack Nicholson,Danny Lloyd | Jack Nicholson | Shelley Duvall,"Jack Torrance accepts a caretaker job at the Overlook Hotel, where he, along with his wife Wendy and their son Danny, must live isolated from the rest of the world for the winter. But they aren't prepared for the madness that lurks within.",1159098.0,tt0081505,694.0,iTunes,https://image.tmdb.org/t/p/w500/xazWoLealQwEgqZ89MLZklLZD3k.jpg
The Snowman,V0849,5.2,,,,,Tomas Alfredson,2017.0,"Crime, Drama, Horror",,119.0,2017.0,Michael Fassbender,,Detective Harry Hole investigates the disappearance of a woman whose scarf is found wrapped around an ominous-looking snowman.,2299.0,tt1758810,,iTunes,https://m.media-amazon.com/images/M/MV5BNDg1NjYyMTEyOF5BMl5BanBnXkFtZTgwNzY4MDMyMzI@._V1_SX300.jpg
The Sound of Music,V0850,8.1,83.0,G,,Resistance; world war ii; musical; austria; based on true story; music competition; based on play or musical; alps mountains; governess; convent (nunnery); novice; puppet show; nun in love; nazi occupation; 1930s; cheerful; comforting; joyful,Robert Wise,1965.0,Drama | Family | Music | Romance,Won 5 Oscars. 18 wins & 13 nominations total,174.0,1965.0,Julie Andrews,Christopher Plummer | Eleanor Parker | Julie Andrews,"In the years before the Second World War, a tomboyish postulant at an Austrian abbey is hired as a governess in the home of a widowed naval captain with seven children, and brings a new love of life and music into the home.",273650.0,tt0059742,15121.0,iTunes,https://image.tmdb.org/t/p/w500/c6CrUZypAsBCaRWX0M3RVRDbhNS.jpg
The Space Between Us,V0851,6.4,16.0,PG-13,,Future; planet mars; space colony; fish out of water; scientist; teenage love; search for father,Peter Chelsom,2017.0,Adventure | Drama | Romance | Science Fiction,4 nominations total,121.0,2017.0,Asa Butterfield,Asa Butterfield | Britt Robertson | Carla Gugino,A young man raised by scientists on Mars returns to Earth to find his father.,56975.0,tt3922818,365942.0,iTunes,https://image.tmdb.org/t/p/w500/lRBl9mfvUbZeaAyXoP09XwPOo0W.jpg
The Spy Who Dumped Me,V0852,6.0,49.0,R,,Berlin | California; save the day; acrobats; edward snowden | Czech republic; female friendship; best friend; los angeles | France; spy; prague | Germany; paris,Susanna Fogel,2018.0,Action | Adventure | Comedy,3 wins & 4 nominations total,116.0,2018.0,Mila Kunis,Justin Theroux | Kate McKinnon | Mila Kunis,A couple of thirtysomething best friends unwittingly become entangled in an international conspiracy when one’s ex-boyfriend shows up at their apartment with a team of deadly assassins on his trail.,84578.0,tt6663582,454992.0,iTunes,https://image.tmdb.org/t/p/w500/szEKivKPOdRyogROoQIldwbMl.jpg
The Suicide Squad,V0853,7.483,,,,,James Gunn,2021.0,"Action, Adventure, Comedy",,132.0,2021.0,Margot Robbie,,"Supervillains Harley Quinn, Bloodsport, Peacemaker, and a collection of nutty cons at Belle Reve prison join the super-secret, super-shady Task Force X as they are dropped off at the remote, enemy-infused island of Corto Maltese.",9112.0,tt6334354,,iTunes,https://m.media-amazon.com/images/M/MV5BMWU3Y2NlZmEtMjJjNS00ZWMxLWE1MzctYWYyMjMzMDdkNTE4XkEyXkFqcGc@._V1_SX300.jpg
The Super Mario Bros. Movie,V0854,7.0,59.0,PG,The Super Mario Bros. Collection,Gorilla; plumber; villain; anthropomorphism; magic mushroom; based on video game; toad; aftercreditsstinger; duringcreditsstinger; damsel in distress; piano; brother brother relationship; illumination; evil king,"Aaron Horvath, Michael Jelenic",2023.0,Adventure | Animation | Comedy | Family,2 wins & 48 nominations total,93.0,2023.0,Chris Pratt,Anya Taylor-Joy | Charlie Day | Chris Pratt,"While working underground to fix a water main, Brooklyn plumbers—and brothers—Mario and Luigi are transported down a mysterious pipe and wander into a magical new world. But when the brothers are separated, Mario embarks on an epic quest to find Luigi.",263354.0,tt6718170,502356.0,iTunes,https://image.tmdb.org/t/p/w500/qNBAXBIQlnOThrVvA6mA2B5ggV6.jpg
The Terminator,V0855,8.1,100.0,R,The Terminator Collection,California; urban setting; future war; savior; tech noir; time paradox; action hero; griffith observatory; good versus evil | Man vs machine; artificial intelligence (a.i.); saving the world; laser gun; cyborg; killer robot; shotgun; rebel; dystopia; villain; time travel; los angeles,James Cameron,1984.0,Action | Science Fiction | Thriller,8 wins & 7 nominations total,108.0,1984.0,Arnold Schwarzenegger,Arnold Schwarzenegger | Linda Hamilton | Michael Biehn,"In the post-apocalyptic future, reigning tyrannical supercomputers teleport a cyborg assassin known as the ""Terminator"" back to 1984 to kill Sarah Connor, whose unborn son is destined to lead insurgents against 21st century mechanical hegemony. Meanwhile, the human-resistance movement dispatches a lone warrior to safeguard Sarah. Can he stop the virtually indestructible killing machine?",955787.0,tt0088247,218.0,iTunes,https://image.tmdb.org/t/p/w500/hzXSE66v6KthZ8nPoLZmsi2G05j.jpg
The Theory of Everything,V0856,7.7,81.0,PG-13,,Husband wife relationship; biography; based on true story; physicist; based on memoir or autobiography; fictional biography; motor neuron disease; als; cambridge university; inspirational; admiring,James Marsh,2014.0,Drama | Romance,Won 1 Oscar. 25 wins & 128 nominations total,123.0,2014.0,Eddie Redmayne,Charlie Cox | Eddie Redmayne | Felicity Jones,"The Theory of Everything is the extraordinary story of one of the world’s greatest living minds, the renowned astrophysicist Stephen Hawking, who falls deeply in love with fellow Cambridge student Jane Wilde.",496044.0,tt2980516,266856.0,iTunes,https://image.tmdb.org/t/p/w500/kJuL37NTE51zVP3eG5aGMyKAIlh.jpg
The Three Musketeers Part I: D'Artagnan,V0857,6.9,,Not Rated,The Three Musketeers Collection,Sword; musketeer; 1620s; three musketeers,Martin Bourboulon,2023.0,Action | Adventure | Drama | History,4 wins & 6 nominations total,121.0,2023.0,,,"D'Artagnan, a spirited young Gascon, is left for dead after trying to save a noblewoman from being kidnapped. Once in Paris, he tries by all means to find his attackers, unaware that his quest will lead him to the very heart of a war where the future of France is at stake. Aided by King's Musketeers Athos, Porthos and Aramis, he faces the machinations of villainous Cardinal Richelieu and Milady de Winter, while falling in love with Constance, the Queen's confidante.",1306.0,tt12672536,796185.0,iTunes,https://image.tmdb.org/t/p/w500/hfExJPcbBtDeFDEb7I1By72Drlr.jpg
The Three Musketeers Part II: Milady,V0858,6.4,86.0,,The Three Musketeers Collection,Musketeer; 1620s; three musketeers,Martin Bourboulon,2023.0,Action | Adventure | Drama | History,1 win & 8 nominations total,115.0,2023.0,,,"D'Artagnan, on a quest to rescue the abducted Constance, runs into the mysterious Milady de Winter again. The tension between the Catholics and the Protestants finally escalates, as the king declares war — forcing the now four musketeers into battle. But as the war goes on, they are tested physically, mentally and emotionally.",9618.0,tt12672620,845111.0,iTunes,https://image.tmdb.org/t/p/w500/3biswIjw14uDVil12nMOxcTAfmH.jpg
The Town That Outlawed Christmas,V0859,0.0,,,,,Gilda Christensen,2000.0,Family,,88.0,2010.0,Danika Quinn,,,0.0,tt0376932,,iTunes,https://m.media-amazon.com/images/M/MV5BODExMDQ1NTU1OV5BMl5BanBnXkFtZTcwNTMwNTAyMQ@@._V1_SX300.jpg
The Truman Show,V0860,8.2,94.0,PG,,Escape; paranoia; dystopia; suspicion; video surveillance; deception; hidden camera; simulated reality ; television producer; tv show in film; questioning; make believe; reflective; actor; tv show; dignified; allegory of the cave,Peter Weir,1998.0,Comedy | Drama,Nominated for 3 Oscars. 41 wins & 69 nominations total,103.0,1998.0,Jim Carrey,Jim Carrey | Laura Linney | Noah Emmerich,"Every second of every day, from the moment he was born, for the last thirty years, Truman Burbank has been the unwitting star of the longest running, most popular documentary-soap opera in history. The picture-perfect town of Seahaven that he calls home is actually a gigantic soundstage. Truman's friends and family - everyone he meets, in fact - are actors. He lives every moment under the unblinking gaze of thousands of hidden TV cameras.",1265103.0,tt0120382,37165.0,iTunes,https://image.tmdb.org/t/p/w500/vuza0WqY239yBXOadKlGwJsZJFE.jpg
The Turning,V0861,5.7,,,,,Floria Sigismondi,2020.0,"Drama, Horror, Mystery",,125.0,1992.0,Mackenzie Davis,,"A young governess is hired to look after an orphaned girl, but the return of the girl's problematic brother uncovers secrets from their past. A modern take on Henry James' novella ""The Turn of the Screw.""",994.0,tt7510346,725582.0,iTunes,https://image.tmdb.org/t/p/w500/hw3P9munKNl8P9k6xBmv4AUFOVi.jpg
The Twilight Saga: Breaking Dawn - Part 1,V0862,6.2,,,,,Not Found,2011.0,Adventure | Fantasy | Romance,,117.0,2011.0,,,Bella Swan and Edward Cullen's honeymoon phase is abruptly disrupted by betrayals and unforeseen tragedies that endanger their world.,9002.0,,,iTunes,https://m.media-amazon.com/images/M/MV5BNjBlY2M2MTctMzU3Yi00MTY3LTlkMTAtMzhlMzY1YjZlYTA2XkEyXkFqcGc@._V1_SX300.jpg
The Twilight Saga: Breaking Dawn - Part 2,V0863,5.6,49.0,PG-13,The Twilight Collection,Based on novel or book; vampire; villainess; affectation; romance; teen movie; werewolf; supernatural creature; super strength; imprinting; cross breed; bloodsucker; grudge; chief of police; wolf pack; misinformation; seeing the future; based on young adult novel,Bill Condon,2012.0,Adventure | Drama | Fantasy | Romance,Nominated for 1 BAFTA Award22 wins & 17 nominations total,115.0,2012.0,Kristen Stewart,Kristen Stewart | Robert Pattinson | Taylor Lautner,"After the birth of Renesmee, the Cullens gather other vampire clans in order to protect the child from a false allegation that puts the family in front of the Volturi.",271977.0,tt1673434,50620.0,iTunes,https://image.tmdb.org/t/p/w500/7IGdPaKujv0BjI0Zd0m0a4CzEjJ.jpg
The Unbearable Weight of Massive Talent,V0864,7.0,87.0,R,,Central intelligence agency (cia); undercover; screenplay; satire; birthday party; drug lord; struggling actor; father daughter relationship; ambiguous; cheerful; euphoric,Tom Gormican,2022.0,Action | Comedy | Crime,3 wins & 24 nominations total,107.0,2022.0,Nicolas Cage,Nicolas Cage | Pedro Pascal | Sharon Horgan,"Creatively unfulfilled and facing financial ruin, Nick Cage must accept a $1 million offer to attend the birthday of a dangerous superfan. Things take a wildly unexpected turn when Cage is recruited by a CIA operative and forced to live up to his own legend, channeling his most iconic and beloved on-screen characters in order to save himself and his loved ones.",165781.0,tt11291274,648579.0,iTunes,https://image.tmdb.org/t/p/w500/aqhLeieyTpTUKPOfZ3jzo2La0Mq.jpg
The Visit,V0865,6.3,68.0,PG-13,,Farm; rap music; sibling relationship; pennsylvania | Usa; grandparents; murder; single mother; oven; found footage; hide and seek; diaper,M. Night Shyamalan,2015.0,Horror | Mystery | Thriller,1 win & 14 nominations total,94.0,2015.0,Olivia DeJonge,Deanna Dunagan | Ed Oxenbould | Olivia DeJonge,"A brother and sister are sent to their grandparents' remote Pennsylvania farm for a week, where they discover that the elderly couple is involved in something deeply disturbing.",163760.0,tt3567288,298312.0,iTunes,https://image.tmdb.org/t/p/w500/hDrToKMpKYTdwdpOhshL8ko6WVp.jpg
The Voices,V0866,6.3,74.0,R,,Serial killer; psychiatrist; killer; evil; woman director,Marjane Satrapi,2014.0,Comedy | Crime | Fantasy | Horror,3 wins & 4 nominations total,104.0,2014.0,Ryan Reynolds,Anna Kendrick | Gemma Arterton | Ryan Reynolds,"A mentally unhinged factory worker must decide whether to listen to his talking cat and become a killer, or follow his dog's advice to keep striving for normalcy.",64422.0,tt1567437,244458.0,Vudu,https://image.tmdb.org/t/p/w500/weY5OVSFmxvA3D4lfyhgvugklEh.jpg
The Way Back,V0867,7.3,73.0,PG-13,,Change; alcoholism; widower; basketball team; basketball coach; addiction recovery; dramatic; admiring,Gavin O'Connor,2010.0,Drama,6 nominations total,108.0,2020.0,Ben Affleck,Al Madrigal | Ben Affleck | Michaela Watkins,"A former basketball all-star, who has lost his wife and family foundation in a struggle with addiction, attempts to regain his soul and salvation by becoming the coach of a disparate ethnically mixed high school basketball team at his alma mater.",124595.0,tt1023114,529485.0,iTunes,https://image.tmdb.org/t/p/w500/ylPnfaphW3FrLBUVwAREVtiL9My.jpg
The Wizard of Oz,V0868,8.1,98.0,G,Oz Collection,Usa; imaginary land; cowardliness; monkey; female villain; fantasy world; wizard; sepia color; hourglass; christmas; red shoes; based on young adult novel; tin man; playful; grand; admiring; adoring; bold; cheerful; comforting; compassionate; exuberant; joyful; powerful | Witch; adolescence; dreams; based on novel or book; secret identity; lion; tornado; twister; scarecrow; villain; musical; kansas,Victor Fleming,1939.0,Adventure | Family | Fantasy,Won 2 Oscars. 15 wins & 15 nominations total,102.0,1939.0,Judy Garland,Frank Morgan | Judy Garland | Ray Bolger,"Young Dorothy finds herself in a magical world where she makes friends with a lion, a scarecrow and a tin man as they make their way along the yellow brick road to talk with the Wizard and ask for the things they miss most in their lives. The Wicked Witch of the West is the only thing that could stop them.",449446.0,tt0032138,630.0,iTunes,https://image.tmdb.org/t/p/w500/pfAZFD7I2hxW9HCChTuAzsdE6UX.jpg
The Wolf of Wall Street,V0869,8.2,79.0,R,,Corruption; based on novel or book; drug addiction; anti hero; con man; fraud; wall street; based on true story; rise and fall; con artist; money; stockbroker; wealthy; drugs; cynical; stripping; hedonism; decadence; taunting; corrupt; shocking; 1980s; sharemarket fraud; desire for fame; financial market; fame-seeking; black monday; cautionary; hilarious; audacious; callous; disrespectful; sarcastic; based on real person,Martin Scorsese,2013.0,Comedy | Crime | Drama,Nominated for 5 Oscars. 38 wins & 180 nominations total,180.0,2013.0,Leonardo DiCaprio,Jonah Hill | Leonardo DiCaprio | Margot Robbie,"A New York stockbroker refuses to cooperate in a large securities fraud case involving corruption on Wall Street, corporate banking world and mob infiltration. Based on Jordan Belfort's autobiography.",1683543.0,tt0993846,106646.0,iTunes,https://image.tmdb.org/t/p/w500/kW9LmvYHAaS9iA0tHmZVq8hQYoq.jpg
The Wolf's Call,V0870,7.548,,TV-14,,Nuclear missile; chain of command; sonar; nuclear submarine; french army,Antonin Baudry,2019.0,Action | Adventure | Thriller,1 win & 3 nominations total,116.0,2019.0,François Civil,François Civil | Mathieu Kassovitz | Omar Sy,"Shown from the perspective of a young submariner with unusually sensitive hearing and uncannily precise sound recognition. The fate of many often depends on his ability, and one time, whilst highly stressed, he makes a incorrect call which put his entire crew in mortal danger.  Trying to regain the confidence of his comrades, he conducts an unauthorised investigation of an apparent plot which, it turns out, risks escalating into a nuclear apocalypse. Suddenly working under pressure with the fleet admiral, they must do whatever is necessary, even the unthinkable, to prevent a nuclear war, since a confirmed nuclear strike order cannot be countermanded.",2087.0,tt7458762,484468.0,iTunes,https://image.tmdb.org/t/p/w500/8bxIzp9w9l9ZzGVwNaIKOaem05A.jpg
The Wolverine,V0871,6.7,71.0,PG-13,The Wolverine Collection,Japan; samurai; superhero; mutant; world war ii; based on comic; superhuman; duringcreditsstinger,James Mangold,2013.0,Action | Adventure | Science Fiction,2 wins & 11 nominations total,126.0,2013.0,Hugh Jackman,Hiroyuki Sanada | Hugh Jackman | Tao Okamoto,"Wolverine faces his ultimate nemesis - and tests of his physical, emotional, and mortal limits - in a life-changing voyage to modern-day Japan.",509296.0,tt1430132,76170.0,iTunes,https://image.tmdb.org/t/p/w500/8lzmovtARDXnE7kTDOum02i6fXv.jpg
The Woman In Black,V0872,6.4,66.0,PG-13,The Woman in Black Collection,England; remake; revenge; lawyer; dead child; photograph; gothic horror; period drama; super power; estate; ghost | London,James Watkins,2012.0,Drama | Horror | Thriller,5 wins & 14 nominations total,95.0,2012.0,,,"The story follows a young lawyer, Arthur Kipps, who is ordered to travel to a remote village and sort out a recently deceased client’s papers. As he works alone in the client’s isolated house, Kipps begins to uncover tragic secrets, his unease growing when he glimpses a mysterious woman dressed only in black. Receiving only silence from the locals, Kipps is forced to uncover the true identity of the Woman in Black on his own, leading to a desperate race against time when he discovers her true identity.",195484.0,tt1596365,65086.0,iTunes,https://image.tmdb.org/t/p/w500/nghQnDZE4EsQJ4J4zxR3UqItTpO.jpg
The Woman King,V0873,6.9,94.0,PG-13,,Africa; arranged marriage; warrior woman; based on true story; slave trade; duringcreditsstinger; woman director; military unit; aggressive; 19th century; mother daughter reunion; freed slave; female warrior; west africa; weapons training; factual; reminiscent; admiring; celebratory; commanding; exhilarated,Gina Prince-Bythewood,2022.0,Action | Drama | History,Nominated for 2 BAFTA 28 wins & 126 nominations total,135.0,2022.0,Viola Davis,Lashana Lynch | Thuso Mbedu | Viola Davis,"The story of the Agojie, the all-female unit of warriors who protected the African Kingdom of Dahomey in the 1800s with skills and a fierceness unlike anything the world has ever seen, and General Nanisca as she trains the next generation of recruits and readies them for battle against an enemy determined to destroy their way of life.",77881.0,tt8093700,724495.0,iTunes,https://image.tmdb.org/t/p/w500/438QXt1E3WJWb3PqNniK0tAE5c1.jpg
The World Is Not Enough,V0874,6.4,51.0,PG-13,James Bond Collection,Mission; oil; mi6; heiress; bilbao | Spain; british secret service,Michael Apted,1999.0,Action | Adventure | Thriller,7 wins & 12 nominations total,128.0,1999.0,Pierce Brosnan,Pierce Brosnan | Robert Carlyle | Sophie Marceau,"Greed, revenge, world dominance and high-tech terrorism – it's all in a day's work for Bond, who's on a mission to protect a beautiful oil heiress from a notorious terrorist. In a race against time that culminates in a dramatic submarine showdown, Bond works to defuse the international power struggle that has the world's oil supply hanging in the balance.",213719.0,tt0143145,36643.0,Vudu,https://image.tmdb.org/t/p/w500/wCb2msgoZPK01WIqry24M4xsM73.jpg
The World's End,V0875,6.9,89.0,R,,Addiction; alcoholism; end of the world; apocalypse; homage; pub; hilarious; pub crawl,Edgar Wright,2013.0,Action | Comedy | Science Fiction,4 wins & 28 nominations total,109.0,2013.0,Simon Pegg,Nick Frost | Paddy Considine | Simon Pegg,Five friends who reunite in an attempt to top their epic pub crawl from 20 years earlier unwittingly become humankind's only hope for survival.,305491.0,tt1213663,107985.0,iTunes,https://image.tmdb.org/t/p/w500/kpglnOBYmKn0AkkWDzGxzKHDbds.jpg
The Young Messiah,V0876,5.7,50.0,PG-13,,Egypt; bible; gospel; journey,Cyrus Nowrasteh,2016.0,Drama,3 wins,120.0,2016.0,Adam Greaves-Neal,Adam Greaves-Neal | Sara Lazzaro | Vincent Walsh,"Tells the story of Jesus Christ at age seven as he and his family depart Egypt to return home to Nazareth. Told from his childhood perspective, it follows young Jesus as he grows into his religious identity.",3942.0,tt1002563,318850.0,iTunes,https://image.tmdb.org/t/p/w500/ubehK1ZnM0NQphchuaMeE4A1BZk.jpg
There's Something About Mary,V0877,7.1,84.0,R,,Surgeon; romcom; stalker; dream girl; taboo; screwball comedy; frisbee; troubadour; intellectual disability,"Peter Farrelly, Bobby Farrelly",1998.0,Comedy | Romance,17 wins & 17 nominations total,120.0,1998.0,Cameron Diaz,Ben Stiller | Cameron Diaz | Matt Dillon,"For Ted, prom night went about as bad as it’s possible for any night to go. Thirteen years later, he finally gets another chance with his old prom date, only to run up against other suitors including the sleazy detective he hired to find her.",338048.0,tt0129387,544.0,iTunes,https://image.tmdb.org/t/p/w500/slJD1Dvnsf15LoeqhERsyzisAdn.jpg
This Is 40,V0878,6.2,52.0,R,Knocked Up Collection,Husband wife relationship; family relationships; love; parenting; parents; financial problem; duringcreditsstinger; dubious,Judd Apatow,2012.0,Comedy,2 wins & 11 nominations total,134.0,2012.0,Paul Rudd,John Lithgow | Leslie Mann | Paul Rudd,"Pete and Debbie are both about to turn 40, their kids hate each other, both of their businesses are failing, they're on the verge of losing their house, and their relationship is threatening to fall apart.",153876.0,tt1758830,89492.0,iTunes,https://image.tmdb.org/t/p/w500/mzUuOIFoVkRTHACRb58vm6mkbBN.jpg
This Is the End,V0879,6.6,82.0,R,,Friendship; monster; panic; painting; exorcism; dark comedy; possession; satire; celebrity; friends; end of the world; house party; apocalypse; hollywood; creature; drugs; demon; self-referential; macabre; end; disturbed; frantic; claustrophobic; other worldly; mischievous; dreary; biblical; amused,"Seth Rogen, Evan Goldberg",2013.0,Action | Comedy,10 wins & 23 nominations total,106.0,2013.0,James Franco,James Franco | Jonah Hill | Seth Rogen,"While attending a party at James Franco's house, Seth Rogen, Jay Baruchel and many other celebrities are faced with the apocalypse.",443274.0,tt1245492,109414.0,iTunes,https://image.tmdb.org/t/p/w500/tNIW0NhX1hKvUsy6PQ80DOKUhkD.jpg
Thor,V0880,7.0,77.0,PG-13,Thor Collection,New mexico; superhero; redemption; banishment; based on comic; brother against brother; norse mythology; aftercreditsstinger; marvel cinematic universe (mcu); worlds collide; god of thunder; fantasy; egotistical,Kenneth Branagh,2011.0,Action | Adventure | Fantasy,5 wins & 30 nominations total,115.0,2011.0,Chris Hemsworth,Chris Hemsworth | Natalie Portman | Tom Hiddleston,"Against his father Odin's will, The Mighty Thor - a powerful but arrogant warrior god - recklessly reignites an ancient war. Thor is cast down to Earth and forced to live among humans as punishment. Once here, Thor learns what it takes to be a true hero when the most dangerous villain of his world sends the darkest forces of Asgard to invade Earth.",930055.0,tt0800369,10195.0,iTunes,https://image.tmdb.org/t/p/w500/prSfAi1xGrhLQNxVSUFh61xQ4Qy.jpg
Thor: Ragnarok,V0881,7.9,93.0,PG-13,Thor Collection,Superhero; based on comic; sequel; alien planet; female villain; norse mythology; aftercreditsstinger; duringcreditsstinger; marvel cinematic universe (mcu); norse god; loki,Taika Waititi,2017.0,Action | Adventure | Science Fiction,6 wins & 50 nominations total,131.0,2017.0,Chris Hemsworth,Chris Hemsworth | Mark Ruffalo | Tom Hiddleston,"Thor is imprisoned on the other side of the universe and finds himself in a race against time to get back to Asgard to stop Ragnarok, the destruction of his home-world and the end of Asgardian civilization, at the hands of a powerful new threat, the ruthless Hela.",854261.0,tt3501632,284053.0,iTunes,https://image.tmdb.org/t/p/w500/rzRwTcFvttcN1ZpX2xv4j3tSdJu.jpg
Thor: The Dark World,V0882,6.7,67.0,PG-13,Thor Collection,Superhero; based on comic; hostile takeover; norse mythology; aftercreditsstinger; duringcreditsstinger; marvel cinematic universe (mcu); mythological place; antagonistic; bold,Alan Taylor,2013.0,Action | Adventure | Fantasy,4 wins & 21 nominations total,112.0,2013.0,Chris Hemsworth,Chris Hemsworth | Natalie Portman | Tom Hiddleston,"Thor fights to restore order across the cosmos… but an ancient race led by the vengeful Malekith returns to plunge the universe back into darkness. Faced with an enemy that even Odin and Asgard cannot withstand, Thor must embark on his most perilous and personal journey yet, one that will reunite him with Jane Foster and force him to sacrifice everything to save us all.",747635.0,tt1981115,76338.0,iTunes,https://image.tmdb.org/t/p/w500/wp6OxE4poJ4G7c0U2ZIXasTSMR7.jpg
Titanic,V0883,7.9,88.0,PG-13,,Epic; ship; drowning; panic; shipwreck; evacuation; iceberg; titanic; forbidden love; ocean liner; based on true story; rich woman poor man; love; tragedy; tragic love; disaster; historical fiction; class differences; love affair; historical event; lifeboat; star crossed lovers; sinking ship; steerage; rich snob; disaster movie; 1910s; sunken ship; romantic,James Cameron,1997.0,Drama | Romance,Won 11 Oscars. 126 wins & 83 nominations total,194.0,1997.0,Leonardo DiCaprio,Billy Zane | Kate Winslet | Leonardo DiCaprio,"101-year-old Rose DeWitt Bukater tells the story of her life aboard the Titanic, 84 years later. A young Rose boards the ship with her mother and fiancé. Meanwhile, Jack Dawson and Fabrizio De Rossi win third-class tickets aboard the ship. Rose tells the whole story from Titanic's departure through to its death—on its first and last voyage—on April 15, 1912.",1334872.0,tt0120338,597.0,iTunes,https://image.tmdb.org/t/p/w500/9xjZS2rlVxm8SFx8kPC3aIGCOYQ.jpg
Tommy Boy,V0884,7.1,42.0,PG-13,,Road trip; buddy,Peter Segal,1995.0,Comedy,1 win & 2 nominations total,98.0,1995.0,Chris Farley,Brian Dennehy | Chris Farley | David Spade,"To save the family business, two ne’er-do-well traveling salesmen hit the road with disastrously funny consequences.",99904.0,tt0114694,11381.0,Vudu,https://image.tmdb.org/t/p/w500/dTf5qp5Pe3W8VBwWchQR7CKA0X7.jpg
Tomorrow Never Dies,V0885,6.5,57.0,PG-13,James Bond Collection,England; china; england; missile; spy; secret intelligence service; intelligence; manipulation of the media; special car; motorcycle; secret service; hamburg | Germany | Media tycoon; navy; london,Roger Spottiswoode,1997.0,Action | Adventure | Thriller,6 wins & 10 nominations total,119.0,1997.0,Pierce Brosnan,Jonathan Pryce | Michelle Yeoh | Pierce Brosnan,A deranged media mogul is staging international incidents to pit the world's superpowers against each other. Now James Bond must take on this evil mastermind in an adrenaline-charged battle to end his reign of terror and prevent global pandemonium.,208560.0,tt0120347,714.0,Vudu,https://image.tmdb.org/t/p/w500/gZm002w7q9yLOkltxT76TWGfdZX.jpg
Tomorrowland,V0886,6.4,49.0,PG,,Inventor; apocalypse; destiny; dreamer; futuristic car; futuristic city,Brad Bird,2015.0,Adventure | Family | Mystery | Science Fiction,2 wins & 19 nominations,130.0,2015.0,Britt Robertson,Britt Robertson | George Clooney | Raffey Cassidy,"Bound by a shared destiny, a bright, optimistic teen bursting with scientific curiosity and a former boy-genius inventor jaded by disillusionment embark on a danger-filled mission to unearth the secrets of an enigmatic place somewhere in time and space that exists in their collective memory as ""Tomorrowland.",193598.0,tt1964418,158852.0,iTunes,https://image.tmdb.org/t/p/w500/kziYpr5Nfw60P0My8aj1sgCEqed.jpg
Top Gun,V0887,6.9,59.0,PG,Top Gun Collection,Dying and death; secret love; lovesickness; airplane; loss of loved one; self-discovery; hostility; fighter pilot; pilot; training camp; battle assignment; u.s. navy; cowardliness; pilot school; based on magazine | Newspaper or article; inspirational; admiring; bold; celebratory; commanding; exuberant; melodramatic; gay interest,Tony Scott,1986.0,Action | Drama,Won 1 Oscar. 11 wins & 9 nominations total,110.0,1986.0,Tom Cruise,Kelly McGillis | Tom Cruise | Val Kilmer,"For Lieutenant Pete 'Maverick' Mitchell and his friend and co-pilot Nick 'Goose' Bradshaw, being accepted into an elite training school for fighter pilots is a dream come true. But a tragedy, as well as personal demons, will threaten Pete's dreams of becoming an ace pilot.",522091.0,tt0092099,744.0,iTunes,https://image.tmdb.org/t/p/w500/xUuHj3CgmZQ9P2cMaqQs4J0d4Zc.jpg
Total Recall (Newly Remastered),V0888,,,,,,Not Found,,Action | Adventure | Science Fiction,,,1990.0,,,"Construction worker Douglas Quaid's obsession with the planet Mars leads him to visit Recall, a company that manufactures memories. When his memory implant goes wrong, Doug can no longer be sure what is and isn't reality.",,,,iTunes,
Tower Heist,V0889,6.2,67.0,PG-13,,New york city; skyscraper; fbi; thanksgiving; heist; billionaire; parade; high rise; female agent; ponzi scheme; caper comedy; planning; safecracker; recruiting; deceit; lobby,Brett Ratner,2011.0,Action | Comedy,3 nominations total,104.0,2011.0,Ben Stiller,Ben Stiller | Casey Affleck | Eddie Murphy,"A luxury condo manager leads a staff of workers to seek payback on the Wall Street swindler who defrauded them. With only days until the billionaire gets away with the perfect crime, the unlikely crew of amateur thieves enlists the help of petty crook Slide to steal the $20 million they’re sure is hidden in the penthouse.",153596.0,tt0471042,59108.0,iTunes,https://image.tmdb.org/t/p/w500/jQrroNwP8hbFiUlNMs20emauwPE.jpg
Toy Story 3,V0890,8.3,98.0,G,Toy Story Collection,Escape; hostage; college; villain; sequel; buddy; daycare; teddy bear; duringcreditsstinger; toy comes to life; personification; inanimate objects come to life,Lee Unkrich,2010.0,Animation | Comedy | Family,Won 2 Oscars. 63 wins & 96 nominations total,103.0,2010.0,Tom Hanks,Joan Cusack | Tim Allen | Tom Hanks,"Woody, Buzz, and the rest of Andy's toys haven't been played with in years. With Andy about to go to college, the gang find themselves accidentally left at a nefarious day care center. The toys must band together to escape and return home to Andy.",929348.0,tt0435761,10193.0,iTunes,https://image.tmdb.org/t/p/w500/AbbXspMOwdvwWZgVN0nabZq03Ec.jpg
Toy Story 4,V0891,7.6,97.0,G,Toy Story Collection,Friendship; cartoon; rescue mission; sequel; anti villain; buddy; cowboy; duringcreditsstinger; toy comes to life; dedication; awestruck,Josh Cooley,2019.0,Adventure | Animation | Comedy | Family | Fantasy,Won 1 Oscar. 61 wins & 66 nominations total,100.0,2019.0,Tom Hanks,Annie Potts | Tim Allen | Tom Hanks,"Woody has always been confident about his place in the world and that his priority is taking care of his kid, whether that's Andy or Bonnie. But when Bonnie adds a reluctant new toy called ""Forky"" to her room, a road trip adventure alongside old and new friends will show Woody how big the world can be for a toy.",295159.0,tt1979376,301528.0,iTunes,https://image.tmdb.org/t/p/w500/w9kR8qbmQ01HwnvK4alvnQ2ca0L.jpg
Tracks,V0892,7.1,83.0,PG-13,,Vietnam; love; train; soldier,Henry Jaglom,2013.0,Drama,,92.0,1976.0,Dennis Hopper,Dean Stockwell | Dennis Hopper | Taryn Power,"A soldier returns from Vietnam on special assignment, accompanying the body of his friend by train to California for burial. During the trip, he falls in love with a gentle college student. But their relationship is shattered by his flashbacks to combat.",32219.0,tt2167266,108322.0,iTunes,https://image.tmdb.org/t/p/w500/1hzdbJS5WNMzCY7sV6qSmOaOT10.jpg
Trading Places,V0893,7.5,89.0,R,,New year's eve; prostitute; philadelphia | Pennsylvania; butler; christmas party; rags to riches; broker; beggar; wager; stockbroker; fish out of water; millionaire; commodities; investor; hoodlum; wrongful arrest; rich snob; christmas; riches to rags; new year; mischievous; christmas eve; irreverent; absurd; dramatic; hilarious; amused; disrespectful; exhilarated; african american lead,John Landis,1983.0,Comedy,Nominated for 1 Oscar. 3 wins & 8 nominations total,116.0,1983.0,Dan Aykroyd,Dan Aykroyd | Eddie Murphy | Ralph Bellamy,A snobbish investor and a wily street con-artist find their positions reversed as part of a bet by two callous millionaires.,173079.0,tt0086465,1621.0,iTunes,https://image.tmdb.org/t/p/w500/8mBuLCOcpWnmYtZc4aqtvDXslv6.jpg
Trainwreck,V0894,6.2,84.0,R,,Alcohol; surgeon; interview; romcom; one-night stand; fear of commitment; doctor; falling in love; drinking; nursing home; multiple sclerosis; serial dating; party girl; sleeping around; sick father; sister sister relationship; free spirited; pattern; magazine writer; amused,Judd Apatow,2015.0,Comedy | Romance,5 wins & 27 nominations total,125.0,2015.0,Amy Schumer,Amy Schumer | Bill Hader | Brie Larson,"Having thought that monogamy was never possible, a commitment-phobic career woman may have to face her fears when she meets a good guy.",145232.0,tt3152624,271718.0,iTunes,https://image.tmdb.org/t/p/w500/wrY629UTCUAKLJ4CxQXz6DCE7pr.jpg
Transformers: Age of Extinction,V0895,5.6,18.0,PG-13,Transformers Collection,Sequel; alien; on the run; based on toy; giant robot; robot; metal; good vs evil,Michael Bay,2014.0,Action | Adventure | Science Fiction,5 wins & 23 nominations total,165.0,2014.0,Mark Wahlberg,Mark Wahlberg | Peter Cullen | Stanley Tucci,"As humanity picks up the pieces after the battle of Chicago, a shadowy group reveals itself in an attempt to control the direction of history…while an ancient, powerful new menace sets Earth in its crosshairs. With help from Cade Yeager, Optimus Prime and the Autobots rise to meet their most fearsome challenge yet.",337717.0,tt2109248,91314.0,iTunes,https://image.tmdb.org/t/p/w500/jyzrfx2WaeY60kYZpPYepSjGz4S.jpg
Transformers: Dark of the Moon,V0896,6.2,35.0,PG-13,Transformers Collection,Chicago | Illinois; spacecraft; moon; traitor; bodyguard; alien planet; based on toy; giant robot; sabotage; word domination; commando; duringcreditsstinger,Michael Bay,2011.0,Action | Adventure | Science Fiction,Nominated for 3 Oscars. 11 wins & 42 nominations total,154.0,2011.0,Shia LaBeouf,Peter Cullen | Rosie Huntington-Whiteley | Shia LaBeouf,"The Autobots continue to work for NEST, now no longer in secret. But after discovering a strange artifact during a mission in Chernobyl, it becomes apparent to Optimus Prime that the United States government has been less than forthright with them.",443906.0,tt1399103,38356.0,iTunes,https://image.tmdb.org/t/p/w500/28YlCLrFhONteYSs9hKjD1Km0Cj.jpg
Transformers: The Last Knight,V0897,5.2,16.0,PG-13,Transformers Collection,England; chosen one; based on toy; knight; planet; robot; duringcreditsstinger; planet earth; arthurian mythology; secret history,Michael Bay,2017.0,Action | Adventure | Science Fiction,3 wins & 20 nominations total,154.0,2017.0,Mark Wahlberg,Laura Haddock | Mark Wahlberg | Peter Cullen,"Humans and Transformers are at war. Optimus Prime is gone. The key to saving our future lies buried in the secrets of the past, in the hidden history of Transformers on Earth. Saving our world falls upon the shoulders of an unlikely alliance: Cade Yeager; Bumblebee; an English Lord; and an Oxford Professor.",177675.0,tt3371366,335988.0,iTunes,https://image.tmdb.org/t/p/w500/s5HQf2Gb3lIO2cRcFwNL9sn1o1o.jpg
Tremors,V0898,7.2,88.0,PG-13,Tremors Collection,Small town; nevada; old town; stranded; rural area; creature; graboids; seismologist; binoculars; man eating monster; tentacles; town; cursed town; absurd; amused; antagonistic; giant worms; old tractor,Ron Underwood,1990.0,Action | Comedy | Horror | Science Fiction,5 nominations total,96.0,1990.0,Kevin Bacon,Finn Carter | Fred Ward | Kevin Bacon,"Val McKee and Earl Bassett are in a fight for their lives when they discover that their desolate town has been infested with gigantic, man-eating creatures that live below the ground.",158052.0,tt0100814,9362.0,iTunes,https://image.tmdb.org/t/p/w500/cA4ggkZ3r1d5r9hOAUWC8x5ul2i.jpg
Triple 9,V0899,6.3,54.0,R,,Bomb; bratva (russian mafia); detective; assault rifle; ghetto; cocaine; strip club; heist; murder; betrayal; bag of money; dirty cop; bank robbery; death of brother; atlanta | Georgia,John Hillcoat,2016.0,Action | Adventure | Crime | Thriller,4 nominations total,115.0,2016.0,Casey Affleck,Anthony Mackie | Casey Affleck | Chiwetel Ejiofor,A gang of criminals and corrupt cops plan the murder of a police officer in order to pull off their biggest heist yet across town.,78858.0,tt1712261,146198.0,iTunes,https://image.tmdb.org/t/p/w500/q2kIq9yzEkOVhl1aeo0alJHtdfz.jpg
Trolls World Tour,V0900,6.1,72.0,PG,The Trolls Collection,Dancing; friendship; concert; country music; guitar; cloud; saxophone; sequel; jail; based on toy; rock music; alien abduction; singing; king; desert; pop music; flute; mirage; electronic music; k-pop; spaceship; jukebox musical,Walt Dohrn,2020.0,Adventure | Animation | Comedy | Family | Fantasy | Music,4 wins & 22 nominations total,91.0,2020.0,Anna Kendrick,Anna Kendrick | Justin Timberlake | Ron Funches,"Queen Poppy and Branch make a surprising discovery — there are other Troll worlds beyond their own, and their distinct differences create big clashes between these various tribes. When a mysterious threat puts all of the Trolls across the land in danger, Poppy, Branch, and their band of friends must embark on an epic quest to create harmony among the feuding Trolls to unite them against certain doom.",30407.0,tt6587640,446893.0,iTunes,https://image.tmdb.org/t/p/w500/7W0G3YECgDAfnuiHG91r8WqgIOe.jpg
Tropic Thunder,V0901,6.697,,,,,Not Found,2008.0,Action | Adventure | Comedy | War,,107.0,2008.0,,,"A group of self-absorbed actors set out to make the most expensive war film ever. After ballooning costs force the studio to cancel the movie, the frustrated director refuses to stop shooting, leading his cast into the jungles of Southeast Asia, where they encounter real bad guys.",6565.0,,,iTunes,https://m.media-amazon.com/images/M/MV5BNDE5NjQzMDkzOF5BMl5BanBnXkFtZTcwODI3ODI3MQ@@._V1_SX300.jpg
Turbo,V0902,6.264,,,,Underdog; dreams; car race; speed; villain; fast; anthropomorphism; friends; super power; racer; aftercreditsstinger; duringcreditsstinger; snail,David Soren,2013.0,"Animation, Adventure, Comedy",,96.0,2013.0,Ryan Reynolds,,A freak accident might just help an everyday garden snail achieve his biggest dream: winning the Indy 500.,3541.0,tt1860353,77950.0,iTunes,https://image.tmdb.org/t/p/w500/w6GdF5hcnsU5IwaRhyhnysNy5hO.jpg
Twister: A Musical Catastrophe,V0903,4.5,,,,,Ken Kesey,2000.0,"Action, Comedy",,128.0,1989.0,Phil Deitz,,"The major characters in ""Twister"" faces turn-of-the-twenty-first-century crises in the world today: The Hungry Wind, The Lonely Virus, and The Restless Earth, which deal, respectively, with...",2.0,tt0111522,,iTunes,https://m.media-amazon.com/images/M/MV5BOGJlYzYwOTEtN2QyNi00N2Y3LWFiNmYtNWYwODE4YWJjNDdjXkEyXkFqcGdeQXVyMjI3MDczMjI@._V1_SX300.jpg
Twisters,V0904,6.5,75.0,PG-13,Twister Collection,Dying and death; rodeo; climate; twister; natural disaster; oklahoma; storm chaser; meteorologist; duringcreditsstinger; disaster movie; weather chasers; social media influencer; youtuber; extreme weather; hilarious; exhilarated; science experiment,Lee Isaac Chung,2024.0,Action | Thriller,33 nominations total,123.0,2024.0,Daisy Edgar-Jones,Anthony Ramos | Daisy Edgar-Jones | Glen Powell,"As storm season intensifies, the paths of former storm chaser Kate Carter and reckless social-media superstar Tyler Owens collide when terrifying phenomena never seen before are unleashed. The pair and their competing teams find themselves squarely in the paths of multiple storm systems converging over central Oklahoma in the fight of their lives.",169684.0,tt12584954,718821.0,iTunes,https://image.tmdb.org/t/p/w500/pjnD08FlMAIXsfOLKQbvmO0f0MD.jpg
Tyler Perry's Boo 2! - A Madea Halloween,V0905,5.732,,,Madea Collection,Halloween; sequel,Tyler Perry,2017.0,Comedy,,100.0,2017.0,,,"Madea and the gang encounter monsters, goblins and boogeymen at a haunted campground.",488.0,,459202.0,iTunes,https://image.tmdb.org/t/p/w500/5nvP4etJ8ecQv8qZM08dK4BAzdK.jpg
Tyler Perry's Boo! A Madea Halloween,V0906,5.795,,,Madea Collection,Poltergeist; halloween; haunted house; zombie; ghoul; ghost; mayhem; black cinema; teenager,Tyler Perry,2016.0,Comedy,,103.0,2016.0,,,"Madea winds up in the middle of mayhem when she spends a hilarious, haunted Halloween fending off killers, paranormal poltergeists, ghosts, ghouls, and zombies while keeping a watchful eye on a group of misbehaving teens.",427.0,,380124.0,iTunes,https://image.tmdb.org/t/p/w500/82TLEZv1rOJNgllfYD22NkivGDH.jpg
Unbroken,V0907,7.2,52.0,PG-13,Unbroken Collection,Germany; based on novel or book; sports; world war ii; prisoner of war; u.s. air force; biography; pacific war; raft; shark; woman director; olympic athlete | Japan; berlin,Angelina Jolie,2014.0,Drama | War,Nominated for 3 Oscars. 14 wins & 33 nominations total,137.0,2014.0,Jack O'Connell,Alex Russell | Domhnall Gleeson | Jack O'Connell,"A chronicle of the life of Louis Zamperini, an Olympic runner who was taken prisoner by Japanese forces during World War II.",187831.0,tt1809398,227306.0,iTunes,https://image.tmdb.org/t/p/w500/vAlHUjHwLWMV5mg4epGR9WSIfiy.jpg
Uncharted,V0908,6.896,,PG-13,Uncharted Collection,Lighter; treasure hunt; treasure map; based on video game; lost treasure; duringcreditsstinger; missing relative; assertive,Ruben Fleischer,2022.0,Action | Adventure,5 nominations total,116.0,2022.0,Tom Holland,Mark Wahlberg | Sophia Ali | Tom Holland,"A young street-smart, Nathan Drake and his wisecracking partner Victor “Sully” Sullivan embark on a dangerous pursuit of “the greatest treasure never found” while also tracking clues that may lead to Nathan’s long-lost brother.",6416.0,tt1464335,335787.0,iTunes,https://image.tmdb.org/t/p/w500/rJHC1RUORuUhtfNb4Npclx0xnOf.jpg
Uncut Gems,V0909,7.4,91.0,R,,Bet; infidelity; new york city; gambling; auction; ethiopia; dark comedy; basketball; money; art house; debt; apartment building; opal; pawnshop; character study; jeweler; city life; neo-noir; independent film; black opal; suspenseful,Benny Safdie,2019.0,Crime | Drama | Thriller,28 wins & 96 nominations total,136.0,2019.0,Adam Sandler,Adam Sandler | Julia Fox | LaKeith Stanfield,"A charismatic New York City jeweler always on the lookout for the next big score makes a series of high-stakes bets that could lead to the windfall of a lifetime. Howard must perform a precarious high-wire act, balancing business, family, and encroaching adversaries on all sides in his relentless pursuit of the ultimate win.",333825.0,tt5727208,473033.0,Vudu,https://image.tmdb.org/t/p/w500/sg0xxJeb3u1C4kAxhSuTwTNpEDt.jpg
Underwater,V0910,5.9,48.0,PG-13,,Monster; self sacrifice; deep sea; animal attack; giant monster; earthquake; survival; nuclear explosion; disaster; cryptozoology; female protagonist; underwater; survival horror; animal killing; creature feature; mechanical engineering; researcher; trapped underwater ; 2050s,William Eubank,2020.0,Action | Adventure | Horror | Science Fiction,1 win & 5 nominations total,95.0,2020.0,Kristen Stewart,Kristen Stewart | Mamoudou Athie | Vincent Cassel,"After an earthquake destroys their underwater station, six researchers must navigate two miles along the dangerous, unknown depths of the ocean floor to make it to safety in a race against time.",103095.0,tt5774060,443791.0,iTunes,https://image.tmdb.org/t/p/w500/gzlbb3yeVISpQ3REd3Ga1scWGTU.jpg
Unfriended,V0911,5.5,,,,,Levan Gabriadze,2014.0,"Horror, Mystery, Thriller",,83.0,2014.0,Heather Sossaman,,"A group of online chatroom friends find themselves haunted by a mysterious, supernatural force using the account of their dead friend.",3416.0,tt3713166,,iTunes,https://m.media-amazon.com/images/M/MV5BMWEzOGU0OTktODU2My00YmYxLTliYjItOTkzMWRhMjMyZGNiXkEyXkFqcGc@._V1_SX300.jpg
Up In Smoke,V0912,6.9,47.0,R,,Dark comedy; screwball comedy; 3d animation,Ernie Berger,1978.0,Animation | Comedy,,5.0,2023.0,,,A zany character has his first day operating a mobile crematory service.,41667.0,tt0078446,1208810.0,iTunes,https://image.tmdb.org/t/p/w500/6lJDREsl6uVSnT4IdPUWhI84Xy.jpg
Up In the Air,V0913,7.4,90.0,R,,Suitcase; business; omaha; las vegas; on the road; downsizing; cross country; videoconferencing; employment termination; business trip; airport lounge; duringcreditsstinger; airline; motivational speaker; public speaking; laid off; mature romance; traveler; fired from a job; airport ending; travel packing; travel gift; air travel; frequent flyer,Jason Reitman,2009.0,Drama | Romance,Nominated for 6 Oscars. 75 wins & 171 nominations total,110.0,2009.0,,,"Corporate downsizing expert Ryan Bingham spends his life in planes, airports, and hotels, but just as he’s about to reach a milestone of ten million frequent flyer miles, he meets a woman who causes him to rethink his transient life.",354420.0,tt1193138,22947.0,iTunes,https://image.tmdb.org/t/p/w500/f4PpmOZHFWSJBTF0kX4cOW5TLiK.jpg
Upgrade,V0914,7.5,88.0,R,,Future; artificial intelligence (a.i.); hacker; police; technology; cyborg; dystopia; revenge; murder; drone; cyberpunk; transhumanism; brutality; implant; surgery; quadriplegic; near future; body enhancement; body horror; violence; microship; android horror,Leigh Whannell,2018.0,Action | Science Fiction | Thriller,3 wins & 26 nominations total,100.0,2018.0,Logan Marshall-Green,Betty Gabriel | Harrison Gilbertson | Logan Marshall-Green,"A brutal mugging leaves Grey Trace paralyzed in the hospital and his beloved wife dead. A billionaire inventor soon offers Trace a cure — an artificial intelligence implant called STEM that will enhance his body. Now able to walk, Grey finds that he also has superhuman strength and agility — skills he uses to seek revenge against the thugs who destroyed his life.",220154.0,tt6499752,500664.0,iTunes,https://image.tmdb.org/t/p/w500/5f28TXtvHioXirX2n1XH8EJ314v.jpg
Us,V0915,6.955,,,,California; 1980s; duality | Mask; boardwalk; murder; psychological thriller; fear; family vacation; home invasion; amusement park; doppelgänger; santa cruz,Jordan Peele,2019.0,"Horror, Mystery, Thriller",,116.0,2019.0,Lupita Nyong'o,,"In order to get away from their busy lives, the Wilson family takes a vacation to Santa Cruz, California. At night, four strangers break into Adelaide's childhood home. The family is shocked to find out that the intruders look lik...",7722.0,tt6857112,458723.0,iTunes,https://image.tmdb.org/t/p/w500/ux2dU1jQ2ACIMShzB3yP93Udpzc.jpg
V for Vendetta,V0916,8.1,73.0,R,,Government; detective; revolution; dystopia; fascism; fascist; chancellor; based on comic; revenge; torture; hatred; masked vigilante; vengeful spirit; activist; vengeful; antagonistic; powerful,James McTeigue,2005.0,Action | Science Fiction | Thriller,,132.0,2006.0,Natalie Portman,Hugo Weaving | Natalie Portman | Stephen Rea,"In a world in which Great Britain has become a fascist state, a masked vigilante known only as “V” conducts guerrilla warfare against the oppressive British government. When V rescues a young woman from the secret police, he finds in her an ally with whom he can continue his fight to free the people of Britain.",1212835.0,tt0434409,752.0,iTunes,https://image.tmdb.org/t/p/w500/1avD1JeaRiJX5M4ahPdZPypGoGN.jpg
Valerian and the City of a Thousand Planets,V0917,6.4,47.0,PG-13,,Future; shapeshifting; space travel; utopia; based on comic; alien; alien planet; energy; alien abduction; genocide; parallel world; political intrigue ; pacifist; space opera; military; government agent; marketplace; trapped in space; federal government; unity; cosmopolis,Luc Besson,2017.0,Action | Adventure | Science Fiction,11 nominations total,137.0,2017.0,Dane DeHaan,Cara Delevingne | Clive Owen | Dane DeHaan,"In the 28th century, Valerian and Laureline are special operatives charged with keeping order throughout the human territories. On assignment from the Minister of Defense, the two undertake a mission to Alpha, an ever-expanding metropolis where species from across the universe have converged over centuries to share knowledge, intelligence, and cultures. At the center of Alpha is a mysterious dark force which threatens the peaceful existence of the City of a Thousand Planets, and Valerian and Laureline must race to identify the menace and safeguard not just Alpha, but the future of the universe.",203934.0,tt2239822,339964.0,iTunes,https://image.tmdb.org/t/p/w500/vlc95gl3PtrjxSEuM8RhTtSm2xU.jpg
Vegas Vacation,V0918,5.9,15.0,PG,National Lampoon's Vacation Collection,Gambling; chaos; roulette; las vegas; family holiday,Stephen Kessler,1997.0,Comedy,1 nomination,93.0,1997.0,Chevy Chase,Beverly D'Angelo | Chevy Chase | Randy Quaid,"The Griswold family hits the road again for a typically ill-fated vacation, this time to the glitzy mecca of slots and showgirls—Las Vegas.",54056.0,tt0120434,11419.0,iTunes,https://image.tmdb.org/t/p/w500/jUOreo2AWDnPuRJsUp6T1i66tUe.jpg
Venom,V0919,6.6,31.0,PG-13,Venom Collection,California; superhero; anti hero; alien life-form; based on comic; aftercreditsstinger; duringcreditsstinger; business tycoon; symbiote; genetic experiment; venom | Spacecraft; san francisco,Ruben Fleischer,2018.0,Action | Science Fiction,2 wins & 9 nominations total,112.0,2018.0,Tom Hardy,Michelle Williams | Riz Ahmed | Tom Hardy,"Investigative journalist Eddie Brock attempts a comeback following a scandal, but accidentally becomes the host of Venom, a violent, super powerful alien symbiote. Soon, he must rely on his newfound powers to protect the world from a shadowy organization looking for a symbiote of their own.",575442.0,tt1270797,335983.0,iTunes,https://image.tmdb.org/t/p/w500/2uNW4WbgBXL25BAbXGLnLqX71Sw.jpg
Venom: Let There Be Carnage,V0920,5.9,58.0,PG-13,Venom Collection,Hero; psychopath; superhero; anti hero; villain; alien life-form; based on comic; sequel; fear; aftercreditsstinger; symbiote; carnage,Andy Serkis,2021.0,Action | Adventure | Science Fiction,1 win & 6 nominations,97.0,2021.0,Tom Hardy,Michelle Williams | Tom Hardy | Woody Harrelson,"After finding a host body in investigative reporter Eddie Brock, the alien symbiote must face a new enemy, Carnage, the alter ego of serial killer Cletus Kasady.",275707.0,tt7097896,580489.0,iTunes,https://image.tmdb.org/t/p/w500/1MJNcPZy46hIy2CmSqOeru0yr5C.jpg
Vivarium,V0921,5.9,73.0,R,,Baby; suburbia; suburb; trapped; body bag; real estate agent; backrooms,Lorcan Finnegan,2019.0,Horror | Mystery | Science Fiction | Thriller,3 wins & 10 nominations,97.0,2019.0,Imogen Poots,Imogen Poots | Jesse Eisenberg | Jonathan Aris,"A young woman and her fiancé are in search of the perfect starter home. After following a mysterious real estate agent to a new housing development, the couple finds themselves trapped in a maze of identical houses and forced to raise an otherworldly child.",78372.0,tt8368406,458305.0,iTunes,https://image.tmdb.org/t/p/w500/myf3qzpeN0JbuFRPwSpJcz7rmAT.jpg
Walk of Shame,V0922,6.0,15.0,R,,Journalist; one-night stand; blonde; newswoman,Steven Brill,2014.0,Comedy,,95.0,2014.0,Elizabeth Banks,Elizabeth Banks | Gillian Jacobs | James Marsden,"A reporter's dream of becoming a news anchor is compromised after a one-night stand leaves her stranded in downtown L.A. without a phone, car, ID or money - and only 8 hours to make it to the most important job interview of her life.",58157.0,tt2463288,187596.0,iTunes,https://image.tmdb.org/t/p/w500/3zMS66gtw8ccvy1BWD6thJ67jgX.jpg
War for the Planet of the Apes,V0923,7.4,94.0,PG-13,Planet of the Apes (Reboot) Collection,Suicide; civil war; escape; winter; mutation; peace; solidarity; gorilla; intelligence; dystopia; horse; post-apocalyptic future; slavery; pacifism; imprisonment; colony; sequel; anthropomorphism; revenge; betrayal; mute; snow; torture; disease; ape; orangutan; death of family; death; evolution; chimpanzee; avalanche; albino; primate; sign languages; virus; underground tunnel; assassination attempt; enslavement; murder by gunshot; human becoming an animal; contagion; father son relationship; 2040s; guns; soldiers; avenging father; animal human friendship; war; cgi-live action hybrid; serious; violence against animals; explosions; war horse; survival of the fittest; cruel,Matt Reeves,2017.0,Drama | Science Fiction | War,Nominated for 1 Oscar. 28 wins & 65 nominations total,140.0,2017.0,Andy Serkis,Andy Serkis | Karin Konoval | Woody Harrelson,"Caesar and his apes are forced into a deadly conflict with an army of humans led by a ruthless Colonel. After the apes suffer unimaginable losses, Caesar wrestles with his darker instincts and begins his own mythic quest to avenge his kind. As the journey finally brings them face to face, Caesar and the Colonel are pitted against each other in an epic battle that will determine the fate of both their species and the future of the planet.",314353.0,tt3450958,281338.0,iTunes,https://image.tmdb.org/t/p/w500/mMA1qhBFgZX8O36qPPTC016kQl1.jpg
Warm Bodies,V0924,6.8,81.0,PG-13,,Based on novel or book; dystopia; post-apocalyptic future; zombie; shakespeare in modern dress; zombie apocalypse; interspecies romance; based on young adult novel,Jonathan Levine,2013.0,Comedy | Horror | Romance,2 wins & 10 nominations total,97.0,2013.0,Nicholas Hoult,Lio Tipton | Nicholas Hoult | Teresa Palmer,"After a zombie becomes involved with the girlfriend of one of his victims, their romance sets in motion a sequence of events that might transform the entire lifeless world.",249230.0,tt1588173,82654.0,iTunes,https://image.tmdb.org/t/p/w500/8XAX6KaqNGcLXcwoDwxyU0bxhxm.jpg
Water for Elephants,V0925,6.9,60.0,PG-13,,Based on novel or book; elephant; clown; great depression; elephant trainer; veterinary,Francis Lawrence,2011.0,Drama | Romance,4 wins & 13 nominations,122.0,2011.0,Robert Pattinson,Christoph Waltz | Reese Witherspoon | Robert Pattinson,"In this captivating Depression-era melodrama, impetuous veterinary student Jacob Jankowski joins a celebrated circus as an animal caretaker but faces a wrenching dilemma when he's transfixed by angelic married performer Marlena.",121287.0,tt1067583,55787.0,iTunes,https://image.tmdb.org/t/p/w500/8T7Hvb9trKvCAmbSI8cEIU0Sl2T.jpg
Wayne's World 2,V0926,6.2,60.0,PG-13,Wayne's World Collection,Concert; rock 'n' roll; dreams; love of one's life; talk show; kiss; buddy; duringcreditsstinger,Stephen Surjik,1993.0,Comedy | Music,3 nominations total,95.0,1993.0,Mike Myers,Christopher Walken | Dana Carvey | Mike Myers,"A message from Jim Morrison in a dream prompts cable access TV stars Wayne and Garth to put on a rock concert, ""Waynestock,"" with Aerosmith as headliners. But amid the preparations, Wayne frets that a record producer is putting the moves on his girlfriend, Cassandra, while Garth handles the advances of mega-babe Honey Hornée.",89671.0,tt0108525,8873.0,Vudu,https://image.tmdb.org/t/p/w500/72TBNPN06oo1myHqihwcCQVDl48.jpg
We Bought a Zoo,V0927,7.0,64.0,PG,,Countryside; rain; zoo; love; based on memoir or autobiography; animals; hard work; blocked road,Cameron Crowe,2011.0,Comedy | Drama | Family,1 win & 8 nominations total,124.0,2011.0,Matt Damon,Matt Damon | Scarlett Johansson | Thomas Haden Church,"Benjamin has lost his wife and, in a bid to start his life over, purchases a large house that has a zoo – welcome news for his daughter, but his son is not happy about it. The zoo is in need of renovation and Benjamin sets about the work with the head keeper and the rest of the staff, but, the zoo soon runs into financial trouble.",154430.0,tt1389137,74465.0,iTunes,https://image.tmdb.org/t/p/w500/dcOvIqdsojUdAtWt1nPT9xS76Su.jpg
We're the Millers,V0928,6.835,,,,,Rawson Marshall Thurber,2013.0,"Comedy, Crime",,110.0,2013.0,Jason Sudeikis,,A veteran pot dealer creates a fake family as part of his plan to move a huge shipment of weed into the U.S. from Mexico.,9139.0,tt1723121,,iTunes,https://m.media-amazon.com/images/M/MV5BNDQ0NWI1ZGEtY2NlMy00MWYyLTk4NGEtMTY5MmQ4YTcyY2E0XkEyXkFqcGc@._V1_SX300.jpg
Whiskey Tango Foxtrot,V0929,6.6,68.0,R,,Rescue; journalist; based on novel or book; kidnapping; journalism; afghanistan; based on true story; taliban; terrorism; soldier; cynical; foreign correspondent; embedded journalism; war journalism; playful; bold,"Glenn Ficarra, John Requa",2016.0,Comedy | Drama | War,1 nomination total,112.0,2016.0,Tina Fey,Billy Bob Thornton | Margot Robbie | Tina Fey,"In 2002, cable news producer Kim Barker decides to shake up her routine by taking a daring new assignment in Kabul, Afghanistan. Dislodged from her comfortable American lifestyle, Barker finds herself in the middle of an out-of-control war zone. Luckily, she meets Tanya Vanderpoel, a fellow journalist who takes the shell-shocked reporter under her wing. Amid the militants, warlords and nighttime partying, Barker discovers the key to becoming a successful correspondent.",57923.0,tt3553442,279641.0,iTunes,https://image.tmdb.org/t/p/w500/xhWbp0lCig5vkdFZPiOGNRL9oMf.jpg
Who's Afraid of Virginia Woolf?,V0930,8.0,96.0,Approved,,Adultery; professor; married couple; guest; black humor; based on play or musical; campus; dysfunctional marriage; alcohol abuse; new england; cuckold; one night; henpecked husband; house guest; college professor; marital tensions; academia; dead son; impotent husband; nasty wife; cuckolded husband; nagging wife; hysterical drunks; bickering couple; shattered reality; openly flirtatious wife; acerbic couple; alcoholic couple,Mike Nichols,1966.0,Drama,Won 5 Oscars. 22 wins & 26 nominations total,131.0,1966.0,Elizabeth Taylor,Elizabeth Taylor | George Segal | Richard Burton,"A history professor and his wife entertain a young couple who are new to the university's faculty. As the drinks flow, secrets come to light, and the middle-aged couple unload onto their guests the full force of the bitterness, dysfunction, and animosity that defines their marriage.",81881.0,tt0061184,396.0,iTunes,https://image.tmdb.org/t/p/w500/wF7ihB5V5gSm6zxjv3ZhHOpgREI.jpg
Wicked,V0931,7.5,87.0,PG,Wicked Collection,Witch; dancing; based on novel or book; college; wish; musical; female friendship; bullying; based on play or musical; celebrity; prequel; singer; singing; corrupt politician; death in childbirth; fantasy world; wizard; gravity; discrimination; ostracism; woman in wheelchair; musical comedy; sister sister relationship; belonging; loving; fantasy; dramatic; romantic fantasy; romantic; compassionate; excited; familiar; frightened,Jon M. Chu,2024.0,Drama | Fantasy | Romance,Won 2 Oscars. 117 wins & 307 nominations total,162.0,2024.0,Cynthia Erivo,Ariana Grande | Cynthia Erivo | Jeff Goldblum,"In the land of Oz, ostracized and misunderstood green-skinned Elphaba is forced to share a room with the popular aristocrat Glinda at Shiz University, and the two's unlikely friendship is tested as they begin to fulfill their respective destinies as Glinda the Good and the Wicked Witch of the West.",156595.0,tt1262426,402431.0,iTunes,https://image.tmdb.org/t/p/w500/xDGbZ0JJ3mYaGKy4Nzd9Kph6M9L.jpg
Willy Wonka and the Chocolate Factory,V0932,6.7,,Not Rated,,,Spike Brandt,2017.0,Animation | Comedy | Family,,79.0,2017.0,,,The classic Roald Dahl tale gets a modern twist when Tom and Jerry enter the amazing world of Willy Wonka's Chocolate Factory.,155.0,tt6803390,455411.0,iTunes,https://image.tmdb.org/t/p/w500/pzWt8ECED9kGm4LSXLSkPGBWpjE.jpg
Winter's Bone,V0933,7.1,94.0,R,,Sheriff; based on novel or book; missouri; suspicion; teenage girl; poverty; struggle for survival; backwoods; sibling; mental illness; responsibility; uncle niece relationship; mountain country; bail bondsman; woman director; family crisis; drug manufacturing; crystal meth; rural setting; slow burn; drug usage; harsh; taking care of siblings; gutsy,Debra Granik,2010.0,Drama | Mystery,Nominated for 4 Oscars. 63 wins & 131 nominations total,101.0,2010.0,Jennifer Lawrence,Jennifer Lawrence | John Hawkes | Kevin Breznahan,"After discovering her father put their house up for his bail bond and then disappeared, 17-year-old Ree Dolly must confront the local criminal underworld and the harsh Ozark wilderness in order to to track down her father and save her family.",153370.0,tt1399683,39013.0,iTunes,https://image.tmdb.org/t/p/w500/a0qhPkNlxLfsf5B2jFyI1Pp04XV.jpg
Wonder,V0934,7.9,86.0,PG,Wonder Collection,Exclusion; bullying; coney island; prejudice; school; based on children's book; family; physical disability; treacher collins syndrome; relaxed; melodramatic,Stephen Chbosky,2017.0,Drama | Family,Nominated for 1 Oscar. 5 wins & 28 nominations total,113.0,2017.0,Jacob Tremblay,Jacob Tremblay | Julia Roberts | Owen Wilson,"The story of August Pullman – a boy with facial differences – who enters fifth grade, attending a mainstream elementary school for the first time.",187877.0,tt2543472,406997.0,iTunes,https://image.tmdb.org/t/p/w500/sONh3LYGFcVDTy8pm1tbSOB13Li.jpg
Wonder Woman,V0935,7.2,,,Wonder Woman Collection,Island; hero; strong woman; world war i; empowerment; superhero; feminism; greek mythology; based on comic; female protagonist; period drama; super power; heroine; woman director; female empowerment; 1910s; dc extended universe (dceu),Patty Jenkins,2017.0,"Action, Adventure, Fantasy",,141.0,2017.0,Gal Gadot,,"When a pilot crashes and tells of conflict in the outside world, Diana, an Amazonian warrior in training, leaves home to fight a war, discovering her full powers and true destiny.",20435.0,tt0451279,297762.0,iTunes,https://image.tmdb.org/t/p/w500/v4ncgZjG2Zu8ZW5al1vIZTsSjqX.jpg
Woodlawn,V0936,6.4,79.0,PG,,Sports; american football; 1970s; based on true story; racism; inspiring,"Andrew Erwin, Jon Erwin",2015.0,Drama,4 nominations,123.0,2015.0,C. Thomas Howell,C. Thomas Howell | Jon Voight | Sean Astin,Love and unity in a school torn by racism and hate in the 1970s. A gifted high school football player must learn to embrace his talent and his faith as he battles racial tensions on and off the field.,7981.0,tt4183692,333596.0,iTunes,https://image.tmdb.org/t/p/w500/BJ1XNBBEiqaCM4SQhHYTrWqCfn.jpg
World War Z,V0937,7.0,67.0,PG-13,,Pennsylvania; new jersey; based on novel or book; dystopia; jerusalem; end of the world; apocalypse; zombie; biting; epidemic; nuclear weapons; multiple perspectives; zombie apocalypse; virus; aggressive; anxious; frightened; hopeful | Philadelphia,Marc Forster,2013.0,Action | Horror | Science Fiction | Thriller,3 wins & 25 nominations total,116.0,2013.0,Brad Pitt,Brad Pitt | Daniella Kertesz | Mireille Enos,"Life for former United Nations investigator Gerry Lane and his family seems content. Suddenly, the world is plagued by a mysterious infection turning whole human populations into rampaging mindless zombies. After barely escaping the chaos, Lane is persuaded to go on a mission to investigate this disease. What follows is a perilous trek around the world where Lane must brave horrific dangers and long odds to find answers before human civilization falls.",748742.0,tt0816711,72190.0,iTunes,https://image.tmdb.org/t/p/w500/aCnVdvExw6UWSeQfr0tUH3jr4qG.jpg
Wreck-It Ralph,V0938,7.7,87.0,PG,Wreck-It Ralph Collection,Video game; support group; villain; bullying; medal; product placement; jail; racing; arcade; self esteem; curiosity; precocious child; aftercreditsstinger; duringcreditsstinger; first person shooter; glitch; carefree; interrupted wedding; social reject; escape from jail; hoverboard; inspirational; admiring; joyful,Rich Moore,2012.0,Adventure | Animation | Comedy | Family,Nominated for 1 Oscar. 33 wins & 42 nominations total,101.0,2012.0,John C. Reilly,Jack McBrayer | John C. Reilly | Sarah Silverman,"Wreck-It Ralph is the 9-foot-tall, 643-pound villain of an arcade video game named Fix-It Felix Jr., in which the game's titular hero fixes buildings that Ralph destroys. Wanting to prove he can be a good guy and not just a villain, Ralph escapes his game and lands in Hero's Duty, a first-person shooter where he helps the game's hero battle against alien invaders. He later enters Sugar Rush, a kart racing game set on tracks made of candies, cookies and other sweets. There, Ralph meets Vanellope von Schweetz who has learned that her game is faced with a dire threat that could affect the entire arcade, and one that Ralph may have inadvertently started.",478174.0,tt1772341,82690.0,iTunes,https://image.tmdb.org/t/p/w500/zWoIgZ7mgmPkaZjG0102BSKFIqQ.jpg
Wrong Turn 2,V0939,6.1,,,,,Not Found,2007.0,Horror | Thriller,,93.0,2007.0,,,Retired military commander Colonel Dale Murphy hosts the simulated post-apocalyptic reality show where participants are challenged to survive a remote West Virginia wasteland. But the show turns into a nightmarish showdown when each realizes they are being hunted by an inbred family of cannibals determined to make them all dinner!,1456.0,,,iTunes,https://m.media-amazon.com/images/M/MV5BMTM3MTgzZDYtZjlhOS00YTFhLTgzYTItZTdjNmI3MGNkODdhL2ltYWdlXkEyXkFqcGdeQXVyMTQxNzMzNDI@._V1_SX300.jpg
X-Men,V0940,7.3,82.0,PG-13,X-Men Collection,Hero; superhero; mutant; based on comic; superhuman; super power; superhero team; world domination; aftercreditsstinger; 1980s; appreciative,Bryan Singer,2000.0,Action | Adventure | Fantasy | Science Fiction,1 win & 19 nominations total,144.0,2016.0,,,"After the re-emergence of the world's first mutant, world-destroyer Apocalypse, the X-Men must unite to defeat his extinction level plan.",671912.0,tt0120903,246655.0,iTunes,https://image.tmdb.org/t/p/w500/ikA8UhYdTGpqbatFa93nIf6noSr.jpg
X-Men Origins: Wolverine,V0941,6.5,37.0,PG-13,The Wolverine Collection,Army; corruption; superhero; mutant; boxer; based on comic; prequel; spin off; aftercreditsstinger; duringcreditsstinger; powerful,Gavin Hood,2009.0,Action | Adventure | Science Fiction,3 wins & 21 nominations total,107.0,2009.0,Hugh Jackman,Danny Huston | Hugh Jackman | Liev Schreiber,"After seeking to live a normal life, Logan sets out to avenge the death of his girlfriend by undergoing the mutant Weapon X program and becoming Wolverine.",550045.0,tt0458525,2080.0,iTunes,https://image.tmdb.org/t/p/w500/yj8LbTju1p7CUJg7US2unSBk33s.jpg
X-Men: Apocalypse,V0942,6.8,47.0,PG-13,X-Men Collection,Hero; superhero; mutant; based on comic; superhuman; super power; superhero team; world domination; aftercreditsstinger; 1980s; appreciative,Bryan Singer,2016.0,Action | Adventure | Fantasy | Science Fiction,1 win & 19 nominations total,144.0,2016.0,James McAvoy,James McAvoy | Jennifer Lawrence | Michael Fassbender,"After the re-emergence of the world's first mutant, world-destroyer Apocalypse, the X-Men must unite to defeat his extinction level plan.",478204.0,tt3385516,246655.0,iTunes,https://image.tmdb.org/t/p/w500/ikA8UhYdTGpqbatFa93nIf6noSr.jpg
X-Men: Dark Phoenix,V0943,5.7,22.0,PG-13,X-Men Collection,Superhero; mutant; telekinesis; based on comic; superhero team; 1990s; cosmic,Simon Kinberg,2019.0,Action | Adventure | Science Fiction,13 nominations total,114.0,2019.0,,,"The X-Men face their most formidable and powerful foe when one of their own, Jean Grey, starts to spiral out of control. During a rescue mission in outer space, Jean is nearly killed when she's hit by a mysterious cosmic force. Once she returns home, this force not only makes her infinitely more powerful, but far more unstable. The X-Men must now band together to save her soul and battle aliens that want to use Grey's new abilities to rule the galaxy.",215497.0,tt6565702,320288.0,iTunes,https://image.tmdb.org/t/p/w500/cCTJPelKGLhALq3r51A9uMonxKj.jpg
X-Men: Days of Future Past,V0944,7.9,90.0,PG-13,X-Men Collection,1970s; superhero; mutant; time travel; based on comic; superhuman; storm; political intrigue ; extinction; beast; claws; aftercreditsstinger; duringcreditsstinger; changing the past or future; dramatic,Bryan Singer,2014.0,Action | Adventure | Science Fiction,Nominated for 1 Oscar. 16 wins & 48 nominations total,132.0,2014.0,Hugh Jackman,Hugh Jackman | James McAvoy | Michael Fassbender,The ultimate X-Men ensemble fights a war for the survival of the species across two time periods as they join forces with their younger selves in an epic battle that must change the past – to save our future.,764434.0,tt1877832,127585.0,iTunes,https://image.tmdb.org/t/p/w500/tYfijzolzgoMOtegh1Y7j2Enorg.jpg
X-Men: First Class,V0945,7.7,86.0,PG-13,,,Tim Postins,2011.0,Documentary | Tv Movie,,23.0,2012.0,,,"TV special about the making of ""X-Men: First Class"".",742210.0,tt1270798,691677.0,iTunes,https://image.tmdb.org/t/p/w500/gionQv04AWnRaDMNvBF24uJMSTf.jpg
X-Men: The Last Stand,V0946,6.6,56.0,PG-13,X-Men Collection,Superhero; mutant; based on comic; superhuman; beast; cyclops; aftercreditsstinger; dramatic,Brett Ratner,2006.0,Action | Adventure | Science Fiction | Thriller,7 wins & 40 nominations,104.0,2006.0,Hugh Jackman,Hugh Jackman | Ian McKellen | Patrick Stewart,"When a cure is found to treat mutations, lines are drawn amongst the X-Men—led by Professor Charles Xavier—and the Brotherhood, a band of powerful mutants organised under Xavier's former ally, Magneto.",553569.0,tt0376994,36668.0,iTunes,https://image.tmdb.org/t/p/w500/a2xicU8DpKtRizOHjQLC1JyCSRS.jpg
X2: X-Men United,V0947,7.4,85.0,PG-13,X-Men Collection,Superhero; mutant; based on comic; superhuman; bigotry; discrimination,Bryan Singer,2003.0,Action | Adventure | Science Fiction,6 wins & 41 nominations total,133.0,2003.0,,,"Professor Charles Xavier and his team of genetically gifted superheroes face a rising tide of anti-mutant sentiment led by Col. William Stryker. Storm, Wolverine and Jean Grey must join their usual nemeses—Magneto and Mystique—to unhinge Stryker's scheme to exterminate all mutants.",597152.0,tt0290334,36658.0,iTunes,https://image.tmdb.org/t/p/w500/bWMw0FMsY8DICgrQnrTSWbzEgtr.jpg
xXx,V0948,5.8,48.0,PG-13,xXx Collection,Czech republic; nsa agent; ironic; adrenaline junkie; thrill seeker; wonder; provocative; hilarious; approving; joyful; mocking; pretentious | Mission; biological weapon; sports car; cold war; prague,Rob Cohen,2002.0,Action | Adventure | Crime | Thriller,4 wins & 14 nominations total,124.0,2002.0,Vin Diesel,Asia Argento | Marton Csokas | Vin Diesel,"Xander Cage is your standard adrenaline junkie with no fear and a lousy attitude. When the US Government ""recruits"" him to go on a mission, he's not exactly thrilled. His mission: to gather information on an organization that may just be planning the destruction of the world, led by the nihilistic Yorgi.",189673.0,tt0295701,7451.0,Vudu,https://image.tmdb.org/t/p/w500/xeEw3eLeSFmJgXZzmF2Efww0q3s.jpg
Yesterday,V0949,6.691,,,,,Danny Boyle,2019.0,"Comedy, Fantasy, Music",,116.0,1985.0,Himesh Patel,,A struggling musician realizes he's the only person on Earth who can remember The Beatles after waking up in an alternate reality where they never existed.,4073.0,tt8079248,,iTunes,https://m.media-amazon.com/images/M/MV5BMjQ0NTI0NjkyN15BMl5BanBnXkFtZTgwNzY0MTE0NzM@._V1_SX300.jpg
Zodiac,V0950,7.7,90.0,R,,California; killing; detective; 1970s; investigation; victim; code; murder; serial killer; crime scene; reporter; whodunit; alcoholic; young man; fourth of july; newspaper article; curious; cartoonist; 1960s; zodiac killer; clinical; bar; ambiguous; foreboding; ominous | Newspaper; journalist; california; based on novel or book; police; san francisco,David Fincher,2007.0,Crime | Drama | Mystery | Thriller,3 wins & 71 nominations total,157.0,2007.0,Jake Gyllenhaal,Anthony Edwards | Jake Gyllenhaal | Mark Ruffalo,"The Zodiac murders cause the lives of Paul Avery, David Toschi and Robert Graysmith to intersect.",634493.0,tt0443706,1949.0,iTunes,https://image.tmdb.org/t/p/w500/6YmeO4pB7XTh8P8F960O1uA14JO.jpg
Zombieland: Double Tap,V0951,6.7,68.0,R,Zombieland Collection,Marriage proposal; the white house; gore; road trip; sequel; survival; spoof; zombie; recreational vehicle; aftercreditsstinger; frantic; graceland; minivan; christmas present; absurd; hilarious; whimsical; ambiguous; amused; frightened,Ruben Fleischer,2019.0,Action | Comedy | Horror,6 nominations total,99.0,2019.0,Woody Harrelson,Emma Stone | Jesse Eisenberg | Woody Harrelson,"Columbus, Tallahassee, Wichita, and Little Rock move to the American heartland as they face off against evolved zombies, fellow survivors, and the growing pains of the snarky makeshift family.",214152.0,tt1560220,338967.0,iTunes,https://image.tmdb.org/t/p/w500/dtRbVsUb5O12WWO54SRpiMtHKC0.jpg
Zoolander No. 2 (The Magnum Edition),V0952,,,,,,Not Found,,Nan,,,,,,,,,,iTunes,
Sunshine,V0953,6.5,,R,,holocaust (shoah) | fencing | world war ii | jewish life | austria-hungary | cousin relationship | jewish family | 19th century | 1900s,István Szabó,2007.0,Drama | History | Romance | War,,181.0,1999.0,Ralph Fiennes,Ralph Fiennes | Rosemary Harris | Rachel Weisz,The fate of a Hungarian Jewish family throughout the 20th century.,141.0,,17771.0,,https://m.media-amazon.com/images/M/MV5BY2MxMGQ3M2MtODg3OC00OWZkLTk2YTgtZDM0MWM0YjE5OGNhXkEyXkFqcGc@._V1_SX300.jpg
The Fugitive,V0954,5.9,,NR,,central america,John Ford,1993.0,Drama,,100.0,1947.0,Henry Fonda,Henry Fonda | Dolores del Río | Pedro Armendáriz,Anti-Catholic and anti-cleric policies in the Mexican state of Tabasco lead the revolutionary government to persecute the state's last remaining priest.,45.0,,37368.0,,https://m.media-amazon.com/images/M/MV5BNTI4MTY3ZTgtODY5MC00YmIzLTgzZmMtZWZhNzAyYmQ3YWY4XkEyXkFqcGc@._V1_SX300.jpg
Close Encounters of the Third Kind,V0955,7.347,,PG,,"wyoming, usa | indiana, usa | flying saucer | extraterrestrial technology | obsession | evacuation | blackout | secret base | alien life-form | alien | ufo | vision | alien abduction | missing person | alien contact | mother ship | extraterrestrial life form | alien language | alien space craft | questioning | escapade | curious | obsessive quest | flying ship | ufo sighting | alien encounter | desperate | lightshow | extraterrestrial humanoids | wonder | mysterious lights | alien spaceship | extraterrestrial capsule | moving lights | humanoid alien | secret space ufos | whimsical | admiring | awestruck | flashing lights",Steven Spielberg,1977.0,Science Fiction | Drama,,137.0,1977.0,Richard Dreyfuss,Richard Dreyfuss | François Truffaut | Teri Garr,"After an encounter with UFOs, an electricity linesman feels undeniably drawn to an isolated area in the wilderness where something spectacular is about to happen.",4396.0,,840.0,,https://m.media-amazon.com/images/M/MV5BMjM1NjE5NjQxN15BMl5BanBnXkFtZTgwMjYzMzQxMDE@._V1_SX300.jpg
The Green Mile,V0956,8.504,,R,,mentally disabled | based on novel or book | southern usa | psychopath | death row | jail guard | supernatural | great depression | prison guard | jail | electric chair | torture | magic realism | healing | grim | 1930s | abuse of power | depressed | ambiguous | authoritarian | cruel | hopeful,Frank Darabont,1999.0,Fantasy | Drama | Crime,,189.0,1999.0,Tom Hanks,Tom Hanks | David Morse | Bonnie Hunt,"A supernatural tale set on death row in a Southern prison, where gentle giant John Coffey possesses the mysterious power to heal people's ailments. When the cell block's head guard, Paul Edgecomb, recognizes Coffey's miraculous gift, he tries desperately to help stave off the condemned man's execution.",18360.0,,497.0,,https://m.media-amazon.com/images/M/MV5BMTUxMzQyNjA5MF5BMl5BanBnXkFtZTYwOTU2NTY3._V1_SX300.jpg
Paddington,V0957,7.113,,PG,Paddington Collection,"london, england | based on novel or book | peru | anthropomorphism | bear | based on children's book | family | talking to animals | children's book | taxidermist | live action and animation | personification | natural history museum",Paul King,2014.0,Comedy | Adventure | Family,,95.0,2014.0,Ben Whishaw,Ben Whishaw | Hugh Bonneville | Sally Hawkins,"A young Peruvian bear travels to London in search of a home. Finding himself lost and alone at Paddington Station, he meets the kindly Brown family, who offer him a temporary haven.",3981.0,,116149.0,,https://m.media-amazon.com/images/M/MV5BMTAxOTMwOTkwNDZeQTJeQWpwZ15BbWU4MDEyMTI1NjMx._V1_SX300.jpg
Knock at the Cabin,V0958,6.3,,R,,based on novel or book | sacrifice | faith | end of the world | apocalypse | home invasion | lgbt | aftercreditsstinger | adopted child | adopted daughter | gay theme | same sex relationship | religious symbolism,M. Night Shyamalan,2023.0,Horror | Mystery | Thriller,,100.0,2023.0,Dave Bautista,Dave Bautista | Jonathan Groff | Ben Aldridge,"While vacationing at a remote cabin, a young girl and her two fathers are taken hostage by four armed strangers who demand that the family make an unthinkable choice to avert the apocalypse. With limited access to the outside world, the family must decide what they believe before all is lost.",2882.0,,631842.0,,https://m.media-amazon.com/images/M/MV5BMzU1ODIzYjAtNjUzNi00YmNjLWI5ZDAtNDgzOWY3MDU1OThlXkEyXkFqcGc@._V1_SX300.jpg
Scarface,V0959,8.161,,R,,"corruption | sibling relationship | miami, florida | cuba | loss of loved one | gangster | cocaine | rise and fall | remake | drug cartel | mafia | drug lord | bitterness | rise to power | miami beach | cuban refugees | drug war",Brian De Palma,1983.0,Action | Crime | Drama,,170.0,1983.0,Al Pacino,Al Pacino | Steven Bauer | Michelle Pfeiffer,"After getting a green card in exchange for assassinating a Cuban government official, Tony Montana stakes a claim on the drug trade in Miami. Viciously murdering anyone who stands in his way, Tony eventually becomes the biggest drug lord in the state, controlling nearly all the cocaine that comes through Miami. But increased pressure from the police, wars with Colombian drug cartels and his own drug-fueled paranoia serve to fuel the flames of his eventual downfall.",12445.0,,111.0,,https://m.media-amazon.com/images/M/MV5BNDUzYjY0NmUtMDM4OS00Y2Q5LWJiODYtNTk0ZTk0YjZhMTg1XkEyXkFqcGc@._V1_SX300.jpg
Gladiator II,V0960,6.666,,R,Gladiator Collection,epic | gladiator | roman empire | ancient rome | sequel | evil tyrant | sword and sandal | sword fighting | second part | arrogant,Ridley Scott,2024.0,Action | Adventure | Drama,,148.0,2024.0,Paul Mescal,Paul Mescal | Denzel Washington | Pedro Pascal,"Years after witnessing the death of the revered hero Maximus at the hands of his uncle, Lucius is forced to enter the Colosseum after his home is conquered by the tyrannical Emperors who now lead Rome with an iron fist. With rage in his heart and the future of the Empire at stake, Lucius must look to his past to find strength and honor to return the glory of Rome to its people.",3850.0,,558449.0,,https://m.media-amazon.com/images/M/MV5BMWYzZTM5ZGQtOGE5My00NmM2LWFlMDEtMGNjYjdmOWM1MzA1XkEyXkFqcGc@._V1_SX300.jpg
Oppenheimer,V0961,8.05,,R,,husband wife relationship | based on novel or book | atomic bomb | patriotism | new mexico | world war ii | atomic bomb test | physics | biography | based on true story | antisemitism | interrogation | guilt | historical event | nuclear weapons | communism | red scare | mccarthyism | top secret project | moral dilemma | usa politics | 1940s | 20th century | manhattan project | los alamos,Christopher Nolan,2023.0,Drama | History,,181.0,2023.0,Cillian Murphy,Cillian Murphy | Emily Blunt | Matt Damon,The story of J. Robert Oppenheimer's role in the development of the atomic bomb during World War II.,10683.0,,872585.0,,https://m.media-amazon.com/images/M/MV5BN2JkMDc5MGQtZjg3YS00NmFiLWIyZmQtZTJmNTM5MjVmYTQ4XkEyXkFqcGc@._V1_SX300.jpg
American Gangster,V0962,7.591,,R,,new york city | vietnam | drug smuggling | society | gangster | drug trafficking | heroin | junkie | ghetto | nightclub | ambition | rise and fall | cop | organized crime | drug dealing | police corruption | wedding | police detective | family | surveillance | bribery | law enforcement | aftercreditsstinger | dishonesty | 1960s | provocative | factual | violence | suspenseful | intense | brisk,Ridley Scott,2007.0,Drama | Crime,,157.0,2007.0,Denzel Washington,Denzel Washington | Russell Crowe | Josh Brolin,"Loosely based on the criminal career of Frank Lucas, a gangster from La Grange, North Carolina, who smuggled heroin into the United States on American service planes returning from the Vietnam War, before being detained by a task force led by Newark Detective Richie Roberts.",5724.0,,4982.0,,https://m.media-amazon.com/images/M/MV5BZGExM2MwNjUtNThkNi00ZjBmLWJhZDgtN2ZmOWJiZWEwNGMxXkEyXkFqcGc@._V1_SX300.jpg
Fall,V0963,7.129,,PG-13,Fall Collection,hallucination | stranded | tower | free climbing | sport climbing | adrenaline junkie | dehydration | absurd | tense | survival thriller,Scott Mann,2022.0,Thriller,,107.0,2022.0,Grace Caroline Currey,Grace Caroline Currey | Virginia Gardner | Jeffrey Dean Morgan,"For best friends Becky and Hunter, life is all about conquering fears and pushing limits. But after they climb 2,000 feet to the top of a remote, abandoned radio tower, they find themselves stranded with no way down. Now Becky and Hunter’s expert climbing skills will be put to the ultimate test as they desperately fight to survive the elements, a lack of supplies, and vertigo-inducing heights",4246.0,,985939.0,,https://m.media-amazon.com/images/M/MV5BYmZjYjAxMDEtOTE2My00MmM5LTkyYjctOWRjMjgyM2JhMDI0XkEyXkFqcGc@._V1_SX300.jpg
The Ministry of Ungentlemanly Warfare,V0964,7.1,,R,,army | operation | based on novel or book | spy | world war ii | based on true story | soldier | special forces | military | black ops | dangerous mission | 1940s | winston churchill | action comedy | historical comedy | comedy thriller | disrespectful,Guy Ritchie,2024.0,Action | Comedy | War,,120.0,2024.0,Henry Cavill,Henry Cavill | Eiza González | Alan Ritchson,"During World War II, the British Army assigns a group of competent soldiers to carry out a mission against the Nazi forces behind enemy lines... A true story about a secret British WWII organization — the Special Operations Executive. Founded by Winston Churchill, their irregular warfare against the Germans helped to change the course of the war, and gave birth to modern black operations.",1592.0,,799583.0,,https://m.media-amazon.com/images/M/MV5BYmIxODc5ZjMtYzZmZS00OTE5LThkZDktNWNmODNiZjFhMDgyXkEyXkFqcGc@._V1_SX300.jpg
Ford v Ferrari,V0965,8.007,,PG-13,,based on novel or book | car race | sports | car mechanic | biography | based on true story | le mans | racing | race car driver | aggressive | 1960s | powerful,James Mangold,2019.0,Drama | Action | History,,153.0,2019.0,Matt Damon,Matt Damon | Christian Bale | Jon Bernthal,"American car designer Carroll Shelby and the British-born driver Ken Miles work together to battle corporate interference, the laws of physics, and their own personal demons to build a revolutionary race car for Ford Motor Company and take on the dominating race cars of Enzo Ferrari at the 24 Hours of Le Mans in France in 1966.",8485.0,,359724.0,,https://m.media-amazon.com/images/M/MV5BOTBjNTEyNjYtYjdkNi00YzE5LTljYzUtZjVlYmYwZmJmZWYxXkEyXkFqcGc@._V1_SX300.jpg
Clear and Present Danger,V0966,6.7,,PG-13,The Jack Ryan Collection,"sniper | central intelligence agency (cia) | helicopter | assassination | usa president | based on novel or book | ambush | espionage | politics | drug trafficking | mercenary | coast guard | car bomb | caravan | sequel | cali colombia | covert operation | drug cartel | shootout | explosion | jack ryan | dea agent | ex military | political thriller | political cover-up | bogota, colombia | intelligence service | cia analyst | fbi director | panama city, panama",Phillip Noyce,1994.0,Action | Drama | Thriller,,141.0,1994.0,Harrison Ford,Harrison Ford | Willem Dafoe | Joaquim de Almeida,"Agent Jack Ryan becomes acting Deputy Director of Intelligence for the CIA when Admiral Greer is diagnosed with cancer. When an American businessman, and friend of the president, is murdered on his yacht, Ryan starts discovering links between the man and drug dealers. As former CIA agent John Clark is sent to Colombia to kill drug cartel kingpins in retaliation, Ryan must fight through multiple cover-ups to figure out what happened and who's responsible.",1583.0,,9331.0,,https://m.media-amazon.com/images/M/MV5BZmRhZWJhZTctZjE4OS00NzM0LWIyYzEtNTM2MDgyY2MwNTQzXkEyXkFqcGc@._V1_SX300.jpg
The Sum of All Fears,V0967,6.36,,PG-13,,"central intelligence agency (cia) | usa president | based on novel or book | atomic bomb | spy | cold war | intelligence | chechnya | intelligence agency | nuclear explosion | terrorism | jack ryan | ex military | russian president | baltimore, maryland | cia analyst | intelligence analyst | arms inspection | imminent threat",Phil Alden Robinson,2002.0,Thriller | Action | Drama,,124.0,2002.0,Ben Affleck,Ben Affleck | Morgan Freeman | James Cromwell,"When the president of Russia suddenly dies, a man whose politics are virtually unknown succeeds him. The change in political leaders sparks paranoia among American CIA officials, so CIA director Bill Cabot recruits a young analyst to supply insight and advice on the situation. Then the unthinkable happens: a nuclear bomb explodes in a U.S. city, and America is quick to blame the Russians.",1829.0,,4614.0,,https://m.media-amazon.com/images/M/MV5BMDcyNGIyYWQtZDI2OS00YTU3LTg3OTItMDM2ZTIzZmFkMGYwXkEyXkFqcGc@._V1_SX300.jpg
The Hunt for Red October,V0968,7.377,,PG-13,The Jack Ryan Collection,based on novel or book | submarine | cold war | intelligence | u.s. navy | defection | jack ryan | ex military | 1980s | political thriller | nuclear submarine | soviet/russian navy | intelligence service | suspenseful | awestruck | exhilarated | cia analyst | russian submarine | intelligence analyst,John McTiernan,1990.0,Action | Adventure | Thriller,,135.0,1990.0,Sean Connery,Sean Connery | Alec Baldwin | Scott Glenn,"A new technologically-superior Soviet nuclear sub, the Red October, is heading for the U.S. coast under the command of Captain Marko Ramius. The American government thinks Ramius is planning to attack. Lone CIA analyst Jack Ryan has a different idea: he thinks Ramius is planning to defect, but he has only a few hours to find him and prove it - because the entire Russian naval and air commands are trying to find Ramius, too. The hunt is on!",3442.0,,1669.0,,https://m.media-amazon.com/images/M/MV5BMmNhYWJmN2EtZDYwNC00NzE0LWE5N2UtZTUyMDM4YjZmYWE3XkEyXkFqcGc@._V1_SX300.jpg
Abduction,V0969,5.85,,PG-13,,"central intelligence agency (cia) | therapist | training | website | on the run | hospital | train | love interest | explosion | teenage boy | high school student | missing person | secret past | baseball stadium | hand to hand combat | pittsburgh, pennsylvania | special agent | school project | assassination team | secrets",John Singleton,2011.0,Thriller | Action | Mystery,,106.0,2011.0,Taylor Lautner,Taylor Lautner | Lily Collins | Alfred Molina,"For many years, Nathan Harper has had the uneasy feeling that life with his family isn't quite what it seems. As he draws closer to uncovering the truth, he is hunted by assassins, forcing him to flee with his neighbor, Karen, the only person he can trust.",2939.0,,59965.0,,https://m.media-amazon.com/images/M/MV5BMTkxNzU3OTg0Nl5BMl5BanBnXkFtZTcwNDY5MDY2Ng@@._V1_SX300.jpg
Alice in Wonderland,V0970,6.6,,PG,Alice in Wonderland Collection,based on novel or book | queen | psychotic | fantasy world | taunting | live action remake | based on young adult novel | mischievous | absurd | dramatic | incredulous | amused | euphoric,Tim Burton,2010.0,Family | Fantasy | Adventure,,108.0,2010.0,Mia Wasikowska,Mia Wasikowska | Johnny Depp | Anne Hathaway,"Alice, now 19 years old, returns to the whimsical world she first entered as a child and embarks on a journey to discover her true destiny.",14378.0,,12155.0,,https://m.media-amazon.com/images/M/MV5BYjgxMTQ3NjMtOTI1Yy00Yzg4LWJlNWQtMjFkNjVlYjU0OWIyXkEyXkFqcGc@._V1_SX300.jpg
Alien,V0971,8.164,,R,Alien Collection,android | spacecraft | space marine | biology | dystopia | countdown | space suit | beheading | space travel | cowardice | alien | space | female protagonist | parasite | space opera | cosmos,Ridley Scott,1979.0,Horror | Science Fiction,,117.0,1979.0,Tom Skerritt,Tom Skerritt | Sigourney Weaver | Veronica Cartwright,"During its return to the earth, commercial spaceship Nostromo intercepts a distress signal from a distant planet. When a three-member team of the crew discovers a chamber containing thousands of eggs on the planet, a creature inside one of the eggs attacks an explorer. The entire crew is unaware of the impending nightmare set to descend upon them when the alien parasite planted inside its unfortunate host is birthed.",15580.0,,348.0,,https://m.media-amazon.com/images/M/MV5BN2NhMDk2MmEtZDQzOC00MmY5LThhYzAtMDdjZGFjOGZjMjdjXkEyXkFqcGc@._V1_SX300.jpg
All the Money in the World,V0972,6.5,,R,,"based on novel or book | rome, italy | kidnapping | 1970s | based on true story | wealth | ransom demand",Ridley Scott,2017.0,Crime | History | Thriller,,132.0,2017.0,Michelle Williams,Michelle Williams | Mark Wahlberg | Christopher Plummer,The story of the kidnapping of 16-year-old John Paul Getty III and the desperate attempt by his devoted mother to convince his billionaire grandfather Jean Paul Getty to pay the ransom.,2322.0,,446791.0,,https://m.media-amazon.com/images/M/MV5BNjY3Mjg0OTc1OF5BMl5BanBnXkFtZTgwNDU0MzAyNDM@._V1_SX300.jpg
Annabelle Comes Home,V0974,6.405,,R,Annabelle Collection,supernatural | babysitter | priest | doll | creepy doll | jump scare | possessed doll | supernatural power | the conjuring universe,Gary Dauberman,2019.0,Horror,,106.0,2019.0,Mckenna Grace,Mckenna Grace | Madison Iseman | Katie Sarife,"Determined to keep Annabelle from wreaking more havoc, demonologists Ed and Lorraine Warren bring the possessed doll to the locked artifacts room in their home, placing her “safely” behind sacred glass and enlisting a priest’s holy blessing. But an unholy night of horror awaits as Annabelle awakens the evil spirits in the room, who all set their sights on a new target—the Warrens' ten-year-old daughter, Judy, and her friends.",3680.0,,521029.0,,https://m.media-amazon.com/images/M/MV5BMjRjYmQ5NTQtYzIyNi00MmNlLTlmNjYtNjQ3NzRlZmY3YjFlXkEyXkFqcGc@._V1_SX300.jpg
Apollo 13,V0975,7.451,,PG,,"rescue | florida | race against time | moon | nasa | spaceman | based on true story | houston, texas | survival | space | disaster | explosion | astronaut | hypothermia | apollo program | lunar mission | spacecraft accident",Ron Howard,1995.0,Drama | History,,140.0,1995.0,Tom Hanks,Tom Hanks | Bill Paxton | Kevin Bacon,"The true story of technical troubles that scuttle the Apollo 13 lunar mission in 1970, risking the lives of astronaut Jim Lovell and his crew, with the failed journey turning into a thrilling saga of heroism. Drifting more than 200,000 miles from Earth, the astronauts work furiously with the ground crew to avert tragedy.",5600.0,,568.0,,https://m.media-amazon.com/images/M/MV5BMGZmNGY1OTAtNjFkYS00MjcyLWFlZjUtYzEyMDllZGZhMzM3XkEyXkFqcGc@._V1_SX300.jpg
Arthur,V0976,5.5,,PG-13,,new york city | chauffeur | nanny | romcom | playboy | remake | inheritance | billionaire | nail gun | overbearing mother | man child | drunk | duringcreditsstinger | hopeless | pathetic | derisive | derogatory | disrespectful | enchant,Jason Winer,2011.0,Comedy | Romance,,110.0,2011.0,Russell Brand,Russell Brand | Helen Mirren | Greta Gerwig,A drunken playboy stands to lose a wealthy inheritance when he falls for a woman that his family doesn't like.,757.0,,49012.0,,https://m.media-amazon.com/images/M/MV5BMzMwMTUwMDkwOV5BMl5BanBnXkFtZTcwMjg1MDg0NA@@._V1_SX300.jpg
Atomic Blonde,V0977,6.4,,R,,"berlin, germany | undercover agent | undercover | germany | spy | cold war | stasi | bisexuality | vodka | kgb | europe | double agent | based on comic | murder | mi6 | murder investigation | ddr",David Leitch,2017.0,Action | Adventure | Thriller,,115.0,2017.0,Charlize Theron,Charlize Theron | James McAvoy | Eddie Marsan,An undercover MI6 agent is sent to Berlin during the Cold War to investigate the murder of a fellow agent and recover a missing list of double agents.,6400.0,,341013.0,,https://m.media-amazon.com/images/M/MV5BMjM5NDYzMzg5N15BMl5BanBnXkFtZTgwOTM2NDU1MjI@._V1_SX300.jpg
Back to Black,V0978,6.664,,R,,biography | addiction | based on true story | alcoholism | mental illness | singer-songwriter | substance abuse | 1980s | 1990s | alcohol problems | 2000s | soul music | 2010s | admiring | comforting,Sam Taylor-Johnson,2024.0,Music | History | Drama,,122.0,2024.0,Marisa Abela,Marisa Abela | Jack O'Connell | Eddie Marsan,"The extraordinary story of Amy Winehouse’s early rise to fame from her early days in Camden through the making of her groundbreaking album, Back to Black that catapulted Winehouse to global fame. Told through Amy’s eyes and inspired by her deeply personal lyrics, the film explores and embraces the many layers of the iconic artist and the tumultuous love story at the center of one of the most legendary albums of all time.",627.0,,998846.0,,https://m.media-amazon.com/images/M/MV5BOWMyZTJmMTUtNDNiYy00ZGE2LWIzZjAtZmQyZWQ0NjdiMjI5XkEyXkFqcGc@._V1_SX300.jpg
A Bad Moms Christmas,V0979,6.3,,R,Bad Moms Collection,holiday | christmas,Scott Moore,2017.0,Comedy,,104.0,2017.0,Mila Kunis,Mila Kunis | Kristen Bell | Kathryn Hahn,"Amy, Kiki and Carla – three under-appreciated and over-burdened women – rebel against the challenges and expectations of the Super Bowl for mothers: Christmas. And if creating a more perfect holiday for their families wasn’t hard enough, they have to do all of that while hosting and entertaining their own mothers.",2140.0,,431530.0,,https://m.media-amazon.com/images/M/MV5BMTUwNTA4MDMxNl5BMl5BanBnXkFtZTgwMjE4NjQ0MzI@._V1_SX300.jpg
Mystic River,V0980,7.741,,,,,Clint Eastwood,2003.0,"Crime, Drama, Mystery",,138.0,,Sean Penn,,"The tragic murder of a 19-year-old girl reunites three childhood friends still living in Boston--the victim's gangster father, a detective, and the disturbed man they both suspect of killing her.",7050.0,tt0327056,,,https://m.media-amazon.com/images/M/MV5BMTIzNDUyMjA4MV5BMl5BanBnXkFtZTYwNDc4ODM3._V1_SX300.jpg
American Sniper,V0981,7.418,,,,,Clint Eastwood,2014.0,"Action, Biography, Drama",,133.0,,Bradley Cooper,,"Navy S.E.A.L. sniper Chris Kyle's pinpoint accuracy saves countless lives on the battlefield and turns him into a legend. Back home with his family after four tours of duty, however, Chris finds that it is the war he can't leave b...",13258.0,tt2179136,,,https://m.media-amazon.com/images/M/MV5BMTkxNzI3ODI4Nl5BMl5BanBnXkFtZTgwMjkwMjY4MjE@._V1_SX300.jpg
Ant-Man,V0982,7.1,,,,,Peyton Reed,2015.0,"Action, Comedy, Sci-Fi",,117.0,,Paul Rudd,,"Armed with a super-suit with the astonishing ability to shrink in scale but increase in strength, cat burglar Scott Lang must embrace his inner hero and help his mentor, Dr. Hank Pym, pull off a plan that will save the world.",20304.0,tt0478970,,,https://m.media-amazon.com/images/M/MV5BMjM2NTQ5Mzc2M15BMl5BanBnXkFtZTgwNTcxMDI2NTE@._V1_SX300.jpg
Asteroid City,V0983,6.455,,,,,Wes Anderson,2023.0,"Comedy, Drama, Romance",,105.0,,Jason Schwartzman,,World-changing events spectacularly disrupt the annual Asteroid Day celebration in an American desert town.,2215.0,tt14230388,,,https://m.media-amazon.com/images/M/MV5BZjY2YjYxNjEtNDJkYi00ZmJjLWIwYTEtNjEyZDgzY2M5ZDc3XkEyXkFqcGc@._V1_SX300.jpg
By the Sea,V0984,5.5,,,,,Angelina Jolie,2015.0,"Drama, Romance",,122.0,,Brad Pitt,,A couple tries to repair their marriage while staying at a hotel in France.,605.0,tt3707106,,,https://m.media-amazon.com/images/M/MV5BMTUyNDU2MDMxM15BMl5BanBnXkFtZTgwMzAzMTk1NjE@._V1_SX300.jpg
Dirty Harry,V0985,7.5,,,,,"Don Siegel, Clint Eastwood",1971.0,"Action, Crime, Thriller",,102.0,,Clint Eastwood,,"When a man calling himself ""the Scorpio Killer"" menaces San Francisco, tough-as-nails Police Inspector ""Dirty"" Harry Callahan is assigned to track down the crazed psychopath.",2586.0,tt0066999,,,https://m.media-amazon.com/images/M/MV5BYzNmOWVjN2ItMTQzOS00MTI4LTgxZDItMmZjNTVlMjY5Mjc1XkEyXkFqcGc@._V1_SX300.jpg
Hanni & Nanni 4,,6.4,,G,Hanni & Nanni Filmreihe,,Isabell Šuba,2017.0,Family,,98.0,2017.0,Laila Meinecke,Laila Meinecke | Rosa Meinecke | Jessica Schwarz,"After plotting a way to get kicked out of boarding school, the twins diverge for the first time in their lives when Nanni starts enjoying her stay.",11.0,,429971.0,,
Hanni & Nanni 4,,6.4,,G,Hanni & Nanni Filmreihe,,Isabell Šuba,2017.0,Family,,98.0,2017.0,Laila Meinecke,Laila Meinecke | Rosa Meinecke | Jessica Schwarz,"After plotting a way to get kicked out of boarding school, the twins diverge for the first time in their lives when Nanni starts enjoying her stay.",11.0,,429971.0,,
Hanni & Nanni 4,,6.4,,G,Hanni & Nanni Filmreihe,,Isabell Šuba,2017.0,Family,,98.0,2017.0,Laila Meinecke,Laila Meinecke | Rosa Meinecke | Jessica Schwarz,"After plotting a way to get kicked out of boarding school, the twins diverge for the first time in their lives when Nanni starts enjoying her stay.",11.0,,429971.0,,
Hanni & Nanni 4,,6.4,,G,Hanni & Nanni Filmreihe,,Isabell Šuba,2017,Family,,98.0,2017,Laila Meinecke,Laila Meinecke | Rosa Meinecke | Jessica Schwarz,"After plotting a way to get kicked out of boarding school, the twins diverge for the first time in their lives when Nanni starts enjoying her stay.",11.0,,429971.0,,
