vault_id,title,year,verified_year,runtime_min,imdb_rating,imdb_votes,rt_score,imdb_id,tmdb_id,certificate,franchise,keywords,genres,director,top_billed_actor,top_3_actors,awards,plot,digital_location,poster_url
V0001,10 Cloverfield Lane,2016,2016,103,7.2,368165,91,tt1179933,333371,PG-13,,Kidnapping; paranoia; bunker; basement; survivalist; apocalypse; car accident; captive,"[""Drama"",""Horror"",""Science Fiction"",""Thriller""]",Dan Trachtenberg,John Goodman,John Gallagher Jr. | John Goodman | Mary Elizabeth Winstead,16 wins & 48 nominations total,"After a catastrophic car crash, a young woman wakes up in a survivalist's underground bunker, where he claims to have saved her from an apocalyptic attack that has left the outside world uninhabitable.",iTunes,
V0002,12 Angry Men (1957),1957,1957,,,,,tt25601256,389,,,Death penalty; anonymity; court case; court; judge; jurors; father murder; class; heat; innocence; puerto rico; based on play or musical; black and white; courtroom; hostile; courtroom drama; cautionary; dialog driven; callous; persidangan; sidang,"[""Drama""]",Sidney Lumet,,,,"The defense and the prosecution have rested and the jury is filing into the jury room to decide if a young Spanish-American is guilty or innocent of murdering his father. What begins as an open and shut case soon becomes a mini-drama of each of the jurors' prejudices and preconceptions about the trial, the accused, and each other.",iTunes,
V0003,13 Hours: The Secret Soldiers of Benghazi,2016,2016,144,7.3,167993,51,tt4172430,300671,R,,Central intelligence agency (cia); based on novel or book; libya; assault rifle; mercenary; heroism; biography; based on true story; explosion; american abroad; death; u.s. ambassador,"[""Action"",""Drama"",""History"",""Thriller"",""War""]",Michael Bay,John Krasinski,Dominic Fumusa | James Badge Dale | John Krasinski,Nominated for 1 Oscar. 5 nominations total,An American Ambassador is killed during an attack at a U.S. compound in Libya as a security team struggles to make sense out of the chaos.,iTunes,
V0004,1917,2019,2019,119,8.2,725123,88,tt8579674,530915,R,,Race against time; world war i; british army; soldier; real time; trenches; 1910s; trench warfare; no man's land,"[""Drama"",""History"",""Thriller"",""War""]",Sam Mendes,George MacKay,Dean-Charles Chapman | George MacKay | Mark Strong,Won 3 Oscars. 135 wins & 207 nominations total,"At the height of the First World War, two young British soldiers must cross enemy territory and deliver a message that will stop a deadly attack on hundreds of soldiers.",iTunes,
V0005,2001: A Space Odyssey,1968,1968,149,8.3,743796,90,tt0062622,62,G,The Space Odyssey Series,Man vs machine; moon; jupiter; artificial intelligence (a.i.); based on novel or book; technology; super computer; space travel; space mission; moon base; astronaut; evolution; monolith; space station; space opera; philosophical; complex; 2000s; dreary; grand; ai rebellion; tense; audacious; baffled; excited,"[""Adventure"",""Mystery"",""Science Fiction""]",Stanley Kubrick,Keir Dullea,Gary Lockwood | Keir Dullea | William Sylvester,Won 1 Oscar. 18 wins & 14 nominations total,"Humanity finds a mysterious object buried beneath the lunar surface and sets off to find its origins with the help of HAL 9000, the world's most advanced super computer.",iTunes,
V0006,21 & Over,2013,2013,93,5.8,77982,26,tt1711425,107811,R,,Alcohol; birthday; friends; debauchery,"[""Comedy""]","Jon Lucas, Scott Moore",Skylar Astin,Justin Chon | Miles Teller | Skylar Astin,1 win & 1 nomination total,"Brilliant student Jeff Chang has the most important interview of his life tomorrow.  But today is still his birthday, what starts off as a casual celebration with friends evolves into a night of debauchery that risks to derail his life plan.",iTunes,
V0007,21 Bridges,2019,2019,99,6.6,78103,55,tt8688634,535292,R,,New york city; hostage; subway; detective; shootout; police officer killed; nypd; one night; neo-noir; manhunt,"[""Action"",""Crime"",""Drama""]",Brian Kirk,Chadwick Boseman,Chadwick Boseman | J.K. Simmons | Sienna Miller,2 nominations total,"An embattled NYPD detective, is thrust into a citywide manhunt for a pair of cop killers after uncovering a massive and unexpected conspiracy. As the night unfolds, lines become blurred on who he is pursuing, and who is in pursuit of him.",iTunes,
V0008,21 Grams,2003,2003,124,7.6,248524,80,tt0315733,470,R,,Life and death; rage and hate; transplantation; faith; suicide attempt; loss of loved one; widow; ex-detainee; new mexico; sadness; car crash; multiple storylines,"[""Crime"",""Drama"",""Thriller""]",Alejandro González Iñárritu,Sean Penn,Benicio del Toro | Naomi Watts | Sean Penn,Nominated for 2 Oscars. 30 wins & 79 nominations total,"Paul Rivers, an ailing mathematician lovelessly married to an English émigré; Christina Peck, an upper-middle-class suburban housewife and mother of two girls; and Jack Jordan, a born-again ex-con, are brought together by a terrible accident that changes their lives.",iTunes,
V0009,21 Jump Street,2012,2012,109,7.2,622349,85,tt1232829,64688,R,Jump Street Collection,Drug dealer; high school; investigation; nerd; male friendship; parody; jock; crude humor; undercover cop; high school student; police academy; buddy cop; buddy comedy; duringcreditsstinger; high school rivalry; bicycle cop; based on tv series; cops; party drugs; high school classmates,"[""Action"",""Comedy"",""Crime""]","Phil Lord, Christopher Miller",Jonah Hill,Brie Larson | Channing Tatum | Jonah Hill,11 wins & 21 nominations total,"When cops Schmidt and Jenko join the secret Jump Street unit, they use their youthful appearances to go undercover as high school students. They trade in their guns and badges for backpacks, and set out to shut down a dangerous drug ring. But, as time goes on, Schmidt and Jenko discover that high school is nothing like it was just a few years earlier -- and, what's more, they must again confront the teenage terror and anxiety they thought they had left behind.",iTunes,
V0010,22 Jump Street,2014,2014,112,7.0,421816,84,tt2294449,187017,R,Jump Street Collection,Drug dealer; sarcasm; college; male friendship; sequel; undercover cop; buddy cop; buddy comedy; aftercreditsstinger; duringcreditsstinger; based on tv series,"[""Action"",""Comedy"",""Crime""]","Phil Lord, Christopher Miller",Jonah Hill,Channing Tatum | Jonah Hill | Peter Stormare,7 wins & 25 nominations total,"After making their way through high school (twice), big changes are in store for officers Schmidt and Jenko when they go deep undercover at a local college. But when Jenko meets a kindred spirit on the football team, and Schmidt infiltrates the bohemian art major scene, they begin to question their partnership. Now they don't have to just crack the case - they have to figure out if they can have a mature relationship. If these two overgrown adolescents can grow from freshmen into real men, college might be the best thing that ever happened to them.",iTunes,
V0011,300,2007,2007,117,7.6,890195,61,tt0416449,1271,R,300 Collection,Epic; army; narration; gore; based on comic; sword fight; massacre; ancient world; based on graphic novel; ancient greece; warrior; ancient warfare; sparta greece; 5th century bc; war; bloody death; sparta; spartans; battle of thermopylae; god king; battle axe; amused; audacious; based on real events,"[""Action"",""Adventure"",""War""]",Zack Snyder,Gerard Butler,Dominic West | Gerard Butler | Lena Headey,,"Based on Frank Miller's graphic novel, ""300"" is very loosely based the 480 B.C. Battle of Thermopylae, where the King of Sparta led his army against the advancing Persians; the battle is said to have inspired all of Greece to band together against the Persians, and helped usher in the world's first democracy.",iTunes,
V0012,300: Rise of an Empire,2014,2014,102,6.2,322559,45,tt1253863,53182,R,300 Collection,Based on comic; sword fight; soldier; massacre; slow motion; based on graphic novel; ancient greece; duringcreditsstinger; sea battle; hand to hand combat; naval warfare; ancient warfare; sparta greece; warriors; 5th century bc; athenian; sword and sandal; god king; sword and shield,"[""Action"",""Drama"",""War""]",Noam Murro,Sullivan Stapleton,Eva Green | Lena Headey | Sullivan Stapleton,2 wins & 7 nominations total,"Greek general Themistocles attempts to unite all of Greece by leading the charge that will change the course of the war. Themistocles faces the massive invading Persian forces led by mortal-turned-god, Xerxes and Artemesia, the vengeful commander of the Persian navy.",iTunes,
V0013,3:10 to Yuma,1957,1957,122,7.6,340310,89,tt0381849,14168,R,,Hotel; small town; arizona; hunger; ranch; outlaw; shootout; black and white; train; bandit; stagecoach; based on short story; drought; 19th century,"[""Drama"",""Thriller"",""Western""]",Delmer Daves,Glenn Ford,Felicia Farr | Glenn Ford | Van Heflin,Nominated for 1 BAFTA Award1 win & 3 nominations total,"Dan Evans, a small time farmer, is hired to escort Ben Wade, a dangerous outlaw, to Yuma. As Evans and Wade wait for the 3:10 train to Yuma, Wade's gang is racing to free him.",iTunes,
V0014,47 Meters Down,2017,2017,89,5.6,62593,53,tt2932536,403119,PG-13,47 Meters Down Collection,Sibling relationship; diving; shark attack; cage; creature; shark; trapped underwater,"[""Horror""]",Johannes Roberts,Mandy Moore,Claire Holt | Mandy Moore | Matthew Modine,2 nominations total,"Two sisters on Mexican vacation are trapped in a shark observation cage at the bottom of the ocean, with oxygen running low and great whites circling nearby, they have less than an hour of air left to figure out how to get to the surface.",iTunes,
V0015,47 Ronin,2013,2013,128,6.2,175496,16,tt1335975,64686,PG-13,47 Ronin Collection,Suicide; japan; samurai; based on true story; revenge; samurai sword; ronin; shogun; half breed; aggressive; vindictive,"[""Action"",""Drama"",""Fantasy""]",Carl Rinsch,Keanu Reeves,Hiroyuki Sanada | Keanu Reeves | Ko Shibasaki,5 nominations total,"Kai—an outcast—joins Oishi, the leader of 47 outcast samurai.  Together they seek vengeance upon the treacherous overlord who killed their master and banished their kind.  To restore honour to their homeland, the warriors embark upon a quest that challenges them with a series of trials that would destroy ordinary warriors.",iTunes,
V0016,A Christmas Carol (2009),2011,2011,,,,,tt25222838,,,,,"[""Animation"",""Comedy"",""Family""]",Not Found,,,,"When Grouchy Smurf behaves badly to everyone and refuses to celebrate Christmas, the Smurfs of Christmas Past, Present and Future teach him to appreciate Christmas.",iTunes,
V0017,A Christmas Story,2019,2019,93,7.9,174513,89,tt0085334,606117,PG,Cinderella Story Collection,Musical; christmas; christmas songs,"[""Comedy"",""Fantasy"",""Music"",""Romance""]",Michelle Johnston,,,,"Kat is an aspiring singer-songwriter who dreams of making it big. However, her dreams are stalled by her reality: a conniving and cruel stepfamily  and a demoralizing job working as a singing elf at billionaire Terrence Wintergarden’s Santa Land.",iTunes,
V0018,A Cure for Wellness,2017,2017,146,6.4,113310,42,tt4731136,340837,R,,Darkness; therapist; switzerland; mountain; wellness; employee; health; patient; spa; drugs; remote; swiss alps; treatment; cure; accident; wellness center; institute; incertitude; bitter; derogatory; frustrated,"[""Horror"",""Mystery"",""Science Fiction""]",Gore Verbinski,Dane DeHaan,Dane DeHaan | Jason Isaacs | Mia Goth,,"An ambitious young executive is sent to retrieve his company's CEO from an idyllic but mysterious ""wellness center"" at a remote location in the Swiss Alps but soon suspects that the spa's miraculous treatments are not what they seem.",iTunes,
V0019,A Date With Judy,1948,1948,113,6.5,1491,57,tt0040271,96252,Approved,,Musical,"[""Comedy"",""Music"",""Romance""]",Richard Thorpe,,,,"Best friends Judy and Carol compete for the affection of an older man during their high school dance. As Carol tries to rekindle Judy's relationship with Carol's bumbling brother, Oogie, Judy suspects that her father is having an affair with a beautiful dance instructor. The two girls team up to expose Judy's father -- who is only taking innocent dance lessons.",iTunes,
V0020,A Ghost Story,1990,1990,92,6.8,82075,91,tt6265828,9050,R,A Chinese Ghost Story Collection,Escape; rebel; minister; uprising; imperial court; spirit; demon,"[""Action"",""Comedy"",""Fantasy""]",Tony Ching Siu-Tung,,,,"In this installment of a phenomenal saga of the super natural, four young people are caught in a tug-o-war of evil between an Imperial Wizard and a corrupt General. Outrageous special effects galore.",iTunes,
V0021,A Glitch in the Matrix,2021,2021,108,5.3,2250,,tt9847360,696109,Not Rated,,,"[""Documentary""]",Rodney Ascher,Nick Bostrom,Erik Davis | Joshua Cooke | Nick Bostrom,2 nominations,"Are we in fact living in a simulation? This is the question postulated, wrestled with, and ultimately argued for through archival footage, compelling interviews with real people shrouded in digital avatars, and a collection of cases from some of our most iconoclastic figures in contemporary culture.",iTunes,
V0022,A Good Day to Die Hard,2013,2013,98,5.2,218448,15,tt1606378,47964,R,Die Hard Collection,Central intelligence agency (cia); undercover agent; escape; bomb; plutonium; sequel; shootout; police detective; courthouse; safe house; nuclear weapons; undercover operation; father son reunion; rogue; chernobyl; action hero; father son conflict; father son relationship; high octane; comforting; cia agent,"[""Action"",""Thriller""]",John Moore,Bruce Willis,Bruce Willis | Jai Courtney | Sebastian Koch,5 wins & 8 nominations total,"Iconoclastic, take-no-prisoners cop John McClane, finds himself for the first time on foreign soil after traveling to Moscow to help his wayward son Jack - unaware that Jack is really a highly-trained CIA operative out to stop a nuclear weapons heist. With the Russian underworld in pursuit, and battling a countdown to war, the two McClanes discover that their opposing methods make them unstoppable heroes.",iTunes,
V0023,A Haunting in Venice,2023,2023,103,6.5,126223,75,tt22687790,945729,PG-13,Hercule Poirot (Kenneth Branagh) Collection,Based on novel or book; venice | Italy; loss of loved one; detective; medium; grief; whodunit; investigator; guilt; novelist; post world war ii; murder investigation; ghost; séance; murder mystery; spiritism; halloween night; palazzo; retired detective,"[""Crime"",""Mystery"",""Thriller""]",Kenneth Branagh,Kenneth Branagh,Camille Cottin | Kenneth Branagh | Kyle Allen,6 wins & 4 nominations total,"Celebrated sleuth Hercule Poirot, now retired and living in self-imposed exile in Venice, reluctantly attends a Halloween séance at a decaying, haunted palazzo. When one of the guests is murdered, the detective is thrust into a sinister world of shadows and secrets.",iTunes,
V0024,A Knight's Tale,2001,2001,132,7.0,208282,59,tt0183790,9476,PG-13,,England; poetry; rivalry; sword fight; knight; tournament; duel; torture; writer; impostor; church; game; jousting; medieval; aftercreditsstinger | London,"[""Action"",""Adventure"",""Drama"",""Romance""]",Brian Helgeland,Heath Ledger,Heath Ledger | Rufus Sewell | Shannyn Sossamon,4 wins & 13 nominations total,"William Thatcher, a knight's peasant apprentice, gets a chance at glory when the knight dies suddenly mid-tournament. Posing as a knight himself, William won't stop until he's crowned tournament champion—assuming matters of the heart don't get in the way.",iTunes,
V0025,A League of Their Own,1992,1992,128,7.3,124006,82,tt0104694,11287,PG,,Sports; baseball; world war ii; baseball player; female athlete; home front; woman director; 1940s,"[""Comedy"",""Drama""]",Penny Marshall,Tom Hanks,Geena Davis | Lori Petty | Tom Hanks,6 wins & 13 nominations total,"As America's stock of athletic young men is depleted during World War II, a professional all-female baseball league springs up in the Midwest, funded by publicity-hungry candy maker Walter Harvey. Competitive sisters Dottie Hinson and Kit Keller spar with each other, scout Ernie Capadino and grumpy has-been coach Jimmy Dugan on their way to fame.",iTunes,
V0026,A Million Ways to Die In the West (Unrated),2014,2014,,,,,,,,,,"[""Comedy"",""Western""]",Not Found,,,,"As a cowardly farmer begins to fall for the mysterious new woman in town, he must put his new-found courage to the test when her husband, a notorious gun-slinger, announces his arrival.",iTunes,
V0027,A Nightmare On Elm Street (2010),1984,1984,,,,,tt25681546,,,,,"[""Horror""]",Not Found,,,,"Teenagers in a small town are dropping like flies, apparently in the grip of mass hysteria causing their suicides. A cop's daughter, Nancy Thompson, traces the cause to child molester Fred Krueger, who was burned alive by angry parents many years before. Krueger has now come back in the dreams of his killers' children, claiming their lives as his revenge. Nancy and her boyfriend, Glen, must devise a plan to lure the monster out of the realm of nightmares and into the real world...",iTunes,
V0028,A Quiet Place,2018,2018,90,7.5,628351,96,tt6644200,447332,PG-13,A Quiet Place Collection,Pregnancy; fireworks; deaf; post-apocalyptic future; alien life-form; child in peril; creature; alien invasion; parenting; survival horror; human vs alien; sign languages; angry,"[""Drama"",""Horror"",""Science Fiction""]",John Krasinski,Emily Blunt,Emily Blunt | John Krasinski | Millicent Simmonds,Nominated for 1 Oscar. 38 wins & 129 nominations total,A family is forced to live in silence while hiding from creatures that hunt by sound.,iTunes,
V0029,A Simple Favor,2018,2018,117,6.8,176327,84,tt7040874,484247,R,A Simple Favor Collection,Small town; based on novel or book; widow; dark comedy; female friendship; life insurance; best friend; single mother; missing person; vlogger,"[""Comedy"",""Crime"",""Thriller""]",Paul Feig,Anna Kendrick,Anna Kendrick | Blake Lively | Henry Golding,3 wins & 10 nominations total,"Stephanie, a dedicated mother and popular vlogger, befriends Emily, a mysterious upper-class woman whose son Nicky attends the same school as Miles, Stephanie's son. When Emily asks her to pick Nicky up from school and then disappears, Stephanie undertakes an investigation that will dive deep into Emily's cloudy past.",Vudu,
V0030,A Star Is Born (2018),2018,1937,,,,,tt15087152,332562,,,Concert; country music; waitress; pop star; self-destruction; talent; addiction; death of father; alcoholism; remake; aspiring singer; singer; fame; tinnitus; falling in love; insecurity; alcoholic; death of mother; aspiration; death of parent; showbiz; emotional vulnerability; hearing impaired; brother brother relationship; dramatic; romantic; admiring,"[""Drama"",""Romance""]",Bradley Cooper,,,,"Esther Blodgett is just another starry-eyed farm kid trying to break into the movies. Waitressing at a Hollywood party, she catches the eye of her idol Norman Maine, is sent for a screen test, and before long attains stardom as newly minted Vicki Lester. She and Norman marry, though his career soon dwindles to nothing due to his chronic alcoholism.",iTunes,
V0031,A Walk Among the Tombstones,2014,2014,114,6.5,129214,68,tt0365907,169917,R,,New york city; based on novel or book; murder; private investigator; mafia; drugs; alcoholic; kingpin; wife murder; 1990s,"[""Crime"",""Drama"",""Mystery"",""Thriller""]",Scott Frank,Liam Neeson,Dan Stevens | David Harbour | Liam Neeson,1 nomination total,Private investigator Matthew Scudder is hired by a drug kingpin to find out who kidnapped and murdered his wife.,iTunes,
V0032,Abraham Lincoln: Vampire Hunter,2012,2012,105,5.9,164674,34,tt1611224,72331,R,,Usa president; vampire; supernatural; steam locomotive; american civil war; slave owner; 19th century; abraham lincoln; axe,"[""Action"",""Fantasy"",""Horror""]",Timur Bekmambetov,Benjamin Walker,Anthony Mackie | Benjamin Walker | Dominic Cooper,1 nomination total,"President Lincoln's mother is killed by a supernatural creature, which fuels his passion to crush vampires and their slave-owning helpers.",iTunes,
V0033,Ad Astra,2019,2019,123,6.5,269636,83,tt2935510,419704,PG-13,,Moon; planet mars; loss of loved one; astronaut; moon colony; solar system; spacewalk; father son relationship; near future; planet neptune; space walk,"[""Drama"",""Science Fiction""]",James Gray,Brad Pitt,Brad Pitt | Ruth Negga | Tommy Lee Jones,Nominated for 1 Oscar. 13 wins & 76 nominations total,"The near future, a time when both hope and hardships drive humanity to look to the stars and beyond. While a mysterious phenomenon menaces to destroy life on planet Earth, astronaut Roy McBride undertakes a mission across the immensity of space and its many perils to uncover the truth about a lost expedition that decades before boldly faced emptiness and silence in search of the unknown.",iTunes,
V0034,Admission,2013,2013,107,5.7,36510,37,tt1814621,144340,PG-13,,Adoption; princeton university; wedding; admissions; romantic dramedy; college admissions,"[""Comedy"",""Drama"",""Romance""]",Paul Weitz,Tina Fey,Ann Harada | Ben Levin | Tina Fey,,"Straitlaced Princeton University admissions officer Portia Nathan is caught off-guard when she makes a recruiting visit to an alternative high school overseen by her former classmate, the freewheeling John Pressman. Pressman has surmised that Jeremiah, his gifted yet very unconventional student, might well be the son that Portia secretly gave up for adoption many years ago.",iTunes,
V0035,Alien: Covenant,2017,2017,122,6.4,327823,65,tt2316204,126889,R,Prometheus Collection,Android; spacecraft; experiment; space travel; infection; engineer; alien life-form; sequel; alien; space; creature; robot; scientist; genocide; creation; acid; xenomorph; alien technology; genetic mutation,"[""Horror"",""Science Fiction"",""Thriller""]",Ridley Scott,Michael Fassbender,Billy Crudup | Katherine Waterston | Michael Fassbender,3 wins & 26 nominations total,"The crew of the colony ship Covenant, bound for a remote planet on the far side of the galaxy, discovers what they think is an uncharted paradise but is actually a dark, dangerous world.",iTunes,
V0036,Aliens,1986,1986,137,8.4,803271,94,tt0090605,679,R,Alien Collection,Android; space marine; extraterrestrial technology; spaceman; space travel; settler; colony; cryogenics; vacuum; space colony; warrior woman; alien; space; female protagonist; creature; desolate; female hero; shocking; aggressive; xenomorph; desolate planet; suspenseful; critical; hilarious; sinister; assertive; commanding; defiant; empathetic; exhilarated; optimistic; powerful,"[""Action"",""Science Fiction"",""Thriller""]",James Cameron,Sigourney Weaver,Carrie Henn | Michael Biehn | Sigourney Weaver,Won 2 Oscars. 20 wins & 25 nominations total,"Ripley, the sole survivor of the Nostromo's deadly encounter with the monstrous Alien, returns to Earth after drifting through space in hypersleep for 57 years. Although her story is initially met with skepticism, she agrees to accompany a team of Colonial Marines back to LV-426.",iTunes,
V0037,American Hustle,2013,2013,138,7.2,509633,92,tt1800241,168672,R,,New jersey; 1970s; fbi; mayor; con artist; mobster; scam; hair; century,"[""Crime"",""Drama""]",David O. Russell,Christian Bale,Amy Adams | Bradley Cooper | Christian Bale,Nominated for 10 Oscars. 70 wins & 228 nominations total,"A conman and his seductive partner are forced to work for a wild FBI agent, who pushes them into a world of Jersey power-brokers and the Mafia.",iTunes,
V0038,American Pie (Unrated),1999,1999,,,,,,2105,,American Pie Collection,Innocence; graduation; loss of virginity; coming of age; high school student; pie; teen comedy; teenage sexuality; exchange student; sex comedy; voyeurism; virginity; laxative; prom night; teenager,"[""Comedy"",""Romance""]",Paul Weitz,,,,"At a high-school party, four friends find that losing their collective virginity isn't as easy as they had thought. But they still believe that they need to do so before college. To motivate themselves, they enter a pact to all ""score"" by their senior prom.",iTunes,
V0039,Anchorman 2: The Legend Continues,2013,2013,119,6.3,197392,74,tt1229340,109443,PG-13,Anchorman Collection,Journalism; language; mustache; gang warfare; aftercreditsstinger; news spoof; news; tv news anchor; cable news,"[""Comedy""]",Adam McKay,Will Ferrell,Paul Rudd | Steve Carell | Will Ferrell,1 win & 23 nominations total,"With the 70s behind him, San Diego's top rated newsman, Ron Burgundy, returns to take New York's first 24-hour news channel by storm.",iTunes,
V0040,Angel Heart,1987,1987,113,7.2,98181,82,tt0092563,635,R,,Louisiana; investigation; neurosis; sanatorium; surrealism; satanist; sale of soul; pact with the devil; times square; satan; flashback; murder; vision; soul selling; psychological thriller; church; drugs; devil; incest; private detective; missing person; mephistopheles; satanic ritual; beelzebub; devil worship; faustian pact; beating heart; never aging; ceiling fan | New york city; amnesia; heart; southern usa; voodoo; detective; drug addiction; new orleans,"[""Horror"",""Mystery""]",Alan Parker,Mickey Rourke,Lisa Bonet | Mickey Rourke | Robert De Niro,2 wins & 5 nominations,"A down-and-out Brooklyn detective is hired to track down a singer on an odyssey that will take him through the desperate streets of Harlem, the smoke-filled jazz clubs of New Orleans, and the swamps of Louisiana and its seedy underworld of voodoo.",iTunes,
V0041,Anna,2013,2013,118,6.7,102143,34,tt7456310,227700,R,,Trauma; teenage girl; psychic; memories; accessibility; enter someone's mind,"[""Drama"",""Thriller""]",Jorge Dorado,Mark Strong,Brian Cox | Mark Strong | Taissa Farmiga,3 nominations total,"A man with the ability to enter peoples' memories takes on the case of a brilliant, troubled sixteen-year-old girl to determine whether she is a sociopath or a victim of trauma.",iTunes,
V0042,Annabelle,2014,2014,99,5.5,183509,28,tt3322940,250546,R,Annabelle Collection,Prequel; evil doll; killer doll; spirit; demon; spin off; doll; demonic possession; ghost; killer toys; toy comes to life; the conjuring universe,"[""Horror""]",John R. Leonetti,Annabelle Wallis,Annabelle Wallis | Tony Amendola | Ward Horton,3 wins & 7 nominations total,A couple begins to experience terrifying supernatural occurrences involving a vintage doll shortly after their home is invaded by satanic cultists.,iTunes,
V0043,Annabelle: Creation,2017,2017,109,6.5,158124,70,tt5140878,396422,R,Annabelle Collection,Prequel; evil doll; demon; spin off; demonic possession; ghost; aftercreditsstinger; duringcreditsstinger; the conjuring universe,"[""Horror""]",David F. Sandberg,Stephanie Sigman,Lulu Wilson | Stephanie Sigman | Talitha Eliana Bateman,1 win & 8 nominations total,"Several years after the tragic death of their little girl, a doll maker and his wife welcome a nun and several girls from a shuttered orphanage into their home, soon becoming the target of the doll maker's possessed creation—Annabelle.",iTunes,
V0044,Annihilation,2018,2018,115,6.8,378801,88,tt2798920,300668,R,,Depression; florida; quarantine; coma; based on novel or book; mutation; self-destruction; professor; dna; expedition; transformation; alligator; hybrid; swamp; meteor; grief; physicist; cancer; memory loss; psychologist; scientist; paramedic; missing person; mourning; beast; geologist; biologist; unusual phenomena; speculative; meditative; compound; missing husband; fauna; mysterious life form; flora; dreary; grand; absurd; ambiguous; audacious,"[""Horror"",""Science Fiction""]",Alex Garland,Natalie Portman,Gina Rodriguez | Jennifer Jason Leigh | Natalie Portman,17 wins & 63 nominations total,"A biologist signs up for a dangerous, secret expedition into a mysterious zone where the laws of nature don't apply.",iTunes,
V0045,Antebellum,2020,2020,105,5.8,30977,31,tt10065694,627290,R,,Civil war; strong woman; kidnapping; slavery; racism; reenactment; psychotic; hard; shocking; hostile; white supremacists; philosophical; antebellum south; authoritarian; awestruck; empathetic; enchant; enthusiastic; exhilarated; frightened; ghoulish; harsh; horrified,"[""Horror""]","Gerard Bush, Christopher Renz",Janelle Monáe,Eric Lange | Janelle Monáe | Jena Malone,3 wins & 11 nominations total,Successful author Veronica finds herself trapped in a horrifying reality and must uncover the mind-bending mystery before it's too late.,iTunes,
V0046,Apocalypse Now (Final Cut),1979,1979,,,,,,28,,,Guerrilla warfare; epic; vietnam war; journalist; mission; vietnam; vietcong; central intelligence agency (cia); cambodia; army; drug abuse; based on novel or book; secret mission; insanity; surrealism; tribe; green beret; jungle; descent into madness; brutality; riverboat; military; macabre; anti war; absurd; awestruck; commanding; distressing,"[""Drama"",""War""]",Francis Ford Coppola,,,,"At the height of the Vietnam war, Captain Benjamin Willard is sent on a dangerous mission that, officially, ""does not exist, nor will it ever exist."" His goal is to locate - and eliminate - a mysterious Green Beret Colonel named Walter Kurtz, who has been leading his personal army on illegal guerrilla missions into enemy territory.",iTunes,
V0047,Aquaman (2018),2018,2006,,,,,,513736,,LEGO DC Comics Super Heroes Collection,,"[""Action"",""Adventure"",""TV Movie""]",Matt Peters,,,,A young twenty-something diver living in the Florida Keys discovers he has the power to breathe underwater.,iTunes,
V0048,Arrival,2016,2016,116,7.9,810200,94,tt2543164,329865,PG-13,,Spacecraft; loss; time; alien; language; female protagonist; scientist; heartbreak; based on short story; military; alien language; linguist; first contact; communication; linguistics; time-manipulation; determinism; time manipulation,"[""Drama"",""Mystery"",""Science Fiction""]",Denis Villeneuve,Amy Adams,Amy Adams | Forest Whitaker | Jeremy Renner,Won 1 Oscar. 71 wins & 268 nominations total,"Taking place after alien crafts land around the world, an expert linguist is recruited by the military to determine whether they come in peace or are a threat.",iTunes,
V0049,Arthur Christmas,2011,2011,97,7.1,70349,92,tt1430607,51052,PG,,Sleigh; elves; holiday; assistant; santa claus; wish; reindeer; family; north pole; high tech; clumsiness; duringcreditsstinger; letter to santa claus; woman director; christmas; father son relationship; brother brother relationship,"[""Animation"",""Comedy"",""Drama"",""Family""]",Sarah Smith,James McAvoy,Bill Nighy | Hugh Laurie | James McAvoy,Nominated for 2 BAFTA 3 wins & 23 nominations total,"For hundreds of years, the Claus family has delegated the title ""Santa"" to a chosen few of its members, which can be passed down upon retirement. Each Christmas, Santa and his vast army of highly trained elves produce gifts and distribute them around the world in a one-night high-tech operation. However, when one of 600 million children to receive a gift from Santa on Christmas Eve is missed, it is deemed ‘acceptable’ to all but one—Arthur Claus, the current Santa’s misfit son deemed ineligible for the title, who executes an unauthorised rookie mission to get the last present halfway around the globe before dawn on Christmas morning.",iTunes,
V0050,"As Above, So Below",2014,2014,93,6.3,121069,29,tt2870612,256274,R,,France; loss of loved one; catacombs; female protagonist; scientist; archaeologist; subjective camera; found footage; adventurer; archeology; female archeologist; philosopher's stone | Treasure; paris,"[""Horror"",""Thriller""]",John Erick Dowdle,Perdita Weeks,Ben Feldman | Edwin Hodge | Perdita Weeks,1 win & 6 nominations total,"When a team of explorers ventures into the uncharted maze of bones that lies beneath the streets of Paris, they embark on a journey into madness and terror.",iTunes,
V0051,Austin Powers In Goldmember,2002,2002,94,6.2,227105,52,tt0295178,818,PG-13,Austin Powers Collection,Gold; helicopter; sibling relationship; saving the world; submarine; asteroid; undercover; submachine gun; clone; spy; journey in the past; car journey; nightclub; laser; sumo ringer; family history; time travel; conciliation; clowning; overweight man; belgium; parody; james bond spoof; duringcreditsstinger,"[""Comedy"",""Crime"",""Science Fiction""]",Jay Roach,,,5 wins & 23 nominations total,"The world's most shagadelic spy continues his fight against Dr. Evil. This time, the diabolical doctor and his clone, Mini-Me, team up with a new foe—'70s kingpin Goldmember. While pursuing the team of villains to stop them from world domination, Austin gets help from his dad and an old girlfriend.",iTunes,
V0052,Austin Powers: International Man of Mystery,1997,1997,89,7.0,265525,73,tt0118655,816,PG-13,Austin Powers Collection,Android; telescope; airplane; undercover; missile; spy; group therapy; time travel; penthouse apartment; judo; trapdoor; clowning; secret agent; parody; las vegas; swinging; james bond spoof; swinging 60s; duringcreditsstinger; satirical; playful; romantic; adoring; celebratory; farcical,"[""Comedy"",""Crime"",""Science Fiction""]",Jay Roach,Mike Myers,Elizabeth Hurley | Michael York | Mike Myers,3 wins & 8 nominations total,"As a swinging fashion photographer by day and a groovy British superagent by night, Austin Powers is the '60s' most shagadelic spy. But can he stop megalomaniac Dr. Evil after the bald villain freezes himself and unthaws in the '90s? With the help of sexy sidekick Vanessa Kensington, he just might.",iTunes,
V0053,Avatar (2009),2009,2009,,,,,tt22524856,,,,,"[""Action"",""Adventure"",""Fantasy"",""Science Fiction""]",Not Found,,,,"In the 22nd century, a paraplegic Marine is dispatched to the moon Pandora on a unique mission, but becomes torn between following orders and protecting an alien civilization.",iTunes,
V0054,Avengers: Age of Ultron,2015,2015,141,7.3,949059,76,tt2395427,99861,PG-13,The Avengers Collection,Artificial intelligence (a.i.); saving the world; superhero; based on comic; sequel; vision; superhero team; creator; super villain; duringcreditsstinger; marvel cinematic universe (mcu); fictitious country; complex; evil robot; good versus evil,"[""Action"",""Adventure"",""Science Fiction""]",Joss Whedon,Robert Downey Jr.,Chris Hemsworth | Mark Ruffalo | Robert Downey Jr.,8 wins & 52 nominations total,"When Tony Stark tries to jumpstart a dormant peacekeeping program, things go awry and Earth’s Mightiest Heroes are put to the ultimate test as the fate of the planet hangs in the balance. As the villainous Ultron emerges, it is up to The Avengers to stop him from enacting his terrible plans, and soon uneasy alliances and unexpected action pave the way for an epic and unique global adventure.",iTunes,
V0055,Avengers: Endgame,2019,2019,181,8.4,1339749,94,tt4154796,299534,PG-13,The Avengers Collection,Superhero; time travel; space travel; time machine; based on comic; sequel; alien invasion; superhero team; marvel cinematic universe (mcu); alternate timeline; father daughter relationship; sister sister relationship; awestruck; excited; powerful; vibrant,"[""Action"",""Adventure"",""Science Fiction""]","Anthony Russo, Joe Russo",Robert Downey Jr.,Chris Evans | Mark Ruffalo | Robert Downey Jr.,Nominated for 1 Oscar. 71 wins & 133 nominations total,"After the devastating events of Avengers: Infinity War, the universe is in ruins due to the efforts of the Mad Titan, Thanos. With the help of remaining allies, the Avengers must assemble once more in order to undo Thanos' actions and restore order to the universe once and for all, no matter what consequences may be in store.",iTunes,
V0056,Baby Driver,2017,2017,113,7.5,641809,92,tt3890160,339403,R,Baby Driver Collection,Robbery; waitress; atlanta; crime boss; romance; heist; getaway car; on the run; shootout; bank robbery; getaway driver; sign languages; armed robbery; aggressive; hearing impaired; joyful; urgent,"[""Action"",""Crime""]",Edgar Wright,Ansel Elgort,Ansel Elgort | Kevin Spacey | Lily James,Nominated for 3 Oscars. 43 wins & 66 nominations total,"After being coerced into working for a crime boss, a young getaway driver finds himself taking part in a heist doomed to fail.",iTunes,
V0057,Back to the Future,1985,1985,116,8.5,1376002,93,tt0088763,105,PG,Back to the Future Collection,Flying car; race against time; clock tower; car race; lightning; guitar; plutonium; inventor; journey in the past; invention; time travel; bullying; mad scientist; love; fish out of water; terrorism; teenage love; destiny; nostalgic; hidden identity; teenage life; changing the past or future; 1950s; suspenseful; amused; exhilarated; optimistic; cientifico loco,"[""Adventure"",""Comedy"",""Science Fiction""]",Robert Zemeckis,Michael J. Fox,Christopher Lloyd | Crispin Glover | Michael J. Fox,Won 1 Oscar. 27 wins & 25 nominations total,"Eighties teenager Marty McFly is accidentally sent back in time to 1955, inadvertently disrupting his parents' first meeting and attracting his mother's romantic interest. Marty must repair the damage to history by rekindling his parents' romance and - with the help of his eccentric inventor friend Doc Brown - return to 1985.",iTunes,
V0058,Back to the Future Part II,1989,1989,108,7.8,594233,63,tt0096874,165,PG,Back to the Future Collection,Flying car; skateboarding; car race; lightning; guitar; inventor; time travel; diner; car crash; sequel; alternate history; thunderstorm; nostalgic; tunnel; high school dance; hoverboard; 2010s; playful; suspenseful; enthusiastic; exhilarated; optimistic,"[""Adventure"",""Comedy"",""Science Fiction""]",Robert Zemeckis,Michael J. Fox,Christopher Lloyd | Lea Thompson | Michael J. Fox,Nominated for 1 Oscar. 9 wins & 11 nominations total,"Marty and Doc are at it again as the time-traveling duo head to 2015 to nip some McFly family woes in the bud. But things go awry thanks to bully Biff Tannen and a pesky sports almanac. In a last-ditch attempt to set things straight, Marty finds himself bound for 1955 and face to face with his teenage parents -- again.",iTunes,
V0059,Back to the Future Part III,1990,1990,118,7.4,500007,79,tt0099088,196,PG,Back to the Future Collection,California; saloon; sports car; inventor; horseback riding; indian territory; locomotive; time travel; native american; mad scientist; sequel; outlaw; shootout; gunfight; train; wild west; cavalry; nostalgic; 1950s; hoverboard; playful; suspenseful; enthusiastic; exhilarated; optimistic,"[""Adventure"",""Comedy"",""Science Fiction""]",Robert Zemeckis,Michael J. Fox,Christopher Lloyd | Mary Steenburgen | Michael J. Fox,5 wins & 11 nominations total,"The final installment finds Marty digging the trusty DeLorean out of a mineshaft and looking for Doc in the Wild West of 1885. But when their time machine breaks down, the travelers are stranded in a land of spurs. More problems arise when Doc falls for pretty schoolteacher Clara Clayton, and Marty tangles with Buford Tannen.",iTunes,
V0060,Bad Words,2013,2013,89,6.6,56531,65,tt2170299,209403,R,,Competition; satire; spelling bee; unlikely friendship; anger issues,"[""Comedy""]",Jason Bateman,Jason Bateman,Jason Bateman | Kathryn Hahn | Rohan Chand,2 wins & 4 nominations total,"Forty-year-old misanthrope, Guy Trilby, enters the National Golden Quill Spelling Bee through a loophole in the rules.",iTunes,
V0061,Barbie,2023,2023,114,6.8,596493,88,tt1517268,346698,PG-13,,Feminism; satire; patriarchy; based on toy; female protagonist; doll; fantasy world; motherhood; existentialism; woman director; mother daughter relationship; playful; gender discrimination; sentimental; hilarious; secret world; whimsical; amused; audacious; celebratory; sarcastic; sympathetic; matel,"[""Adventure"",""Comedy""]",Greta Gerwig,Margot Robbie,America Ferrera | Margot Robbie | Ryan Gosling,Won 1 Oscar. 208 wins & 437 nominations total,"Barbie and Ken are having the time of their lives in the colorful and seemingly perfect world of Barbie Land. However, when they get a chance to go to the real world, they soon discover the joys and perils of living among humans.",iTunes,
V0062,Basic Instinct,1992,1992,127,7.1,228068,55,tt0103772,402,R,Basic Instinct Collection,California; sadism; psychopath; detective; eroticism; bisexuality; suspicion of murder; lover; striptease; celebrity; femme fatale; sociopath; dead; neo-noir; erotic thriller; manipulative woman; book writing; killed during sex; american giallo | Dying and death; california; jealousy; sexual obsession; police; san francisco,"[""Mystery"",""Thriller""]",Paul Verhoeven,Michael Douglas,George Dzundza | Michael Douglas | Sharon Stone,Nominated for 2 Oscars. 6 wins & 23 nominations total,"Catherine, a novelist with an insatiable sexual appetite, becomes a prime suspect when her boyfriend is brutally murdered -- a crime she had described in her latest story.",iTunes,
V0063,Batman,1989,1989,126,7.5,417346,77,tt0096895,268,PG-13,Batman Collection,Dual identity; double life; joker; chemical; crime fighter; superhero; villain; based on comic; vigilante; mobster; organized crime; criminal; super power; madness; vigilantism; cautionary; good versus evil,"[""Action"",""Crime"",""Fantasy""]",Tim Burton,Michael Keaton,Jack Nicholson | Kim Basinger | Michael Keaton,Won 1 Oscar. 13 wins & 30 nominations total,"Batman must face his most ruthless nemesis when a deformed madman calling himself ""The Joker"" seizes control of Gotham's criminal underworld.",iTunes,
V0064,Batman Begins,2005,2005,140,8.2,1641193,85,tt0372784,272,PG-13,The Dark Knight Collection,Martial arts; undercover; loss of loved one; secret identity; crime fighter; superhero; based on comic; rivalry; ninja; vigilante; tragic hero; super power; haunted by the past; evil doctor; master villain; unfulfilled love; inspirational,"[""Action"",""Crime"",""Drama""]",Christopher Nolan,Christian Bale,Christian Bale | Liam Neeson | Michael Caine,Nominated for 1 Oscar. 15 wins & 79 nominations total,"Driven by tragedy, billionaire Bruce Wayne dedicates his life to uncovering and defeating the corruption that plagues his home, Gotham City.  Unable to work within the system, he instead creates a new identity, a symbol of fear for the criminal underworld - The Batman.",iTunes,
V0065,Batman Returns,1992,1992,126,7.1,339354,82,tt0103776,364,PG-13,Batman Collection,Double life; corruption; darkness; crime fighter; superhero; hallucination; villain; christmas tree; based on comic; revenge; vigilante; dark hero; super power; super villain; deformed; bird cage; evil circus; christmas; good versus evil,"[""Action"",""Fantasy""]",Tim Burton,Danny DeVito,Danny DeVito | Michael Keaton | Michelle Pfeiffer,Nominated for 2 Oscars. 2 wins & 29 nominations total,"Batman must face The Penguin, a sewer-dwelling gangleader intent on being accepted into Gotham society.  Meanwhile, another Gotham resident finds herself transformed into Catwoman and is out for revenge...",iTunes,
V0066,Battleship,2012,2012,131,5.8,261505,34,tt1440129,44833,PG-13,,Fight; u.s. navy; mind reading; hong kong; football (soccer); scientist; fictional war; naval; armada; battleship; naval combat; jds myoko; lost communication; taser; buoy; communications expert; joint chiefs of staff; crash landing; jet fighter pilot; navy lieutenant; permission to marry; aftercreditsstinger; naval warfare; uss missouri; based on board game,"[""Action"",""Adventure"",""Science Fiction"",""Thriller""]",Peter Berg,Taylor Kitsch,Alexander Skarsgård | Rihanna | Taylor Kitsch,4 wins & 16 nominations total,"When mankind beams a radio signal into space, a reply comes from ‘Planet G’, in the form of several alien crafts that splash down in the waters off Hawaii. Lieutenant Alex Hopper is a weapons officer assigned to the USS John Paul Jones, part of an international naval coalition which becomes the world's last hope for survival as they engage the hostile alien force of unimaginable strength. While taking on the invaders, Hopper must also try to live up to the potential that his brother, and his fiancée's father—an Admiral—expect of him.",iTunes,
V0067,Baywatch,2017,2017,116,5.5,211443,18,tt1469304,339846,R,,Drug dealer; sea; beach; yacht; life-saver; lifeguard; rookie; vigilantism,"[""Action"",""Comedy"",""Crime""]",Seth Gordon,Dwayne Johnson,Dwayne Johnson | Priyanka Chopra Jonas | Zac Efron,5 wins & 11 nominations total,"Devoted lifeguard Mitch Buchannon butts heads with a brash new recruit. Together, they uncover a local criminal plot that threatens the future of the Bay.",iTunes,
V0068,Beauty and the Beast (2017),2017,2010,,,,,,321612,,,France; magic; fairy tale; transformation; cartoon; castle; musical; remake; curse; creature; 18th century; beast; live action and animation; live action remake,"[""Drama"",""Fantasy"",""Romance""]",Bill Condon,,,,"A twist on the morality tale of forbidden love between the beautiful Belle and the feared Beast. As the villagers are being brutally murdered and the Beast is hunted down as the one responsible for the mayhem, Belle and Beast team up to defeat the real killer; the power-hungry witch's malevolent troll.",iTunes,
V0069,Behind Enemy Lines,2001,2001,106,6.4,114765,36,tt0159273,8007,PG-13,Behind Enemy Lines Collection,Sniper; war crimes; bosnia and herzegovina; rescue mission; u.s. navy; based on true story; north atlantic treaty organization (nato); naval officer; bosnian war (1992-95); serbian; atrocity; combat; behind enemy lines; jet fighter pilot; mine field; hunted; jet crash; aircraft carrier; reconnaissance; mass grave; marines; enemy territory; naval flight officer; navy pilot; running for one's life; no fly zone,"[""Action"",""Drama"",""Thriller"",""War""]",John Moore,Owen Wilson,Gabriel Macht | Gene Hackman | Owen Wilson,1 win & 2 nominations,"While flying a routine reconnaissance mission over Bosnia, fighter pilot Lt. Chris Burnett photographs something he wasn't supposed to see and gets shot down behind enemy lines, where he must outrun an army led by a ruthless Serbian general. With time running out and a deadly tracker on his trail, Burnett's commanding officer, Admiral Reigart, decides to risk his career and launch a renegade rescue mission to save his life.",iTunes,
V0070,Beverly Hills Cop,1984,1984,105,7.4,223835,82,tt0086960,90,R,Beverly Hills Cop Collection,California; foot chase; art gallery; detroit | Michigan; warehouse; childhood friends; murder investigation; beverly hills; black cop; buddy cop; buddy comedy; country club; maverick cop; narcotics detective; damsel in distress; bar fight; bearer bonds; mischievous; detective comedy; food delivery; absurd; hilarious | Showdown; drug smuggling; undercover; cocaine; strip club; gunfight; mansion; los angeles,"[""Action"",""Comedy"",""Crime""]",Martin Brest,Eddie Murphy,Eddie Murphy | John Ashton | Judge Reinhold,Nominated for 1 Oscar. 6 wins & 7 nominations total,"Fast-talking, quick-thinking Detroit street cop Axel Foley has bent more than a few rules and regs in his time, but when his best friend is murdered, he heads to sunny Beverly Hills to work the case like only he can.",iTunes,
V0071,Big Eyes,2014,2014,106,7.0,101455,72,tt1126590,87093,PG-13,,Hawaii; jehovah's witness; 1950s; 1960s | Husband wife relationship; court case; hawaii; painting; artist; biography; based on true story; honolulu,"[""Drama""]",Tim Burton,Amy Adams,Amy Adams | Christoph Waltz | Danny Huston,Nominated for 2 BAFTA 3 wins & 18 nominations total,"In the late 1950s and early '60s, artist Walter Keane achieves unbelievable fame and success with portraits of saucer-eyed waifs. However, no one realizes that his wife, Margaret, is the real painter behind the brush. Although Margaret is horrified to learn that Walter is passing off her work as his own, she is too meek to protest too loudly. It isn't until the Keanes' marriage comes to an end and a lawsuit follows that the truth finally comes to light.",iTunes,
V0072,Big Hero 6,2014,2014,102,7.8,527175,90,tt2245084,177572,PG,,California; superhero; talent; cartoon; villain; based on comic; revenge; tokyo | Friendship; martial arts; hero; sibling relationship; san francisco | Japan; best friend; another dimension; robot; east asian lead; boy genius; super villain; aftercreditsstinger; villain arrested; supervillain; moral dilemma; teen superhero; dead brother; hopeful,"[""Action"",""Adventure"",""Animation"",""Comedy"",""Family""]","Chris Williams, Don Hall",Scott Adsit,Daniel Henney | Ryan Potter | Scott Adsit,Won 1 Oscar. 17 wins & 58 nominations total,"A special bond develops between plus-sized inflatable robot Baymax, and prodigy Hiro Hamada, who team up with a group of friends to form a band of high-tech heroes.",iTunes,
V0073,Big Trouble In Little China,1986,1986,99,7.2,160689,73,tt0090728,6978,PG-13,,California; kidnapping; chinatown; mercenary; mythology; truck driver; adventurer; 1980s; fantasy; absurd; amused; awestruck; exhilarated | Martial arts; kung fu; magic; san francisco,"[""Action"",""Adventure"",""Comedy"",""Fantasy""]",John Carpenter,,,1 win & 1 nomination total,"Truck driver Jack Burton gets embroiled in a supernatural battle when his best friend Wang Chi's green-eyed fiancée is kidnapped by henchmen of the sorcerer Lo Pan, who must marry a girl with green eyes in order to return to the human realm.",iTunes,
V0074,Birdman,2015,2015,30,6.7,174,91,tt0061237,435092,TV-G,,Short film,"[""Documentary""]",Guy Bolongaro,,,6 wins & 4 nominations,"A portrait of Robert, a troubled but poetic soul struggling with his purgatorial existence in a hackney scrapyard.",iTunes,
V0075,Birds of Prey and the Fantabulous Emancipation of One Harley Quinn,2020,2020,109,6.1,272936,79,tt7713068,495764,R,,Police; pickpocket; chase; joker; psychopath; superhero; nightclub; gang leader; based on comic; breaking the fourth wall; betrayal; vigilante; mobster; organized crime; shootout; female protagonist; orphan; criminal; police officer; police detective; spin off; hyena; held at gunpoint; henchman; exploding body; death of family; crime family; female police officer; nightclub owner; crime lord; woman director; hand to hand combat; vigilantism; suspended cop; murder of family; dc extended universe (dceu); dumped by boyfriend; loss of family; supernatural power; female antihero; vigilantes; betrayal of trust; vigilante justice; jailbreak; suspended from job; grand; hilarious; amused; audacious,"[""Action"",""Crime""]",Cathy Yan,,,19 wins & 85 nominations total,"Harley Quinn joins forces with a singer, an assassin and a police detective to help a young girl who had a hit placed on her after she stole a rare diamond from a crime lord.",iTunes,
V0076,Black Mass,2015,2015,123,6.8,196468,73,tt1355683,261023,R,,Massachusetts; gangster; fbi; senator; based on true story; irish mob; beaten to death; pay phone; murder; organized crime; extortion; brutality; informant; illness; 1980s | Prostitute; corruption; boston,"[""Crime"",""Drama"",""History""]",Scott Cooper,Johnny Depp,Joel Edgerton | Johnny Depp | Julianne Nicholson,6 wins & 24 nominations total,"The true story of Whitey Bulger, the brother of a state senator and the most infamous violent criminal in the history of South Boston, who became an FBI informant to take down a Mafia family invading his turf.",iTunes,
V0077,Black Swan,2010,2010,108,8.0,847805,85,tt0947798,44214,R,,New york city; dancing; dancer; nightmare; competition; obsession; insanity; paranoia; hallucination; ballet dancer; ballet; female protagonist; psychological thriller; fear; heartbreak; mental illness; madness; macabre; reality vs fantasy; swan lake; ballerina; stage performance; mysterious; aggressive; self-harm; complex; mother daughter relationship; self destructiveness; theater; provocative; suspenseful; intense; pointe shoes; antagonistic; distressing; exhilarated; frightened,"[""Drama"",""Horror"",""Thriller""]",Darren Aronofsky,Natalie Portman,Mila Kunis | Natalie Portman | Vincent Cassel,Won 1 Oscar. 98 wins & 279 nominations total,"The story of Nina, a ballerina in a New York City ballet company whose life, like all those in her profession, is completely consumed with dance. She lives with her retired ballerina mother Erica who zealously supports her daughter's professional ambition. When artistic director Thomas Leroy decides to replace prima ballerina Beth MacIntyre for the opening production of their new season, Swan Lake, Nina is his first choice.",iTunes,
V0078,Blackhat,2015,2015,133,5.5,65300,33,tt2717822,201088,R,,Race against time; computer; hacker; computer virus; technology; anti hero; nuclear power plant; national security agency (nsa); malaysia; betrayal; fugitive; on the run; conspiracy; shootout; hacking; terrorism; cat and mouse; one against many; terrorist plot; stock exchange; cybercrime; cyber terrorism; chinese military; cyber thriller,"[""Action"",""Crime"",""Thriller""]",Michael Mann,Chris Hemsworth,Chris Hemsworth | Leehom Wang | Tang Wei,1 win & 5 nominations,"Nicholas Hathaway, a furloughed convict, and his American and Chinese partners hunt a high-level cybercrime network from Chicago to Los Angeles to Hong Kong to Jakarta. As Hathaway closes in, the stakes become personal as he discovers that the attack on a Chinese nuclear power plant was just the beginning.",iTunes,
V0079,Blair Witch,1999,1999,89,5.0,51084,38,tt1540011,2667,R,Blair Witch Collection,Witch; legend; camping; map; supernatural; wilderness; forest; maryland; paranormal; friends; survival; urban legend; fear; witchcraft; evil; found footage; videotape; hopeless; lost in the woods; mokumentary,"[""Horror"",""Mystery""]","Daniel Myrick, Eduardo Sánchez",,,23 wins & 26 nominations total,"In October of 1994 three student filmmakers disappeared in the woods near Burkittsville, Maryland, while shooting a documentary. A year later their footage was found.",iTunes,
V0080,Blockers,2018,2018,102,6.2,88547,84,tt2531344,437557,R,,Parent child relationship; loss of virginity; house party; prom; teenage girl; teen comedy; teenage sexuality; woman director; prom night; mid-life crisis; teenager,"[""Comedy""]",Kay Cannon,Leslie Mann,Ike Barinholtz | John Cena | Leslie Mann,1 win & 7 nominations total,"When three parents discover that each of their daughters have a pact to lose their virginity at prom, they launch a covert one-night operation to stop the teens from sealing the deal.",iTunes,
V0081,Blow,2001,2001,124,7.5,281631,56,tt0221027,4133,R,,Drug smuggling; war on drugs; drug trafficking; 1970s; drug addiction; rise and fall; cautionary; factual; dramatic; suspenseful; intense,"[""Crime"",""Drama""]",Ted Demme,Johnny Depp,Franka Potente | Johnny Depp | Penélope Cruz,3 wins & 9 nominations total,"A boy named George Jung grows up in a struggling family in the 1950's. His mother nags at her husband as he is trying to make a living for the family. It is finally revealed that George's father cannot make a living and the family goes bankrupt. George does not want the same thing to happen to him, and his friend Tuna, in the 1960's, suggests that he deal marijuana. He is a big hit in California in the 1960's, yet he goes to jail, where he finds out about the wonders of cocaine. As a result, when released, he gets rich by bringing cocaine to America. However, he soon pays the price.",iTunes,
V0082,Bohemian Rhapsody,2018,2018,134,7.9,618782,60,tt1727824,424694,PG-13,,England; aids; musician; 1970s; biography; based on true story; singer; hiv; male homosexuality; fame; rock band; lgbt; 1980s; gay theme | London,"[""Drama"",""Music""]",Bryan Singer,Rami Malek,Ben Hardy | Gwilym Lee | Rami Malek,Won 4 Oscars. 50 wins & 80 nominations total,"Singer Freddie Mercury, guitarist Brian May, drummer Roger Taylor and bass guitarist John Deacon take the music world by storm when they form the rock 'n' roll band Queen in 1970. Hit songs become instant classics. When Mercury's increasingly wild lifestyle starts to spiral out of control, Queen soon faces its greatest challenge yet – finding a way to keep the band together amid the success and excess.",iTunes,
V0083,Bombshell,1933,1933,109,6.8,131539,68,tt6394270,43601,R,,Newspaper; publicity; paparazzi; celebrity; hollywood; screwball comedy; pre-code; movie star; press agent; tabloid reporter; publicity stunt; old hollywood; blonde bombshell; publicity agent,"[""Comedy"",""Romance""]",Victor Fleming,Jean Harlow,Frank Morgan | Jean Harlow | Lee Tracy,,"A glamorous film star rebels against the studio, her pushy press agent and a family of hangers-on.",Vudu,
V0084,Book Club,2023,2023,104,6.1,33708,54,tt6857166,1010826,PG-13,,Based on novel or book; slasher; killer clown,"[""Horror"",""Thriller""]",Carlos Alonso-Ojea,,,2 wins,"Eight horror-loving friends fight for their lives when a killer clown who seems to know the grim secret they share begins to pick them off, one by one.",iTunes,
V0085,Boyhood,2014,2014,165,7.9,373700,97,tt1065073,85350,R,,High school; family's daily life; college; urban life; coming of age; growing up; domestic abuse; parenting; divorce; family; nostalgic; divorced parents; abusive husband; teenager,"[""Drama""]",Richard Linklater,Ellar Coltrane,Ellar Coltrane | Ethan Hawke | Patricia Arquette,Won 1 Oscar. 177 wins & 218 nominations total,"The film tells a story of a divorced couple trying to raise their young son. The story follows the boy for twelve years, from first grade at age 6 through 12th grade at age 17-18, and examines his relationship with his parents as he grows.",iTunes,
V0086,Brahms: The Boy II,2020,2020,86,4.7,21697,11,tt9173418,555974,PG-13,The Boy Collection,Country house; murder; mansion; home invasion; doll,"[""Horror"",""Mystery"",""Thriller""]",William Brent Bell,Katie Holmes,Christopher Convery | Katie Holmes | Owain Yeoman,1 win & 2 nominations total,"After a family moves into the Heelshire Mansion, their young son soon makes friends with a life-like doll called Brahms.",Vudu,
V0087,Brahms: The Boy II,2020,2020,86,4.7,21697,11,tt9173418,555974,PG-13,The Boy Collection,Country house; murder; mansion; home invasion; doll,"[""Horror"",""Mystery"",""Thriller""]",William Brent Bell,Katie Holmes,Christopher Convery | Katie Holmes | Owain Yeoman,1 win & 2 nominations total,"After a family moves into the Heelshire Mansion, their young son soon makes friends with a life-like doll called Brahms.",iTunes,
V0088,Braveheart,1995,1995,178,8.3,1116147,76,tt0112573,197,R,Braveheart Collection,Epic; england; scotland; loss of loved one; idealism; based on true story; medieval; war,"[""Action"",""Drama"",""History"",""War""]",Mel Gibson,Mel Gibson,Catherine McCormack | Mel Gibson | Sophie Marceau,Won 5 Oscars. 34 wins & 34 nominations total,"Enraged at the slaughter of Murron, his new bride and childhood love, Scottish warrior William Wallace slays a platoon of the local English lord's soldiers. This leads the village to revolt and, eventually, the entire country to rise up against English rule.",iTunes,
V0089,Breakfast At Tiffany's,1961,1961,115,7.6,197740,88,tt0054698,164,Approved,,New york city; love of one's life; broken engagement; cat; store window; cigarette; free spirit; writer; millionaire; jewelry store; gold digger; older woman younger man relationship; kept man; rich woman; best friends; yellowface; romantic; amused,"[""Comedy"",""Drama"",""Romance""]",Blake Edwards,,,Won 2 Oscars. 12 wins & 13 nominations total,"Holly Golightly is an eccentric New York City playgirl determined to marry a Brazilian millionaire. But when young writer Paul Varjak moves into her apartment building, her past threatens to get in their way.",iTunes,
V0090,Bridesmaids (Unrated),2011,2011,,,,,,,,,,"[""Comedy"",""Romance""]",Not Found,,,,"Annie's life is a mess. But when she finds out her lifetime best friend is engaged, she simply must serve as Lillian's maid of honor. Though lovelorn and broke, Annie bluffs her way through the expensive and bizarre rituals. With one chance to get it perfect, she’ll show Lillian and her bridesmaids just how far you’ll go for someone you love.",iTunes,
V0091,Bridge of Spies,2015,2015,142,7.6,336285,91,tt3682448,296098,PG-13,,Central intelligence agency (cia); spy; cold war; soviet union; pilot; lawyer; american; courtroom; russian spy; legal drama,"[""Drama"",""Thriller""]",Steven Spielberg,Tom Hanks,Amy Ryan | Mark Rylance | Tom Hanks,Won 1 Oscar. 30 wins & 105 nominations total,"During the Cold War, the Soviet Union captures U.S. pilot Francis Gary Powers after shooting down his U-2 spy plane. Sentenced to 10 years in prison, Powers' only hope is New York lawyer James Donovan, recruited by a CIA operative to negotiate his release. Donovan boards a plane to Berlin, hoping to win the young man's freedom through a prisoner exchange. If all goes well, the Russians would get Rudolf Abel, the convicted spy who Donovan defended in court.",iTunes,
V0092,Brightburn,2019,2019,90,6.1,113300,57,tt7752126,531309,R,,Husband wife relationship; countryside; child murder; country life; super power; super villain; kansas state; father son relationship; mother son relationship,"[""Horror"",""Mystery"",""Science Fiction"",""Thriller""]",David Yarovesky,Jackson A. Dunn,David Denman | Elizabeth Banks | Jackson A. Dunn,1 win & 2 nominations total,"What if a child from another world crash-landed on Earth, but instead of becoming a hero to mankind, he proved to be something far more sinister?",iTunes,
V0093,Bros,2022,2022,115,6.4,37422,89,tt9731598,614939,R,,Chocolate; screenwriter; museum; romcom; lgbt; emotional vulnerability; gay pride; pride parade; investment banker; gay romance; emotional breakdown; gay theme; gay relationship,"[""Comedy"",""Romance""]",Nicholas Stoller,Billy Eichner,Billy Eichner | Guy Branum | Luke Macfarlane,2 wins & 16 nominations total,Two emotionally unavailable men attempt a relationship.,iTunes,
V0094,Bullet Train,2025,2025,127,7.3,489971,53,tt12593682,1276073,R,Bullet Train Collection,Japan; police; bomb; remake; train; criminal; reboot; based on movie; frantic; high speed; didactic; gloomy; shinkansen,"[""Action"",""Crime"",""Drama"",""Thriller""]",Shinji Higuchi,,,,"When panic erupts on a Tokyo-bound bullet train that will explode if it slows below 100 kph, authorities race against time to save everyone on board.",iTunes,
V0095,Bumblebee,2018,2018,114,6.7,198781,91,tt4701182,424783,PG-13,,Technology; based on toy; robot; spin off; duringcreditsstinger; 1980s,"[""Action"",""Adventure"",""Science Fiction""]",Travis Knight,Dylan O'Brien,Dylan O'Brien | Hailee Steinfeld | John Cena,2 wins & 13 nominations total,"On the run in the year 1987, Bumblebee finds refuge in a junkyard in a small Californian beach town. Charlie, on the cusp of turning 18 and trying to find her place in the world, discovers Bumblebee, battle-scarred and broken.  When Charlie revives him, she quickly learns this is no ordinary yellow VW bug.",iTunes,
V0096,Buried,2010,2010,95,7.0,172915,87,tt1462758,26388,R,,Race against time; isolation; coffin; buried alive; survival; terrorism; cell phone; desert; survival horror; aftercreditsstinger; captivity; confined,"[""Drama"",""Mystery"",""Thriller""]",Rodrigo Cortés,Ryan Reynolds,José Luis García Pérez | Robert Paterson | Ryan Reynolds,16 wins & 33 nominations total,Paul is a U.S. truck driver working in Iraq. After an attack by a group of Iraqis he wakes to find he is buried alive inside a coffin. With only a lighter and a cell phone it's a race against time to escape this claustrophobic death trap.,Vudu,
V0097,By the Light of the Silvery Moon (1953),1953,1953,,,,,,,,,,"[""Comedy"",""Family"",""Music"",""Romance""]",Not Found,,,,"Marjorie Winfield's engagement to Bill Sherman, who has just arrived home from fighting in World War I, serves as the backdrop for the trials and tribulations of her family.",iTunes,
V0098,By the Sea (2015),2015,2015,,,,,,,,,,"[""Drama"",""Romance""]",Not Found,,,,"Set in France during the mid-1970s, Vanessa, a former dancer, and her husband Roland, an American writer, travel the country together. They seem to be growing apart, but when they linger in one quiet, seaside town they begin to draw close to some of its more vibrant inhabitants, such as a local bar/café-keeper and a hotel owner.",iTunes,
V0099,Cadillac Records,2008,2008,109,7.0,23480,66,tt1042877,14299,R,,Chicago | Illinois; woman director; music,"[""Drama"",""History"",""Music""]",Darnell Martin,Adrien Brody,Adrien Brody | Gabrielle Union | Jeffrey Wright,6 wins & 22 nominations,"The story of sex, violence, race and rock and roll in 1950s Chicago, and the exciting but turbulent lives of some of America's musical legends, including Muddy Waters, Leonard Chess, Little Walter, Howlin' Wolf, Etta James and Chuck Berry.",iTunes,
V0100,Call Me By Your Name,2017,2017,132,7.8,333865,95,tt5726616,398818,R,Call Me by Your Name Collection,Based on novel or book; upper class; italy; swimming pool; coming of age; love; breaking the fourth wall; summer; teenage boy; masturbation; first love; lgbt; jewish family; 1980s; peach; gay theme,"[""Drama"",""Romance""]",Luca Guadagnino,,,Won 1 Oscar. 107 wins & 263 nominations total,"In 1980s Italy, a relationship begins between seventeen-year-old teenage Elio and the older adult man hired as his father's research assistant.",iTunes,
V0101,Captain America: Civil War,2016,2016,147,7.8,881640,90,tt3498820,271110,PG-13,Captain America Collection,Superhero; based on comic; sequel; super soldier; aftercreditsstinger; duringcreditsstinger; marvel cinematic universe (mcu); angry; superhero teamup; bitter,"[""Action"",""Adventure"",""Science Fiction""]","Joe Russo, Anthony Russo",Chris Evans,Chris Evans | Robert Downey Jr. | Scarlett Johansson,16 wins & 74 nominations total,"Following the events of Age of Ultron, the collective governments of the world pass an act designed to regulate all superhuman activity. This polarizes opinion amongst the Avengers, causing two factions to side with Iron Man or Captain America, which causes an epic battle between former allies.",iTunes,
V0102,Captain America: The Winter Soldier,2014,2014,136,7.7,928296,90,tt1843866,100402,PG-13,Captain America Collection,Usa; superhero; shield; based on comic; aftercreditsstinger; duringcreditsstinger; marvel cinematic universe (mcu); political thriller | Washington dc,"[""Action"",""Adventure"",""Science Fiction""]","Joe Russo, Anthony Russo",Chris Evans,Chris Evans | Samuel L. Jackson | Scarlett Johansson,Nominated for 1 Oscar. 5 wins & 52 nominations total,"After the cataclysmic events in New York with The Avengers, Steve Rogers, aka Captain America is living quietly in Washington, D.C. and trying to adjust to the modern world. But when a S.H.I.E.L.D. colleague comes under attack, Steve becomes embroiled in a web of intrigue that threatens to put the world at risk. Joining forces with the Black Widow, Captain America struggles to expose the ever-widening conspiracy while fighting off professional assassins sent to silence him at every turn. When the full scope of the villainous plot is revealed, Captain America and the Black Widow enlist the help of a new ally, the Falcon. However, they soon find themselves up against an unexpected and formidable enemy—the Winter Soldier.",iTunes,
V0103,Captain Marvel,2019,2019,123,6.8,634777,79,tt4154664,299537,PG-13,Captain Marvel Collection,Superhero; based on comic; alien invasion; super power; female hero; aftercreditsstinger; duringcreditsstinger; marvel cinematic universe (mcu); woman director; 1990s; alien technology; introspective; complicated,"[""Action"",""Adventure"",""Science Fiction""]","Ryan Fleck, Anna Boden",Brie Larson,Ben Mendelsohn | Brie Larson | Samuel L. Jackson,10 wins & 56 nominations total,"The story follows Carol Danvers as she becomes one of the universe’s most powerful heroes when Earth is caught in the middle of a galactic war between two alien races. Set in the 1990s, Captain Marvel is an all-new adventure from a previously unseen period in the history of the Marvel Cinematic Universe.",iTunes,
V0104,Captain Phillips,2013,2013,134,7.8,506837,93,tt1535109,109424,PG-13,,Ship; africa; fisherman; hijacking; somalia; poverty; pirate; terrorism; commando; hijack; cargo ship; ship hijacking; somali; set in africa,"[""Action"",""Drama"",""Thriller""]",Paul Greengrass,Tom Hanks,Barkhad Abdi | Barkhad Abdirahman | Tom Hanks,Nominated for 6 Oscars. 17 wins & 155 nominations total,"The true story of Captain Richard Phillips and the 2009 hijacking by Somali pirates of the US-flagged MV Maersk Alabama, the first American cargo ship to be hijacked in two hundred years.",iTunes,
V0105,Captive,2020,2020,97,5.4,7350,28,tt3268668,759213,PG-13,,Kidnapping; twist; family relationships; survival; psychological thriller; captive; trapped; delusional,"[""Horror"",""Thriller""]",Savvas Christou,William Kircher,Jolene Andersen | Tori Kostic | William Kircher,5 wins & 4 nominations,"A teenage runaway who’s trapped by a delusional man, pretends to be his daughter in order to escape.",iTunes,
V0106,Carrie (1976),1952,1952,,,,,,,,,,"[""Drama"",""Romance""]",Not Found,,,,"Carrie's dreams of adventure in the big city are quickly squashed as she discovers all that awaits her there is a bleak life of grueling and poorly paid factory work—that is, until a traveling salesman named Drouet steps into her life and changes her outlook.",iTunes,
V0107,Carrie (2013),1952,1952,3,,,,tt4207012,,,,,"[""Drama"",""Romance""]",Not Found,,,,"Carrie's dreams of adventure in the big city are quickly squashed as she discovers all that awaits her there is a bleak life of grueling and poorly paid factory work—that is, until a traveling salesman named Drouet steps into her life and changes her outlook.",iTunes,
V0108,Casablanca,1943,1943,102,8.5,627789,99,tt0034583,289,PG,,Corruption; nazi; escape; love triangle; resistance; spy; patriotism; casablanca | Morocco; vichy regime; visa; nationalism; world war ii; morocco; film noir; war,"[""Drama"",""Romance""]",Michael Curtiz,Humphrey Bogart,Humphrey Bogart | Ingrid Bergman | Paul Henreid,,"In Casablanca, Morocco in December 1941, a cynical American expatriate meets a former lover, with unforeseen complications.",iTunes,
V0109,Casino,1995,1995,178,8.2,587997,79,tt0112641,524,R,,Drug abuse; casino; based on novel or book; poker; italian american; gambling; 1970s; fbi; pimp; greed; cocaine; overdose; marriage; car bomb; rise and fall; money; murder; organized crime; mafia; jewish american; las vegas; desert; cynical; safe deposit box; aggressive; 1980s; dreary; dramatic; suspenseful; audacious; brutal violence; fbi surveillance,"[""Crime"",""Drama""]",Martin Scorsese,Robert De Niro,Joe Pesci | Robert De Niro | Sharon Stone,Nominated for 1 Oscar. 4 wins & 11 nominations total,"In early-1970s Las Vegas, Sam ""Ace"" Rothstein gets tapped by his bosses to head the Tangiers Casino. At first, he's a great success in the job, but over the years, problems with his loose-cannon enforcer Nicky Santoro, his ex-hustler wife Ginger, her con-artist ex Lester Diamond and a handful of corrupt politicians put Sam in ever-increasing danger.",iTunes,
V0110,Cast Away,2000,2000,143,7.8,663830,88,tt0162222,8358,PG-13,,Exotic island; suicide attempt; volleyball; survival; loneliness; airplane crash; deserted island; tropical island,"[""Adventure"",""Drama""]",Robert Zemeckis,Tom Hanks,Chris Noth | Helen Hunt | Tom Hanks,Nominated for 2 Oscars. 15 wins & 36 nominations total,"Chuck Nolan, a top international manager for FedEx, and Kelly, a Ph.D. student, are in love and heading towards marriage. Then Chuck's plane to Malaysia crashes at sea during a terrible storm. He's the only survivor, and finds himself marooned on a desolate island. With no way to escape, Chuck must find ways to survive in his new home.",iTunes,
V0111,Chaos Walking,2021,2021,109,5.7,58745,21,tt2076822,412656,PG-13,,Based on novel or book; dystopia; post-apocalyptic future; unassuming; based on young adult novel; derisive,"[""Adventure"",""Fantasy"",""Science Fiction""]",Doug Liman,Tom Holland,Daisy Ridley | Mads Mikkelsen | Tom Holland,2 wins total,"Two unlikely companions embark on a perilous adventure through the badlands of an unexplored planet as they try to escape a dangerous and disorienting reality, where all inner thoughts are seen and heard by everyone.",iTunes,
V0112,Charlie and the Chocolate Factory,2005,2005,115,6.7,547982,83,tt0367594,118,PG,,England; based on novel or book; chocolate; candy; overweight child; parent child relationship; grandparent grandchild relationship; teacher; candy bar | Factory worker; london,"[""Adventure"",""Comedy"",""Family"",""Fantasy""]",Tim Burton,Johnny Depp,David Kelly | Freddie Highmore | Johnny Depp,Nominated for 1 Oscar. 15 wins & 52 nominations total,"A young boy wins a tour through the most magnificent chocolate factory in the world, led by the world's most unusual candy maker.",iTunes,
V0113,Charlie's Angels,2003,2003,98,5.6,201252,68,tt0160127,9471,PG-13,Charlie's Angels Collection,California; heroine; nostalgic; spy hero; based on tv series; provocative; dramatic; hilarious; admiring; adoring; vibrant | Martial arts; robbery; undercover agent; spy; secret identity; villainess; secret agent; organized crime; los angeles,"[""Action"",""Adventure"",""Comedy""]",McG,,,9 wins & 21 nominations total,"The Angels are charged with finding a pair of missing rings that are encoded with the personal information of members of the Witness Protection Program. As informants are killed, the ladies target a rogue agent who might be responsible.",iTunes,
V0114,Chef,2014,2014,114,7.3,239265,87,tt2883512,212778,R,,Parent child relationship; restaurant owner; road trip; food; chef; ex-husband ex-wife relationship; semi autobiographical; twitter; social media; duringcreditsstinger; food truck; gastronomia,"[""Comedy""]",Jon Favreau,Jon Favreau,Bobby Cannavale | John Leguizamo | Jon Favreau,2 wins & 4 nominations total,"When Chef Carl Casper suddenly quits his job at a prominent Los Angeles restaurant after refusing to compromise his creative integrity for its controlling owner, he is left to figure out what's next. Finding himself in Miami, he teams up with his ex-wife, his friend and his son to launch a food truck. Taking to the road, Chef Carl goes back to his roots to reignite his passion for the kitchen -- and zest for life and love.",iTunes,
V0115,Chicago,2002,2002,113,7.2,247886,87,tt0299658,1574,PG-13,,Chicago | Illinois; gallows; musical; based on play or musical; jail; lawyer; execution; noose; hanging; prison matron; jazz age; 1920s; death by hanging; public execution; execution by hanging; hanged woman,"[""Comedy"",""Crime"",""Drama""]",Rob Marshall,Renée Zellweger,Catherine Zeta-Jones | Renée Zellweger | Richard Gere,Won 6 Oscars. 59 wins & 129 nominations total,Murderesses Velma Kelly and Roxie Hart find themselves on death row together and fight for the fame that will keep them from the gallows in 1920s Chicago.,Vudu,
V0116,Child's Play,1972,1972,87,6.7,124718,75,tt0094862,82465,R,,Boarding school; school teacher; boys' school,"[""Drama"",""Mystery"",""Thriller""]",Sidney Lumet,James Mason,Beau Bridges | James Mason | Robert Preston,1 nomination total,"At an exclusive boys' school, a new gym teacher is drawn into a feud between two older instructors, and he discovers that everything at the school is not quite as staid, tranquil and harmless as it seems.",iTunes,
V0117,Christine,1958,1958,110,6.8,96741,73,tt0085333,4956,R,,Austria; opera singer; turn of the century | Lieutenant; vienna,"[""Drama"",""Romance""]",Pierre Gaspard-Huit,Romy Schneider,Alain Delon | Jean-Claude Brialy | Romy Schneider,,"Vienna, 1906. A passionate love story develops between Franz Lobheiner and the young Christine. Lobheiner is, however, currently seeing the married Baroness von Eggersdorf. Upon learning of his wife's infidelity, the Baron von Eggersdorf provokes a duel with Lobheiner. But the former is no longer a real threat to the Baron. Lobheiner is now passionately in love with Christine. How will this love quartet end?",iTunes,
V0118,Christmas With the Kranks,2004,2004,99,5.5,61619,5,tt0388419,13673,PG,,Chicago | Illinois; husband wife relationship; based on novel or book; holiday; christmas party; christmas tree; christmas; sentimental; hilarious; celebratory; joyful,"[""Comedy"",""Family""]",Joe Roth,,,3 wins & 4 nominations total,"When their only daughter Blair leaves the family nest, Luther and Nora Krank decide to book an island cruise to beat the yuletide blues and just skip the holidays. But their decision to boycott tradition has the whole neighborhood in an uproar, and when Blair calls on Christmas Eve to announce a surprise visit with her new fiancée, the Kranks have just twelve hours to perform a miracle and pull themselves and their neighbors together to throw the best celebration ever!",iTunes,
V0119,Cinderella (2015),2015,2015,,,,,,,,,,"[""Drama"",""Family"",""Fantasy"",""Romance""]",Not Found,,,,"When her father unexpectedly passes away, young Ella finds herself at the mercy of her cruel stepmother and her daughters. Never one to give up hope, Ella's fortunes begin to change after meeting a dashing stranger in the woods.",iTunes,
V0120,Clerks,1994,1994,92,7.7,235883,90,tt0109445,2292,R,Clerks Collection,Salesclerk; work; new jersey; loser; male friendship; junk food; black and white; video store; aftercreditsstinger; day in a life; workplace comedy; convenience store; wry,"[""Comedy""]",Kevin Smith,Brian O'Halloran,Brian O'Halloran | Jeff Anderson | Marilyn Ghigliotti,7 wins & 10 nominations total,"Convenience and video store clerks Dante and Randal are sharp-witted, potty-mouthed and bored out of their minds. So in between needling customers, the counter jockeys play hockey on the roof, visit a funeral home and deal with their love lives.",iTunes,
V0121,Clue,2022,2022,94,7.3,113652,72,tt0088930,938442,PG,,Clue; murder mystery; based on board game,"[""Comedy"",""Mystery""]",Casey Hushion,Mark Price,Hazel Anne Raymundo | Isabella McCalla | Mark Price,,"Murder and blackmail are on the menu when six mysterious guests assemble for a dinner party at Boddy Manor. Was it Mrs. Peacock in the study with the knife? Or Colonel Mustard in the library with the wrench? Based on the cult 1985 Paramount movie and inspired by the classic Hasbro game, this farce-meets-murder-mystery is bloody good fun.",iTunes,
V0122,Clueless,1995,1995,97,6.9,258466,,tt0112697,9603,PG-13,,Puberty; high school; based on novel or book; make a match; spoiled child; coming of age; matchmaking; conflict; wedding; high school friends; makeover; woman director; popular girl; matchmaker; gay theme; match making,"[""Comedy"",""Romance""]",Amy Heckerling,Alicia Silverstone,Alicia Silverstone | Brittany Murphy | Stacey Dash,6 wins & 12 nominations total,"Shallow, rich and socially successful Cher is at the top of her Beverly Hills high school's pecking scale. Seeing herself as a matchmaker, Cher first coaxes two teachers into dating each other. Emboldened by her success, she decides to give hopelessly klutzy new student Tai a makeover. When Tai becomes more popular than she is, Cher realizes that her disapproving ex-stepbrother was right about how misguided she was -- and falls for him.",iTunes,
V0123,Coco (2017),2017,2017,,,,,,,,,,"[""Adventure"",""Animation"",""Family"",""Music""]",Not Found,,,,"Despite his family’s baffling generations-old ban on music, Miguel dreams of becoming an accomplished musician like his idol, Ernesto de la Cruz. Desperate to prove his talent, Miguel finds himself in the stunning and colorful Land of the Dead following a mysterious chain of events. Along the way, he meets charming trickster Hector, and together, they set off on an extraordinary journey to unlock the real story behind Miguel's family history.",iTunes,
V0124,Colossal,2017,2017,109,6.2,70969,82,tt4680182,339967,R,,New york city; small town; monster; mental breakdown; creature; loss of job; alcoholic; psychotic; childhood friends; kaiju; catastrophe; angry; aggressive; seoul | South korea; antagonistic; callous; disgusted; mean spirited,"[""Drama"",""Fantasy"",""Science Fiction""]",Nacho Vigalondo,Anne Hathaway,Anne Hathaway | Austin Stowell | Jason Sudeikis,,A woman discovers that severe catastrophic events are somehow connected to the mental breakdown from which she's suffering.,iTunes,
V0125,Constantine,2005,2005,121,7.0,389020,46,tt0360486,561,R,Constantine Collection,Self sacrifice; angel; christianity; confession; superhero; supernatural; exorcism; archangel gabriel; holy water; redemption; based on comic; lucifer; demon; occult; aftercreditsstinger; mysticism; supernatural power; good versus evil; conceited; defiant,"[""Action"",""Fantasy"",""Horror""]",Francis Lawrence,Keanu Reeves,Keanu Reeves | Rachel Weisz | Shia LaBeouf,2 wins & 11 nominations total,"John Constantine has literally been to Hell and back. When he teams up with a policewoman to solve the mysterious suicide of her twin sister, their investigation takes them through the world of demons and angels that exists beneath the landscape of contemporary Los Angeles.",iTunes,
V0126,Contagion,2011,2011,106,6.8,324128,85,tt1598778,39538,PG-13,,Quarantine; saving the world; mutation; melancholy; infection; terminal illness; outbreak; disease; vaccine; lethal virus; scientist; epidemic; prophetic; virus; pandemic; medical drama; anxious; cautionary; provocative; suspenseful; intense; authoritarian,"[""Drama"",""Science Fiction"",""Thriller""]",Steven Soderbergh,Marion Cotillard,Laurence Fishburne | Marion Cotillard | Matt Damon,2 wins & 14 nominations total,"As an epidemic of a lethal airborne virus - that kills within days - rapidly grows, the worldwide medical community races to find a cure and control the panic that spreads faster than the virus itself.",iTunes,
V0127,Contraband,2012,2012,109,6.4,127440,50,tt1524137,77866,R,,Smuggling (contraband); head wound; criminal; security guard,"[""Action"",""Crime"",""Drama"",""Thriller""]",Baltasar Kormákur,Mark Wahlberg,Ben Foster | Kate Beckinsale | Mark Wahlberg,1 win total,"When his brother-in-law runs afoul of a drug lord, family man Chris Farraday turns to a skill he abandoned long ago—smuggling—to repay the debt. But the job goes wrong, and Farraday finds himself wanted by cops, crooks and killers alike.",iTunes,
V0128,Cool Hand Luke,1967,1967,127,8.0,194198,100,tt0061512,903,Approved,,Prison; dying and death; florida; based on novel or book; escape; loss of loved one; rebel; harassment; imprisonment; barbed wire; death; prison farm,"[""Action"",""Crime"",""Drama""]",Stuart Rosenberg,Paul Newman,George Kennedy | Luke Askew | Paul Newman,Won 1 Oscar. 5 wins & 11 nominations total,"When petty criminal Luke Jackson is sentenced to two years in a Florida prison farm, he doesn't play by the rules of either the sadistic warden or the yard's resident heavy, Dragline, who ends up admiring the new guy's unbreakable will. Luke's bravado, even in the face of repeated stints in the prison's dreaded solitary confinement cell, ""the box,"" make him a rebel hero to his fellow convicts and a thorn in the side of the prison officers.",iTunes,
V0129,Countdown,2019,2019,90,5.4,48523,26,tt10039344,599975,PG-13,,Nurse; countdown; supernatural; religion; phone terror; devil; duringcreditsstinger; mysterious; sinister,"[""Horror"",""Thriller""]",Justin Dec,Elizabeth Lail,Elizabeth Lail | Jordan Calloway | Talitha Eliana Bateman,,"A young nurse downloads an app that tells her she only has three days to live. With time ticking away and a mysterious figure haunting her, she must find a way to save her life before time runs out.",iTunes,
V0130,Cowboys & Aliens,2011,2011,119,6.0,235833,44,tt0409847,49849,PG-13,,Spacecraft; sheriff; robbery; escape; arizona; laser; apache nation; native american; based on comic; alien; outlaw; ufo; gunfight; creature; alien invasion; 19th century,"[""Action"",""Science Fiction"",""Thriller"",""Western""]",Jon Favreau,Daniel Craig,Daniel Craig | Harrison Ford | Olivia Wilde,1 win & 17 nominations total,"A stranger stumbles into the desert town of Absolution with no memory of his past and a futuristic shackle around his wrist. With the help of mysterious beauty Ella and the iron-fisted Colonel Dolarhyde, he finds himself leading an unlikely posse of cowboys, outlaws, and Apache warriors against a common enemy from beyond this world in an epic showdown for survival.",iTunes,
V0131,Crank,2006,2006,88,6.9,268849,62,tt0479884,1948,R,Crank Collection,Assassin; helicopter; hitman; poison; adrenaline; fistfight; swimming pool; revenge; shootout; motorcycle; drugs; cell phone; pharmacy; defibrillation; hospital gown; emergency room; aftercreditsstinger; sweatshop; epinephrine; desperate; forceful,"[""Action"",""Crime"",""Thriller""]",Brian Taylor,Jason Statham,Amy Smart | Jason Statham | Jose Pablo Cantillo,2 wins & 2 nominations total,"Chev Chelios, a hit man wanting to go straight, lets his latest target slip away. Then he awakes the next morning to a phone call that informs him he has been poisoned and has only an hour to live unless he keeps adrenaline coursing through his body while he searches for an antidote.",Vudu,
V0132,Crank: High Voltage,2009,2009,96,6.1,163275,64,tt1121931,15092,R,Crank Collection,Prostitute; heart; horse race; cigarette; electric shock; strip club; sequel; flashback; tourette syndrome; gang; shootout; mansion; foot chase; surgery; taser; duringcreditsstinger; absurdism; ultraviolence,"[""Action"",""Crime"",""Thriller""]",Mark Neveldine,Jason Statham,Amy Smart | David Carradine | Jason Statham,1 win & 2 nominations total,Chelios faces a Chinese mobster who has stolen his nearly indestructible heart and replaced it with a battery-powered ticker that requires regular jolts of electricity to keep working.,Vudu,
V0133,Crash,1996,1996,112,7.7,454574,73,tt0375679,884,R,,Dying and death; adultery; husband wife relationship; based on novel or book; sexual obsession; pain; sadism; sexuality; obsession; fetish; eroticism; car journey; fetishism; wound; masochism; deceived husband; cult; hospital; car accident; car wreck; anti-social behaviour; romantic; symphoriphilia,"[""Drama"",""Thriller""]",David Cronenberg,James Spader,Elias Koteas | Holly Hunter | James Spader,9 wins & 6 nominations total,"After getting into a serious car accident, a TV director discovers an underground sub-culture of scarred, omnisexual car-crash victims, and he begins to use car accidents and the raw sexual energy they produce to try to rejuvenate his sex life with his wife.",iTunes,
V0134,Crawl,2019,2019,87,6.1,98843,84,tt8364368,511987,R,Crawl Collection,Florida; hurricane; animal attack; alligator; creature; flood; animal horror; crawlspace; father daughter relationship,"[""Horror"",""Thriller""]",Alexandre Aja,Kaya Scodelario,Barry Pepper | Kaya Scodelario | Morfydd Clark,5 nominations total,"When a huge hurricane hits her hometown in Florida, Haley ignores evacuation orders to look for her father. After finding him badly wounded, both are trapped by the flood. With virtually no time to escape the storm, they discover that rising water levels are the least of their problems.",Vudu,
V0135,Crawl,2019,2019,87,6.1,98843,84,tt8364368,511987,R,Crawl Collection,Florida; hurricane; animal attack; alligator; creature; flood; animal horror; crawlspace; father daughter relationship,"[""Horror"",""Thriller""]",Alexandre Aja,Kaya Scodelario,Barry Pepper | Kaya Scodelario | Morfydd Clark,5 nominations total,"When a huge hurricane hits her hometown in Florida, Haley ignores evacuation orders to look for her father. After finding him badly wounded, both are trapped by the flood. With virtually no time to escape the storm, they discover that rising water levels are the least of their problems.",iTunes,
V0136,Criminal,2016,2016,113,6.3,73235,30,tt3014866,302156,R,,Mission; central intelligence agency (cia); robbery; prisoner; undercover; london underground; memory; terrorism; brutality; convict; interrogation; implant; manhunt,"[""Action"",""Crime"",""Science Fiction""]",Ariel Vromen,Ryan Reynolds,Gary Oldman | Kevin Costner | Ryan Reynolds,,"CIA Agent Bill Pope is on a mission to track down a shadowy hacker named 'The Dutchman'. When he gets mysteriously killed, an experimental procedure transfers his memories into a dangerous ex-convict. When he wakes up Pope's memories, his mission is to eliminate The Dutchman before the hacker launches ICBMs and starts World War III.",iTunes,
V0137,Crimson Peak,2015,2015,119,6.5,162346,72,tt2554274,201085,R,,Psychopath; poison; haunted house; mining; murder; gothic; incest; ghost; old mansion; gothic romance; brutal murder; dramatic; suspenseful; comforting; ghoulish,"[""Drama"",""Horror"",""Mystery"",""Romance"",""Thriller""]",Guillermo del Toro,Mia Wasikowska,Jessica Chastain | Mia Wasikowska | Tom Hiddleston,7 wins & 44 nominations total,"In the aftermath of a family tragedy, an aspiring author is torn between love for her childhood friend and the temptation of a mysterious outsider. Trying to escape the ghosts of her past, she is swept away to a house that breathes, bleeds… and remembers.",iTunes,
V0138,"Crouching Tiger, Hidden Dragon",2000,2000,120,7.9,285783,98,tt0190332,146,PG-13,"Crouching Tiger, Hidden Dragon Collection",Martial arts; kung fu; based on novel or book; flying; taskmaster; sword; tiger; villainess; mountain; comb; fistfight; sword fight; thief; revenge; theft; historical; female martial artist; 18th century; wuxia; warrior; aggressive; bamboo; tavern fight; action hero; qing dynasty; vibrant,"[""Action"",""Adventure"",""Drama"",""Romance""]",Ang Lee,Chow Yun-Fat,Chow Yun-Fat | Michelle Yeoh | Zhang Ziyi,Won 4 Oscars. 101 wins & 132 nominations total,"Two warriors in pursuit of a stolen sword and a notorious fugitive are led to an impetuous, physically-skilled, teenage nobleman's daughter, who is at a crossroads in her life.",iTunes,
V0139,Crypto,2019,2019,105,5.2,4913,17,tt8563452,567733,R,,Small town; hacker; bratva (russian mafia); money laundering; banking; wall street; iraq war veteran; money; hacking; farming; financial; bitcoin; crypto-currencies; finance,"[""Crime"",""Drama"",""Thriller""]",John Stalberg Jr.,Beau Knapp,Alexis Bledel | Beau Knapp | Luke Hemsworth,,A young agent is tasked with investigating a tangled web of corruption and fraud in New York.,iTunes,
V0140,Cujo,1983,1983,93,6.1,52369,60,tt0085382,10489,R,,Based on novel or book; animal attack; cadillac; dam; corpse; dog; rabies; rabid dog; rabbit hole; trapped in car; mad dog; pets; animal horror; saint bernard dog; suspenseful; amused,"[""Horror"",""Thriller""]",Lewis Teague,Dee Wallace,Daniel Hugh Kelly | Danny Pintauro | Dee Wallace,1 win & 4 nominations,"A friendly St. Bernard named ""Cujo"" contracts rabies and conducts a reign of terror on a small American town.",iTunes,
V0141,Daddy's Home,2015,2015,96,6.2,133456,30,tt1528854,274167,PG-13,Daddy's Home Collection,Father; family,"[""Comedy""]",Sean Anders,Will Ferrell,Linda Cardellini | Mark Wahlberg | Will Ferrell,1 win & 4 nominations total,"The story of a mild-mannered radio executive who strives to become the best stepdad ever to his wife's two children, but complications ensue when their freewheeling, freeloading real father arrives, forcing stepdad to compete for the affection of the kids.",iTunes,
V0142,Daddy's Home 2,2017,2017,100,6.0,86687,21,tt5657846,419680,PG-13,Daddy's Home Collection,Holiday; sequel; christmas; amused; cheerful,"[""Comedy""]",Sean Anders,Will Ferrell,Mark Wahlberg | Mel Gibson | Will Ferrell,1 win & 8 nominations total,Brad and Dusty must deal with their intrusive fathers during the holidays.,iTunes,
V0143,Dallas Buyers Club,2013,2013,117,7.9,532298,92,tt0790636,152532,R,,Aids; homophobia; rodeo; texas; biography; dallas texas; based on true story; hiv; drugs; lgbt; treatment; 1980s; trans woman; inspirational; intense; informative,"[""Drama"",""History""]",Jean-Marc Vallée,Matthew McConaughey,Jared Leto | Jennifer Garner | Matthew McConaughey,Won 3 Oscars. 85 wins & 88 nominations total,"Loosely based on the true-life tale of Ron Woodroof, a drug-taking, women-loving, homophobic man who in 1986 was diagnosed with HIV/AIDS and given thirty days to live.",iTunes,
V0144,Dark Web: Cicada 3301,2021,2021,104,5.0,2661,,tt8110246,791469,R,Dark Web Collection,Hacking; online hookup; online mobile game,"[""Action"",""Comedy"",""Thriller""]",Alan Ritchson,Jack Kesy,Conor Leslie | Jack Kesy | Ron Funches,,"Genius hacker Connor discovers Cicada 3301, an online treasure hunt that could be a recruiting tool for a secret society. Soon Conner, art-expert friend Avi, and secretive librarian Gwen are dashing from graffiti sites to ancient libraries to uncover real-world clues. But they must outrun aggressive NSA agents, also hot on the trail of Cicada, who want the glory for themselves.",iTunes,
V0145,Darkest Hour,2017,2017,125,7.4,228237,84,tt4555426,399404,PG-13,,World war ii; biography; based on true story; london underground; british politics; british prime minister; british history; autobiographical; dunkirk; 1940s; winston churchill; based on real person; based on real events; biographical drama,"[""Drama"",""History""]",Joe Wright,Gary Oldman,Gary Oldman | Lily James | Stephen Dillane,Won 2 Oscars. 54 wins & 81 nominations total,"In May 1940, the fate of World War II hangs on Winston Churchill, who must decide whether to negotiate with Adolf Hitler or fight on knowing that it could mean the end of the British Empire.",iTunes,
V0146,Dawn of the Planet of the Apes,2014,2014,130,7.6,496491,91,tt2103281,119450,PG-13,Planet of the Apes (Reboot) Collection,California; peace; solidarity; gorilla; intelligence; dystopia; horse; post-apocalyptic future; pacifism; animal attack; colony; tank; forest; sequel; woods; anthropomorphism; dam; revenge; betrayal; golden gate bridge; explosion; ape; scientist; orangutan; death; chimpanzee; medical research; primate; dead horse; allegorical; sign languages; virus; plague; assassination attempt; shocking; aggressive; murder by gunshot; contagion; guns; soldiers; 2030s; animal human friendship; war; cgi-live action hybrid; violence against animals; war horse; intense; depressing; bitter; bold; powerful; horse riding | San francisco,"[""Action"",""Drama"",""Science Fiction"",""Thriller""]",Matt Reeves,Andy Serkis,Andy Serkis | Jason Clarke | Toby Kebbell,Nominated for 1 Oscar. 17 wins & 48 nominations total,"A group of scientists in San Francisco struggle to stay alive in the aftermath of a plague that is wiping out humanity, while Caesar tries to maintain dominance over his community of intelligent apes.",iTunes,
V0147,Deadpool,2016,2016,108,8.0,1204874,85,tt1431045,293660,R,Deadpool Collection,Superhero; anti hero; mercenary; based on comic; aftercreditsstinger; duringcreditsstinger,"[""Action"",""Adventure"",""Comedy""]",Tim Miller,Ryan Reynolds,Ed Skrein | Morena Baccarin | Ryan Reynolds,29 wins & 78 nominations total,"The origin story of former Special Forces operative turned mercenary Wade Wilson, who, after being subjected to a rogue experiment that leaves him with accelerated healing powers, adopts the alter ego Deadpool. Armed with his new abilities and a dark, twisted sense of humor, Deadpool hunts down the man who nearly destroyed his life.",iTunes,
V0148,Deadpool & Wolverine,2024,2024,128,7.6,495026,78,tt6263850,533535,R,Deadpool Collection,Hero; superhero; anti hero; mutant; breaking the fourth wall; aftercreditsstinger; duringcreditsstinger; marvel cinematic universe (mcu); mutants; superhero teamup,"[""Action"",""Comedy"",""Science Fiction""]",Shawn Levy,Ryan Reynolds,Emma Corrin | Hugh Jackman | Ryan Reynolds,24 wins & 63 nominations total,"A listless Wade Wilson toils away in civilian life with his days as the morally flexible mercenary, Deadpool, behind him. But when his homeworld faces an existential threat, Wade must reluctantly suit-up again with an even more reluctant Wolverine.",iTunes,
V0149,Death Becomes Her,1992,1992,104,6.7,141329,,tt0104070,9374,PG-13,,Jealousy; immortality; beauty; rivalry; potion; drinking; mischievous; playful; hilarious,"[""Comedy"",""Fantasy"",""Horror""]",Robert Zemeckis,Goldie Hawn,Bruce Willis | Goldie Hawn | Meryl Streep,Won 1 Oscar. 5 wins & 16 nominations total,"Madeline is married to Ernest, who was once arch-rival Helen's fiance. After recovering from a mental breakdown, Helen vows to kill Madeline and steal back Ernest. Unfortunately for everyone, the introduction of a magic potion causes things to be a great deal more complicated than a mere murder plot.",iTunes,
V0150,Death on the Nile (2022),2022,2022,,,,,,,,,,"[""Crime"",""Mystery"",""Thriller""]",Not Found,,,,Belgian sleuth Hercule Poirot's Egyptian vacation aboard a glamorous river steamer turns into a terrifying search for a murderer when a picture-perfect couple's idyllic honeymoon is tragically cut short.,iTunes,
V0151,Death Race 2,2010,2010,96,5.6,31469,17,tt1500491,51620,R,Death Race Collection,Virgin; car race; dystopia; parachute; bikini; street race; prequel; chinese; silencer; rapist; car fire; triad; death game,"[""Action"",""Science Fiction"",""Thriller""]",Roel Reiné,Luke Goss,Lauren Cohan | Luke Goss | Sean Bean,,"In the world's most dangerous prison, a new game is born: Death Race. The rules of this adrenaline-fueled blood sport are simple, drive or die. When repentant convict Carl Lucas discovers there's a price on his head, his only hope is to survive a twisted race against an army of hardened criminals and tricked-out cars.",iTunes,
V0152,Deep Impact,1998,1998,120,6.3,194975,45,tt0120647,8656,PG-13,,Usa president; nasa; natural disaster; metereologist; space mission; comet; tsunami; astronomer; astronaut; tidal wave; woman director; disaster movie,"[""Action"",""Drama"",""Science Fiction""]",Mimi Leder,Robert Duvall,Elijah Wood | Robert Duvall | Téa Leoni,5 wins & 14 nominations total,"A seven-mile-wide space rock is hurtling toward Earth, threatening to obliterate the planet. Now, it's up to the president of the United States to save the world. He appoints a tough-as-nails veteran astronaut to lead a joint American-Russian crew into space to destroy the comet before impact. Meanwhile, an enterprising reporter uses her smarts to uncover the scoop of the century.",iTunes,
V0153,Deepwater Horizon,2016,2016,107,7.1,190840,82,tt1860357,296524,PG-13,,Rescue; sea; post-traumatic stress disorder (ptsd); based on true story; disaster; explosion; oil spill; trapped; oil rig ; disaster movie; gulf of mexico; bp; intense; melodramatic,"[""Action"",""Drama""]",Peter Berg,Mark Wahlberg,John Malkovich | Kurt Russell | Mark Wahlberg,Nominated for 2 Oscars. 4 wins & 15 nominations total,"A story set on the offshore drilling rig Deepwater Horizon, which exploded during April 2010 and created the worst oil spill in U.S. history.",iTunes,
V0154,Deliver Us from Evil,1971,1971,118,6.2,87955,30,tt2377322,61683,R,,Nun; seduction; satanism; vacation; summer; convent school; evil,"[""Drama"",""Horror""]",Joël Séria,,,,"Anne and Lore, neighbors and best friends, barely into their teens, board at a convent school where they have taken a vow to sin and to serve Satan. Anne keeps a secret diary, they read a salacious novel, they get a classmate in trouble, they spy on the nuns, they set aside their communion wafers; they make a pact of devotion.",iTunes,
V0155,Despicable Me 2,2013,2013,98,7.3,443902,75,tt1690953,93456,PG,Despicable Me Collection,Parent child relationship; villain; adoptive father; secret agent; bakery; sequel; falling in love; family; single father; audition; female agent; duringcreditsstinger; first date; supervillain; masked supervillain; illumination; absurd; hilarious; amused; brisk,"[""Animation"",""Comedy"",""Family""]","Chris Renaud, Pierre Coffin",Steve Carell,Benjamin Bratt | Kristen Wiig | Steve Carell,Nominated for 2 Oscars. 12 wins & 66 nominations total,Gru is recruited by the Anti-Villain League to help deal with a powerful new super criminal.,iTunes,
V0156,Die Another Day,2002,2002,133,6.1,233104,56,tt0246460,36669,PG-13,James Bond Collection,Cuba; captured; u.s. secret service agent; publicist; space based weapon; adrenaline junkie; dmz; north korea; spycraft; james bond; prisoner exchange; conflict diamonds | Post-traumatic stress disorder (ptsd); espionage; spy; demonstration; fencing; laser; satellite; iceland; sequel; hong kong; torture; mi6; british spy; british secret service; havana,"[""Action"",""Adventure"",""Thriller""]",Lee Tamahori,Pierce Brosnan,Halle Berry | Pierce Brosnan | Toby Stephens,6 wins & 36 nominations total,"James Bond is sent to investigate the connection between a North Korean terrorist and a diamond mogul, who is funding the development of an international space weapon.",Vudu,
V0157,Die Hard,1988,1988,132,8.2,987460,94,tt0095016,562,R,Die Hard Collection,California; terrorism; one man army; explosion; police officer; hostage negotiator; one night; lapd; aggressive; christmas; 1980s; action hero; german; hostages; heist thriller; patrol officer; furious; high octane; intense; commanding; defiant; euphoric | Husband wife relationship; based on novel or book; s.w.a.t.; fbi; christmas party; vault; heist; murder; shootout; los angeles,"[""Action"",""Thriller""]",John McTiernan,Bruce Willis,Alan Rickman | Alexander Godunov | Bruce Willis,Nominated for 4 Oscars. 8 wins & 9 nominations total,"NYPD cop John McClane's plan to reconcile with his estranged wife is thrown for a serious loop when, minutes after he arrives at her offices Christmas Party, the entire building is overtaken by a group of terrorists. With little help from the LAPD, wisecracking McClane sets out to single-handedly rescue the hostages and bring the bad guys down.",iTunes,
V0158,Die Hard 2: Die Harder,1990,1990,,,,,,1573,,Die Hard Collection,Helicopter; airport; based on novel or book; ambush; cop; sequel; snow; shootout; terrorism; explosion; church; commando; news reporter; air traffic control; virginia; terrorist plot; christmas; snowmobile; action hero; plane crash; christmas eve; tense; airplanes; airport police; rogue military; washington dulles international airport; xmas eve,"[""Action"",""Thriller""]",Renny Harlin,,,,"One year after his heroics in Los Angeles, John McClane is an off-duty cop who is the wrong guy in the wrong place at the wrong time. On a snowy Christmas Eve, as he waits for his wife's plane to land at Washington Dulles International Airport, terrorists take over the air traffic control system in a plot to free a South American army general and drug smuggler being flown into the US to face drug charges. It's now up to McClane to take on the terrorists, while coping with an inept airport police chief, an uncooperative anti-terrorist squad, and the life of his wife and everyone else trapped in planes circling overhead.",iTunes,
V0159,Die Hard: With a Vengeance,1995,1995,128,7.6,419996,60,tt0112864,1572,R,Die Hard Collection,New york city; aqueduct; bomb threat; action hero; deadly game; federal reserve bank; nyc subway | New york city; taxi; gold; helicopter; robbery; police; bomb; riddle; detective; fbi; sequel; flashback; revenge; shootout; explosion; nypd; cargo ship; wild goose chase; simon says; dump truck; harlem,"[""Action"",""Thriller""]",John McTiernan,Bruce Willis,Bruce Willis | Jeremy Irons | Samuel L. Jackson,2 wins & 3 nominations total,"New York detective John McClane is back and kicking bad-guy butt in the third installment of this action-packed series, which finds him teaming with civilian Zeus Carver to prevent the loss of innocent lives. McClane thought he'd seen it all, until a genius named Simon engages McClane, his new ""partner"" -- and his beloved city -- in a deadly game that demands their concentration.",iTunes,
V0160,Dirty Dancing,2017,2017,100,7.1,265593,72,tt0092890,444902,PG-13,,Musical; remake; catskills; 1960s; re-imagining,"[""Drama"",""Romance""]",Wayne Blair,Abigail Breslin,Abigail Breslin | Colt Prattes | Sarah Hyland,,"Spending the summer at a Catskills resort with her family, Frances ""Baby"" Houseman falls in love with the camp's dance instructor, Johnny Castle, and nothing is ever the same for anyone in the Houseman family.",iTunes,
V0161,Dirty Girl (2007),2010,2010,,,,,,,,,,"[""Comedy"",""Drama""]",Not Found,,,,"When Danielle is banished to special education because of her misbehavior, she joins Clarke on a road trip to discover themselves.",iTunes,
V0162,Dirty Grandpa (Unrated),2016,2016,,,,,,,,,,"[""Comedy""]",Not Found,,,,"Jason Kelly is one week away from marrying his boss's uber-controlling daughter, putting him on the fast track for a partnership at the law firm. However, when the straight-laced Jason is tricked into driving his foul-mouthed grandfather, Dick, to Daytona for spring break, his pending nuptials are suddenly in jeopardy. Between riotous frat parties, bar fights, and an epic night of karaoke, Dick is on a quest to live his life to the fullest and bring Jason along for the ride.",iTunes,
V0163,Divergent,2014,2014,139,6.6,504426,41,tt1840309,157350,PG-13,Divergent Collection,Future; based on novel or book; dystopia; futuristic; individuality; alternative reality; caste system; based on young adult novel,"[""Action"",""Adventure"",""Science Fiction""]",Neil Burger,Shailene Woodley,Shailene Woodley | Theo James | Zoë Kravitz,7 wins & 11 nominations total,"In a world divided into factions based on personality types, Tris learns that she's been classified as Divergent and won't fit in. When she discovers a plot to destroy Divergents, Tris and the mysterious Four must find out what makes Divergents dangerous before it's too late.",iTunes,
V0164,Django Unchained,2012,2012,165,8.5,1763019,87,tt1853728,68718,R,,Rescue; friendship; bounty hunter; texas; slavery; plantation; rivalry; revenge; shootout; racism; kindness; dentist; django; slave trade; aftercreditsstinger; black slave; agreement; 19th century; chattanooga; german; cotton plantation; plantation owner; old west; western; 1850s; mississippi,"[""Drama"",""Western""]",Quentin Tarantino,Jamie Foxx,Christoph Waltz | Jamie Foxx | Leonardo DiCaprio,Won 2 Oscars. 58 wins & 158 nominations total,"With the help of a German bounty hunter, a freed slave sets out to rescue his wife from a brutal Mississippi plantation owner.",iTunes,
V0165,Doctor Sleep,2002,2002,152,7.3,228324,78,tt5606664,20321,R,,England; psychology | London,"[""Crime"",""Horror"",""Mystery"",""Thriller""]",Nick Willing,Goran Višnjić,Goran Višnjić | Miranda Otto | Shirley Henderson,,"While treating a policewoman for smoking, hypnotherapist Michael Strother has a telepathic vision of a young girl floating beneath the surface of a stream. The escaped victim of a ritualistic serial killer, the girl has become mute, and Michael is called upon by Scotland Yard to unlock the secrets she holds in order to catch a man who believes he has discovered the key to immortality.",iTunes,
V0166,Doctor Strange (2016),2016,2016,,,,,tt17978246,284052,,Doctor Strange Collection,Magic; superhero; training; time; based on comic; sorcerer; doctor; neurosurgeon; wizard; aftercreditsstinger; duringcreditsstinger; marvel cinematic universe (mcu); suspenseful,"[""Action"",""Adventure"",""Fantasy""]",Scott Derrickson,,,,"After his career is destroyed, a brilliant but arrogant surgeon gets a new lease on life when a sorcerer takes him under her wing and trains him to defend the world against evil.",iTunes,
V0167,Dolittle,2020,2020,101,5.6,74105,15,tt6673612,448119,PG,,Ship; island; based on novel or book; victorian england; doctor; based on children's book; animals; veterinary; talking to animals; voyage,"[""Adventure"",""Comedy"",""Family"",""Fantasy""]",Stephen Gaghan,Robert Downey Jr.,Harry Collett | Michael Sheen | Robert Downey Jr.,4 wins & 9 nominations total,"After losing his wife seven years earlier, the eccentric Dr. John Dolittle, famed doctor and veterinarian of Queen Victoria’s England, hermits himself away behind the high walls of Dolittle Manor with only his menagerie of exotic animals for company. But when the young queen falls gravely ill, a reluctant Dolittle is forced to set sail on an epic adventure to a mythical island in search of a cure, regaining his wit and courage as he crosses old adversaries and discovers wondrous creatures.",iTunes,
V0168,Don Jon,2013,2013,90,6.5,251190,80,tt2229499,138697,R,,Pornography; new jersey; sex addiction; sexual fantasy; internet porn; male masturbation; masturbation; exercise; true love,"[""Comedy"",""Drama"",""Romance""]",Joseph Gordon-Levitt,Joseph Gordon-Levitt,Joseph Gordon-Levitt | Julianne Moore | Scarlett Johansson,2 wins & 28 nominations total,"A New Jersey guy dedicated to his family, friends, and church, develops unrealistic expectations from watching porn and works to find happiness and intimacy with his potential true love.",iTunes,
V0169,Downsizing,2017,2017,135,5.8,129476,47,tt1389072,301337,R,,Future; computer; therapist; married couple; shrinking; crowd; speculative; meditative; caucasian; thoughtful; reflective; pc; procedure; loving; inspirational; grand; provocative; direct; dramatic; sentimental; awestruck; bold; dignified; euphoric; exhilarated; hopeful; powerful,"[""Comedy"",""Drama"",""Science Fiction""]",Alexander Payne,Matt Damon,Christoph Waltz | Hong Chau | Matt Damon,1 win & 16 nominations total,A kindly occupational therapist undergoes a new procedure to be shrunken to four inches tall so that he and his wife can help save the planet and afford a nice lifestyle at the same time.,iTunes,
V0170,Dr. Seuss' Horton Hears a Who!,2008,2008,,,,,,12222,,,Rescue; elephant; jungle; dr. seuss; who; cartoon elephant,"[""Adventure"",""Animation"",""Comedy"",""Family"",""Fantasy""]","Steve Martino, Jimmy Hayward",,,,"The classic and beloved story from Dr. Seuss is now a CG animated film from 20th Century Fox Animation, the makers of the Ice Age films. An imaginative elephant named Horton (Jim Carrey) hears a faint cry for help coming from a tiny speck of dust floating through the air. Horton suspects there may be life on that speck and despite a surrounding community, which thinks he has lost his mind, he is determined to save the tiny particle! Jim Carrey and Steve Carell lead an all-star cast in bringing this wonderful family picture to life!",iTunes,
V0171,Dr. Seuss' How the Grinch Stole Christmas,1966,1966,,,,,,13377,,,Sleigh; monster; based on novel or book; heart; holiday; obsession; santa claus; materialism; christmas tree; surrealism; affection; snow; dog; christmas,"[""Animation"",""Comedy"",""Family""]",Chuck Jones,,,,"Bitter and hateful, the Grinch is irritated at the thought of a nearby village having a happy time celebrating Christmas. Disguised as Santa Claus, with his dog made to look like a reindeer, he decides to raid the village to steal all the Christmas things.",iTunes,
V0172,Dr. Seuss' the Lorax,2012,2012,,,,,,73723,,,Aftermath; tree; villain; musical; family business ; money; tragic villain; consumerism; air; based on children's book; animal killing; walled city; reforestation; tree cutting; mad family; clothes factory; meme; social; abused child; illumination; singing animals; fish trio; biggering; unless,"[""Animation"",""Family""]",Chris Renaud,,,,"A 12-year-old boy searches for the one thing that will enable him to win the affection of the girl of his dreams. To find it he must discover the story of the Lorax, the grumpy yet charming creature who fights to protect his world.",iTunes,
V0173,Dracula Untold,2014,2014,92,6.2,215597,26,tt0829150,49017,PG-13,,Hero; monster; vampire; bite; bravery; supernatural; prince; heroism; battle; 15th century; ottoman empire; dracula; dramatic; intense,"[""Action"",""Fantasy"",""Horror""]",Gary Shore,Luke Evans,Dominic Cooper | Luke Evans | Sarah Gadon,3 wins & 5 nominations total,"Vlad Tepes is a great hero, but when he learns the Sultan is preparing for battle and needs to form an army of 1,000 boys, he vows to find a way to protect his family. Vlad turns to dark forces in order to get the power to destroy his enemies and agrees to go from hero to monster as he's turned into the mythological vampire, Dracula.",iTunes,
V0174,Dredd,2012,2012,95,7.1,303406,80,tt1343727,49049,R,,Metropolis; corruption; police; judge; gangster; crime fighter; dystopia; post-apocalyptic future; executive case; based on comic; futuristic; survival; cyberpunk; criminal; justice; drug lord; based on graphic novel; female villain,"[""Action"",""Science Fiction""]",Pete Travis,Karl Urban,Karl Urban | Lena Headey | Olivia Thirlby,2 wins & 14 nominations total,"In the future, America is a dystopian wasteland. The latest scourge is Ma-Ma, a prostitute-turned-drug pusher with a dangerous new drug and aims to take over the city. The only possibility of stopping her is an elite group of urban police called Judges, who combine the duties of judge, jury and executioner to deliver a brutal brand of swift justice. But even the top-ranking Judge, Dredd, discovers that taking down Ma-Ma isn’t as easy as it seems in this explosive adaptation of the hugely popular comic series.",iTunes,
V0175,Drinking Buddies,2013,2013,90,6.1,61419,84,tt2265398,172533,R,,Co-workers relationship; relationship; mumblecore; independent film,"[""Comedy"",""Drama"",""Romance""]",Joe Swanberg,Olivia Wilde,Anna Kendrick | Jake Johnson | Olivia Wilde,1 win & 4 nominations total,"Weekend trips, office parties, late night conversations, drinking on the job, marriage pressure, biological clocks, holding eye contact a second too long… you know what makes the line between “friends” and “more than friends” really blurry? Beer.",iTunes,
V0176,Drugstore Cowboy,1989,1989,101,7.2,42231,97,tt0097240,476,R,,Drug abuse; support group; 1970s; drug addiction; junkie; portland | Oregon; drugstore; group therapy; drug stealing; burglars; opioid use disorder,"[""Crime"",""Drama""]",Gus Van Sant,Matt Dillon,James Remar | Kelly Lynch | Matt Dillon,12 wins & 11 nominations total,"Portland, Oregon, 1971. Bob Hughes is the charismatic leader of a peculiar quartet, formed by his wife, Dianne, and another couple, Rick and Nadine, who skillfully steal from drugstores and hospital medicine cabinets in order to appease their insatiable need for drugs. But neither fun nor luck last forever.",iTunes,
V0177,Due Date,2010,2010,95,6.5,361820,39,tt1231583,41733,R,,Highway; slacker; hitchhiker; wallet; sunglasses; rest stop; vicodin; waffle,"[""Comedy"",""Drama""]",Todd Phillips,Robert Downey Jr.,Michelle Monaghan | Robert Downey Jr. | Zach Galifianakis,7 nominations,"Peter Highman must scramble across the US in five days to be present for the birth of his first child. He gets off to a bad start when his wallet and luggage are stolen, and put on the 'no-fly' list. Peter embarks on a terrifying journey when he accepts a ride from an actor.",iTunes,
V0178,Dumb and Dumber To,2014,2014,109,5.6,149030,30,tt2096672,100042,PG-13,Dumb and Dumber Collection,Friendship; road trip; sequel; buddy comedy; aftercreditsstinger; duringcreditsstinger,"[""Comedy""]","Bobby Farrelly, Peter Farrelly",Jim Carrey,Jeff Daniels | Jim Carrey | Laurie Holden,1 win & 7 nominations total,"20 years since their first adventure, Lloyd and Harry go on a road trip to find Harry's newly discovered daughter, who was given up for adoption.",iTunes,
V0179,Dumb Money,2023,2023,105,6.9,53490,84,tt13957560,792293,R,,Massachusetts; manipulation of the media; based on true story; securities | Stocks and bonds ; stock price; social media; stock market; meditative; dramedy; philosophical; investing; investment; stockholder; stock swindle; insider trading; vlogger; brother brother relationship; internet scam; social media influencer; finance trading; inspirational; manipulative relationship; critical; internet personality; intense; gamestop; reddit; audacious; bold; compassionate; defiant; dignified; earnest; instructive; powerful; urgent; 2020s,"[""Comedy"",""Drama"",""History""]",Craig Gillespie,Paul Dano,America Ferrera | Paul Dano | Shailene Woodley,1 win & 2 nominations total,"Vlogger Keith Gill sinks his life savings into GameStop stock and posts about it. When social media starts blowing up, so do his life and the lives of everyone following him. As a stock tip becomes a movement, everyone gets rich—until the billionaires fight back, and both sides find their worlds turned upside down.",iTunes,
V0180,Dune,2021,2021,137,6.3,187539,36,tt0087182,438631,PG-13,Dune Collection,Empire; future; epic; army; based on novel or book; prophecy; dystopia; emperor; sand; spice; hallucinogen; treason; baron; revenge; premonition; betrayal; space; water shortage; creature; desert; knife fight; destiny; giant worm; space opera; sand dune; messiah; domineering; mother son relationship; wonder; giant creature; intense; foreboding; powerful,"[""Adventure"",""Science Fiction""]",Denis Villeneuve,Timothée Chalamet,Oscar Isaac | Rebecca Ferguson | Timothée Chalamet,Won 6 Oscars. 177 wins & 303 nominations total,"Paul Atreides, a brilliant and gifted young man born into a great destiny beyond his understanding, must travel to the most dangerous planet in the universe to ensure the future of his family and his people. As malevolent forces explode into conflict over the planet's exclusive supply of the most precious resource in existence-a commodity capable of unlocking humanity's greatest potential-only those who can conquer their fear will survive.",iTunes,
V0181,Dungeons & Dragons Honor Among Thieves,2023,2023,134,7.2,258200,,tt2906216,493529,PG-13,,Platonic love; gang of thieves; dragon; role playing game; heist gone wrong; wizard; duringcreditsstinger; father daughter relationship; wizardry,"[""Adventure"",""Comedy"",""Fantasy""]","John Francis Daley, Jonathan Goldstein",,,4 wins & 20 nominations total,"A charming thief and a band of unlikely adventurers undertake an epic heist to retrieve a lost relic, but things go dangerously awry when they run afoul of the wrong people.",iTunes,
V0182,Duplex,2003,2003,89,5.9,63798,35,tt0266489,7288,PG-13,,Dark comedy; new home; neighbor neighbor relationship,"[""Comedy""]",Danny DeVito,Ben Stiller,Amber Valletta | Ben Stiller | Drew Barrymore,2 nominations total,"When a young couple buys their dream home, they have no idea what the sweet little old lady upstairs is going to put them through!",Vudu,
V0183,E.T. The Extra-Terrestrial,1982,1982,115,7.9,451476,99,tt0083866,601,PG,,Farewell; space marine; operation; flying saucer; nasa; homesickness; loss of loved one; extraterrestrial technology; prosecution; riding a bicycle; halloween; finger; flowerpot; alien; single; single mother; hopeful; joyful,"[""Adventure"",""Family"",""Fantasy"",""Science Fiction""]",Steven Spielberg,,,Won 4 Oscars. 52 wins & 38 nominations total,"An alien is left behind on Earth and saved by the 10-year-old Elliot who decides to keep him hidden in his home. While a task force hunts for the extra-terrestrial, Elliot, his brother, and his little sister Gertie form an emotional bond with their new friend, and try to help him find his way home.",iTunes,
V0184,Earth Girls Are Easy,1988,1988,100,5.5,25755,68,tt0097257,2210,PG,,Spacecraft; dancing; dreams; police; musical; romcom; bikini; swimming pool; romance; alien; beauty salon; hospital; makeover; nosy neighbor; discotheque; valley girl,"[""Comedy"",""Music"",""Romance"",""Science Fiction""]",Julien Temple,Geena Davis,Geena Davis | Jeff Goldblum | Jim Carrey,3 nominations,"In this musical comedy, Valerie is dealing with her philandering fiancé, Ted, when she finds that a trio of aliens have crashed their spaceship into her swimming pool. Once the furry beings are shaved at her girlfriend's salon, the women discover three handsome men underneath. After absorbing the native culture via television, the spacemen are ready to hit the dating scene in 1980s Los Angeles.",iTunes,
V0185,Earth: One Amazing Day,2017,2017,95,7.8,3162,100,tt6238896,464593,G,,Earth; animals; nature,"[""Adventure"",""Documentary"",""Family""]","Peter Webber, Lixin Fan, Richard Dale",Robert Redford,Jackie Chan | Lee Je-hoon | Robert Redford,3 wins & 5 nominations,"An astonishing journey revealing the awesome power of the natural world. Over the course of one single day, we track the sun from the highest mountains to the remotest islands to exotic jungles.",iTunes,
V0186,Easy A,2010,2010,92,7.0,429673,85,tt1282140,37735,PG-13,,High school; small town; lie; loss of virginity; coming of age; teen movie; school; female protagonist; high school student; teen comedy; intelligent; duringcreditsstinger; small town girl; rumor; teen drama; pretend relationship; gay friend; teenager,"[""Comedy""]",Will Gluck,Emma Stone,Amanda Bynes | Emma Stone | Penn Badgley,9 wins & 22 nominations total,"Olive, an average high school student, sees her below-the-radar existence turn around overnight once she decides to use the school's gossip grapevine to advance her social standing. Now her classmates are turning against her and the school board is becoming concerned, including her favorite teacher and the distracted guidance counselor. With the support of her hilariously idiosyncratic parents and a little help from a long-time crush, Olive attempts to take on her notorious new identity and crush the rumor mill once and for all.",iTunes,
V0187,Edward Scissorhands,1990,1990,105,7.9,541949,90,tt0099487,162,PG-13,,Underdog; small town; unsociability; inventor; hairdresser; isolation; scissors; burglar; love at first sight; fairy tale; sadness; symbolism; castle; alone; flashback; tragic love; snow; gothic; told in flashback; christmas horror; christmas; artificial; hair salon; signs & wonders; wonder; love story; goth; frankenstein; introspective; topiary; sentimental; awestruck; compassionate; earnest; gentle; suburban gothic,"[""Drama"",""Fantasy"",""Romance""]",Tim Burton,Johnny Depp,Dianne Wiest | Johnny Depp | Winona Ryder,Nominated for 1 Oscar. 10 wins & 24 nominations total,A small suburban town receives a visit from a castaway unfinished science experiment named Edward.,iTunes,
V0188,Elemental (2023),2023,2023,,,,,,,,,,"[""Animation"",""Comedy"",""Family"",""Fantasy"",""Romance""]",Not Found,,,,"In a city where fire, water, land and air residents live together, a fiery young woman and a go-with-the-flow guy will discover something elemental: how much they have in common.",iTunes,
V0189,Elf (2003),2003,2003,,,,,,,,,,"[""Comedy"",""Family"",""Fantasy""]",Not Found,,,,"When young Buddy falls into Santa's gift sack on Christmas Eve, he's transported back to the North Pole and raised as a toy-making elf by Santa's helpers. But as he grows into adulthood, he can't shake the nagging feeling that he doesn't belong. Buddy vows to visit Manhattan and find his real dad, a workaholic.",iTunes,
V0190,ELLIS,2015,2015,15,6.8,2171,,tt5227516,449911,,,,"[""Drama""]",Nolan Cubero,,,1 win,"A young father is forced to share custody of his daughters with his ex-wife, whose new boyfriend has a history of sexual assault.",iTunes,
V0191,Elvis,2022,2022,159,7.3,247008,77,tt3704428,614934,PG-13,,Rock 'n' roll; biography; based on true story; singer; music business; 1950s; apathetic; disdainful,"[""Drama"",""History"",""Music""]",Baz Luhrmann,Austin Butler,Austin Butler | Olivia DeJonge | Tom Hanks,Nominated for 8 Oscars. 93 wins & 241 nominations total,"The life story of Elvis Presley as seen through the complicated relationship with his enigmatic manager, Colonel Tom Parker.",iTunes,
V0192,Ender's Game,2013,2013,114,6.6,258190,63,tt1731141,80274,PG-13,,Based on novel or book; fight; starship; intolerance; war strategy; chosen one; earth; child prodigy; futuristic; space; alien invasion; universe; military school; adventurer; morality tale; based on young adult novel; boy group; starships; complicated; disheartening; frustrated,"[""Action"",""Adventure"",""Science Fiction""]",Gavin Hood,Asa Butterfield,Asa Butterfield | Hailee Steinfeld | Harrison Ford,1 win & 6 nominations total,"Based on the classic novel by Orson Scott Card, Ender's Game is the story of the Earth's most gifted children training to defend their homeplanet in the space wars of the future.",iTunes,
V0193,Endless Love,1981,1981,104,6.2,48338,16,tt2318092,19114,PG-13,,Shocking; cautionary; wistful; dramatic; adoring; enchant,"[""Drama"",""Romance""]",Franco Zeffirelli,Brooke Shields,Brooke Shields | Martin Hewitt | Shirley Knight,Nominated for 1 Oscar. 3 wins & 18 nominations total,"As their romance unfolds, Jade and David's growing love for one another becomes the scorn of Jade's father. However, when Jade's grades begin to drop, her father forbids the young couple from seeing each other for 30 days. Driven insane with frustration and desire, David attempts to reverse the decision, with catastrophic results.",iTunes,
V0194,Endless Love (2014),2014,1981,,,,,,483488,,μ's Live Collection,,"[""Drama"",""Romance""]",Unknown,,,,"As their romance unfolds, Jade and David's growing love for one another becomes the scorn of Jade's father. However, when Jade's grades begin to drop, her father forbids the young couple from seeing each other for 30 days. Driven insane with frustration and desire, David attempts to reverse the decision, with catastrophic results.",iTunes,
V0195,Erin Brockovich,2000,2000,131,7.4,232375,85,tt0195685,462,R,,Biography; based on true story; single mother; water pollution; environmental law; legal drama; corporate negligence; inspirational,"[""Drama""]",Steven Soderbergh,Julia Roberts,Aaron Eckhart | Albert Finney | Julia Roberts,Won 1 Oscar. 33 wins & 59 nominations total,"A twice-divorced mother of three who sees an injustice, takes on the bad guy and wins -- with a little help from her push-up bra. Erin goes to work for an attorney and comes across medical records describing illnesses clustered in one nearby town. She starts investigating and soon exposes a monumental cover-up.",iTunes,
V0196,Escape Plan,2013,2013,115,6.7,264497,50,tt1211956,107846,R,Escape Plan Collection,Ship; prison warden; prison escape; escape artist; maximum security prison,"[""Action"",""Thriller""]",Mikael Håfström,Sylvester Stallone,Arnold Schwarzenegger | Jim Caviezel | Sylvester Stallone,2 nominations total,"Ray Breslin is the world's foremost authority on structural security. After analyzing every high security prison and learning a vast array of survival skills so he can design escape-proof prisons, his skills are put to the test. He's framed and incarcerated in a master prison he designed himself. He needs to escape and find the person who put him behind bars.",iTunes,
V0197,Escape Room,2017,2017,99,6.4,147970,51,tt5886046,431259,PG-13,,Death game,"[""Fantasy"",""Horror"",""Thriller""]",Peter Dukes,Skeet Ulrich,Christine Donlon | Sean Young | Skeet Ulrich,,Four friends who partake in a popular Los Angeles escape room find themselves stuck with a demonically possessed killer. They have less than an hour to solve the puzzles needed to escape the room alive.,iTunes,
V0198,Escape Room: Tournament of Champions,2021,2021,88,5.7,64040,52,tt9844522,585216,PG-13,Escape Room Collection,Sequel; no escape; escape room; death game,"[""Horror"",""Mystery"",""Thriller""]",Adam Robitel,Taylor Russell,Indya Moore | Logan Miller | Taylor Russell,1 win & 1 nomination total,"Six people unwittingly find themselves locked in another series of escape rooms, slowly uncovering what they have in common to survive... and discovering they've all played the games before.",iTunes,
V0199,Eternal Sunshine of the Spotless Mind,2004,2004,108,8.3,1135109,92,tt0338013,38,R,,New york city; regret; jealousy; deja vu; amnesia; dreams; operation; relationship problems; love; memory; brainwashing; relationship; heartbreak; nonlinear timeline; 2000s; memory manipulation; joyful,"[""Drama"",""Romance"",""Science Fiction""]",Michel Gondry,Jim Carrey,Jim Carrey | Kate Winslet | Kirsten Dunst,Won 1 Oscar. 73 wins & 111 nominations total,"Joel Barish, heartbroken that his girlfriend underwent a procedure to erase him from her memory, decides to do the same. However, as he watches his memories of her fade away, he realises that he still loves her, and may be too late to correct his mistake.",iTunes,
V0200,Everest (2015),2015,2015,,,,,,,,,,"[""Adventure"",""Drama"",""History""]",Not Found,,,,"Inspired by the incredible events surrounding a treacherous attempt to reach the summit of the world's highest mountain, ""Everest"" documents the awe-inspiring journey of two different expeditions challenged beyond their limits by one of the fiercest snowstorms ever encountered by mankind. Their mettle tested by the harshest of elements found on the planet, the climbers will face nearly impossible obstacles as a lifelong obsession becomes a breathtaking struggle for survival.",iTunes,
V0201,Everything Everywhere All at Once,2022,2022,139,7.8,570853,94,tt6710474,545611,R,,Mother; martial arts; kung fu; philosophy; generations conflict; chinese woman; surrealism; laundromat; chinese; east asian lead; divorce; family; lgbt; hot dog; asian woman; chinese immigrant; imaginative; mother daughter relationship; action comedy; asian american; intergenerational trauma; internal revenue service; interdimensional travel; absurd; 瞬息全宇宙,"[""Action"",""Adventure"",""Science Fiction""]",Daniel Scheinert,Michelle Yeoh,Ke Huy Quan | Michelle Yeoh | Stephanie Hsu,Won 7 Oscars. 411 wins & 398 nominations total,"An aging Chinese immigrant is swept up in an insane adventure, where she alone can save what's important to her by connecting with the lives she could have led in other universes.",Vudu,
V0202,Evil Dead 2,1992,1992,85,7.1,14,88,tt3297314,44836,,Evil Dead Trap Collection,,"[""Horror"",""Thriller""]",Izo Hashimoto,,,,A female projectionist is haunted by the image of a small boy while a killer prowls the city. The projectionist's relationship with her attractive and successful reporter friend drives the plot deeper into insanity.,iTunes,
V0203,Ex Machina,2007,2007,108,7.7,616656,92,tt0470752,13981,R,Appleseed Collection,Future; cyborg; mecha; cyberpunk; terrorism; based on manga; adult animation; anime,"[""Action"",""Animation"",""Science Fiction"",""Thriller""]",Shinji Aramaki,,,1 nomination,"As members of ESWAT, the elite forces serving Olympus, Deunan and Briaereos are deployed anywhere trouble strikes. Olympus finds itself under a stealth attack - cyborg terrorism, deadly nanotech zealots, and rioting citizens are just some of the threats that Deunan must contend with as she fights to save Olympus!",iTunes,
V0204,Eye In the Sky,2015,2015,102,7.3,93270,95,tt2057392,333352,R,,Drone; terrorism; duringcreditsstinger; us military; air force base; combat drone,"[""Drama"",""Thriller"",""War""]",Gavin Hood,,,3 wins & 10 nominations total,"A UK-based military officer in command of a top secret drone operation to capture terrorists in Kenya discovers the targets are planning a suicide bombing and the mission escalates from “capture” to “kill.” As American pilot Steve Watts is about to engage, a nine-year old girl enters the kill zone, triggering an international dispute reaching the highest levels of US and British government over the moral, political, and personal implications of modern warfare.",iTunes,
V0205,Fantastic Beasts and Where to Find Them,2016,2016,132,7.2,524770,74,tt3183660,259316,PG-13,Fantastic Beasts Collection,Witch; new york city; robbery; escape; teleportation; magic; suitcase; mistake; spin off; subway station; wizard; goblin; magical creature; 1920s; based on young adult novel,"[""Adventure"",""Fantasy""]",David Yates,Eddie Redmayne,Dan Fogler | Eddie Redmayne | Katherine Waterston,Won 1 Oscar. 15 wins & 54 nominations total,"In 1926, Newt Scamander arrives at the Magical Congress of the United States of America with a magically expanded briefcase, which houses a number of dangerous creatures and their habitats. When the creatures escape from the briefcase, it sends the American wizarding authorities after Newt, and threatens to strain even further the state of magical and non-magical relations.",iTunes,
V0206,Fantastic Beasts: The Crimes of Grindelwald,2018,2018,134,6.5,318629,36,tt4123430,338952,PG-13,Fantastic Beasts Collection,France; magic; school of witchcraft; sequel; prison escape; old flame; wizard; magical creature; 1920s; based on young adult novel; good versus evil; dark magic; follower | Witch; new york city; paris,"[""Adventure"",""Fantasy""]",David Yates,Eddie Redmayne,Dan Fogler | Eddie Redmayne | Katherine Waterston,Nominated for 2 BAFTA 3 wins & 22 nominations total,"Gellert Grindelwald has escaped imprisonment and has begun gathering followers to his cause—elevating wizards above all non-magical beings. The only one capable of putting a stop to him is the wizard he once called his closest friend, Albus Dumbledore. However, Dumbledore will need to seek help from the wizard who had thwarted Grindelwald once before, his former student Newt Scamander, who agrees to help, unaware of the dangers that lie ahead. Lines are drawn as love and loyalty are tested, even among the truest friends and family, in an increasingly divided wizarding world.",iTunes,
V0207,Fantastic Beasts: The Secrets of Dumbledore,2022,2022,142,6.642,4685,,tt4123432,338953,PG-13,Fantastic Beasts Collection,"prison | witch | berlin, germany | magic | election campaign | affectation | curse | bhutan | lgbt | fantasy world | wizard | magical creature | 1930s | based on young adult novel | good versus evil | amused | powerful","[""Fantasy"",""Adventure""]",David Yates,Eddie Redmayne,Eddie Redmayne | Jude Law | Mads Mikkelsen,,"Professor Albus Dumbledore knows the powerful, dark wizard Gellert Grindelwald is moving to seize control of the wizarding world. Unable to stop him alone, he entrusts magizoologist Newt Scamander to lead an intrepid team of wizards and witches. They soon encounter an array of old and new beasts as they clash with Grindelwald's growing legion of followers.",,
V0208,Fantasy Island (Unrated Edition),,,,,,,,,,,,[],Not Found,,,,,iTunes,
V0209,Fast & Furious 6 (Extended Edition),2013,2013,,,,,,,,,,"[""Action"",""Crime"",""Thriller""]",Not Found,,,,"Hobbs has Dominic and Brian reassemble their crew to take down a team of mercenaries; Dominic unexpectedly gets sidetracked with facing his presumed deceased girlfriend, Letty.",iTunes,
V0210,Fear of Rain,2021,2021,109,5.9,10205,47,tt10037014,599281,PG-13,,Kidnapping; neighbor; fear; mental illness; hearing voices,"[""Drama"",""Horror"",""Thriller""]",Castille Landon,Madison Iseman,Israel Broussard | Katherine Heigl | Madison Iseman,1 nomination,"A teenage girl living with schizophrenia begins to suspect her neighbor has kidnapped a child. Her parents try desperately to help her live a normal life, without exposing their own tragic secrets, and the only person who believes her is Caleb – a boy she isn’t even sure exists.",iTunes,
V0211,Ferris Bueller's Day Off,1986,1986,103,7.8,402166,83,tt0091042,9377,PG-13,,Chicago | Illinois; high school; independence; coming of age; caper; breaking the fourth wall; teen movie; fantasy sequence; car theft; skipping school; taunting; aftercreditsstinger; duringcreditsstinger; truancy; day in a life; 1980s; introspective; teenager; reminiscent; witty,"[""Comedy""]",John Hughes,Matthew Broderick,Alan Ruck | Matthew Broderick | Mia Sara,3 wins & 1 nomination total,"After high school slacker Ferris Bueller successfully fakes an illness in order to skip school for the day, he goes on a series of adventures throughout Chicago with his girlfriend Sloane and best friend Cameron, all the while trying to outwit his wily school principal and fed-up sister.",iTunes,
V0212,Fiddler On the Roof,1971,1971,181,8.0,48809,81,tt0067093,14811,G,,Dreams; parent child relationship; tradition; musical; based on play or musical; pogrom; milkman; russian orthodox church; judaism; tavern; constable; suitor; breaking the fourth wall; russian soldier; elopement; fiddler; 1900s,"[""Drama"",""Romance""]",Norman Jewison,,,Won 3 Oscars. 10 wins & 14 nominations total,"In a pre-revolutionary Russia, a poor Jewish milkman struggles with the challenges of a changing world as his daughters fall in love and antisemitism grows.",iTunes,
V0213,Fifty Shades Darker,2017,2017,118,4.6,115226,11,tt4465564,341174,R,Fifty Shades Collection,Based on novel or book; boat; eroticism; kiss; sequel; bdsm; dreary,"[""Drama"",""Romance""]",James Foley,Dakota Johnson,Dakota Johnson | Eric Johnson | Jamie Dornan,3 wins & 13 nominations total,"When a wounded Christian Grey tries to entice a cautious Ana Steele back into his life, she demands a new arrangement before she will give him another chance. As the two begin to build trust and find stability, shadowy figures from Christian’s past start to circle the couple, determined to destroy their hopes for a future together.",iTunes,
V0214,Fifty Shades Freed,2018,2018,105,4.5,78211,11,tt4477536,337167,R,Fifty Shades Collection,Based on novel or book; eroticism; sequel; bdsm,"[""Drama"",""Romance""]",James Foley,Dakota Johnson,Dakota Johnson | Eric Johnson | Jamie Dornan,6 wins & 16 nominations total,"Believing they have left behind shadowy figures from their past, newlyweds Christian and Ana fully embrace an inextricable connection and shared life of luxury. But just as she steps into her role as Mrs. Grey and he relaxes into an unfamiliar stability, new threats could jeopardize their happy ending before it even begins.",iTunes,
V0215,Fifty Shades of Grey,2015,2015,125,4.2,345707,25,tt2322441,216015,R,Fifty Shades Collection,Bad smell; based on novel or book; eroticism; perversion; spanking; billionaire; rich; bdsm; woman director; baffled,"[""Drama"",""Romance"",""Thriller""]",Sam Taylor-Johnson,Dakota Johnson,Dakota Johnson | Jamie Dornan | Jennifer Ehle,Nominated for 1 Oscar. 9 wins & 30 nominations total,"When college senior Anastasia Steele steps in for her sick roommate to interview prominent businessman Christian Grey for their campus paper, little does she realize the path her life will take. Christian, as enigmatic as he is rich and powerful, finds himself strangely drawn to Ana, and she to him. Though sexually inexperienced, Ana plunges headlong into an affair -- and learns that Christian's true sexual proclivities push the boundaries of pain and pleasure.",iTunes,
V0216,Fight Club,1999,1999,139,8.8,2456010,81,tt0137523,550,R,,Dual identity; rage and hate; based on novel or book; nihilism; fight; support group; dystopia; insomnia; alter ego; breaking the fourth wall; split personality; quitting a job; dissociative identity disorder; self destructiveness,"[""Drama""]",David Fincher,Edward Norton,Brad Pitt | Edward Norton | Helena Bonham Carter,Nominated for 1 Oscar. 12 wins & 38 nominations total,"A ticking-time-bomb insomniac and a slippery soap salesman channel primal male aggression into a shocking new form of therapy. Their concept catches on, with underground ""fight clubs"" forming in every town, until an eccentric gets in the way and ignites an out-of-control spiral toward oblivion.",iTunes,
V0217,Final Destination,2000,2000,98,6.7,294202,40,tt0195714,9532,R,Final Destination Collection,Airport; time travel; omen; premonition; airplane accident; airplane crash; corpse; death; near-death experience; cheating death; supernatural horror; horror; intense; teen scream,"[""Horror""]",James Wong,Devon Sawa,Ali Larter | Devon Sawa | Kerr Smith,3 wins & 5 nominations total,"After a teenager has a terrifying vision of him and his friends dying in a plane crash, he prevents the accident only to have Death hunt them down, one by one.",iTunes,
V0218,Final Destination 2,2003,2003,90,6.2,189642,52,tt0309593,9358,R,Final Destination Collection,Ambulance; car crash; premonition; vision; hospital; death; cheating death; supernatural horror; horror; apathetic; indifferent; teen scream,"[""Horror"",""Mystery""]",David R. Ellis,A. J. Cook,A. J. Cook | Ali Larter | Michael Landes,4 nominations total,"When Kimberly has a violent premonition of a highway pileup she blocks the freeway, keeping a few others meant to die, safe...Or are they? The survivors mysteriously start dying and it's up to Kimberly to stop it before she's next.",iTunes,
V0219,Final Destination 3,2006,2006,93,5.8,163401,44,tt0414982,9286,R,Final Destination Collection,Dying and death; stroke of fate; beheading; omen; premonition; burned alive; fate; death; roller coaster / rollercoaster; cheating death; supernatural horror; suspenseful; horror; teen scream,"[""Horror"",""Mystery""]",James Wong,Mary Elizabeth Winstead,Kris Lemche | Mary Elizabeth Winstead | Ryan Merriman,6 nominations total,"High school senior Wendy's premonition of a deadly rollercoaster ride saves her life and a lucky few, but not from death itself — which seeks out those who escaped their fate.",iTunes,
V0220,Final Destination 5,2011,2011,92,5.9,131827,63,tt1622979,55779,R,Final Destination Collection,Premonition; accidental death; crash; end is here; death; duringcreditsstinger; cheating death; suspension bridge; supernatural horror; 3d; horror; twist ending; teen scream,"[""Horror"",""Mystery""]",Steven Quale,Nicholas D'Agosto,Emma Bell | Miles Fisher | Nicholas D'Agosto,2 wins & 6 nominations total,"Death is just as omnipresent as ever, and is unleashed after one man’s premonition saves a group of coworkers from a terrifying suspension bridge collapse. But this group of unsuspecting souls was never supposed to survive, and, in a terrifying race against time, the ill-fated group frantically tries to discover a way to escape Death’s sinister agenda.",iTunes,
V0221,Finding Nemo,2003,2003,100,8.2,1157141,99,tt0266543,12,G,Finding Nemo Collection,Australia; parent child relationship; anthropomorphism; harbor; underwater; shark; pelican; fish tank; great barrier reef; sea turtle; missing child; aftercreditsstinger; duringcreditsstinger; short-term memory loss; clownfish; father son reunion; protective father; melodramatic | Fish; sydney,"[""Animation"",""Family""]",Andrew Stanton,Albert Brooks,Albert Brooks | Alexander Gould | Ellen DeGeneres,Won 1 Oscar. 49 wins & 63 nominations total,"Nemo, an adventurous young clownfish, is unexpectedly taken from his Great Barrier Reef home to a dentist's office aquarium. It's up to his worrisome father Marlin and a friendly but forgetful fish Dory to bring Nemo home -- meeting vegetarian sharks, surfer dude turtles, hypnotic jellyfish, hungry seagulls, and more along the way.",iTunes,
V0222,First Man,2018,2018,141,7.3,208139,87,tt1213641,369972,PG-13,,Moon; based on novel or book; sacrifice; nasa; wife; obsession; space travel; space mission; biography; engineer; based on true story; moon landing; space; cancer; astronaut; historical event; death of daughter; compromise; test pilot; 1960s; apollo program; america,"[""Drama"",""History""]",Damien Chazelle,Ryan Gosling,Claire Foy | Jason Clarke | Ryan Gosling,Won 1 Oscar. 32 wins & 193 nominations total,"A look at the life of the astronaut, Neil Armstrong, and the legendary space mission that led him to become the first man to walk on the Moon on July 20, 1969.",iTunes,
V0223,Five Feet Apart,2019,2019,116,7.2,90661,52,tt6472976,527641,PG-13,,Forbidden love; terminal illness; hospital; best friend; falling in love; cystic fibrosis; star crossed lovers; first date; true love; teenager; dramatic; sentimental; romantic; melodramatic,"[""Drama"",""Romance""]",Justin Baldoni,Haley Lu Richardson,Cole Sprouse | Haley Lu Richardson | Moisés Arias,3 wins & 8 nominations total,"Seventeen-year-old Stella spends most of her time in the hospital as a cystic fibrosis patient. Her life is full of routines, boundaries and self-control — all of which get put to the test when she meets Will, an impossibly charming teen who has the same illness. There's an instant flirtation, though restrictions dictate that they must maintain a safe distance between them. As their connection intensifies, so does the temptation to throw the rules out the window and embrace that attraction.",iTunes,
V0224,Flight,2012,2012,138,7.3,386773,77,tt1907668,87502,R,,Airplane; confession; investigation; pilot; emergency landing; flight; alcoholism; f word; hangover; airplane accident; airplane crash; syringe; denial; baseball stadium; perjury; national transportation safety board; flying upside down; narcissist; relapse; substance abuse; hard; cautionary; inspirational; dramatic,"[""Drama""]",Robert Zemeckis,Denzel Washington,Denzel Washington | Don Cheadle | Kelly Reilly,Nominated for 2 Oscars. 15 wins & 45 nominations total,"Commercial airline pilot Whip Whitaker has a problem with drugs and alcohol, though so far he's managed to complete his flights safely. His luck runs out when a disastrous mechanical malfunction sends his plane hurtling toward the ground. Whip pulls off a miraculous crash-landing that results in only six lives lost. Shaken to the core, Whip vows to get sober -- but when the crash investigation exposes his addiction, he finds himself in an even worse situation.",iTunes,
V0225,Flightplan,2005,2005,98,6.3,176144,37,tt0408790,9315,PG-13,,Berlin | Germany; airplane; loss of loved one; baby-snatching; flight; missing child; flight attendant; missing daughter,"[""Drama"",""Mystery"",""Thriller""]",Robert Schwentke,Jodie Foster,Erika Christensen | Jodie Foster | Peter Sarsgaard,2 wins & 6 nominations total,"Flying at 40,000 feet in a state-of-the art aircraft that she helped design, Kyle Pratt's 6-year-old daughter Julia vanishes without a trace. Or did she? No one on the plane believes Julia was ever onboard. And now Kyle, desperate and alone, can only count on her own wits to unravel the mystery and save her daughter.",iTunes,
V0226,Footloose (1984),2011,2011,,,,,tt17304912,,,,,"[""Drama"",""Music"",""Romance""]",Not Found,,,,"Ren MacCormack is transplanted from Boston to the small southern town of Bomont where loud music and dancing are prohibited. Not one to bow to the status quo, Ren challenges the ban, revitalizing the town and falling in love with the minister’s troubled daughter Ariel in the process.",iTunes,
V0227,Forrest Gump,1994,1994,142,8.8,2368927,75,tt0109830,13,PG-13,,New year's eve; vietnam war; vietnam veteran; mentally disabled; friendship; usa president; washington dc | Usa; post-traumatic stress disorder (ptsd); waitress; based on novel or book; hippie; single parent; parent child relationship; optimism; 1970s; drug addiction; autism; alabama; black panther party; bus stop; family relationships; chameleon; single mother; military; anti war protest; 1960s; college american football; mother son relationship; america; feel-good,"[""Comedy"",""Drama"",""Romance""]",Robert Zemeckis,Tom Hanks,Gary Sinise | Robin Wright | Tom Hanks,Won 6 Oscars. 51 wins & 74 nominations total,"A man with a low IQ has accomplished great things in his life and been present during significant historic events—in each case, far exceeding what anyone imagined he could do. But despite all he has achieved, his one true love eludes him.",iTunes,
V0228,Freaky,2020,2020,102,6.3,76559,84,tt10919380,551804,R,,High school; gore; murder; serial killer; chainsaw; body-swap; high school student; dead father; stabbed,"[""Comedy"",""Horror""]",Christopher Landon,Vince Vaughn,Celeste O'Connor | Kathryn Newton | Vince Vaughn,1 win & 18 nominations total,"A mystical, ancient dagger causes a notorious serial killer to magically switch bodies with a 17-year-old girl.",iTunes,
V0229,Free Guy,2021,2021,115,7.1,461699,80,tt6264654,550988,PG-13,Free Guy Collection,Hero; artificial intelligence (a.i.); video game; virtual reality; gun; code; gamer; bank robbery; bank teller; programmer; mmorpg; heroic; vrmmo,"[""Adventure"",""Comedy"",""Science Fiction""]",Shawn Levy,Ryan Reynolds,Jodie Comer | Lil Rel Howery | Ryan Reynolds,Nominated for 1 Oscar. 5 wins & 29 nominations total,"A bank teller discovers he is actually a background player in an open-world video game, and decides to become the hero of his own story. Now, in a world where there are no limits, he is determined to be the guy who saves his world his way before it's too late.",iTunes,
V0230,Free State of Jones,2016,2016,139,6.9,66390,48,tt1124037,316152,R,,Slavery; american civil war,"[""Action"",""Drama"",""History"",""War""]",Gary Ross,Matthew McConaughey,Gugu Mbatha-Raw | Mahershala Ali | Matthew McConaughey,3 wins & 4 nominations total,"In 1863, Mississippi farmer Newt Knight serves as a medic for the Confederate Army. Opposed to slavery, Knight would rather help the wounded than fight the Union. After his nephew dies in battle, Newt returns home to Jones County to safeguard his family but is soon branded an outlaw deserter. Forced to flee, he finds refuge with a group of runaway slaves hiding out in the swamps. Forging an alliance with the slaves and other farmers, Knight leads a rebellion that would forever change history.",iTunes,
V0231,Friday (1995),1995,1995,,,,,tt26094694,,,,,"[""Comedy"",""Drama""]",Not Found,,,,"Craig and Smokey are two guys in Los Angeles hanging out on their porch on a Friday afternoon, smoking and drinking, looking for something to do.",iTunes,
V0232,Friday the 13th,1980,1980,95,6.4,166031,67,tt0080761,4488,R,Friday the 13th Collection,Lake; new jersey; drowning; summer camp; sadism; villain; woods; revenge; murder; stalking; serial killer; cabin; camp; slasher; summer; series of murders; 1950s; teenager,"[""Horror""]",Sean S. Cunningham,Betsy Palmer,Adrienne King | Betsy Palmer | Jeannine Taylor,6 nominations total,Camp counselors are stalked and murdered by an unknown assailant while trying to reopen a summer camp that was the site of a child's drowning.,Vudu,
V0233,Friday the 13th (1980),1980,1980,,,,,tt12291628,,,,,"[""Horror""]",Not Found,,,,Camp counselors are stalked and murdered by an unknown assailant while trying to reopen a summer camp that was the site of a child's drowning.,iTunes,
V0234,Friday the 13th Part 2,1981,1981,87,6.1,82361,33,tt0082418,9725,R,Friday the 13th Collection,New jersey; summer camp; psychopath; sequel; woods; mysterious man; revenge; serial killer; slasher; summer; massacre; series of murders; death of mother; teenager,"[""Horror"",""Thriller""]",Steve Miner,Amy Steel,Adrienne King | Amy Steel | John Furey,3 nominations total,"Five years after the horrible bloodbath at Camp Crystal Lake, new counselors roam the area, not sensing the ominous lurking presence that proves that the grisly legend is real.",Vudu,
V0235,Friday the 13th Part 3: The Memoriam Documentary,2018,2018,40,7.1,56,,tt3756302,498334,,,,"[""Documentary""]",Kevin R. Phipps,Paul Kratka,Larry Zerner | Paul Kratka | Tracie Savage,,"Take a look behind the scenes of Friday the 13th Part 3D with host, Paul Kratka, in this insightful fan driven documentary featuring untold stories and interviews with several franchise favorites, never-before-seen location footage and set photography, as well as a touching look back on the life of Richard Brooker.",Vudu,
V0236,Friday the 13th: The Final Chapter,1984,1984,91,6.0,61443,22,tt0087298,9730,R,Friday the 13th Collection,Lake; new jersey; sadism; psychopath; morgue; resurrection; sequel; woods; slaughter; serial killer; slasher; series of murders; hitchhiking; supernatural horror; absurd; amused; ghoulish,"[""Horror"",""Thriller""]",Joseph Zito,Judie Aronson,Joan Freeman | Judie Aronson | Kimberly Beck,2 nominations,"After his revival in a hospital morgue, Jason fixes his vengeful attention on the Jarvis family and a group of hitherto carefree teenagers.",Vudu,
V0237,Frozen,2010,2010,102,7.4,686777,89,tt2294629,44363,PG,,Cold; wolf; mountain; animal attack; girlfriend; stranded; snow; best friend; boyfriend; ski resort; ski lift; eaten alive; hypothermia; frostbite; cable car; eaten by animal; skier; stuck; wolves; life or death; natural horror,"[""Thriller""]",Adam Green,Emma Bell,Emma Bell | Kevin Zegers | Shawn Ashmore,2 wins & 5 nominations total,"When three skiers find themselves stranded on a chair lift at a New England ski resort that has closed for the next week, they are forced to make life or death choices that prove to be more perilous than staying put and freezing to death.",iTunes,
V0238,Frozen II,2019,2019,103,6.8,206867,77,tt4520988,330457,PG,Frozen Collection,Princess; magic; kingdom; winter; queen; castle; musical; sequel; dam; spirit; aftercreditsstinger; frozen; personification; thoughtful; mother daughter relationship; compassionate,"[""Adventure"",""Animation"",""Comedy"",""Family"",""Fantasy""]","Jennifer Lee, Chris Buck",Kristen Bell,Idina Menzel | Josh Gad | Kristen Bell,Nominated for 1 Oscar. 19 wins & 95 nominations total,"Elsa, Anna, Kristoff and Olaf head far into the forest to learn the truth about an ancient mystery of their kingdom.",iTunes,
V0239,Furiosa: A Mad Max Saga,2024,2024,148,7.5,280028,90,tt12037194,786892,R,Mad Max Collection,Chase; post-apocalyptic future; warlord; prequel; wasteland; spin off; struggle for survival; desert; tyrant; tyranny; masculinity; grim; revenge murderer; mother daughter relationship; child abduction; car; brisk,"[""Action"",""Adventure"",""Science Fiction""]",George Miller,Anya Taylor-Joy,Anya Taylor-Joy | Chris Hemsworth | Tom Burke,26 wins & 128 nominations total,"As the world falls, young Furiosa is snatched from the Green Place of Many Mothers into the hands of a great biker horde led by the warlord Dementus. Sweeping through the wasteland, they encounter the citadel presided over by Immortan Joe. The two tyrants wage war for dominance, and Furiosa must survive many trials as she puts together the means to find her way home.",iTunes,
V0240,Furious 7 (Extended Edition),2015,2015,,,,,,,,,,"[""Action"",""Crime"",""Thriller""]",Not Found,,,,Deckard Shaw seeks revenge against Dominic Toretto and his family for his comatose brother.,iTunes,
V0241,G.I. Joe: Retaliation,2013,2013,110,5.7,189653,29,tt1583421,72559,PG-13,G.I. Joe (Live-Action) Collection,Rescue; assassin; technology; missile; warhead; president; conspiracy; explosion; battle; surveillance; cobra,"[""Action"",""Adventure"",""Science Fiction"",""Thriller""]",Jon M. Chu,Dwayne Johnson,Bruce Willis | Dwayne Johnson | Jonathan Pryce,1 win & 12 nominations total,"Framed for crimes against the country, the G.I. Joe team is terminated by Presidential order. This forces the G.I. Joes into not only fighting their mortal enemy Cobra; they are forced to contend with threats from within the government that jeopardize their very existence.",iTunes,
V0242,G.I. Joe: The Rise of Cobra,2009,2009,118,5.7,217068,33,tt1046173,14869,PG-13,G.I. Joe (Live-Action) Collection,Government; technology; hostage; laser; warhead; president; revenge; murder; attack; terrorism; explosion; scientist; evil; cobra; 2020s,"[""Action"",""Adventure"",""Science Fiction"",""Thriller""]",Stephen Sommers,Adewale Akinnuoye-Agbaje,Adewale Akinnuoye-Agbaje | Christopher Eccleston | Lee Byung-hun,3 wins & 16 nominations total,"From the Egyptian desert to deep below the polar ice caps, the elite G.I. JOE team uses the latest in next-generation spy and military equipment to fight the corrupt arms dealer Destro and the growing threat of the mysterious Cobra organization to prevent them from plunging the world into chaos.",iTunes,
V0243,Game Night (2018),2018,2018,,,,,,,,,,"[""Comedy"",""Crime"",""Mystery""]",Not Found,,,,"Max and Annie's weekly game night gets kicked up a notch when Max's brother Brooks arranges a murder mystery party -- complete with fake thugs and federal agents. So when Brooks gets kidnapped, it's all supposed to be part of the game. As the competitors set out to solve the case, they start to learn that neither the game nor Brooks are what they seem to be. The friends soon find themselves in over their heads as each twist leads to another unexpected turn over the course of one chaotic night.",iTunes,
V0244,Gangs of New York (2002),2002,2002,,,,,,,,,,"[""Crime"",""Drama"",""History""]",Not Found,,,,"In 1863, Amsterdam Vallon returns to the Five Points of America to seek vengeance against the psychotic gangland kingpin, Bill the Butcher, who murdered his father years earlier. With an eager pickpocket by his side and a whole new army, Vallon fights his way to seek vengeance on the Butcher and restore peace in the area.",iTunes,
V0245,Gemini Man,2019,2019,117,5.7,127514,27,tt1025100,453405,PG-13,,Hitman; clone; human cloning,"[""Action"",""Adventure"",""Science Fiction"",""Thriller""]",Ang Lee,Will Smith,Clive Owen | Mary Elizabeth Winstead | Will Smith,1 win & 6 nominations total,"Henry Brogan is an elite 51-year-old assassin who's ready to call it quits after completing his 72nd job. His plans get turned upside down when he becomes the target of a mysterious operative who can seemingly predict his every move. To his horror, Brogan soon learns that the man who's trying to kill him is a younger, faster, cloned version of himself.",iTunes,
V0246,Gentlemen Prefer Blondes,1953,1953,91,7.1,44095,88,tt0045810,759,Approved,,France; diamond; parent child relationship; jewelry; revue girls; double wedding; musical; millionaire; showgirl; gold digger; sea cruise; 1950s; dumb blonde | Robbery; paris,"[""Comedy"",""Romance""]",Howard Hawks,Jane Russell,Charles Coburn | Jane Russell | Marilyn Monroe,1 nomination,"Lorelei Lee is a beautiful showgirl engaged to be married to the wealthy Gus Esmond, much to the disapproval of Gus' rich father, Esmond Sr., who thinks that Lorelei is just after his money. When Lorelei goes on a cruise accompanied only by her best friend, Dorothy Shaw, Esmond Sr. hires Ernie Malone, a private detective, to follow her and report any questionable behavior that would disqualify her from the marriage.",iTunes,
V0247,Geostorm,2017,2017,111,5.3,125167,18,tt1981128,274855,PG-13,,Future; artificial intelligence (a.i.); weather manipulation; end of the world; murder; space; conspiracy; disaster; apocalypse; storm; space station; space shuttle; catastrophe; disaster movie; global threat; environmental disaster; overpopulated world,"[""Action"",""Science Fiction"",""Thriller""]",Dean Devlin,Gerard Butler,Alexandra Maria Lara | Gerard Butler | Jim Sturgess,1 win & 4 nominations total,"After an unprecedented series of natural disasters threatened the planet, the world's leaders came together to create an intricate network of satellites to control the global climate and keep everyone safe. But now, something has gone wrong: the system built to protect Earth is attacking it, and it becomes a race against the clock to uncover the real threat before a worldwide geostorm wipes out everything and everyone along with it.",iTunes,
V0248,Get Him to the Greek,2010,2010,109,6.3,187186,72,tt1226229,32823,R,,California; aftercreditsstinger | England; concert; musician; los angeles | London,"[""Adventure"",""Comedy"",""Music""]",Nicholas Stoller,Jonah Hill,Jonah Hill | Rose Byrne | Russell Brand,1 win & 14 nominations,"Pinnacle records has the perfect plan to get their sinking company back on track: a comeback concert in LA featuring Aldous Snow, a fading rockstar who has dropped off the radar in recent years. Record company intern Aaron Green is faced with the monumental task of bringing his idol, out of control rock star Aldous Snow, back to LA for his comeback show.",iTunes,
V0249,Get Out,2017,2017,104,7.8,758140,98,tt5052448,419430,R,,Kidnapping; externally controlled action; manipulation; dark comedy; hypnosis; parents-in-law; satire; racist; revenge; interracial relationship; disappearance; racism; psychological thriller; biting; blunt; neurosurgeon; missing person; stereotype; brain surgery; satirical; race-conscious; dreary,"[""Horror"",""Mystery"",""Thriller""]",Jordan Peele,Daniel Kaluuya,Allison Williams | Catherine Keener | Daniel Kaluuya,Won 1 Oscar. 154 wins & 214 nominations total,"Chris and his girlfriend Rose go upstate to visit her parents for the weekend. At first, Chris reads the family's overly accommodating behavior as nervous attempts to deal with their daughter's interracial relationship, but as the weekend progresses, a series of increasingly disturbing discoveries lead him to a truth that he never could have imagined.",iTunes,
V0250,Ghost,1990,1990,127,7.1,245258,75,tt0099653,251,PG-13,,Fortune teller; corruption; afterlife; money transfer; money laundering; pottery; hell; heaven; murder; death; ghost; spiritism,"[""Drama"",""Fantasy"",""Mystery"",""Romance"",""Thriller""]",Jerry Zucker,Patrick Swayze,Demi Moore | Patrick Swayze | Whoopi Goldberg,Won 2 Oscars. 18 wins & 24 nominations total,"After a young man is murdered, his spirit stays behind to warn his lover of impending danger, with the help of a reluctant psychic.",iTunes,
V0251,Ghost in the Shell,1995,1995,107,6.3,233381,43,tt1219827,9323,PG-13,Ghost in the Shell Collection,Android; man vs machine; artificial intelligence (a.i.); computer virus; cyborg; dystopia; implantat; fugitive; female protagonist; cyberpunk; based on manga; adult animation; tech noir; anime; philosophical,"[""Action"",""Animation"",""Science Fiction""]",Mamoru Oshii,Atsuko Tanaka,Akio Otsuka | Atsuko Tanaka | Iemasa Kayumi,5 wins & 7 nominations total,"In the year 2029, the barriers of our world have been broken down by the net and by cybernetics, but this brings new vulnerability to humans in the form of brain-hacking. When a highly-wanted hacker known as 'The Puppetmaster' begins involving them in politics, Section 9, a group of cybernetically enhanced cops, are called in to investigate and stop the Puppetmaster.",iTunes,
V0252,Ghostbusters,1984,1984,105,7.8,470088,95,tt0087332,620,PG,Ghostbusters Collection,New york city; environmental protection agency; library; supernatural; paranormal phenomena; loser; slime; gatekeeper; nerd; giant monster; haunting; hybrid; possession; mythology; horror spoof; paranormal investigation; urban setting; super power; receptionist; blunt; world trade center; ghost; duringcreditsstinger; satirical; ghostbusters; witty; amused; enchant,"[""Comedy"",""Fantasy""]",Ivan Reitman,Bill Murray,Bill Murray | Dan Aykroyd | Sigourney Weaver,Nominated for 2 Oscars. 9 wins & 9 nominations total,"After losing their academic posts at a prestigious university, a team of parapsychologists goes into business as proton-pack-toting ""ghostbusters"" who exterminate ghouls, hobgoblins and supernatural pests of all stripes. An ad campaign pays off when a knockout cellist hires the squad to purge her swanky digs of demons that appear to be living in her refrigerator.",iTunes,
V0253,Ghostbusters (2016),2016,1984,,,,,tt17977322,43074,,,Female friendship; ghost hunting; reboot; ghost,"[""Comedy"",""Fantasy""]",Paul Feig,,,,"After losing their academic posts at a prestigious university, a team of parapsychologists goes into business as proton-pack-toting ""ghostbusters"" who exterminate ghouls, hobgoblins and supernatural pests of all stripes. An ad campaign pays off when a knockout cellist hires the squad to purge her swanky digs of demons that appear to be living in her refrigerator.",iTunes,
V0254,Ghostbusters II,1989,1989,108,6.6,232450,55,tt0097428,2978,PG,Ghostbusters Collection,New year's eve; new york city; painting; supernatural; ghostbuster; paranormal phenomena; slime; mythology; reincarnation; product placement; crude humor; single mother; paranormal investigation; old flame; courtroom; urban setting; book store; chrysler building; ghost; river of slime; revolving door; occult research; ghostbusters; absurd; amused,"[""Comedy"",""Fantasy""]",Ivan Reitman,Bill Murray,Bill Murray | Dan Aykroyd | Sigourney Weaver,2 wins & 1 nomination total,"Having lost their status and credibility five years after covering New York City with gooey roasted marshmallows in Ghostbusters (1984), the city's former heroes and once-popular spirit-hunters struggle to keep afloat, forced to work odd jobs. However, when Dana and her baby have yet another terrifying encounter with the paranormal, it is up to Peter Venkman and his fearless team of supernatural crime fighters to step up and save the day. Once more, humankind is in danger, as rivers of slimy psycho-reactive ectoplasm, paired with the dreadful manifestation of evil sixteenth-century tyrant Vigo the Carpathian, threaten to plunge the entire city into darkness. Is the world ready to believe? Can the Ghostbusters save us for the second time?",iTunes,
V0255,Ghostbusters: Afterlife,2021,2021,124,7.0,232961,63,tt4513678,425909,PG-13,Ghostbusters Collection,Small town; afterlife; ghostbuster; nostalgia; sequel; ghost; nostalgic; aftercreditsstinger; duringcreditsstinger; dead grandfather; ancient evil; otherworldly beings; paranormal events; father absence; ghostbusters; cliché,"[""Adventure"",""Comedy"",""Fantasy"",""Science Fiction""]",Jason Reitman,Mckenna Grace,Carrie Coon | Finn Wolfhard | Mckenna Grace,Nominated for 1 BAFTA Award1 win & 21 nominations total,"When single mom Callie and her two kids Trevor and Phoebe arrive in a small Oklahoma town, they begin to discover their connection to the original Ghostbusters and the secret legacy their grandfather left behind.",iTunes,
V0256,Gladiator,1992,1992,155,8.5,1728425,80,tt0172495,16219,R,,Chicago | Illinois; sports; boxer; fistfight; tournament; racial tension; boxing,"[""Action"",""Drama""]",Rowdy Herrington,James Marshall,Cuba Gooding Jr. | James Marshall | T.E. Russell,,"Tommy Riley has moved with his dad to Chicago from a 'nice place'. He keeps to himself, goes to school. However, after a street fight he is noticed and quickly falls into the world of illegal underground boxing - where punches can kill.",iTunes,
V0257,Glass,2019,2019,129,6.6,291832,37,tt6823368,450465,PG-13,,Pennsylvania; superhero; villain; sequel; psychiatric hospital; comic book shop; super power; mental illness; macabre; multiple personality; mysterious; dissociative identity disorder; surveillance specialist; ominous | Philadelphia,"[""Drama"",""Science Fiction"",""Thriller""]",M. Night Shyamalan,James McAvoy,Bruce Willis | James McAvoy | Samuel L. Jackson,2 wins & 15 nominations total,"In a series of escalating encounters, former security guard David Dunn uses his supernatural abilities to track Kevin Wendell Crumb, a disturbed man who has twenty-four personalities. Meanwhile, the shadowy presence of Elijah Price emerges as an orchestrator who holds secrets critical to both men.",iTunes,
V0258,Glengarry Glen Ross,1992,1992,100,7.7,120290,95,tt0104348,9504,R,,Estate agent; robbery; office; shop; betrayal; contest; cowardliness; real estate; aggressive; neo-noir; bleak; desperate; cutthroat; dreary; dialog driven; pressure,"[""Crime"",""Drama"",""Mystery""]",James Foley,Al Pacino,Al Pacino | Alec Baldwin | Jack Lemmon,Nominated for 1 Oscar. 8 wins & 14 nominations total,"When an office full of real estate salesmen is given the news that all but the top two will be fired at the end of the week, the atmosphere begins to heat up. Shelley Levene, who has a sick daughter, does everything in his power to get better leads from his boss, John Williamson, but to no avail. When his coworker Dave Moss comes up with a plan to steal the leads, things get complicated for the tough-talking salesmen.",iTunes,
V0259,Gods of Egypt,2016,2016,127,5.4,129709,14,tt2404233,205584,PG-13,,Rescue; egypt; fight; nile; mythology; god; thief; desert; ancient egypt; egyptian mythology; myth,"[""Action"",""Adventure"",""Fantasy""]",Alex Proyas,Nikolaj Coster-Waldau,Brenton Thwaites | Gerard Butler | Nikolaj Coster-Waldau,2 wins & 14 nominations total,A common thief joins a mythical god on a quest through Egypt.,iTunes,
V0260,Godzilla (2014),2014,1977,,,,,tt24798746,124905,,Godzilla Collection,California; hawaii; giant monster; tsunami; remake; prehistoric creature; golden gate bridge; dinosaur; kaiju; honolulu | Hawaii; disaster movie; global threat; animal horror; godzilla | Japan; monster; san francisco,"[""Horror"",""Science Fiction""]",Gareth Edwards,,,,"A re-edited Italian-language dubbed version of the original Godzilla, using as a basis the U.S. version, ""Godzilla, King of the Monsters!"" (1956), plus WWII newsreel footage and clips from other science fiction films. The re-edited film was then colorized via a process called ""Spectrorama 70"" consisting of applying various colored gels to the black and white footage. The film's opening and ending also features new music composed by musicians Fabio Frizzi, Franco Bixio, and Vince Tempera (under the pseudonym Magnetic System).",iTunes,
V0261,GoldenEye,1995,1995,130,7.2,276915,80,tt0113189,710,PG-13,James Bond Collection,Computer virus; cuba; falsely accused; secret intelligence service; secret identity; secret base; kgb; satellite; special car; cossack; electromagnetic pulse; time bomb; st. petersburg | Russia; red army,"[""Action"",""Adventure"",""Thriller""]",Martin Campbell,Pierce Brosnan,Izabella Scorupco | Pierce Brosnan | Sean Bean,Nominated for 2 BAFTA 2 wins & 8 nominations total,"When a powerful satellite system falls into the hands of Alec Trevelyan, AKA Agent 006, a former ally-turned-enemy, only James Bond can save the world from a dangerous space weapon that -- in one short pulse -- could destroy the earth! As Bond squares off against his former compatriot, he also battles Xenia Onatopp, an assassin who uses pleasure as her ultimate weapon.",Vudu,
V0262,Gone Girl,2014,2014,149,8.1,1104943,88,tt2267998,210577,R,,Infidelity; based on novel or book; wife; marriage crisis; investigation; disappearance; psychological thriller; whodunit; blunt; missing person; psychotic; search party; criminal lawyer; mysterious; detached; murder suspect; missing wife; satirical; perspective; manipulative woman; playful; killed during sex; irreverent; antagonistic; audacious; wry,"[""Drama"",""Mystery"",""Thriller""]",David Fincher,Ben Affleck,Ben Affleck | Neil Patrick Harris | Rosamund Pike,Nominated for 1 Oscar. 64 wins & 188 nominations total,"With his wife's disappearance having become the focus of an intense media circus, a man sees the spotlight turned on him when it's suspected that he may not be innocent.",iTunes,
V0263,Good Will Hunting,1997,1997,126,8.3,1132382,97,tt0119217,489,R,,Boston | Massachusetts; mathematics; genius; male friendship; flashback; psychologist; janitor; dating; courtroom; group of friends; southie; thoughtful; college professor; philosophical; prodigy; math genius; inspirational; foster kid; fear of change; abused as a child; massachusetts institute of technology (mit); math professor,"[""Drama""]",Gus Van Sant,Matt Damon,Ben Affleck | Matt Damon | Robin Williams,Won 2 Oscars. 25 wins & 61 nominations total,"Headstrong yet aimless, Will Hunting has a genius-level IQ but chooses to work as a janitor at MIT. When he secretly solves highly difficult graduate-level math problems, his talents are discovered by Professor Gerald Lambeau, who decides to help the misguided youth reach his potential. When Will is arrested for attacking a police officer, Professor Lambeau makes a deal to get leniency for him if he gets court-ordered therapy. Eventually, therapist Dr. Sean Maguire helps Will confront the demons that are holding him back.",iTunes,
V0264,Goosebumps 2,2018,2018,90,5.6,25011,48,tt5664636,442062,PG,Goosebumps Collection,Halloween; sequel; based on children's book; glasses; horror for children; ventriloquist's dummy,"[""Comedy"",""Fantasy"",""Horror""]",Ari Sandel,,,,"Be careful what you wish for. With their after school junk business, best friends Sonny and Sam hope to find treasure in other people’s trash. But when cleaning out the old Stine house, they open a locked book that frees a supernatural nightmare – Slappy! Now, with the help of Sonny’s sister Sarah, they’re in a race against time to get the sinister dummy and all the creatures he’s brought to life back into the pages before he unleashes total pandemonium!",iTunes,
V0265,Gran Turismo: Based on a True Story,2023,2023,,,,,,980489,,,Sports; based on true story; racing; based on video game; duringcreditsstinger; exhilarated,"[""Action"",""Adventure"",""Drama""]",Neill Blomkamp,,,,The ultimate wish-fulfillment tale of a teenage Gran Turismo player whose gaming skills won him a series of Nissan competitions to become an actual professional racecar driver.,iTunes,
V0266,Gravity,2013,2013,91,7.7,877210,96,tt1454468,49047,PG-13,,Space mission; loss; space; astronaut; space station; trapped in space; inspirational; ambiguous; awestruck; euphoric; foreboding; tragic,"[""Drama"",""Science Fiction"",""Thriller""]",Alfonso Cuarón,Sandra Bullock,Ed Harris | George Clooney | Sandra Bullock,Won 7 Oscars. 240 wins & 187 nominations total,"Dr. Ryan Stone, a brilliant medical engineer on her first Shuttle mission, with veteran astronaut Matt Kowalsky in command of his last flight before retiring. But on a seemingly routine spacewalk, disaster strikes. The Shuttle is destroyed, leaving Stone and Kowalsky completely alone-tethered to nothing but each other and spiraling out into the blackness of space. The deafening silence tells them they have lost any link to Earth and any chance for rescue. As fear turns to panic, every gulp of air eats away at what little oxygen is left. But the only way home may be to go further out into the terrifying expanse of space.",iTunes,
V0267,Grease,1978,1978,110,7.2,309050,66,tt0077631,621,PG,Grease Collection,Australia; high school; flying car; california; jealousy; street gang; cheerleader; dance competition; carnival; musical; based on play or musical; rivalry; high school graduation; high school friends; tv show in film; gossip; makeover; clique; greaser; school dance; animated credits; pep rally; wrong side of the tracks; mooning; opposites attract; letterman jacket; girl gang; track and field; summer romance; 1950s; sweethearts; street racing; west side story; goody two shoes; rival gang; going steady; two-faced,"[""Comedy"",""Romance""]",Randal Kleiser,Olivia Newton-John,John Travolta | Olivia Newton-John | Stockard Channing,Nominated for 1 Oscar. 8 wins & 10 nominations total,"Australian good girl Sandy and greaser Danny fell in love over the summer. But when they unexpectedly discover they're now in the same high school, will they be able to rekindle their romance despite their eccentric friends?",iTunes,
V0268,Green Room,2016,2016,95,7.0,147910,90,tt4062536,313922,R,,Neo-nazism; swastika; escape; killing; heroin; self-defense; machete; gore; punk rock; oregon | Usa; cover-up; sociopath; survival; murder; tension; dead body; rock music; pitbull; hard to kill; thug; brutality; drugs; witness to murder; punk band; fire extinguisher; music tour; white supremacists; killer dog; eaten by animal; murder by gunshot; mic stand; guns; stabbed; brutal murder,"[""Crime"",""Horror"",""Thriller""]",Jeremy Saulnier,Anton Yelchin,Anton Yelchin | Imogen Poots | Patrick Stewart,,A punk rock band is forced to fight for survival after witnessing an act of violence at a skinhead bar.,iTunes,
V0269,Gremlins,1984,1984,106,7.3,260454,86,tt0087363,927,PG,The Gremlins Collection,Small town; monster; holiday; department store; pet; human animal relationship; bars and restaurants; sunlight; chain saw; salesperson; midnight; fur; gremlin; banking; ymca; puppet; puppetry; christmas; pets; absurd; hilarious; whimsical; enchant; joyful,"[""Comedy"",""Fantasy"",""Horror""]",Joe Dante,Zach Galligan,Hoyt Axton | Phoebe Cates | Zach Galligan,8 wins & 7 nominations total,"When Billy Peltzer is given a strange but adorable pet named Gizmo for Christmas, he inadvertently breaks the three important rules of caring for a Mogwai, unleashing a horde of mischievous gremlins on a small town.",iTunes,
V0270,Groundhog Day,1993,1993,101,8.0,714340,94,tt0107048,137,PG,,Deja vu; groundhog; weather forecast; telecaster; pennsylvania | Usa; alarm clock; winter; time warp; holiday; time loop; magic realism; existentialism; groundhog day; february; hilarious; whimsical,"[""Comedy"",""Drama"",""Fantasy"",""Romance""]",Harold Ramis,Bill Murray,Andie MacDowell | Bill Murray | Chris Elliott,Won 1 BAFTA Award7 wins & 17 nominations total,"A narcissistic TV weatherman, along with his attractive-but-distant producer, and his mawkish cameraman, is sent to report on Groundhog Day in the small town of Punxsutawney, where he finds himself repeating the same day over and over.",iTunes,
V0271,Guardians of the Galaxy,2014,2014,121,8.0,1313430,92,tt2015381,118340,PG-13,Guardians of the Galaxy Collection,Spacecraft; based on comic; space; orphan; adventurer; aftercreditsstinger; duringcreditsstinger; marvel cinematic universe (mcu),"[""Action"",""Adventure"",""Science Fiction""]",James Gunn,Chris Pratt,Chris Pratt | Dave Bautista | Zoe Saldaña,Nominated for 2 Oscars. 52 wins & 103 nominations total,"Light years from Earth, 26 years after being abducted, Peter Quill finds himself the prime target of a manhunt after discovering an orb wanted by Ronan the Accuser.",iTunes,
V0272,Guardians of the Galaxy Vol. 2,2017,2017,136,7.6,792363,85,tt3896198,283995,PG-13,Guardians of the Galaxy Collection,Superhero; based on comic; sequel; misfit; space; aftercreditsstinger; duringcreditsstinger; marvel cinematic universe (mcu); egotistical,"[""Action"",""Adventure"",""Science Fiction""]",James Gunn,Chris Pratt,Chris Pratt | Dave Bautista | Zoe Saldaña,Nominated for 1 Oscar. 15 wins & 60 nominations total,The Guardians must fight to keep their newfound family together as they unravel the mysteries of Peter Quill's true parentage.,iTunes,
V0273,Guardians of the Galaxy Vol. 3,2023,2023,150,7.9,424864,82,tt6791350,447365,PG-13,Guardians of the Galaxy Collection,Hero; superhero; melancholy; mad scientist; based on comic; sequel; superhero team; space opera; raccoon; aftercreditsstinger; duringcreditsstinger; marvel cinematic universe (mcu); hopeless; cosmic; outer space; chosen family; lighthearted; hilarious; cheerful; disheartening; empathetic; enthusiastic; euphoric; hopeful; straightforward; sympathetic,"[""Action"",""Adventure"",""Comedy"",""Science Fiction""]",James Gunn,Chris Pratt,Chris Pratt | Dave Bautista | Zoe Saldaña,Nominated for 1 Oscar. 11 wins & 90 nominations total,"Peter Quill, still reeling from the loss of Gamora, must rally his team around him to defend the universe along with protecting one of their own. A mission that, if not completed successfully, could quite possibly lead to the end of the Guardians as we know them.",iTunes,
V0274,Hacksaw Ridge,2016,2016,139,8.1,630865,84,tt2119532,324786,R,,Japan; hero; world war ii; abusive father; affectation; pacifism; bible; gore; vegetarian; biography; based on true story; okinawa; conscientious objector; religion; soldier; alcoholic; war hero; pacifist; medic; us military; battle of okinawa; congressional medal of honor; amused; combat medic; weaponless; seventh-day adventists,"[""Drama"",""History"",""War""]",Mel Gibson,Andrew Garfield,Andrew Garfield | Sam Worthington | Vince Vaughn,Won 2 Oscars. 57 wins & 115 nominations total,"WWII American Army Medic Desmond T. Doss, who served during the Battle of Okinawa, refuses to kill people and becomes the first Conscientious Objector in American history to receive the Congressional Medal of Honor.",iTunes,
V0275,"Hail, Caesar!",2016,2016,106,6.3,145800,86,tt0475290,270487,PG-13,,Journalist; ransom; cat; kidnapping; ancient rome; film in film; disappearance; hollywood; whodunit; period drama; filmmaking; movie star; 1950s; old hollywood; farcical; frustrated,"[""Comedy"",""Crime"",""Drama"",""Mystery""]","Joel Coen, Ethan Coen",Josh Brolin,Alden Ehrenreich | George Clooney | Josh Brolin,Nominated for 1 Oscar. 14 wins & 44 nominations total,"When a Hollywood star mysteriously disappears in the middle of filming, the studio sends their fixer to get him back.",iTunes,
V0276,Hall Pass,2011,2011,105,5.9,133489,33,tt0480687,48988,R,,Husband wife relationship; freedom; marriage; daydream; friends; aftercreditsstinger; duringcreditsstinger,"[""Comedy"",""Romance""]","Bobby Farrelly, Peter Farrelly",Owen Wilson,Jason Sudeikis | Jenna Fischer | Owen Wilson,,"When best buds Rick and Fred begin to show signs of restlessness at home, their wives take a bold approach to revitalize their marriages, they grant the guys a 'hall pass'—one week of freedom to do whatever they want. At first, it seems like a dream come true, but they quickly discover that their expectations of the single life—and themselves—are completely and hilariously out of sync with reality.",iTunes,
V0277,Halloween (2018),2018,1978,,,,,,1400676,,,,"[""Horror"",""Thriller""]","Sabrina Harfouche, Olivier Didier",,,,"Fifteen years after murdering his sister on Halloween Night 1963, Michael Myers escapes from a mental hospital and returns to the small town of Haddonfield, Illinois to kill again.",iTunes,
V0278,Halloween Kills (Extended Cut),2021,2021,,,,,,610253,,Halloween Collection,Halloween; sequel; murder; vigilante; serial killer; hospital; slasher; murderer; killer; house fire; crime spree; vigilantism; escaped killer; murder spree; vigilante justice; holiday horror,"[""Horror"",""Thriller""]",David Gordon Green,,,,"Michael manages to free himself from Laurie Strode's trap to resume his ritual bloodbath. As she fights for her life from injuries from their last encounter, she inspires her daughter Karen, her granddaughter Allyson, and all of Haddonfield to rise up against the unstoppable monster.",iTunes,
V0279,Hancock,2008,2008,92,6.4,524960,42,tt0448157,8960,R,Hancock Collection,California; duringcreditsstinger; desperate | Love of one's life; flying; alcohol; advertising expert; superhero; pokies; forbidden love; lovers; invulnerability; affection; alcoholism; los angeles,"[""Action"",""Fantasy""]",Peter Berg,Will Smith,Charlize Theron | Jason Bateman | Will Smith,4 wins & 14 nominations total,"Hancock is a down-and-out superhero who's forced to employ a PR expert to help repair his image when the public grows weary of all the damage he's inflicted during his lifesaving heroics. The agent's idea of imprisoning the antihero to make the world miss him proves successful, but will Hancock stick to his new sense of purpose or slip back into old habits?",iTunes,
V0280,Hansel & Gretel,1997,1997,90,2.8,2989,,tt2415464,117150,Not Rated,,,"[""Adventure"",""Animation"",""Family""]",Ryszard Słapczyński,Caz Adams,Caz Adams | Joanna Moore | Paul Johnstone,,Hansel and Gretel is the tale of a brother and sister who are abandoned in a forest and are capture by a wicked witch.,Vudu,
V0281,Hansel & Gretel: Witch Hunters (Unrated),2013,2013,,,,,,60304,,,Witch; gun; black magic; troll; steampunk; witchcraft; evil; witch hunt; evil witch; duringcreditsstinger; nude swimming,"[""Action"",""Fantasy"",""Horror""]",Tommy Wirkola,,,,"After getting a taste for blood as children, Hansel and Gretel have become the ultimate vigilantes, hell-bent on retribution. Now, unbeknownst to them, Hansel and Gretel have become the hunted, and must face an evil far greater than witches... their past.",iTunes,
V0282,Happy Death Day,2017,2017,96,6.6,173018,71,tt5308322,440021,PG-13,Happy Death Day Collection,College; murder; time loop; young adult; college student; stabbed to death; appreciative; vibrant,"[""Comedy"",""Horror"",""Mystery""]",Christopher Landon,Jessica Rothe,Israel Broussard | Jessica Rothe | Ruby Modine,3 nominations total,"Caught in a bizarre and terrifying time warp, college student Tree finds herself repeatedly reliving the day of her murder, ultimately realizing that she must identify the killer and the reason for her death before her chances of survival run out.",iTunes,
V0283,Happy Death Day 2U,2019,2019,100,6.2,90458,72,tt8155288,512196,PG-13,Happy Death Day Collection,Psychopath; college; sequel; murder; time loop; slasher; university; aftercreditsstinger; stabbed to death,"[""Comedy"",""Horror"",""Science Fiction""]",Christopher Landon,Jessica Rothe,Israel Broussard | Jessica Rothe | Ruby Modine,4 nominations total,"Collegian Tree Gelbman wakes up in horror to learn that she's stuck in a parallel universe. Her boyfriend Carter is now with someone else, and her friends and fellow students seem to be completely different versions of themselves. When Tree discovers that Carter's roommate has been altering time, she finds herself once again the target of a masked killer. When the psychopath starts to go after her inner circle, Tree soon realizes that she must die over and over again to save everyone.",iTunes,
V0284,Hardcore Henry,2015,2015,96,6.7,104413,51,tt3072482,325348,R,,Martial arts; cyborg; gore; murder; found footage; levitation; terrorist group; moscow | Russia; first person view; good versus evil; experimental film,"[""Action"",""Adventure"",""Science Fiction""]",Ilya Naishuller,Andrey Dementyev,Andrey Dementyev | Danila Kozlovsky | Sharlto Copley,1 win & 1 nomination total,"Henry, a newly resurrected cyborg who must save his wife/creator from the clutches of a psychotic tyrant with telekinetic powers, AKAN, and his army of mercenaries. Fighting alongside Henry is Jimmy, who is Henry's only hope to make it through the day. Hardcore Henry takes place over the course of one day, in Moscow, Russia.",iTunes,
V0285,Harold & Kumar Go to White Castle,2004,2004,88,7.0,209779,74,tt0366551,11282,R,Harold & Kumar Collection,Netherlands; road trip; cannabis; pot smoking; marijuana; police chase; east asian lead; buddy; stoner; fast food; one night; buddy comedy; munchies; crop circle; rich parents; car siren; blood spurting | Sibling relationship; new jersey; amsterdam,"[""Adventure"",""Comedy""]",Danny Leiner,John Cho,John Cho | Kal Penn | Paula Garcés,3 nominations total,"Nerdy accountant Harold and his irrepressible friend, Kumar, get stoned watching television and find themselves utterly bewitched by a commercial for White Castle. Convinced there must be one nearby, the two set out on a late-night odyssey that takes them deep into New Jersey. Somehow, the boys manage to run afoul of rednecks, cops and even a car-stealing Neil Patrick Harris before getting anywhere near their beloved sliders.",iTunes,
V0286,Harry Potter and the Chamber of Secrets,2002,2002,161,7.4,719337,82,tt0295297,672,PG,Harry Potter Collection,Witch; flying car; elves; magic; sword; diary; child hero; school of witchcraft; giant spider; black magic; giant snake; ghost; child driving car; wizard; aftercreditsstinger; christmas; based on young adult novel,"[""Adventure"",""Fantasy""]",Chris Columbus,Daniel Radcliffe,Daniel Radcliffe | Emma Watson | Rupert Grint,Won 1 BAFTA Award14 wins & 50 nominations total,"Cars fly, trees fight back, and a mysterious house-elf comes to warn Harry Potter at the start of his second year at Hogwarts. Adventure and danger await when bloody writing on a wall announces: The Chamber Of Secrets Has Been Opened. To save Hogwarts will require all of Harry, Ron and Hermione’s magical abilities and courage.",iTunes,
V0287,Harry Potter and the Deathly Hallows – Part 1,2010,2011,146,7.7,628553,77,tt0926084,12444,PG-13,Harry Potter Collection,England; corruption; escape; teleportation; isolation; magic; bravery; radio; road trip; shelter; tension; attack; werewolf; ghost; road movie; wizard; christmas; based on young adult novel | Witch; friendship; london,"[""Adventure"",""Fantasy""]",David Yates,,,,"Harry, Ron and Hermione continue their quest to vanquish the evil Voldemort once and for all. Just as things begin to look hopeless for the young wizards, Harry discovers a trio of magical objects that endow him with powers to rival Voldemort's formidable skills.",iTunes,
V0288,"Harry Potter and the Deathly Hallows, Part 1",2010,2010,146,7.7,628553,77,tt0926084,12444,PG-13,Harry Potter Collection,England; corruption; escape; teleportation; isolation; magic; bravery; radio; road trip; shelter; tension; attack; werewolf; ghost; road movie; wizard; christmas; based on young adult novel | Witch; friendship; london,"[""Adventure"",""Fantasy""]",David Yates,,,Nominated for 2 Oscars. 15 wins & 55 nominations total,"Harry, Ron and Hermione walk away from their last year at Hogwarts to find and destroy the remaining Horcruxes, putting an end to Voldemort's bid for immortality. But with Harry's beloved Dumbledore dead and Voldemort's unscrupulous Death Eaters on the loose, the world is more dangerous than ever.",iTunes,
V0289,"Harry Potter and the Deathly Hallows, Part 2",2011,2011,130,8.1,989213,96,tt1201607,12445,PG-13,Harry Potter Collection,Witch; dying and death; saving the world; self sacrifice; magic; school of witchcraft; sorcerer; school; battle; ghost; wizard; teenage hero; mysterious; christmas; based on young adult novel; good versus evil,"[""Adventure"",""Fantasy""]",David Yates,,,Nominated for 3 Oscars. 49 wins & 95 nominations total,"Harry, Ron and Hermione continue their quest to vanquish the evil Voldemort once and for all. Just as things begin to look hopeless for the young wizards, Harry discovers a trio of magical objects that endow him with powers to rival Voldemort's formidable skills.",iTunes,
V0290,Harry Potter and the Goblet of Fire,2005,2005,157,7.7,712191,88,tt0330373,674,PG-13,Harry Potter Collection,Witch; dying and death; based on novel or book; magic; boarding school; world cup; maze; mermaid; school of witchcraft; black magic; chosen one; sequel; vision; school; tournament; dragon; ghost; wizard; teenage hero; mysterious; christmas; based on young adult novel,"[""Adventure"",""Fantasy""]",Mike Newell,Daniel Radcliffe,Daniel Radcliffe | Emma Watson | Rupert Grint,Nominated for 1 Oscar. 13 wins & 48 nominations total,"When Harry Potter's name emerges from the Goblet of Fire, he becomes a competitor in a grueling battle for glory among three wizarding schools—the Triwizard Tournament. But since Harry never submitted his name for the Tournament, who did? Now Harry must confront a deadly dragon, fierce water demons and an enchanted maze only to find himself in the cruel grasp of He Who Must Not Be Named.",iTunes,
V0291,Harry Potter and the Half-Blood Prince,2009,2009,153,7.6,616702,83,tt0417741,767,PG,Harry Potter Collection,England; magic; school of witchcraft; sequel; apparition; curse; teenage crush; school; werewolf; teenage love; luck; ghost; wizard; secret past; mysterious; christmas; based on young adult novel | Witch; dying and death; london,"[""Adventure"",""Fantasy""]",David Yates,Daniel Radcliffe,Daniel Radcliffe | Emma Watson | Rupert Grint,Nominated for 1 Oscar. 9 wins & 39 nominations total,"As Lord Voldemort tightens his grip on both the Muggle and wizarding worlds, Hogwarts is no longer a safe haven. Harry suspects perils may even lie within the castle, but Dumbledore is more intent upon preparing him for the final battle fast approaching. Together they work to find the key to unlock Voldemorts defenses and to this end, Dumbledore recruits his old friend and colleague Horace Slughorn, whom he believes holds crucial information. Even as the decisive showdown looms, romance blossoms for Harry, Ron, Hermione and their classmates. Love is in the air, but danger lies ahead and Hogwarts may never be the same again.",iTunes,
V0292,Harry Potter and the Order of the Phoenix,2007,2007,138,7.5,663977,78,tt0373889,675,PG-13,Harry Potter Collection,Witch; dying and death; court; magic; prophecy; loss of loved one; professor; supernatural; child hero; school of witchcraft; black magic; sorcery; occult; ghost; wizard; christmas; scholar; mystical land; ministry; based on young adult novel,"[""Adventure"",""Fantasy""]",David Yates,Daniel Radcliffe,Daniel Radcliffe | Emma Watson | Rupert Grint,Nominated for 2 BAFTA 17 wins & 50 nominations total,"Returning for his fifth year of study at Hogwarts, Harry is stunned to find that his warnings about the return of Lord Voldemort have been ignored. Left with no choice, Harry takes matters into his own hands, training a small group of students to defend themselves against the dark arts.",iTunes,
V0293,Harry Potter and the Prisoner of Azkaban,2004,2004,142,7.9,727285,91,tt0304141,673,PG,Harry Potter Collection,Witch; school friend; friendship; flying; magic; bus; traitor; child hero; school of witchcraft; black magic; time travel; school; best friend; werewolf; muggle; ghost; wizard; aftercreditsstinger; magical creature; night bus; teenage life; christmas; school class; based on young adult novel; magic spell,"[""Adventure"",""Fantasy""]",Alfonso Cuarón,Daniel Radcliffe,Daniel Radcliffe | Emma Watson | Rupert Grint,Nominated for 2 Oscars. 17 wins & 56 nominations total,"Year three at Hogwarts means new fun and challenges as Harry learns the delicate art of approaching a Hippogriff, transforming shape-shifting Boggarts into hilarity and even turning back time. But the term also brings danger: soul-sucking Dementors hover over the school, an ally of the accursed He-Who-Cannot-Be-Named lurks within the castle walls, and fearsome wizard Sirius Black escapes Azkaban. And Harry will confront them all.",iTunes,
V0294,Harry Potter and the Sorcerer's Stone,2001,2001,152,7.7,893116,80,tt0241527,671,PG,Harry Potter Collection,England; based on novel or book; magic; boarding school; child hero; school of witchcraft; chosen one; school; ghost; fantasy world; wizard; based on young adult novel; owl; joyous; enchant | Witch; school friend; friendship; london,"[""Adventure"",""Fantasy""]",Chris Columbus,,,Nominated for 3 Oscars. 20 wins & 74 nominations total,"Harry Potter has lived under the stairs at his aunt and uncle's house his whole life. But on his 11th birthday, he learns he's a powerful wizard—with a place waiting for him at the Hogwarts School of Witchcraft and Wizardry. As he learns to harness his newfound powers with the help of the school's kindly headmaster, Harry uncovers the truth about his parents' deaths—and about the villain who's to blame.",iTunes,
V0295,He's Just Not That Into You,2009,2009,129,6.4,187974,42,tt1001508,10184,PG-13,,Friendship; based on novel or book; married couple; relationship problems; relationship; extramarital affair; duringcreditsstinger; dating woes; single woman; interpersonal relationships; baltimore | Maryland,"[""Comedy"",""Drama"",""Romance""]",Ken Kwapis,Ginnifer Goodwin,Ginnifer Goodwin | Jennifer Aniston | Justin Long,1 win & 4 nominations total,"Have you ever sat by the phone wondering why he said he would call, but didn't, or you can't figure out why she doesn't want to sleep with you anymore, or why your relationship just isn't going to the next level... they're just not that into you. Gigi just wants a man who says he'll call—and does—while Alex advises her to stop waiting by the phone. Beth wants a proposal after years of a committed relationship with her boyfriend, Neil, who sees nothing  wrong with the status quo. Janine's not sure if she can trust her husband, Ben, who can't quite trust himself around Anna. Anna can't decide between the sexy married guy, or her straightforward, no-sparks standby, Conor, who can't get over the fact that he can't have her. And Mary, who's found an entire network of loving, supportive men, just needs to find one who's straight.",iTunes,
V0296,Hellboy,2004,2004,122,6.9,360533,81,tt0167190,1487,PG-13,Hellboy Collection,Nazi; sacrifice; superhero; paranormal phenomena; black magic; adoptive father; based on comic; steampunk; narration from grave; apocalypse; demon; supernatural creature; monolith; occult; super strength; father figure; reanimated corpse; duringcreditsstinger; other dimension; psychic powers; pyrokinesis,"[""Action"",""Fantasy""]",Guillermo del Toro,Ron Perlman,Doug Jones | Ron Perlman | Selma Blair,3 wins & 23 nominations total,"In the final days of World War II, the Nazis attempt to use black magic to aid their dying cause. The Allies raid the camp where the ceremony is taking place, but not before they summon a baby demon who is rescued by Allied forces and dubbed ""Hellboy"". Sixty years later, Hellboy serves the cause of good rather than evil as an agent in the Bureau of Paranormal Research & Defense, along with Abe Sapien - a merman with psychic powers, and Liz Sherman - a woman with pyrokinesis, protecting America against dark forces.",iTunes,
V0297,Her (2013),2013,2013,,,,,tt21732006,152601,,,California; heartbreak; semi autobiographical; speculative; singularity; near future; serene; intimate; provocative; dramatic; sentimental; comforting; melodramatic; operating system | Future; artificial intelligence (a.i.); computer; satire; love; loneliness; transhumanism; los angeles,"[""Drama"",""Romance"",""Science Fiction""]",Spike Jonze,,,,"In the not so distant future, Theodore, a lonely writer, purchases a newly developed operating system designed to meet the user's every need. To Theodore's surprise, a romantic relationship develops between him and his operating system. This unconventional love story blends science fiction and romance in a sweet tale that explores the nature of love and the ways that technology isolates and connects us all.",iTunes,
V0298,Hercules (2014),2014,1983,,,,,tt19058686,184315,,,Killing; mercenary; past; based on comic; battle; ancient greece; hercules; peplum; warrior; sagen; 4th century bc,"[""Action"",""Adventure"",""Fantasy""]",Brett Ratner,,,,"Hercules, a semi-divine being, squares off against King Minos, who is attempting to use science to gain power and take over the world. With the help of a benevolent sorceress, Circe, Hercules tries to save his beloved Cassiopeia from being sacrificed by Minos, and struggles against laser-breathing creatures and an evil sorceress.",iTunes,
V0299,Hereditary,2018,2018,127,7.3,413722,90,tt7784604,493922,R,,Daughter; funeral; loss of loved one; ritual; supernatural; possession; cult; dysfunctional family; murder; family drama; fear; demon; attic; evil; ritual murder; demonic possession; satanic ritual; dollhouse; satanic cult; séance; matriarch; miniatures; coven; didactic; sinister,"[""Horror"",""Mystery"",""Thriller""]",Ari Aster,Toni Collette,Alex Wolff | Gabriel Byrne | Toni Collette,52 wins & 113 nominations total,"Following the death of the Leigh family matriarch, Annie and her children uncover disturbing secrets about their heritage. Their daily lives are not only impacted, but they also become entangled in a chilling fate from which they cannot escape, driving them to the brink of madness.",Vudu,
V0300,Hidden Figures,2016,2016,127,7.8,273146,93,tt4846340,381284,PG,,Nasa; mathematics; sexism; biography; racial segregation; racism; historical fiction; scientist; space race; discrimination; 1960s; space program; african american history; apologetic; arrogant; authoritarian; callous; condescending; disrespectful; earnest; frustrated,"[""Drama"",""History""]",Theodore Melfi,Taraji P. Henson,Janelle Monáe | Octavia Spencer | Taraji P. Henson,Nominated for 3 Oscars. 37 wins & 94 nominations total,"The untold story of Katherine G. Johnson, Dorothy Vaughan and Mary Jackson – brilliant African-American women working at NASA and serving as the brains behind one of the greatest operations in history – the launch of astronaut John Glenn into orbit. The visionary trio crossed all gender and race lines to inspire generations to dream big.",iTunes,
V0301,High Life,2009,2009,113,5.7,43572,83,tt4827558,29388,R,,Robbery; drug addiction; addicted; armored car; addiction; morphine; addict; armed robbery,"[""Comedy"",""Crime""]",Gary Yates,Timothy Olyphant,Rossif Sutherland | Stephen Eric McIntyre | Timothy Olyphant,2 wins & 6 nominations total,"It's 1983, and hopeless junkie Dick gets an unwelcome visit from the past - his seriously sleazy former cellmate, Bug, to be precise. Bug requires a crash course in the 80s: different music, different drugs, and machines in walls that dispense money. The latter development gives Dick an idea.",iTunes,
V0302,Hocus Pocus,2022,2022,96,6.9,164309,41,tt0107120,642885,PG,Hocus Pocus Collection,Massachusetts; aftercreditsstinger; duringcreditsstinger | Witch; high school; sibling relationship; halloween; resurrection; sister; sequel; zombie; salem,"[""Comedy"",""Family"",""Fantasy""]",Anne Fletcher,,,Nominated for 3 Primetime Emmys. 2 wins & 18 nominations total,"29 years since the Black Flame Candle was last lit, the 17th-century Sanderson sisters are resurrected, and they are looking for revenge. Now it's up to three high school students to stop the ravenous witches from wreaking a new kind of havoc on Salem before dawn on All Hallow's Eve.",iTunes,
V0303,Holiday Inn,1942,1942,100,7.3,18758,100,tt0034862,13485,Approved,,New year's eve; dancing; holiday; show business; musical; connecticut; singing; inn; song and dance; blackface; dance team; christmas; romantic rival; white christmas,"[""Comedy"",""Drama"",""Romance""]",Mark Sandrich,Bing Crosby,Bing Crosby | Fred Astaire | Marjorie Reynolds,Won 1 Oscar. 3 wins & 2 nominations total,"Lovely Linda Mason has crooner Jim Hardy head over heels, but suave stepper Ted Hanover wants her for his new dance partner after fickle Lila Dixon gives him the brush. Jim's supper club, Holiday Inn, is the setting for the chase by Hanover and his manager.",iTunes,
V0304,Holmes & Watson,2012,2012,90,3.9,40210,10,tt1255919,122191,PG-13,,,"[""Crime"",""Drama"",""Mystery"",""Thriller""]",José Luis Garci,,,1 win & 1 nomination,Film based on the characters of the English writer Arthur Conan Doyle. It tells a hypothetical meeting in Madrid between the legendary detective Sherlock Holmes and Jack the Ripper.,iTunes,
V0305,Home Alone,1990,1990,103,7.7,691886,66,tt0099785,771,PG,Home Alone Collection,Burglar; holiday; home; alone; family relationships; slapstick comedy; little boy; home invasion; precocious child; booby trap; home alone; suburban chicago; mischievous child; aggressive; christmas; kids on their own; child rescue; burglars; cheerful; wet bandits,"[""Comedy"",""Family""]",Chris Columbus,Macaulay Culkin,Daniel Stern | Joe Pesci | Macaulay Culkin,Nominated for 2 Oscars. 12 wins & 7 nominations total,"Eight-year-old Kevin McCallister makes the most of the situation after his family unwittingly leaves him behind when they go on Christmas vacation. When thieves try to break into his home, he puts up a fight like no other.",iTunes,
V0306,Homefront (2013),2013,2013,,,,,,204082,,,Drug dealer; daughter; based on novel or book; police; parent child relationship; police operation; ex-cop; bayou; rural area; undercover cop; drug dealing; motorcycle gang; drugs; revenge motive,"[""Action"",""Thriller""]",Gary Fleder,,,,"Phil Broker is a former DEA agent who has gone through a crisis after his action against a biker gang went horribly wrong and it cost the life of his boss' son. He is recently widowed and is left with a 9-years-old daughter, Maddy. He decides to quit the turbulent and demanding life of thrill for Maddy's sake and retires to a small town. His daughter fights off a boy who was bullying her at school and this sets in motion a round of events that end in his direct confrontation with the local Meth drug lord. His past history with the biker gang also enters the arena, making matters more complex. But he has a mission in his mind to protect his daughter and he is ready to pay any cost that it demands.",iTunes,
V0307,Hook,1991,1991,142,6.8,281972,29,tt0102057,879,PG,,Rescue; daughter; flying; swordplay; sword; fairy tale; peter pan; memory loss; duel; pirate; hook; hook for a hand; reflective; playful; grand,"[""Adventure"",""Comedy"",""Family"",""Fantasy""]",Steven Spielberg,Dustin Hoffman,Dustin Hoffman | Julia Roberts | Robin Williams,Nominated for 5 Oscars. 6 wins & 24 nominations total,"The boy who wasn't supposed to grow up—Peter Pan—does just that, becoming a soulless corporate lawyer whose workaholism could cost him his wife and kids. During his trip to see Granny Wendy in London, the vengeful Capt. Hook kidnaps Peter's kids and forces Peter to return to Neverland.",iTunes,
V0308,Horrible Bosses,2011,2011,98,6.9,478871,69,tt1499658,51540,R,Horrible Bosses Collection,Bad boss; employee; death of father; stakeout; questioning; duringcreditsstinger; anxious; egotistical; bold,"[""Comedy"",""Crime""]",Seth Gordon,Jason Bateman,Charlie Day | Jason Bateman | Jason Sudeikis,3 wins & 14 nominations total,"For Nick, Kurt and Dale, the only thing that would make the daily grind more tolerable would be to grind their intolerable bosses into dust. Quitting is not an option, so, with the benefit of a few-too-many drinks and some dubious advice from a hustling ex-con, the three friends devise a convoluted and seemingly foolproof plan to rid themselves of their respective employers... permanently.",iTunes,
V0309,Horton Hears a Who!,2008,2008,86,6.8,153731,79,tt0451079,12222,G,,Rescue; elephant; jungle; dr. seuss; who; cartoon elephant,"[""Adventure"",""Animation"",""Comedy"",""Family"",""Fantasy""]",Steve Martino,Jim Carrey,Carol Burnett | Jim Carrey | Steve Carell,1 win & 18 nominations total,"The classic and beloved story from Dr. Seuss is now a CG animated film from 20th Century Fox Animation, the makers of the Ice Age films. An imaginative elephant named Horton (Jim Carrey) hears a faint cry for help coming from a tiny speck of dust floating through the air. Horton suspects there may be life on that speck and despite a surrounding community, which thinks he has lost his mind, he is determined to save the tiny particle! Jim Carrey and Steve Carell lead an all-star cast in bringing this wonderful family picture to life!",Vudu,
V0310,Hot Tub Time Machine (Unrated),2010,2010,,,,,,,,,,"[""Adventure"",""Comedy"",""Science Fiction""]",Not Found,,,,"Four pals are stuck in a rut in adulthood: Adam has just been dumped, Lou is a hopeless party animal, Nick is a henpecked husband, and Jacob does nothing but play video games in his basement. But they get a chance to brighten their future by changing their past after a night of heavy drinking in a ski-resort hot tub results in their waking up in 1986.",iTunes,
V0311,Hot Tub Time Machine 2,2015,2015,93,5.0,42573,14,tt2637294,243938,R,Hot Tub Time Machine Collection,Virtual reality; time travel; time machine; hallucinogen; sequel; hot tub; drinking; duringcreditsstinger; binge drinking; change the past,"[""Comedy""]",Steve Pink,Rob Corddry,Clark Duke | Craig Robinson | Rob Corddry,3 nominations total,"After their first adventure with the Hot Tub Time Machine, Lou and Nick are living very well off their ill-gotten gains, while Jacob still cannot rely on Lou to be a positive role model. When an unknown assailant breaks into Lou's mansion and shoots him, Nick and Jacob take him for another trip in the hot tub. They emerge in the year 2025, where they must figure out who shot Lou and prevent it from happening again.",iTunes,
V0312,House Party,1990,1990,100,6.5,17324,94,tt0099800,16094,R,House Party Collection,High school; house party; reflective; reminiscent; comforting; farcical,"[""Comedy""]",Reginald Hudlin,Christopher Reid,Christopher Martin | Christopher Reid | Paul Anthony,3 wins & 10 nominations total,"Young Kid has been invited to a party at his friend Play's house. But after a fight at school, Kid's father grounds him. None the less, Kid sneaks out when his father falls asleep. But Kid doesn't know that three of the thugs at school have decided to give him a lesson in behavior.",iTunes,
V0313,How the Grinch Stole Christmas: The Ultimate Edition,,,,,,,,,,,,[],Not Found,,,,,iTunes,
V0314,How to Train Your Dragon 2,2014,2014,102,7.8,380482,92,tt1646971,82702,PG,How to Train Your Dragon Collection,Rescue; husband wife relationship; sacrifice; parent child relationship; loss of loved one; villain; vikings (norsemen); death of father; sequel; dragon; death of husband; warrior; mother son relationship; awestruck; commanding; exhilarated; powerful,"[""Action"",""Adventure"",""Animation"",""Comedy"",""Family"",""Fantasy""]",Dean DeBlois,Jay Baruchel,Cate Blanchett | Gerard Butler | Jay Baruchel,Nominated for 1 Oscar. 15 wins & 61 nominations total,"Five years have passed since Hiccup and Toothless united the dragons and Vikings of Berk. Now, they spend their time charting unmapped territories. During one of their adventures, the pair discover a secret cave that houses hundreds of wild dragons -- and a mysterious dragon rider. Hiccup and Toothless find themselves at the center of a battle to protect Berk from a power-hungry warrior.",iTunes,
V0315,Hugo,2011,2011,126,7.5,340341,93,tt0970179,44826,PG,,France; based on novel or book; library; clock tower; key; movie business; clock; museum; train accident; montparnasse; steampunk; orphan; robot; hiding; filmmaking; security guard; leg brace; doberman; toy store; runaway train; railway station; guard dog; toy maker; mechanics; cinema history; mechanical toys; ticking clock; based on young adult novel; clockwork; train station; toy; stationmaster; clockmaker; mechanical dolls | Paris,"[""Adventure"",""Drama"",""Family""]",Martin Scorsese,Asa Butterfield,Asa Butterfield | Ben Kingsley | Chloë Grace Moretz,Won 5 Oscars. 61 wins & 192 nominations total,"Orphaned and alone except for an uncle, Hugo Cabret lives in the walls of a train station in 1930s Paris. Hugo's job is to oil and maintain the station's clocks, but to him, his more important task is to protect a broken automaton and notebook left to him by his late father. Accompanied by the goddaughter of an embittered toy merchant, Hugo embarks on a quest to solve the mystery of the automaton and find a place he can call home.",iTunes,
V0316,Hustlers,2019,2019,110,6.3,110201,88,tt5503686,540901,R,,New york city; hustler; wall street; stripper; based on true story; strip club; biting; exotic dancer; stock market crash; economic crisis; reflective; based on magazine | Newspaper or article; 2000s; inspired by magazine | Newspaper or article; antagonistic,"[""Comedy"",""Crime"",""Drama""]",Lorene Scafaria,Constance Wu,Constance Wu | Jennifer Lopez | Julia Stiles,25 wins & 83 nominations total,A crew of savvy former strip club employees band together to turn the tables on their Wall Street clients.,iTunes,
V0317,"I, Frankenstein",2014,2014,92,5.1,84771,5,tt1418377,100241,PG-13,,Anti hero; queen; supernatural; prince; based on comic; gargoyle; fighting; demon,"[""Horror"",""Thriller""]",Stuart Beattie,Aaron Eckhart,Aaron Eckhart | Bill Nighy | Yvonne Strahovski,4 nominations total,"200 years after his shocking creation, Dr. Frankenstein's creature, Adam, still walks the earth. But when he finds himself in the middle of a war over the fate of humanity, Adam discovers he holds the key that could destroy humankind.",iTunes,
V0318,Ice Age,2002,2002,81,7.5,541606,77,tt0268380,425,PG,Ice Age Collection,Dying and death; human evolution; parent child relationship; squirrel; loss of loved one; mammoth; sloth; villain; stone age; prehistory; prehistoric creature; saber-toothed tiger; cavemen; road movie; neanderthal; prehistoric man; dodo bird; nut; ground sloth; cheerful,"[""Adventure"",""Animation"",""Comedy"",""Family""]",Chris Wedge,Ray Romano,Denis Leary | John Leguizamo | Ray Romano,Nominated for 1 Oscar. 5 wins & 30 nominations total,"With the impending ice age almost upon them, a mismatched trio of prehistoric critters – Manny the woolly mammoth, Diego the saber-toothed tiger and Sid the giant sloth – find an orphaned infant and decide to return it to its human parents. Along the way, the unlikely allies become friends but, when enemies attack, their quest takes on far nobler aims.",iTunes,
V0319,Identity Thief,2013,2013,111,5.7,143994,20,tt2024432,109431,R,,Prison; bounty hunter; dual identity; police; bathroom; identity; women's prison; thief; money; numbers; locked in bathroom; sock,"[""Comedy"",""Crime""]",Seth Gordon,Jason Bateman,Jason Bateman | Jon Favreau | Melissa McCarthy,1 win & 9 nominations total,"When a mild-mannered businessman learns his identity has been stolen, he hits the road in an attempt to foil the thief -- a trip that puts him in the path of a deceptively harmless-looking woman.",iTunes,
V0320,If I Stay,2014,2014,107,6.7,129888,36,tt1355630,249164,PG-13,,Coma; based on novel or book; musician; teenage girl; car accident; out of body experience; teen drama; based on young adult novel,"[""Drama""]",R. J. Cutler,Chloë Grace Moretz,Chloë Grace Moretz | Jamie Blackley | Liana Liberato,3 wins & 1 nomination total,"Mia Hall, a talented young cellist, thought the most difficult decision she would ever have to make would be whether to pursue her musical dreams at prestigious Juilliard or follow her heart to be with the love of her life, Adam, a rock singer/guitarist. However, a car wreck changes everything in an instant, and now Mia's life hangs in the balance. Suspended between life and death, Mia faces a choice that will decide her future.",iTunes,
V0321,Immortals,2011,2011,110,6.0,179753,50,tt1253864,37958,R,,Army; poison; mythology; zeus; sword fight; minotaur; poseidon; spear; bow and arrow; labyrinth; ancient greece; greek god; fantasy; 13th century bc,"[""Action"",""Drama"",""Fantasy""]",Tarsem Singh,Henry Cavill,Henry Cavill | Mickey Rourke | Stephen Dorff,1 win & 6 nominations total,"Theseus is a mortal man chosen by Zeus to lead the fight against the ruthless King Hyperion, who is on a rampage across Greece to obtain a weapon that can destroy humanity.",iTunes,
V0322,In Time,2011,2011,109,6.7,463944,36,tt1637688,49530,PG-13,,Future; race against time; immortality; bank; dystopia; time; love; on the run; class differences; biting; cops and robbers ; aggressive; rich vs poor; in time; antagonistic; defiant; urgent,"[""Action"",""Science Fiction"",""Thriller""]",Andrew Niccol,Justin Timberlake,Amanda Seyfried | Cillian Murphy | Justin Timberlake,2 nominations total,"In the not-too-distant future, the aging gene has been switched off. To avoid overpopulation, time has become the currency and the way people pay for luxuries and necessities. The rich can live forever, while the rest struggle to negotiate for their immortality. A poor young man who suddenly comes into a fortune of time finds himself on the run from a corrupt police force known as the ""time keepers"".",iTunes,
V0323,Inception,2010,2010,148,8.8,2671882,87,tt1375666,27205,PG-13,,California; dream world; subconscious; powerful | France; virtual reality; kidnapping; philosophy; spy; allegory; manipulation; car crash; heist; memory; architecture; los angeles | Rescue; mission; dreams; airplane; paris,"[""Action"",""Adventure"",""Science Fiction""]",Christopher Nolan,Leonardo DiCaprio,Joseph Gordon-Levitt | Ken Watanabe | Leonardo DiCaprio,Won 4 Oscars. 159 wins & 220 nominations total,"Cobb, a skilled thief who commits corporate espionage by infiltrating the subconscious of his targets is offered a chance to regain his old life as payment for a task considered to be impossible: ""inception"", the implantation of another person's idea into a target's subconscious.",iTunes,
V0324,Incredibles 2,2018,2018,118,7.5,348349,93,tt3606756,260513,PG,The Incredibles Collection,Married couple; superhero; cartoon; villain; sequel; parenting; family; super power; female villain; supervillain,"[""Action"",""Adventure"",""Animation"",""Family""]",Brad Bird,Craig T. Nelson,Craig T. Nelson | Holly Hunter | Sarah Vowell,Nominated for 1 Oscar. 14 wins & 84 nominations total,"Elastigirl springs into action to save the day, while Mr. Incredible faces his greatest challenge yet – taking care of the problems of his three children.",iTunes,
V0325,Independence Day,1996,1996,145,7.0,620895,68,tt0116629,602,PG-13,Independence Day Collection,Spacecraft; showdown; independence; patriotism; countdown; invasion; alien; ufo; extraterrestrial; creature; battle; alien invasion; world domination; area 51; human vs alien; good versus evil; suspenseful,"[""Action"",""Adventure"",""Science Fiction""]",Roland Emmerich,Will Smith,Bill Pullman | Jeff Goldblum | Will Smith,Won 1 Oscar. 35 wins & 35 nominations total,"Strange phenomena surface around the globe. The skies ignite. Terror races through the world's major cities. As these extraordinary events unfold, it becomes increasingly clear that a force of incredible magnitude has arrived. Its mission: total annihilation over the Fourth of July weekend. The last hope to stop the destruction is an unlikely group of people united by fate and unimaginable circumstances.",iTunes,
V0326,Independence Day: Resurgence,2016,2016,120,5.2,192587,29,tt1628841,47933,PG-13,Independence Day Collection,Alien; alien invasion,"[""Action"",""Adventure"",""Science Fiction""]",Roland Emmerich,Liam Hemsworth,Jeff Goldblum | Jessie T. Usher | Liam Hemsworth,3 wins & 17 nominations total,"We always knew they were coming back. Using recovered alien technology, the nations of Earth have collaborated on an immense defense program to protect the planet. But nothing can prepare us for the aliens’ advanced and unprecedented force. Only the ingenuity of a few brave men and women can bring our world back from the brink of extinction.",iTunes,
V0327,Indiana Jones and the Dial of Destiny,2023,2023,154,6.5,219523,70,tt1462764,335977,PG-13,Indiana Jones Collection,Treasure hunt; ancient rome; sequel; flashback; knife fight; archaeologist; adventurer; 1960s; nazi germany; action adventure,"[""Action"",""Adventure""]",James Mangold,Harrison Ford,Harrison Ford | Mads Mikkelsen | Phoebe Waller-Bridge,Nominated for 1 Oscar. 8 wins & 36 nominations total,"Finding himself in a new era, and approaching retirement, Indy wrestles with fitting into a world that seems to have outgrown him. But as the tentacles of an all-too-familiar evil return in the form of an old rival, Indy must don his hat and pick up his whip once more to make sure an ancient and powerful artifact doesn't fall into the wrong hands.",iTunes,
V0328,Indiana Jones and the Raiders of the Lost Ark,1981,1981,,,,,,85,,Indiana Jones Collection,Egypt; treasure; medallion; swastika; saving the world; nepal; himalaya mountain range; cairo; moses; hat; whip; leather jacket; mediterranean; ark of the covenant; ten commandments; nazi; excavation; riddle; treasure hunt; archaeologist; adventurer; archeology; religious history; 1930s; dramatic,"[""Action"",""Adventure""]",Steven Spielberg,,,,"When Dr. Indiana Jones – the tweed-suited professor who just happens to be a celebrated archaeologist – is hired by the government to locate the legendary Ark of the Covenant, he finds himself up against the entire Nazi regime.",iTunes,
V0329,Indiana Jones and the Temple of Doom,1984,1984,118,7.5,551625,77,tt0087469,87,PG,Indiana Jones Collection,Treasure; skeleton; wind; elephant; heart; riddle; crocodile; bridge; treasure hunt; torture; india; monkey; archaeologist; conveyor belt; child driving car; mine car; rope bridge; splits; adventurer; archeology; 1930s,"[""Action"",""Adventure""]",Steven Spielberg,Harrison Ford,Harrison Ford | Kate Capshaw | Ke Huy Quan,Won 1 Oscar. 11 wins & 22 nominations total,"After arriving in India, Indiana Jones is asked by a desperate village to find a mystical stone. He agrees – and stumbles upon a secret cult plotting a terrible plan in the catacombs of an ancient palace.",iTunes,
V0330,Inferno,2016,2016,121,6.2,193663,23,tt3062096,207932,PG-13,Robert Langdon Collection,Amnesia; based on novel or book; italy; europe; sequel; murder; conspiracy; religion; church; virus; symbology,"[""Action"",""Mystery"",""Thriller""]",Ron Howard,Tom Hanks,Felicity Jones | Omar Sy | Tom Hanks,5 wins & 1 nomination total,"After waking up in a hospital with amnesia, professor Robert Langdon and a doctor must race against time to foil a deadly global plot.",iTunes,
V0331,Inglourious Basterds,2009,2009,153,8.4,1679699,89,tt0361748,16869,R,,France; nazi; self sacrifice; sadism; dynamite; mexican standoff; world war ii; jew persecution; masochism; antisemitism; german occupation of france; british politics; revisionist history; candid; adolf hitler; amused; dubious | Guerrilla warfare; swastika; paris,"[""Drama"",""Thriller"",""War""]",Quentin Tarantino,Brad Pitt,Brad Pitt | Christoph Waltz | Mélanie Laurent,Won 1 Oscar. 134 wins & 173 nominations total,"In Nazi-occupied France during World War II, a group of Jewish-American soldiers known as ""The Basterds"" are chosen specifically to spread fear throughout the Third Reich by scalping and brutally killing Nazis. The Basterds, lead by Lt. Aldo Raine soon cross paths with a French-Jewish teenage girl who runs a movie theater in Paris which is targeted by the soldiers.",iTunes,
V0332,Inherent Vice,2014,2014,148,6.6,114264,74,tt1791528,171274,R,,California; based on novel or book; boat; detective; 1970s; ex-girlfriend; surreal; hippie lifestyle; pot smoking; private investigator; disappearance; lawyer; los angeles | California; drugs; loan shark; neo-noir; 1960s; heroin cartel,"[""Comedy"",""Drama"",""Mystery""]",Paul Thomas Anderson,Joaquin Phoenix,Joaquin Phoenix | Josh Brolin | Owen Wilson,Nominated for 2 Oscars. 15 wins & 99 nominations total,"In Los Angeles at the turn of the 1970s, drug-fueled detective Larry ""Doc"" Sportello investigates the disappearance of an ex-girlfriend.",iTunes,
V0333,Inside Out (2015),2015,2015,,,,,,,,,,"[""Adventure"",""Animation"",""Comedy"",""Drama"",""Family""]",Not Found,,,,"When 11-year-old Riley moves to a new city, her Emotions team up to help her through the transition. Joy, Fear, Anger, Disgust and Sadness work together, but when Joy and Sadness get lost, they must journey through unfamiliar places to get back home.",iTunes,
V0334,Inside Out 2,2024,2024,96,7.5,211354,91,tt22022452,1022789,PG,Inside Out Collection,Sadness; disgust; sequel; computer animation; teenage girl; fear; anger; envy; aftercreditsstinger; duringcreditsstinger; emotions; embarrasment; anxious; joy; anxiety; hopeful,"[""Adventure"",""Animation"",""Comedy"",""Family""]",Kelsey Mann,Amy Poehler,Amy Poehler | Kensington Tallman | Maya Hawke,Nominated for 1 Oscar. 4 wins & 105 nominations total,"Teenager Riley's mind headquarters is undergoing a sudden demolition to make room for something entirely unexpected: new Emotions! Joy, Sadness, Anger, Fear and Disgust, who’ve long been running a successful operation by all accounts, aren’t sure how to feel when Anxiety shows up. And it looks like she’s not alone.",iTunes,
V0335,Insidious: The Last Key,2018,2018,103,5.7,75675,34,tt5726086,406563,PG-13,Insidious Collection,Key; medium; haunted house; prequel; spirit; 1950s; insidious,"[""Horror"",""Thriller""]",Adam Robitel,Lin Shaye,Angus Sampson | Leigh Whannell | Lin Shaye,6 nominations total,"Parapsychologist Elise Rainier and her team travel to Five Keys, NM, to investigate a man’s claim of a haunting. Terror soon strikes when Rainier realizes that the house he lives in was her family’s old home.",iTunes,
V0336,Instant Family,2018,2018,118,7.3,125790,82,tt7401588,491418,PG-13,,Court case; social worker; adoption; based on true story; parenting; foster family; amusement park; lgbt; substance abuse; family dog,"[""Comedy"",""Drama""]",Sean Anders,Mark Wahlberg,Allyn Rachel | Mark Wahlberg | Rose Byrne,3 wins & 5 nominations total,"When Pete and Ellie decide to start a family, they stumble into the world of foster care adoption. They hope to take in one small child but when they meet three siblings, including a rebellious 15 year old girl, they find themselves speeding from zero to three kids overnight.",iTunes,
V0337,Interstellar,2014,2014,169,8.7,2339759,73,tt0816692,157336,PG-13,,Rescue; future; spacecraft; race against time; artificial intelligence (a.i.); nasa; time warp; dystopia; expedition; space travel; wormhole; famine; hibernation; black hole; quantum mechanics; family relationships; space; robot; astronaut; scientist; single father; farmer; space station; curious; space adventure; time paradox; cryonics; father daughter relationship; 2060s; cornfield; time manipulation; sentimental; admiring,"[""Adventure"",""Drama"",""Science Fiction""]",Christopher Nolan,Matthew McConaughey,Anne Hathaway | Matthew McConaughey | Michael Caine,Won 1 Oscar. 44 wins & 148 nominations total,The adventures of a group of explorers who make use of a newly discovered wormhole to surpass the limitations on human space travel and conquer the vast distances involved in an interstellar voyage.,iTunes,
V0338,Interview With the Vampire: The Vampire Chronicles,1994,1994,,,,,,628,,The Vampire Chronicles Collection,California; vampire; bite; new orleans | France; based on novel or book; san francisco | Louisiana; plantation; louisiana; pity; melancholy; child vampire; gothic horror; 18th century; macabre; plague; 19th century; urban gothic; playful; cautionary; reluctant vampire; grand; audacious; exuberant; melodramatic | Paris,"[""Drama"",""Fantasy"",""Horror""]",Neil Jordan,,,,"A vampire relates his epic life story of love, betrayal, loneliness, and dark hunger to an over-curious reporter.",iTunes,
V0339,Into the Woods (2014),2011,2011,,,,,,,,,,"[""Comedy"",""Drama"",""Fantasy""]",Not Found,,,,"In a woods filled with magic and fairy tale characters, a baker and his wife set out to end the curse put on them by their neighbor, a spiteful witch.",iTunes,
V0340,Iron Man 2,2010,2010,124,6.9,900546,72,tt1228705,10138,PG-13,Iron Man Collection,Technology; superhero; malibu; based on comic; revenge; aftercreditsstinger; marvel cinematic universe (mcu); break out,"[""Action"",""Adventure"",""Science Fiction""]",Jon Favreau,Robert Downey Jr.,Don Cheadle | Gwyneth Paltrow | Robert Downey Jr.,Nominated for 1 Oscar. 7 wins & 45 nominations total,"With the world now aware of his dual life as the armored superhero Iron Man, billionaire inventor Tony Stark faces pressure from the government, the press and the public to share his technology with the military. Unwilling to let go of his invention, Stark, with Pepper Potts and James 'Rhodey' Rhodes at his side, must forge new alliances – and confront powerful enemies.",iTunes,
V0341,Iron Man 3,2013,2013,130,7.1,929173,79,tt1300854,68721,PG-13,Iron Man Collection,California; war on terror; superhero; malibu; based on comic; tennessee; billionaire; aftercreditsstinger; marvel cinematic universe (mcu); christmas; america; suspenseful,"[""Action"",""Adventure"",""Science Fiction""]",Shane Black,Robert Downey Jr.,Don Cheadle | Gwyneth Paltrow | Robert Downey Jr.,Nominated for 1 Oscar. 20 wins & 63 nominations total,"When Tony Stark's world is torn apart by a formidable terrorist called the Mandarin, he starts an odyssey of rebuilding and retribution.",iTunes,
V0342,Isn't It Romantic (2019),2019,2019,,,,,,,,,,"[""Comedy"",""Fantasy"",""Romance""]",Not Found,,,,"For a long time, Natalie, an Australian architect living in New York City, had always believed that what she had seen in rom-coms is all fantasy. But after thwarting a mugger at a subway station only to be knocked out while fleeing, Natalie wakes up and discovers that her life has suddenly become her worst nightmare—a romantic comedy—and she is the leading lady.",iTunes,
V0343,It (2017),2017,2017,,,,,tt12923860,662365,,,,"[""Horror"",""Thriller""]",Osman Moustafa,,,,"In a small town in Maine, seven children known as The Losers Club come face to face with life problems, bullies and a monster that takes the shape of a clown called Pennywise.",iTunes,
V0344,It Chapter Two,2019,2019,169,6.5,318911,62,tt7349950,474350,R,It Collection,Based on novel or book; clown; carnival; sequel; remake; maine; creature; fear; lgbt; ancient evil; loss of a friend,"[""Horror"",""Thriller""]",Andy Muschietti,James McAvoy,Bill Hader | James McAvoy | Jessica Chastain,7 wins & 34 nominations total,"27 years after overcoming the malevolent supernatural entity Pennywise, the former members of the Losers' Club, who have grown up and moved away from Derry, are brought back together by a devastating phone call.",iTunes,
V0345,It Comes at Night,2017,2017,91,6.1,106873,88,tt4695012,418078,R,,Fire; nightmare; nihilism; darkness; homicide; door; paranoia; post-apocalyptic future; forest; fear; dog; madness; pandemic; infected; cremation; hopelessness; malevolence; suspenseful,"[""Drama"",""Horror"",""Mystery""]",Trey Edward Shults,Joel Edgerton,Carmen Ejogo | Christopher Abbott | Joel Edgerton,1 win & 13 nominations total,"Secure within a desolate home as an unnatural threat terrorizes the world, a man has established a tenuous domestic order with his wife and son, but this will soon be put to test when a desperate young family arrives seeking refuge.",Vudu,
V0346,It Follows,2015,2015,100,6.8,282689,95,tt3235888,270303,R,It Follows Collection,Beach; chase; supernatural; friends; vision; teenage girl; school; detroit | Michigan; evil; voyeurism; sexually transmitted disease; young adult; followed; ambiguity; pastiche,"[""Horror"",""Mystery""]",David Robert Mitchell,Maika Monroe,Daniel Zovatto | Keir Gilchrist | Maika Monroe,,"When carefree teenager Jay sleeps with her older boyfriend for the first time, she learns that she is the latest recipient of a fatal curse that is passed from victim to victim via sexual intercourse. Death, Jay learns, will creep inexorably toward her as either a friend or a stranger. Jay's friends don't believe her seemingly paranoid ravings, until they too begin to see the phantom assassins and band together to help her defend herself.",iTunes,
V0347,It's a Wonderful Life,1946,1946,130,8.6,526295,94,tt0038650,1585,PG,,Small town; angel; suicide attempt; holiday; bank; great depression; family business ; black and white; nervous breakdown; old house; newlywed; magic realism; told in flashback; alternative reality; guardian angel; high school dance; christmas; sentimental; cheerful; optimistic; xmas eve,"[""Drama"",""Family"",""Fantasy""]",Frank Capra,James Stewart,Donna Reed | James Stewart | Lionel Barrymore,Nominated for 5 Oscars. 11 wins & 7 nominations total,"A holiday favourite for generations...  George Bailey has spent his entire life giving to the people of Bedford Falls.  All that prevents rich skinflint Mr. Potter from taking over the entire town is George's modest building and loan company.  But on Christmas Eve the business's $8,000 is lost and George's troubles begin.",iTunes,
V0348,It's Complicated,2009,2009,120,6.5,99806,58,tt1230414,22897,R,,California; baker; mature romance; adult children; unresolved issues; cheating husband; secret; new relationship; college graduation | New york city; architect; family history; lovers; bakery; marijuana; dating; older man younger woman relationship; love affair; single mother; family; divorcee; ex-husband ex-wife relationship; divorced parents; woman director; divorced couple; santa barbara,"[""Comedy"",""Romance""]",Nancy Meyers,Meryl Streep,Alec Baldwin | Meryl Streep | Steve Martin,Nominated for 1 BAFTA Award8 wins & 15 nominations total,"Ten years after their divorce, Jane and Jake Adler unite for their son's college graduation and unexpectedly end up sleeping together. But Jake is married, and Jane is embarking on a new romance with her architect. Now, she has to sort out her life—just when she thought she had it all figured out.",iTunes,
V0349,Jack Reacher,2012,2012,130,7.0,378287,64,tt0790724,75780,PG-13,Jack Reacher Collection,Sniper; coma; based on novel or book; mass murder; detective; investigation; police chase; investigator; district attorney; defense attorney; military police; loner; framed for murder; ex military; off the grid; mass shooting; father daughter relationship; army veteran; physical evidence; intense; fist fight; gun range,"[""Action"",""Crime"",""Drama"",""Thriller""]",Christopher McQuarrie,Tom Cruise,Richard Jenkins | Rosamund Pike | Tom Cruise,1 win & 6 nominations total,"One morning in an ordinary town, five people are shot dead in a seemingly random attack. All evidence points to a single suspect: an ex-military sniper who is quickly brought into custody. The interrogation yields one written note: 'Get Jack Reacher!'. Reacher, an enigmatic ex-Army investigator, believes the authorities have the right man but agrees to help the sniper's defense attorney. However, the more Reacher delves into the case, the less clear-cut it appears. So begins an extraordinary chase for the truth, pitting Jack Reacher against an unexpected enemy, with a skill for violence and a secret to keep.",iTunes,
V0350,Jack Reacher: Never Go Back,2016,2016,118,6.2,182450,37,tt3393786,343611,PG-13,Jack Reacher Collection,Based on novel or book; homicide; falsely accused; opium; new orleans | Louisiana; sequel; false accusations; hdd; intense; vibrant,"[""Action"",""Thriller""]",Edward Zwick,Tom Cruise,Cobie Smulders | Danika Yarosh | Tom Cruise,1 win total,"Years after resigning command of an elite military police unit, the nomadic, righter-of-wrongs Reacher is drawn back into the life he left behind when his friend and successor, Major Susan Turner is framed for espionage. Reacher will stop at nothing to prove her innocence and to expose the real perpetrators behind the killings of his former soldiers.",iTunes,
V0351,Jack Ryan: Shadow Recruit,2014,2014,105,6.2,140298,55,tt1205537,137094,PG-13,,England; central intelligence agency (cia); corruption; based on novel or book; explosive; rehabilitation; murder; conspiracy; terrorism; surveillance; ex-marine; jack ryan; u.s. marine; 9/11; undercover operation; fiancé fiancée relationship; ex military; moscow | Russia; political thriller; helicopter crash; intelligence service; cia analyst; intelligence analyst | Sniper; new york city; london,"[""Action"",""Drama"",""Thriller""]",Kenneth Branagh,Chris Pine,Chris Pine | Keira Knightley | Kevin Costner,3 nominations total,"Jack Ryan, as a young covert CIA analyst, uncovers a Russian plot to crash the U.S. economy with a terrorist attack.",iTunes,
V0352,Jackass Presents: Bad Grandpa,2013,2013,92,6.5,99409,62,tt3063516,208134,R,Jackass Presents: Bad Grandpa Collection,Duringcreditsstinger,"[""Comedy""]",Jeff Tremaine,Johnny Knoxville,Georgina Cates | Jackson Nicoll | Johnny Knoxville,Nominated for 1 Oscar. 1 win & 10 nominations total,"86-year-old Irving Zisman is on a journey across America with the most unlikely companion: his 8 year-old grandson, Billy.",iTunes,
V0353,Jason Bourne,2016,2016,123,6.6,249669,55,tt4196776,324668,PG-13,The Bourne Collection,Assassin; central intelligence agency (cia); amnesia; casino; chase; greece; flashback; hacking; las vegas; black ops; rogue agent; armored vehicle; reykjavík | Iceland; hdd,"[""Action"",""Thriller""]",Paul Greengrass,Matt Damon,Alicia Vikander | Matt Damon | Tommy Lee Jones,3 wins & 20 nominations total,The most dangerous former operative of the CIA is drawn out of hiding to uncover hidden truths about his past.,iTunes,
V0354,Jaws,1975,1975,124,8.1,693111,97,tt0073195,578,PG,Jaws Collection,Dying and death; beach; based on novel or book; bathing; shipwreck; fishing; atlantic ocean; shark attack; police chief; ferry boat; animal attack; long island | New york; dead child; creature; skinny dipping; shark; great white shark; dead dog; killer shark; child killed by animal; fourth of july; severed leg; fishing boat; animal horror; shark cage,"[""Adventure"",""Horror"",""Thriller""]",Steven Spielberg,Roy Scheider,Richard Dreyfuss | Robert Shaw | Roy Scheider,Won 3 Oscars. 16 wins & 20 nominations total,"When the seaside community of Amity finds itself under attack by a dangerous great white shark, the town's chief of police, a young marine biologist, and a grizzled hunter embark on a desperate quest to destroy the beast before it strikes again.",iTunes,
V0355,Jigsaw,1962,1962,92,5.7,96030,32,tt3348730,93193,R,,Based on novel or book; police; detective; film noir; murder; brighton | England; british noir; procedure,"[""Crime"",""Drama"",""Mystery"",""Thriller""]",Val Guest,Jack Warner,Jack Warner | Michael Goodliffe | Yolande Donlan,,"A woman is found murdered in a seaside house along the coast from Brighton in the county of East Sussex, England. Local D.I. Fred Fellows and D.S. Jim Wilks lead an investigation methodically following up leads and clues mostly in Brighton and Hove but also further afield. _-= Based on the novel ""Sleep Long My Love"" by Hillary Waugh and Inspired by the Brighton Trunk Murders of the late 1930's =-_",Vudu,
V0356,John Wick,2014,2014,101,7.4,779324,86,tt2911666,245891,R,John Wick Collection,Hitman; bratva (russian mafia); gangster; secret organization; revenge; murder; dog; retired; widower,"[""Action"",""Thriller""]",Chad Stahelski,Keanu Reeves,Alfie Allen | Keanu Reeves | Michael Nyqvist,5 wins & 10 nominations total,Ex-hitman John Wick comes out of retirement to track down the gangsters that took everything from him.,iTunes,
V0357,John Wick: Chapter 2,2017,2017,122,7.4,538183,89,tt4425200,324552,R,John Wick Collection,Martial arts; assassin; hitman; italy; roof; secret organization; sequel; revenge; shootout; handshake; neo-noir; guns; dark; dogs; roof-top,"[""Action"",""Crime"",""Thriller""]",Chad Stahelski,Keanu Reeves,Common | Ian McShane | Keanu Reeves,4 wins & 10 nominations total,"John Wick is forced out of retirement by a former associate looking to seize control of a shadowy international assassins’ guild. Bound by a blood oath to aid him, Wick travels to Rome and does battle against some of the world’s most dangerous killers.",iTunes,
V0358,John Wick: Chapter 3 - Parabellum,2019,2019,130,7.4,452207,89,tt6146586,458156,R,John Wick Collection,Morocco; secret society; morocco; secret organization; black humor; sahara desert; sequel; organized crime; one man army; consequences; professional assassin; baba yaga; dog man friendship | New york city; martial arts; bratva (russian mafia); casablanca,"[""Action"",""Crime"",""Thriller""]",Chad Stahelski,Keanu Reeves,Halle Berry | Ian McShane | Keanu Reeves,18 wins & 29 nominations total,"Super-assassin John Wick returns with a $14 million price tag on his head and an army of bounty-hunting killers on his trail. After killing a member of the shadowy international assassin’s guild, the High Table, John Wick is excommunicado, but the world’s most ruthless hit men and women await his every turn.",iTunes,
V0359,John Wick: Chapter 4,2023,2023,169,7.6,375074,94,tt10366206,603692,R,John Wick Collection,Germany; hitman; sequel; organized crime; osaka | Japan; blindness; aftercreditsstinger; hunted; consequences; aggressive; professional assassin; neo-noir; suspenseful; tense; exhilarated; japanese mafia; japan style; located in japan | New york city; martial arts; berlin,"[""Action"",""Crime"",""Thriller""]",Chad Stahelski,Keanu Reeves,Bill Skarsgård | Donnie Yen | Keanu Reeves,38 wins & 53 nominations total,"With the price on his head ever increasing, John Wick uncovers a path to defeating The High Table. But before he can earn his freedom, Wick must face off against a new enemy with powerful alliances across the globe and forces that turn old friends into foes.",iTunes,
V0360,Joker,2019,2019,122,8.3,1601600,68,tt7286456,475557,R,Joker Collection,Dreams; street gang; society; psychopath; clown; villain; based on comic; murder; psychological thriller; criminal mastermind; mental illness; anarchy; character study; clown makeup; subway train; social realism; supervillain; tv host; 1980s; mother son relationship; origin story; falling into madness; frightened; pretentious,"[""Crime"",""Drama"",""Thriller""]",Todd Phillips,Joaquin Phoenix,Joaquin Phoenix | Robert De Niro | Zazie Beetz,Won 2 Oscars. 121 wins & 248 nominations total,"During the 1980s, a failed stand-up comedian is driven insane and turns to a life of crime and chaos in Gotham City while becoming an infamous psychopathic crime figure.",iTunes,
V0361,Joy,2015,2015,124,6.6,148979,61,tt2446980,274479,PG-13,,Factory; strong woman; inventor; biography; based on true story; new york state; entrepreneur; mop; 1990s; stolen patent,"[""Comedy"",""Drama""]",David O. Russell,Jennifer Lawrence,Bradley Cooper | Jennifer Lawrence | Robert De Niro,Nominated for 1 Oscar. 8 wins & 23 nominations total,A story based on the life of a struggling Long Island single mom who became one of the country's most successful entrepreneurs.,iTunes,
V0362,Joyeux Noel,2005,2005,116,7.6,33037,74,tt0424205,11661,PG-13,,World war i; based on true story; truce; opera singer; christmas; 1910s; trench warfare; no man's land; christmas eve,"[""Drama"",""History"",""Romance"",""War""]",Christian Carion,Diane Kruger,Benno Fürmann | Diane Kruger | Guillaume Canet,Nominated for 1 Oscar. 6 wins & 12 nominations total,"France, 1914, during World War I. On Christmas Eve, an extraordinary event takes place in the bloody no man's land that the French and the Scots dispute with the Germans…",iTunes,
V0363,Jumanji,1995,1995,104,7.1,394011,52,tt0113497,8844,PG,Jumanji Collection,Giant insect; board game; disappearance; jungle; recluse; stampede; based on young adult novel; mischievous,"[""Adventure"",""Family"",""Fantasy""]",Joe Johnston,Robin Williams,Bradley Pierce | Kirsten Dunst | Robin Williams,4 wins & 11 nominations total,"When siblings Judy and Peter discover an enchanted board game that opens the door to a magical world, they unwittingly invite Alan -- an adult who's been trapped inside the game for 26 years -- into their living room. Alan's only hope for freedom is to finish the game, which proves risky as all three find themselves running from giant rhinoceroses, evil monkeys and other terrifying creatures.",iTunes,
V0364,Jumanji: The Next Level,2019,2019,123,6.6,302010,72,tt7975244,512200,PG-13,Jumanji Collection,Magic; animal attack; body-swap; adventurer; superhuman strength; duringcreditsstinger; kids; action hero; trapped in a game,"[""Adventure"",""Comedy"",""Fantasy""]",Jake Kasdan,Dwayne Johnson,Dwayne Johnson | Jack Black | Kevin Hart,2 wins & 10 nominations total,"As the gang return to Jumanji to rescue one of their own, they discover that nothing is as they expect. The players will have to brave parts unknown and unexplored in order to escape the world’s most dangerous game.",iTunes,
V0365,Jumanji: Welcome to the Jungle,2017,2017,119,7.0,474861,77,tt2283362,353486,PG-13,Jumanji Collection,Video game; fighter; sequel; detention; explorer; based on movie; gaming; quest; cartographer; action hero; zoologist; based on young adult novel; trapped in a game,"[""Action"",""Adventure"",""Comedy"",""Family"",""Fantasy""]",Jake Kasdan,Dwayne Johnson,Dwayne Johnson | Jack Black | Kevin Hart,5 wins & 15 nominations total,"Four teenagers in detention discover an old video game console with a game they’ve never heard of. When they decide to play, they are immediately sucked into the jungle world of Jumanji in the bodies of their avatars. They’ll have to complete the adventure of their lives filled with fun, thrills and danger or be stuck in the game forever!",iTunes,
V0366,Jumper,2008,2008,88,6.1,330764,15,tt0489099,8247,PG-13,,Adolescence; based on novel or book; teleportation; chase; fight; loss of loved one; motherly love; super power; dramatic; suspenseful; incredulous; complicated,"[""Action"",""Adventure"",""Science Fiction""]",Doug Liman,Hayden Christensen,Hayden Christensen | Jamie Bell | Samuel L. Jackson,2 wins & 5 nominations total,"David Rice is a man who knows no boundaries, a Jumper, born with the uncanny ability to teleport instantly to anywhere on Earth. When he discovers others like himself, David is thrust into a dangerous and bloodthirsty war while being hunted by a sinister and determined group of zealots who have sworn to destroy all Jumpers. Now, David’s extraordinary gift may be his only hope for survival!",iTunes,
V0367,Jurassic Park,1993,1993,127,8.2,1115662,91,tt0107290,329,PG-13,Jurassic Park Collection,Exotic island; island; triceratops; brontosaurus; electric fence; dna; tyrannosaurus rex; paleontology; dinosaur; amusement park; theme park,"[""Adventure"",""Science Fiction""]",Steven Spielberg,Sam Neill,Jeff Goldblum | Laura Dern | Sam Neill,Won 3 Oscars. 44 wins & 28 nominations total,"A wealthy entrepreneur secretly creates a theme park featuring living dinosaurs drawn from prehistoric DNA. Before opening day, he invites a team of experts and his two eager grandchildren to experience the park and help calm anxious investors. However, the park is anything but amusing as the security systems go off-line and the dinosaurs escape.",iTunes,
V0368,Jurassic Park III,2001,2001,92,5.9,352096,49,tt0163025,1200709,PG-13,,,"[""Documentary""]",Laurent Bouzereau,,,5 wins & 16 nominations total,"A very in depth look at the making of the movie, a look at the special effects and animatronics made for the motion picture, Jurassic Park III (2001). Interviews with the cast and crew give us a sneak peek at the film. The movie used many different new dinosaurs compared to the first two films, here they examine how they'll look in the final product",iTunes,
V0369,Jurassic World,2015,2015,124,6.9,693345,72,tt0369610,135397,PG-13,Jurassic Park Collection,Island; primal fear; escape; velociraptor; dna; tyrannosaurus rex; animal attack; sequel; dinosaur; creature; park; amusement park; theme park; genetic engineering; raptor; animal horror; mosasaurus,"[""Action"",""Adventure"",""Science Fiction"",""Thriller""]",Colin Trevorrow,Chris Pratt,Bryce Dallas Howard | Chris Pratt | Irrfan Khan,15 wins & 58 nominations total,"Twenty-two years after the events of Jurassic Park, Isla Nublar now features a fully functioning dinosaur theme park, Jurassic World, as originally envisioned by John Hammond.",iTunes,
V0370,Jurassic World Dominion,2022,2022,147,5.6,222065,29,tt8041270,507086,PG-13,Jurassic Park Collection,Paleontology; giant monster; sequel; survival; dinosaur; scientist; child kidnapping; jurassic; animal sanctuary; science goes awry,"[""Action"",""Adventure"",""Science Fiction""]",Colin Trevorrow,Chris Pratt,Bryce Dallas Howard | Chris Pratt | Laura Dern,1 win & 26 nominations total,"Four years after Isla Nublar was destroyed, dinosaurs now live—and hunt—alongside humans all over the world. This fragile balance will reshape the future and determine, once and for all, whether human beings are to remain the apex predators on a planet they now share with history's most fearsome creatures.",iTunes,
V0371,Jurassic World: Fallen Kingdom,2018,2018,128,6.1,359089,47,tt4881806,351286,PG-13,Jurassic Park Collection,Tyrannosaurus rex; volcano; rescue mission; sequel; wild animal; prehistoric creature; dinosaur; genetic engineering; aftercreditsstinger; monster island,"[""Action"",""Adventure"",""Science Fiction"",""Thriller""]",J.A. Bayona,Chris Pratt,Bryce Dallas Howard | Chris Pratt | Rafe Spall,5 wins & 26 nominations total,"Three years after Jurassic World was destroyed, Isla Nublar now sits abandoned. When the island's dormant volcano begins roaring to life, Owen and Claire mount a campaign to rescue the remaining dinosaurs from this extinction-level event.",iTunes,
V0372,Justice League,2017,2017,120,6.1,486646,39,tt0974015,141052,PG-13,,Superhero; based on comic; super power; superhero team; aftercreditsstinger; duringcreditsstinger; dc extended universe (dceu),"[""Action"",""Adventure"",""Science Fiction""]",Zack Snyder,Ben Affleck,Amy Adams | Ben Affleck | Henry Cavill,2 wins & 15 nominations total,"Fuelled by his restored faith in humanity and inspired by Superman's selfless act, Bruce Wayne and Diana Prince assemble a team of metahumans consisting of Barry Allen, Arthur Curry and Victor Stone to face the catastrophic threat of Steppenwolf and the Parademons who are on the hunt for three Mother Boxes on Earth.",iTunes,
V0373,Kick-Ass,2010,2010,117,7.6,608378,78,tt1250777,23483,R,Kick-Ass Collection,Hero; secret identity; crime fighter; superhero; dark comedy; comic book; based on comic; murder; mafia; family; realism; mist; adventurer; rookie; young heroes; young adult; criminal heroes; heroes; pretending to be gay; hilarious; intense; powerful,"[""Action"",""Crime""]",Matthew Vaughn,Aaron Taylor-Johnson,Aaron Taylor-Johnson | Chloë Grace Moretz | Nicolas Cage,19 wins & 63 nominations total,"Dave Lizewski is an unnoticed high school student and comic book fan who one day decides to become a super-hero, even though he has no powers, training or meaningful reason to do so.",iTunes,
V0374,Kick-Ass 2,2013,2013,103,6.5,293420,33,tt1650554,59859,R,Kick-Ass Collection,Secret identity; crime fighter; superhero; based on comic; aftercreditsstinger; teen superhero; amused; appreciative; forceful,"[""Action"",""Adventure"",""Crime""]",Jeff Wadlow,Aaron Taylor-Johnson,Aaron Taylor-Johnson | Chloë Grace Moretz | Christopher Mintz-Plasse,1 win & 9 nominations total,"After Kick-Ass’ insane bravery inspires a new wave of self-made masked crusaders, he joins a patrol led by the Colonel Stars and Stripes. When these amateur superheroes are hunted down by Red Mist — reborn as The Mother Fucker — only the blade-wielding Hit-Girl can prevent their annihilation.",iTunes,
V0375,Kickboxer,1989,1989,97,6.4,62835,36,tt0097659,10222,R,Kickboxer Collection,Martial arts; showdown; rape; sibling relationship; sports; fight; wheelchair; bangkok | Thailand; thailand; phuket; muay thai; kick boxing; revenge; action hero; defiant,"[""Action"",""Drama"",""Thriller""]","David Worth, Mark DiSalle",Jean-Claude Van Damme,Dennis Alexio | Dennis Chan Kwok-San | Jean-Claude Van Damme,,"If your enemy refuses to be humbled... Destroy him. Accompanied by his brother Kurt, American kickboxing champion Eric Sloane, arrives in Thailand to defeat the Eastern warriors at their own sport. His opponent: ruthless fighter and Thai champion, Tong Po. Tong not only defeats Eric, he paralyzes him for life. Crazed with anger, Kurt vows revenge.",iTunes,
V0376,Kill Bill: Volume 1,2003,2003,,,,,,24,,Kill Bill Collection,Martial arts; japan; kung fu; showdown; coma; sword; asia; yakuza; bride; sword fight; revenge; vigilante; female yakuza; animated scene; wedding; samurai sword; eye patch; retribution; somber; pessimistic,"[""Action"",""Crime""]",Quentin Tarantino,,,,"An assassin is shot by her ruthless employer, Bill, and other members of their assassination circle – but she lives to plot her vengeance.",iTunes,
V0377,Kill Bill: Volume 2,2004,2004,26,7.2,1251,,tt0422704,393,,Kill Bill Collection,Daughter; martial arts; kung fu; showdown; right and justice; rage and hate; sibling relationship; swordplay; katana; mother role; single; sword fight; revenge; vigilante; retribution; aftercreditsstinger; duringcreditsstinger; reflective; kill bill; hilarious,"[""Action"",""Crime"",""Thriller""]",Quentin Tarantino,,,,"The Bride unwaveringly continues on her roaring rampage of revenge against the band of assassins who had tried to kill her and her unborn child. She visits each of her former associates one-by-one, checking off the victims on her Death List Five until there's nothing left to do … but kill Bill.",iTunes,
V0378,Killers,2010,2010,100,5.5,97570,10,tt1103153,37821,PG-13,,Assassin; hitman; contract killer; whirlwind romance; action comedy,"[""Action"",""Comedy"",""Romance"",""Thriller""]",Robert Luketic,Ashton Kutcher,Ashton Kutcher | Katherine Heigl | Tom Selleck,2 wins & 3 nominations total,"When an elite assassin marries a beautiful computer whiz after a whirlwind romance, he gives up the gun and settles down with his new bride. That is, until he learns that someone from his past has put a contract out on his life.",Vudu,
V0379,Killers of the Flower Moon,2023,2023,206,7.6,276504,93,tt5537002,466420,R,,Husband wife relationship; based on novel or book; war veteran; fbi; greed; oklahoma; manipulation; native american; based on true story; murder; racism; series of murders; genocide; period drama; courtroom; guilt; true crime; oil industry; death of sister; catholicism; uncle nephew relationship; catholic guilt; shocking; 1920s; candid; grim; osage indian; gullibility; poisoning; complex; diabetes; revisionist western; cautionary; meta; grand; factual; western; depressing; empathetic; harsh; tragic,"[""Crime"",""Drama"",""History""]",Martin Scorsese,Leonardo DiCaprio,Leonardo DiCaprio | Lily Gladstone | Robert De Niro,Nominated for 10 Oscars. 136 wins & 427 nominations total,"When oil is discovered in 1920s Oklahoma under Osage Nation land, the Osage people are murdered one by one—until the FBI steps in to unravel the mystery.",iTunes,
V0380,Kingdom of the Planet of the Apes,2024,2024,145,6.9,152227,80,tt11389872,653346,PG-13,Planet of the Apes (Reboot) Collection,Empire; kingdom; gorilla; dystopia; post-apocalyptic future; eagle; sequel; anthropomorphism; distant future; ape; orangutan; evolution; chimpanzee; primate; sign languages; journey; cgi-live action hybrid; evil tyrant,"[""Action"",""Adventure"",""Drama"",""Science Fiction"",""Thriller""]",Wes Ball,Owen Teague,Freya Allan | Kevin Durand | Owen Teague,Nominated for 1 Oscar. 4 wins & 61 nominations total,"Several generations following Caesar's reign, apes – now the dominant species – live harmoniously while humans have been reduced to living in the shadows. As a new tyrannical ape leader builds his empire, one young ape undertakes a harrowing journey that will cause him to question all he's known about the past and to make choices that will define a future for apes and humans alike.",iTunes,
V0381,Kingsman: The Golden Circle,2017,2017,141,6.7,382193,51,tt4649466,343668,R,Kingsman Collection,Saving the world; spy; europe; sequel; secret government organization; agent; statesman; amused; excited,"[""Action"",""Adventure"",""Comedy"",""Crime"",""Science Fiction"",""Thriller""]",Matthew Vaughn,Taron Egerton,Colin Firth | Julianne Moore | Taron Egerton,2 wins & 14 nominations total,"When an attack on the Kingsman headquarters takes place and a new villain rises, Eggsy and Merlin are forced to work together with the American agency known as the Statesman to save the world.",iTunes,
V0382,Kingsman: The Secret Service,2015,2015,129,7.7,751287,75,tt2802144,207703,R,Kingsman Collection,Great britain; spy; secret organization; secret agent; based on comic; united kingdom; duringcreditsstinger; amused; excited,"[""Action"",""Adventure"",""Comedy"",""Crime""]",Matthew Vaughn,Taron Egerton,Colin Firth | Samuel L. Jackson | Taron Egerton,,The story of a super-secret spy organization that recruits an unrefined but promising street kid into the agency's ultra-competitive training program just as a global threat emerges from a twisted tech genius.,iTunes,
V0383,Knives Out,2019,2019,130,7.9,814026,97,tt8946378,546554,PG-13,Knives Out Collection,Immigrant; detective; massachusetts; investigation; big family; mansion; whodunit; family home; murder mystery; neo-noir; privilege; absurd,"[""Comedy"",""Crime"",""Mystery""]",Rian Johnson,Daniel Craig,Ana de Armas | Chris Evans | Daniel Craig,Nominated for 1 Oscar. 52 wins & 116 nominations total,"When renowned crime novelist Harlan Thrombey is found dead at his estate just after his 85th birthday, the inquisitive and debonair Detective Benoit Blanc is mysteriously enlisted to investigate. From Harlan's dysfunctional family to his devoted staff, Blanc sifts through a web of red herrings and self-serving lies to uncover the truth behind Harlan's untimely death.",iTunes,
V0384,Kong: Skull Island,2017,2017,118,6.7,362341,76,tt3731562,293167,PG-13,Kong Collection,Vietnam veteran; island; monster; 1970s; expedition; giant monster; giant spider; creature; spin off; u.s. soldier; giant animal; kaiju; aftercreditsstinger; giant ape; monster island; water buffalo; uncharted; king kong,"[""Action"",""Adventure"",""Fantasy""]",Jordan Vogt-Roberts,Tom Hiddleston,John Goodman | Samuel L. Jackson | Tom Hiddleston,Nominated for 1 Oscar. 1 win & 22 nominations total,"Explore the mysterious and dangerous home of the king of the apes as a team of explorers ventures deep inside the treacherous, primordial island.",iTunes,
V0385,Krampus,2015,2015,98,6.2,90133,66,tt3850590,287903,PG-13,,Legends or folklore; christmas; bad kids; holiday horror | Winter; holiday; santa claus; snowstorm; flashback; fireplace; snow; creature; power outage; destruction; demon; blizzard; based on myths,"[""Comedy"",""Fantasy"",""Horror""]",Michael Dougherty,Emjay Anthony,Adam Scott | Emjay Anthony | Toni Collette,5 wins & 14 nominations total,"When his dysfunctional family clashes over the holidays, young Max is disillusioned and turns his back on Christmas.  Little does he know, this lack of festive spirit has unleashed the wrath of Krampus: a demonic force of ancient evil intent on punishing non-believers.",iTunes,
V0386,La La Land,2016,2016,128,8.0,717993,91,tt3783958,313369,PG-13,,California; pianist; pier; audition; valentine's day; planetarium; aspiring actor; movie set; sunset; one woman show; pool party; griffith observatory; romantic; exuberant; tragic | Dancing; dance; jazz; musical; ambition; casting; coffee shop; jazz club; traffic jam; hollywood; los angeles,"[""Comedy"",""Drama"",""Music"",""Romance""]",Damien Chazelle,Ryan Gosling,Emma Stone | John Legend | Ryan Gosling,Won 6 Oscars. 242 wins & 307 nominations total,"Mia, an aspiring actress, serves lattes to movie stars in between auditions and Sebastian, a jazz musician, scrapes by playing cocktail party gigs in dingy bars, but as success mounts they are faced with decisions that begin to fray the fragile fabric of their love affair, and the dreams they worked so hard to maintain in each other threaten to rip them apart.",iTunes,
V0387,Labor Day,2013,2013,111,6.9,53368,34,tt1967545,130150,PG-13,,Based on novel or book; country house; suspicion; loss; escaped convict; single mother; tragic event; divorcee; teenage boy; recluse; father figure; life changing; depressed mom; police search; mother son relationship,"[""Drama"",""Romance"",""Thriller""]",Jason Reitman,Kate Winslet,Gattlin Griffith | Josh Brolin | Kate Winslet,6 nominations total,Two two strangers are drawn together under incredible circumstances. What starts as an unforeseen encounter over a long holiday weekend soon becomes a second chance love story.,iTunes,
V0388,Labyrinth,2024,2024,101,7.3,157262,77,tt0091369,1279315,PG,,,"[""Drama"",""Fantasy""]",Ella Crane,Gemma Burton,Gemma Burton | Genevieve Murray | Yolanda Cai,,"Sofia a 18 year-old girl finds herself in a situation that leaves her dazed and  confused. She has taken something, and ended up in what seems like planet Earth,  but apparently is not. On her journey she is met with a majestical being, an angel  that is set to help them through the memories of her past. Although, she soon finds  out the truth of this world, and where she is heading to. Sofia is on her own to find  her way out, and remember the painful memories of her impulsive choices.",iTunes,
V0389,Lara Croft Tomb Raider: The Cradle of Life,2003,2003,117,5.5,147526,24,tt0325703,1996,PG-13,Tomb Raider Collection,China; riddle; ex-lover; greece; kazakhstan; mercenary; earthquake; chinese mafia; treasure hunt; alexander the great; pandora's box; kenya; scuba diving; female protagonist; hong kong; mi6; scientist; underwater; heiress; archaeologist; based on video game; aristocrat; antidote; great wall of china; crime syndicate; bio terrorism; mythical artifact; weapons training; archaeology; good vs evil | Medallion; biological weapon; shanghai,"[""Action"",""Adventure"",""Fantasy"",""Thriller""]",Jan de Bont,,,1 win & 3 nominations total,"Off the coast of the volcanic island of Santorini, the intrepid archaeologist Lara Croft makes the unexpected discovery of a pulsating golden orb able to guide its holder to the mythical Pandora's Box. As the legendary artifact contains ancient mysteries of unfathomable power - said to contain one of the deadliest plagues on Earth, Lara is tasked by MI6 to make sure it doesn't fall into the wrong hands. With the aid of former Marine turned mercenary Terry Sheridan, she travels the world in pursuit of the precious item in a race against time; she must beat the unscrupulous Nobel Prize-winning scientist turned bioterrorist, Jonathan Reiss, to it.",iTunes,
V0390,Lara Croft: Tomb Raider,2001,2001,100,5.8,223482,20,tt0146316,1995,PG-13,Tomb Raider Collection,England; buddhist monk; planetary alignment; angkor wat; illuminati; william blake; steampunk; female protagonist; heiress; archaeologist; based on video game; aristocrat; sled dogs; relic; dead father; siberia; archeology; animate statue; lunar eclipse; tomb raiding | London,"[""Action"",""Adventure"",""Fantasy"",""Thriller""]",Simon West,Angelina Jolie,Angelina Jolie | Daniel Craig | Iain Glen,4 wins & 21 nominations total,"Orphaned heiress, English aristocrat and intrepid archaeologist, Lara Croft, embarks on a dangerous quest to retrieve the two halves of an ancient artifact which controls time before it falls into the wrong hands. As an extremely rare planetary alignment is about to occur for the first time in 5,000 years, the fearless tomb raider will have to team up with rival adventurers and sworn enemies to collect the pieces, while time is running out. But, in the end, who can harness the archaic talisman's unlimited power?",iTunes,
V0391,Lawless,2012,2012,116,7.2,258482,67,tt1212450,82633,R,,Corruption; based on novel or book; prohibition era; brother; gangster; great depression; appalachia; bootlegging; shootout; brutality; church; moonshine; virginia; 1930s; lawman; brothers; violence,"[""Crime"",""Drama"",""Western""]",John Hillcoat,Shia LaBeouf,Gary Oldman | Shia LaBeouf | Tom Hardy,1 win & 8 nominations total,"In 1931, the Bondurant brothers of Franklin County, Virginia, run a multipurpose backwoods establishment that hides their true business — bootlegging. Middle brother Forrest is the brain of the operation; older Howard is the brawn, and younger Jack, the lookout. Though the local police have taken bribes and left the brothers alone, a violent war erupts when a sadistic lawman from Chicago arrives and tries to shut down the Bondurants operation.",iTunes,
V0392,Legally Blonde,2001,2001,96,6.5,263938,72,tt0250494,8835,PG-13,Legally Blonde Collection,Father murder; blonde; superficiality; beauty salon; law school; murder; cynical; girl power; toy dog; chihuahua dog; blonde stereotype; proving oneself; murder confession,"[""Comedy"",""Romance""]",Robert Luketic,Reese Witherspoon,Luke Wilson | Reese Witherspoon | Selma Blair,6 wins & 14 nominations total,"Fashionable sorority queen Elle Woods has it all, but, she wants nothing more than to be Mrs. Warner Huntington III. But he dumps her before heading to Harvard Law School. Elle rallies all of her resources and gets into Harvard, determined to win him back. While there, she figures out that there is more to herself than just good looks.",iTunes,
V0393,"Legally Blonde 2: Red, White and Blonde",2003,2003,,,,,,10327,,Legally Blonde Collection,Massachusetts; chambers of a barrister; blonde; sequel; beauty salon; animal rights; lawyer; toy dog; animal testing; chihuahua dog; blonde stereotype | Usa; politics; boston | Washington dc,"[""Comedy"",""Romance""]",Charles Herman-Wurmfeld,,,,"Now a rising young lawyer, Elle Woods is about to make partner at her firm, but when she finds out her dog's relatives are being used as cosmetic test subjects, she heads to Washington D.C. to fight for animal rights.",iTunes,
V0394,Les Misérables (2012),1995,1995,,,,,,,,,,"[""Drama"",""History""]",Not Found,,,,"In France during World War II, a poor and illiterate man, Henri Fortin, is introduced to Victor Hugo's classic novel Les Misérables and begins to see parallels between the book and his own life.",iTunes,
V0395,Let's Be Cops,2014,2014,104,6.4,141849,19,tt1924435,193893,R,,California; buddy cop; lying; guns; playful; absurd; hilarious; admiring; adoring; amused; celebratory; familiar | Robbery; corruption; police; kidnapping; nightclub; investigation; affectation; male friendship; flashback; murder; mobster; police impersonator; los angeles,"[""Comedy""]",Luke Greenfield,Jake Johnson,Damon Wayans Jr. | Jake Johnson | Rob Riggle,2 nominations total,"Best pals Ryan and Justin are stalled in their respective careers -- a fact that is painfully driven home when they go to a college reunion. Dressed as police in the mistaken belief that they were to attend a costume party, Ryan and Justin find that the uniforms earn them much respect and attention. Although Justin is uncomfortable with the idea, Ryan decides to continue with the charade, putting them both in increasingly dangerous situations. When these newly-minted “heroes” get tangled in a real life web of mobsters and dirty detectives, they must put their fake badges on the line.",iTunes,
V0396,Lethal Weapon,1987,1987,109,7.6,285860,80,tt0093409,941,R,Lethal Weapon Collection,California; police detective; ex soldier; wisecrack humor; buddy cop; lapd; maverick cop; homicide detective; christmas; death of wife; action hero; shooting; cops; critical | Showdown; police; self-destruction; mixed martial arts (mma); los angeles,"[""Action"",""Adventure"",""Comedy"",""Crime"",""Thriller""]",Richard Donner,Mel Gibson,Danny Glover | Gary Busey | Mel Gibson,Nominated for 1 Oscar. 5 wins & 3 nominations total,"Buttoned-down veteran LAPD detective Roger Murtaugh is partnered with unhinged cop Martin Riggs, who — distraught after his wife's death — has a death wish and takes unnecessary risks with criminals at every turn. The odd couple embark on their first homicide investigation as partners, involving a young woman known to Murtaugh with ties to a drug and prostitution ring.",iTunes,
V0397,Lexi,2022,2022,79,4.3,1204,,tt13451112,930791,,,Mockumentary; found footage,"[""Horror"",""Mystery"",""Thriller""]",Victoria Vertuga,Victoria Vertuga,Maya Zapata | Thomas Hobson | Victoria Vertuga,,"“Laughing Lexi” has gone missing. As the tale unfolds, the story of what really happened becomes stranger than fiction.",Vudu,
V0398,Liar Liar,1997,1997,86,6.9,348656,83,tt0119528,1624,PG-13,,California; workaholic; birthday; truth; lie; wish; legal drama,"[""Comedy""]",Tom Shadyac,Jim Carrey,Jim Carrey | Justin Cooper | Maura Tierney,4 wins & 6 nominations total,"Forced by his son's birthday wish, fast-talking attorney and habitual liar Fletcher Reede must tell the truth for the next 24 hours.",iTunes,
V0399,Life,2017,2017,104,6.6,265743,68,tt5442430,395992,R,,Planet mars; alien life-form; space; astronaut; space station; intelligent; trapped in space; extraterrestrial life; alien on board; death of astronaut; cliché,"[""Horror"",""Mystery"",""Science Fiction"",""Thriller""]",Daniel Espinosa,Jake Gyllenhaal,Jake Gyllenhaal | Rebecca Ferguson | Ryan Reynolds,7 nominations total,"The six-member crew of the International Space Station is tasked with studying a sample from Mars that may be the first proof of extra-terrestrial life, which proves more intelligent than ever expected.",iTunes,
V0400,Lights Out,2013,2013,81,6.3,146846,75,tt4786282,259761,PG-13,,Short film,"[""Horror""]",David F. Sandberg,Lotta Losten,Lotta Losten,1 win & 1 nomination,"A woman prepares for bed, but realizes that something may be lurking in the shadows.",iTunes,
V0401,Limitless,2011,2011,105,7.4,628391,68,tt1219289,51876,PG-13,,New york city; medicine; politician; iq; pill; stalking; superhuman; writer; drugs; threat; knowledge; nootropics; mind booster,"[""Mystery"",""Science Fiction"",""Thriller""]",Neil Burger,Bradley Cooper,Abbie Cornish | Bradley Cooper | Robert De Niro,2 wins & 8 nominations total,The life of an unsuccessful writer is transformed by a top-secret 'smart drug' that allows him to use 100% of his brain and become a perfect version of himself. His enhanced abilities soon attract shadowy forces that threaten his new life.,iTunes,
V0402,Lincoln,2012,2012,150,7.3,278651,89,tt0443272,72976,PG-13,,Mutiny; usa president; based on true story; speech; battlefield; historical fiction; family conflict; american civil war; cultural conflict; battle of gettysburg; secession; gettysburg address; conflagration; ethical dilemma; emancipation; 19th century; abraham lincoln; abraham; america; assertive,"[""Drama"",""History""]",Steven Spielberg,Daniel Day-Lewis,Daniel Day-Lewis | David Strathairn | Sally Field,Won 2 Oscars. 107 wins & 251 nominations total,"The revealing story of the 16th US President's tumultuous final months in office. In a nation divided by war and the strong winds of change, Lincoln pursues a course of action designed to end the war, unite the country and abolish slavery. With the moral courage and fierce determination to succeed, his choices during this critical moment will change the fate of generations to come.",iTunes,
V0403,Little Boy (2015),2015,2015,,,,,,,,,,"[""Comedy"",""Drama"",""War""]",Not Found,,,,An eight-year-old boy is willing to do whatever it takes to end World War II so he can bring his father home. The story reveals the indescribable love a father has for his little boy and the love a son has for his father.,iTunes,
V0404,Little Fockers,2010,2010,98,5.5,122543,9,tt0970866,39451,PG-13,Meet the Parents Collection,Nurse; cat; father-in-law; vomit; viagra; overbearing father; duringcreditsstinger,"[""Comedy"",""Romance""]","Paul Weitz, Greg Glienna",Robert De Niro,Ben Stiller | Owen Wilson | Robert De Niro,3 wins & 5 nominations total,"It has taken 10 years, two little Fockers with wife Pam and countless hurdles for Greg to finally get in with his tightly wound father-in-law, Jack. After the cash-strapped dad takes a job moonlighting for a drug company, Jack's suspicions about his favorite male nurse come roaring back. When Greg and Pam's entire clan descends for the twins' birthday party, Greg must prove to the skeptical Jack that he's fully capable as the man of the house.",iTunes,
V0405,Live Die Repeat: Edge of Tomorrow,2014,2014,,,,,,137113,,,Deja vu; based on novel or book; restart; military officer; dystopia; affectation; training; alien; time loop; soldier; alien invasion; war hero; exoskeleton; frantic; thoughtful; somber; complex; anxious; soldiers; war; intimate; understated; sentimental; intense; romantic; admiring; adoring; audacious; commanding; defiant; dignified; earnest; empathetic; hopeful; sincere; 2020s,"[""Action"",""Science Fiction""]",Doug Liman,,,,"Major Bill Cage is an officer who has never seen a day of combat when he is unceremoniously demoted and dropped into combat. Cage is killed within minutes, managing to take an alpha alien down with him. He awakens back at the beginning of the same day and is forced to fight and die again... and again - as physical contact with the alien has thrown him into a time loop.",iTunes,
V0406,Live Free or Die Hard,2007,2007,128,7.1,428464,82,tt0337978,1571,PG-13,Die Hard Collection,Helicopter; washington dc | Newspaper or article; father daughter relationship; algorithm; computer hacker | Usa; hostage; detective; fbi; genius; sarcasm; parkour; traffic chaos; sequel; hacking; power outage; police detective; nypd; federal agent; fourth of july; media manipulation; nsa agent; cyber terrorism; police escort; homeland security; assassination team; electric power station; based on magazine,"[""Action"",""Thriller""]",Len Wiseman,Bruce Willis,Bruce Willis | Justin Long | Timothy Olyphant,3 wins & 16 nominations total,"John McClane is back and badder than ever, and this time he calls on the services of a young hacker in his bid to stop a ring of Internet terrorists intent on taking control of America's computer infrastructure.",iTunes,
V0407,Lockout,2012,2012,95,6.0,101774,38,tt1592525,81796,PG-13,,Future; usa president; anti hero; dementia; space; convict; interrogation; space station; collision in space; 2070s,"[""Action"",""Science Fiction"",""Thriller""]","Stephen St. Leger, James Mather",Guy Pearce,Guy Pearce | Maggie Grace | Vincent Regan,1 nomination total,"Set in the near future, Lockout follows a falsely convicted ex-government agent , whose one chance at obtaining freedom lies in the dangerous mission of rescuing the President's daughter from rioting convicts at an outer space maximum security prison.",iTunes,
V0408,Logan,2017,2017,137,8.1,882870,93,tt3315342,263115,R,The Wolverine Collection,Future; experiment; immortality; self-destruction; cyborg; dystopia; superhero; mutant; road trip; based on comic; sequel; super power; neo-western; troubled past; aging superhero; life on the margin; dramatic; antagonistic; dignified,"[""Action"",""Drama"",""Science Fiction""]",James Mangold,Hugh Jackman,Dafne Keen | Hugh Jackman | Patrick Stewart,Nominated for 1 Oscar. 28 wins & 82 nominations total,"In the near future, a weary Logan cares for an ailing Professor X in a hideout on the Mexican border. But Logan's attempts to hide from the world and his legacy are upended when a young mutant arrives, pursued by dark forces.",iTunes,
V0409,London Has Fallen,2016,2016,99,5.9,174913,28,tt3300542,267860,R,Has Fallen Collection,England; usa president; terrorism; political assassination; terrorist attack | London,"[""Action"",""Thriller""]",Babak Najafi,Gerard Butler,Aaron Eckhart | Angela Bassett | Gerard Butler,1 win & 3 nominations total,"In London for the Prime Minister's funeral, Mike Banning discovers a plot to assassinate all the attending world leaders.",iTunes,
V0410,Lone Survivor,2013,2013,121,7.5,314539,75,tt1091191,193756,R,,Based on novel or book; fight; afghanistan; biography; taliban; survival; u.s. navy seal; military; dangerous mission; soldiers; bold,"[""Action"",""Drama"",""War""]",Peter Berg,Mark Wahlberg,Emile Hirsch | Mark Wahlberg | Taylor Kitsch,Nominated for 2 Oscars. 6 wins & 16 nominations total,"Four Navy SEALs on a covert mission to neutralize a high-level Taliban operative must make an impossible moral decision in the mountains of Afghanistan that leads them into an enemy ambush. As they confront unthinkable odds, the SEALs must find reserves of strength and resilience to fight to the finish.",iTunes,
V0411,Long Shot,2017,2017,125,6.8,125622,82,tt2139881,477331,R,,True crime; short film,"[""Crime"",""Documentary""]",Jacob LaMendola,Juan Catalan,Juan Catalan | Tim Gibbons | Todd Melnik,1 win & 3 nominations total,"When Juan Catalan is arrested for a murder he insists he didn't commit, he builds his case for innocence around unexpected raw footage.",iTunes,
V0412,Love Actually,2003,2003,135,7.6,555566,64,tt0314331,508,R,,England; usa president; rock star; school performance; love at first sight; holiday; war on terror; marseille | France; office; christmas party; language barrier; prime minister; press conference; bars and restaurants; valentine's day; heathrow airport; multiple storylines; christmas; lighthearted | London,"[""Comedy"",""Drama"",""Romance""]",Richard Curtis,Hugh Grant,Alan Rickman | Emma Thompson | Hugh Grant,Won 1 BAFTA Award11 wins & 29 nominations total,Eight very different couples deal with their love lives in various loosely interrelated tales all set during a frantic month before Christmas in London.,iTunes,
V0413,Love and Monsters,2020,2020,109,6.9,150442,94,tt2222042,590223,PG-13,,Monster; bunker; post-apocalyptic future; coming of age; mutant animal; psychotronic; giant crab; teenager,"[""Action"",""Adventure"",""Comedy"",""Fantasy"",""Science Fiction""]",Michael Matthews,Dylan O'Brien,Dylan O'Brien | Jessica Henwick | Michael Rooker,Nominated for 1 Oscar. 1 win & 4 nominations total,"Seven years since the Monsterpocalypse began, Joel Dawson has been living underground in order to survive. But after reconnecting over radio with his high school girlfriend Aimee, Joel decides to venture out to reunite with her, despite all the dangerous monsters that stand in his way.",iTunes,
V0414,"Love, Simon",2018,2018,110,7.5,130092,92,tt5164432,449176,PG-13,,Coming out; sexual identity; high school; based on novel or book; sexuality; class; coming of age; bully; love; teen movie; male homosexuality; lgbt; lgbt teen; based on young adult novel; gay theme; boys' love (bl),"[""Comedy"",""Drama"",""Romance""]",Greg Berlanti,Nick Robinson,Alexandra Shipp | Logan Miller | Nick Robinson,9 wins & 31 nominations total,"Everyone deserves a great love story, but for 17-year-old Simon Spier, it's a little more complicated. He hasn't told his family or friends that he's gay, and he doesn't know the identity of the anonymous classmate that he's fallen for online.",iTunes,
V0415,Lucy,2014,2014,89,6.4,555707,67,tt2872732,240832,R,Lucy Collection,Artificial intelligence (a.i.); telepathy; intelligence; drug mule; telekinesis; futuristic; drugs; super power; tough girl; surgery; brain capacity; synthetic drug; human brain,"[""Action"",""Science Fiction""]",Luc Besson,Scarlett Johansson,Choi Min-sik | Morgan Freeman | Scarlett Johansson,1 win & 12 nominations total,"A woman, accidentally caught in a dark deal, turns the tables on her captors and transforms into a merciless warrior evolved beyond human logic.",iTunes,
V0416,M3GAN,2022,2022,102,6.3,157200,93,tt8760708,536554,PG-13,M3GAN Collection,Artificial intelligence (a.i.); killer robot; aunt niece relationship; evil doll; orphan; car accident; niece; robot; juvenile delinquent; doll; information leak; dead dog; nosy neighbor; hit by a car; dead parents; attacked by a dog; creepy doll; possessed doll; android horror,"[""Horror"",""Science Fiction""]",Gerard Johnstone,Jenna Davis,Allison Williams | Jenna Davis | Violet McGraw,4 wins & 31 nominations total,"A brilliant toy company roboticist uses artificial intelligence to develop M3GAN, a life-like doll programmed to emotionally bond with her newly orphaned niece. But when the doll's programming works too well, she becomes overprotective of her new friend with terrifying results.",iTunes,
V0417,Ma (2019),2019,2019,,,,,,1074284,,,,"[""Horror"",""Thriller""]",Unknown,,,,"Sue Ann is a loner who keeps to herself in her quiet Ohio town. One day, she is asked by Maggie, a new teenager in town, to buy some booze for her and her friends, and Sue Ann sees the chance to make some unsuspecting, if younger, friends of her own.",iTunes,
V0418,Mad Max,1979,1979,88,6.8,236449,89,tt0079501,9659,R,Mad Max Collection,Australia; petrol; baby; chain; dystopia; post-apocalyptic future; exploitation; villain; bridge; matter of life and death; benzine; biker; cop; partner; truck; vigilante; gasoline; motorcycle; motorcycle gang; exploding car; psychotic; adventurer; angry; hostile; aggressive; action hero; out of fuel; good versus evil; violence; antagonistic; forceful; harsh; ominous; urgent; fuel shortage,"[""Action"",""Adventure"",""Science Fiction"",""Thriller""]",George Miller,Mel Gibson,Hugh Keays-Byrne | Joanne Samuel | Mel Gibson,6 wins & 8 nominations total,"In the ravaged near-future, a savage motorcycle gang rules the road. Terrorizing innocent civilians while tearing up the streets, the ruthless gang laughs in the face of a police force hell-bent on stopping them.",iTunes,
V0419,Mad Max: Fury Road,2015,2015,120,8.1,1151388,97,tt1392190,76341,R,Mad Max Collection,Rescue; future; australia; chase; dystopia; post-apocalyptic future; survival; on the run; on the road; desert; convoy; peak oil; dark future; car; suspenseful; awestruck; commanding,"[""Action"",""Adventure"",""Science Fiction""]",George Miller,Tom Hardy,Charlize Theron | Nicholas Hoult | Tom Hardy,Won 6 Oscars. 245 wins & 233 nominations total,"An apocalyptic story set in the furthest reaches of our planet, in a stark desert landscape where humanity is broken, and most everyone is crazed fighting for the necessities of life. Within this world exist two rebels on the run who just might be able to restore order.",iTunes,
V0420,Magic Mike,2012,2012,110,6.1,150076,78,tt1915581,77930,R,Magic Mike Collection,Florida; seduction; based on true story; strip club; male stripper; novice; muscled; brother sister relationship; gay interest,"[""Comedy"",""Drama""]",Steven Soderbergh,Channing Tatum,Alex Pettyfer | Channing Tatum | Matthew McConaughey,10 wins & 14 nominations total,"Mike, an experienced stripper, takes a younger performer called The Kid under his wing and schools him in the arts of partying, picking up women, and making easy money.",iTunes,
V0421,Maleficent,2014,2014,97,6.9,409164,54,tt1587310,102651,PG,Maleficent Collection,Friendship; magic; kingdom; fairy tale; fairy; prince; villain; enchantment; betrayal; curse; kindness; protector; childhood friends; good becoming evil; raven; dark fantasy; based on fairy tale; retelling; literary adaptation; true love; wings; sleeping spell; dark forest; live action remake; creatures; cursed princess; fairies,"[""Action"",""Adventure"",""Family"",""Fantasy"",""Romance""]",Robert Stromberg,Angelina Jolie,Angelina Jolie | Elle Fanning | Imelda Staunton,Nominated for 1 Oscar. 12 wins & 44 nominations total,"A beautiful, pure-hearted young woman, Maleficent has an idyllic life growing up in a peaceable forest kingdom, until one day when an invading army threatens the harmony of the land. She rises to be the land's fiercest protector, but she ultimately suffers a ruthless betrayal – an act that begins to turn her heart into stone. Bent on revenge, Maleficent faces an epic battle with the invading King's successor and, as a result, places a curse upon his newborn infant Aurora. As the child grows, Maleficent realizes that Aurora holds the key to peace in the kingdom – and to Maleficent's true happiness as well.",iTunes,
V0422,Maleficent: Mistress of Evil,2019,2019,119,6.6,125608,40,tt4777008,420809,PG,Maleficent Collection,Magic; fairy tale; fairy; villain; sequel; live action remake; complicated,"[""Action"",""Adventure"",""Family"",""Fantasy""]",Joachim Rønning,Angelina Jolie,Angelina Jolie | Elle Fanning | Harris Dickinson,Nominated for 1 Oscar. 1 win & 11 nominations total,"Maleficent and her goddaughter Aurora begin to question the complex family ties that bind them as they are pulled in different directions by impending nuptials, unexpected allies, and dark new forces at play.",iTunes,
V0423,Malignant,2021,2021,111,6.2,115306,77,tt3811906,619778,R,,Dreams; monster; brain tumor; detective; seattle | Washington; gore; murder; vision; serial killer; hospital; miscarriage; videotape; murder mystery; sister sister relationship; psychic connection; intense; american giallo,"[""Horror"",""Mystery""]",James Wan,Annabelle Wallis,Annabelle Wallis | George Young | Maddie Hasson,4 wins & 19 nominations total,"Madison is paralyzed by shocking visions of grisly murders, and her torment worsens as she discovers that these waking dreams are in fact terrifying realities with a mysterious tie to her past.",iTunes,
V0424,Mama,2025,2025,100,6.2,195408,63,tt2023587,1127143,PG-13,,,"[""Drama"",""Horror"",""Thriller""]",Adi Garin,Nafiza Fatia Rani,Ayu Inten | Nafiza Fatia Rani | Rizky Hanggono,1 nomination total,"Dinda, who had just graduated from elementary school, had to feel the loss of her mother, who she loved so much, because of a hit-and-run accident. In this unfortunate incident, Wahyu, Dinda's father, broke his leg. Dinda and her father returned to the family's old house to calm down and heal their wounds. But there is another figure that inhabits the house. A figure who expects the presence of a child, to accompany her solitude.",iTunes,
V0425,Mamma Mia! Here We Go Again,2018,2018,114,6.6,113877,80,tt6911608,458423,PG-13,Mamma Mia! Collection,Greece; musical; sequel; greek island; aftercreditsstinger; estranged mother; long lost love; jukebox musical; estranged grandparent; abba,"[""Comedy"",""Romance""]",Ol Parker,Lily James,Amanda Seyfried | Lily James | Meryl Streep,1 win & 13 nominations total,"Five years after meeting her three fathers, Sophie Sheridan prepares to open her mother’s hotel. In 1979, young Donna Sheridan meets the men who each could be Sophie’s biological father.",iTunes,
V0426,Mamma Mia! The Movie,2008,2008,,,,,,11631,,Mamma Mia! Collection,Poem or rhyme; hotel manager; young love; greek island; duringcreditsstinger; woman director; imminent wedding; mother daughter relationship; jukebox musical; past history; daughter's wedding; abba; comforting; enthusiastic; joyful | Single parent; parent child relationship; greece; musical; romcom; based on play or musical; unknown father; single mother; based on song,"[""Comedy"",""Romance""]",Phyllida Lloyd,,,,A spirited young bride-to-be living with her single mother on a small Greek island secretly invites three of her mother's ex-boyfriends in hope of finding her biological father to walk her down the aisle.,iTunes,
V0427,Man of Steel (2013),2013,2013,,,,,tt28268482,,,,,"[""Action"",""Adventure"",""Science Fiction""]",Not Found,,,,"A young boy learns that he has extraordinary powers and is not of this earth. As a young man, he journeys to discover where he came from and what he was sent here to do. But the hero in him must emerge if he is to save the world from annihilation and become the symbol of hope for all mankind.",iTunes,
V0428,Manhunter,1974,1974,120,7.2,85304,94,tt0091474,100279,R,,Bounty hunter,"[""Crime"",""Drama"",""TV Movie""]",Walter Grauman,Ken Howard,Gary Lockwood | Ken Howard | Tim O'Connor,,"Pilot movie for the short-lived TV series set in the 1930's about a World War I ex-marine-turned-bounty-hunter, named Dave Barrett, who goes after two Bonnie-and-Clyde style bank robbers who murdered his former girlfriend.",iTunes,
V0429,Maps to the Stars,2014,2014,111,6.2,43453,62,tt2172584,157851,R,,California; drugs; incest; therapy; mental illness; child star; ghost; personal assistant; aspiring actor; nepotism | Suicide; fire; schizophrenia; child murder; rehabilitation; narcissism; menage a trois; satire; addiction; dysfunctional family; wedding ring; hollywood; los angeles,"[""Drama""]",David Cronenberg,Julianne Moore,Julianne Moore | Mia Wasikowska | Robert Pattinson,10 wins & 24 nominations total,"Driven by an intense need for fame and validation, members of a dysfunctional Hollywood family are chasing celebrity, one another and the relentless ghosts of their pasts.",iTunes,
V0430,Master and Commander: The Far Side of the World,2003,2003,138,7.5,246026,85,tt0311113,8619,PG-13,,Epic; ship; navy; based on novel or book; surgeon; royal navy; historical fiction; period drama; napoleonic wars; naturalist; frigate; self surgery; sea battle; weevil; high seas; naval warfare; aggressive; 19th century; galapagos islands; naval battle; english navy; dramatic; intense; commanding; exhilarated; surprise-ending,"[""Adventure"",""Drama"",""War""]",Peter Weir,Russell Crowe,James D'Arcy | Paul Bettany | Russell Crowe,Won 2 Oscars. 23 wins & 90 nominations total,"After an abrupt and violent encounter with a French warship inflicts severe damage upon his ship, a captain of the British Royal Navy begins a chase over two oceans to capture or destroy the enemy, though he must weigh his commitment to duty and ferocious pursuit of glory against the safety of his devoted crew, including the ship's thoughtful surgeon, his best friend.",iTunes,
V0431,Maze Runner: The Scorch Trials,2015,2015,131,6.3,290340,49,tt4046784,294254,PG-13,The Maze Runner Collection,Based on novel or book; escape; resistance; dystopia; maze; post-apocalyptic future; infection; on the run; zombie; storm; disease; desert; sewer; antidote; corporation; virus; runner; city ruin; immunity; based on young adult novel,"[""Action"",""Adventure"",""Science Fiction"",""Thriller""]",Wes Ball,Dylan O'Brien,Dylan O'Brien | Kaya Scodelario | Thomas Brodie-Sangster,2 wins & 5 nominations total,"Thomas and his fellow Gladers face their greatest challenge yet: searching for clues about the mysterious and powerful organization known as WCKD. Their journey takes them to the Scorch, a desolate landscape filled with unimaginable obstacles. Teaming up with resistance fighters, the Gladers take on WCKD’s vastly superior forces and uncover its shocking plans for them all.",iTunes,
V0432,Mean Girls,2004,2004,97,7.1,456237,84,tt0377092,10625,PG-13,Mean Girls Collection,Based on novel or book; illinois; female friendship; bullying; coming of age; prom; teenage girl; fish out of water; best friend; math teacher; biting; gossip; clique; former best friend; teen comedy; exploitation of friendship; public humiliation; high school rivalry; new girl at school; teenage life; manipulative friend; math genius; female bully; teenage friendship; teenager; antagonistic; cruel; derisive; mean spirited; mocking; sarcastic,"[""Comedy"",""Drama""]",Mark Waters,Lindsay Lohan,Lindsay Lohan | Lizzy Caplan | Rachel McAdams,7 wins & 25 nominations total,"Cady Heron is a hit with The Plastics, the A-list girl clique at her new school, until she makes the mistake of falling for Aaron Samuels, the ex-boyfriend of alpha Plastic Regina George.",iTunes,
V0433,Mechanic: Resurrection,2016,2016,98,5.7,98205,31,tt3522806,278924,R,Mechanic Collection,Assassin; sequel; murder; mechanic; killer; around the world,"[""Action"",""Crime"",""Thriller""]",Dennis Gansel,Jason Statham,Jason Statham | Jessica Alba | Tommy Lee Jones,1 nomination total,"Arthur Bishop thought he had put his murderous past behind him when his most formidable foe kidnaps the love of his life. Now he is forced to travel the globe to complete three impossible assassinations, and do what he does best, make them look like accidents.",Vudu,
V0434,Meet Me In St. Louis,1944,1944,113,7.5,29211,99,tt0037059,909,Approved,,Holiday; musical; sister; family relationships; trolley; boy next door; americana; fiddle; straw hat; st. louis | Missouri; christmas; world's fair; 1900s; christmas romance; cheerful,"[""Comedy"",""Drama"",""Family"",""Romance""]",Vincente Minnelli,,,Nominated for 4 Oscars. 7 wins & 7 nominations total,Young love and childish fears highlight a year in the life of a turn-of-the-century family up to the 1904 St. Louis World's Fair.,iTunes,
V0435,Melancholia,2011,2011,135,7.1,200706,80,tt1527186,62215,R,,Depression; suicide; nihilism; wedding reception; wedding planner; surrealism; end of the world; wealth; mansion; power outage; destruction of planet; sister sister relationship,"[""Drama"",""Science Fiction""]",Lars von Trier,Kirsten Dunst,Charlotte Gainsbourg | Kiefer Sutherland | Kirsten Dunst,36 wins & 95 nominations total,"Justine and Michael are celebrating their marriage at a sumptuous party in the home of her sister Claire, and brother-in-law John. Despite Claire’s best efforts, the wedding is a fiasco, with family tensions mounting and relationships fraying. Meanwhile, a planet called Melancholia is heading directly towards Earth…",iTunes,
V0436,Memento,2000,2000,113,8.4,1374391,94,tt0209144,77,R,,California; polaroid; based on short story; nonlinear timeline; individuality; phone call; neo-noir; somber; reverse chronology; dreary; vindictive; remember; suspenseful; tense | Drug dealer; amnesia; insulin; tattoo; waitress; insurance salesman; motel; manipulation; flashback; confusion; revenge; murder; memory loss; memory; psychological thriller; whodunit; los angeles,"[""Mystery"",""Thriller""]",Christopher Nolan,Guy Pearce,Carrie-Anne Moss | Guy Pearce | Joe Pantoliano,Nominated for 2 Oscars. 57 wins & 59 nominations total,"Leonard Shelby is tracking down the man who raped and murdered his wife. The difficulty of locating his wife's killer, however, is compounded by the fact that he suffers from a rare, untreatable form of short-term memory loss. Although he can recall details of life before his accident, Leonard cannot remember what happened fifteen minutes ago, where he's going, or why.",iTunes,
V0437,Men In Black,1997,1997,98,7.3,634436,91,tt0119654,607,PG-13,Men In Black Collection,New york city; cannon; space marine; flying saucer; undercover; secret identity; superhero; deportation; illegal immigration; new identity; stay permit; giant cockroach; based on comic; alien; buddy cop; fictional government agency,"[""Action"",""Adventure"",""Comedy"",""Science Fiction""]",Barry Sonnenfeld,,,Won 1 Oscar. 22 wins & 39 nominations total,"After a police chase with an otherworldly being, a New York City cop is recruited as an agent in a top-secret organization established to monitor and police alien activity on Earth: the Men in Black. Agent K and new recruit Agent J find themselves in the middle of a deadly plot by an intergalactic terrorist who has arrived on Earth to assassinate two ambassadors from opposing galaxies.",iTunes,
V0438,Men In Black 3,2012,2012,,7.9,7,,tt2224272,41154,,Men In Black Collection,Time travel; time machine; based on comic; alien; buddy cop; fictional government agency; seeing the future; changing history,"[""Action"",""Comedy"",""Science Fiction""]",Barry Sonnenfeld,,,,"Agents J and K are back...in time. J has seen some inexplicable things in his 15 years with the Men in Black, but nothing, not even aliens, perplexes him as much as his wry, reticent partner. But when K's life and the fate of the planet are put at stake, Agent J will have to travel back in time to put things right. J discovers that there are secrets to the universe that K never told him - secrets that will reveal themselves as he teams up with the young Agent K to save his partner, the agency, and the future of humankind.",iTunes,
V0439,Men In Black II,2002,2002,88,6.2,415285,38,tt0120912,608,PG-13,Men In Black Collection,New york city; space marine; saving the world; flying saucer; undercover; secret identity; superhero; deportation; illegal immigration; new identity; firearm; light; based on comic; alien; buddy cop; fictional government agency,"[""Action"",""Comedy"",""Science Fiction""]",Barry Sonnenfeld,,,4 wins & 16 nominations total,"Kay and Jay reunite to provide our best, last and only line of defense against a sinister seductress who levels the toughest challenge yet to the MIB's untarnished mission statement – protecting Earth from the scum of the universe. It's been four years since the alien-seeking agents averted an intergalactic disaster of epic proportions. Now it's a race against the clock as Jay must convince Kay – who not only has absolutely no memory of his time spent with the MIB, but is also the only living person left with the expertise to save the galaxy – to reunite with the MIB before the earth submits to ultimate destruction.",iTunes,
V0440,MIB: International,2019,2019,,,,,,479455,,,England; paris | France; secret organization; sahara desert; based on comic; sequel; co-workers relationship; alien invasion; brooklyn | London | Morocco | New york city; eiffel tower | Paris; buddy cop; alien friendship; weapons trafficking; marrakesh,"[""Action"",""Comedy"",""Science Fiction""]",F. Gary Gray,,,,"The Men in Black have always protected the Earth from the scum of the universe. In this new adventure, they tackle their biggest, most global threat to date: a mole in the Men in Black organization.",iTunes,
V0441,Midway,2019,2019,138,6.7,100375,42,tt6924650,522162,PG-13,,World war ii; u.s. navy; based on true story; battle of midway; pacific war; historical fiction; pacific theater; naval warfare; 1940s,"[""Action"",""History"",""War""]",Roland Emmerich,Ed Skrein,Ed Skrein | Patrick Wilson | Woody Harrelson,1 nomination total,"The story of the Battle of Midway, and the leaders and soldiers who used their instincts, fortitude and bravery to overcome massive odds.",Vudu,
V0442,Mike and Dave Need Wedding Dates,2016,2016,98,6.0,97026,38,tt2823054,316023,R,,Hawaii; wedding; wedding date; satirical; joyous; ambiguous; amused; antagonistic; disheartening; dubious; sarcastic,"[""Comedy""]",Jake Szymanski,Zac Efron,Adam Devine | Anna Kendrick | Zac Efron,4 nominations total,"Mike and Dave are young, adventurous, fun-loving brothers who tend to get out of control at family gatherings. When their sister Jeanie reveals her Hawaiian wedding plans, the rest of the Stangles insist that the brothers bring respectable dates. After placing an ad on Craigslist, the siblings decide to pick Tatiana and Alice, two charming and seemingly normal women. Once they arrive on the island, however, Mike and Dave realize that their companions are ready to get wild and party.",iTunes,
V0443,Minions,2015,2015,91,6.4,273015,55,tt2293640,211672,PG,Minions Collection,Assistant; villain; prequel; aftercreditsstinger; duringcreditsstinger; evil mastermind; supervillain; illumination; amused; joyful,"[""Adventure"",""Animation"",""Comedy"",""Family""]","Kyle Balda, Pierre Coffin",Sandra Bullock,Jon Hamm | Michael Keaton | Sandra Bullock,Nominated for 1 BAFTA Award4 wins & 29 nominations total,"Minions Stuart, Kevin and Bob are recruited by Scarlet Overkill, a super-villain who, alongside her inventor husband Herb, hatches a plot to take over the world.",iTunes,
V0444,Misery,1990,1990,107,7.8,249584,91,tt0100157,1700,R,,Based on novel or book; nurse; psychopath; colorado; car crash; author; slasher; psychological thriller; torture; obsessed fan; blizzard; bedridden; psycho; lunatic; female psychopath; claustrophobic; abducted; obssesive fan; rural setting; crazy; kidnapped; authoritarian; fight for survival; nutcase,"[""Drama"",""Thriller""]",Rob Reiner,James Caan,James Caan | Kathy Bates | Richard Farnsworth,Won 1 Oscar. 6 wins & 10 nominations total,"After an accident, acclaimed novelist Paul Sheldon is rescued by a nurse who claims to be his biggest fan.  Her obsession takes a dark turn when she holds him captive in her remote Colorado home and forces him to write back to life the popular literary character he killed off.",iTunes,
V0445,Miss Congeniality,2000,2000,109,6.3,239849,41,tt0212346,1493,PG-13,Miss Congeniality Collection,Texas; beauty standards; beauty queen; lighthearted; amused | Undercover agent; investigation; beauty contest; talent show; fish out of water; terrorism; surveillance; san antonio,"[""Action"",""Comedy"",""Crime""]",Donald Petrie,Sandra Bullock,Benjamin Bratt | Michael Caine | Sandra Bullock,7 wins & 8 nominations total,"When the local FBI office receives a letter from a terrorist known only as 'The Citizen', it's quickly determined that he's planning his next act at the Miss America beauty pageant. Because tough-as-nails Gracie Hart is the only female Agent at the office, she's chosen to go undercover as the contestant from New Jersey.",iTunes,
V0446,Miss Congeniality 2: Armed and Fabulous,2005,2005,,,,,,10040,,Miss Congeniality Collection,Ship; undercover agent; ransom; drag queen; fbi; press conference; sequel; miss america; office politics; buddy cop; representation; abandonment,"[""Action"",""Comedy""]",John Pasquin,Sandra Bullock,Enrique Murciano | Regina King | Sandra Bullock,,"After her triumph at the Miss United States pageant, FBI agent Gracie Hart becomes an overnight sensation -- and the new ""face of the FBI"". But it's time to spring into action again when the pageant's winner, Cheryl, and emcee, Stan, are abducted.",iTunes,
V0447,Missing Link,2019,2019,93,6.7,29773,88,tt6348138,458253,PG,,Himalaya mountain range; bigfoot; yeti; stop motion; cryptozoology; loch ness monster; shangri la; 19th century; sasquatch; amused; assertive,"[""Adventure"",""Animation"",""Comedy"",""Family""]",Chris Butler,Hugh Jackman,Hugh Jackman | Zach Galifianakis | Zoe Saldaña,Nominated for 1 Oscar. 5 wins & 44 nominations total,"The charismatic Sir Lionel Frost considers himself to be the world's foremost investigator of myths and monsters. Trouble is, none of his small-minded, high-society peers seems to recognize this. Hoping to finally gain acceptance from these fellow adventurers, Sir Lionel travels to the Pacific Northwest to prove the existence of a legendary creature known as the missing link.",iTunes,
V0448,Mission: Impossible - Fallout,2018,2018,147,7.7,391467,98,tt4912910,353081,PG-13,Mission: Impossible Collection,England; helicopter; paris | France; plutonium; gun; spy; countdown; norway; sequel; motorcycle; bomb remote detonator; handgun; hand to hand combat; kashmir | Race against time; london,"[""Action"",""Adventure""]",Christopher McQuarrie,Tom Cruise,Henry Cavill | Tom Cruise | Ving Rhames,Nominated for 1 BAFTA Award26 wins & 41 nominations total,"When an IMF mission ends badly, the world is faced with dire consequences. As Ethan Hunt takes it upon himself to fulfill his original briefing, the CIA begin to question his loyalty and his motives. The IMF team find themselves in a race against time, hunted by assassins while trying to prevent a global catastrophe.",iTunes,
V0449,Mission: Impossible - Ghost Protocol,2011,2011,132,7.4,541651,94,tt1229238,56292,PG-13,Mission: Impossible Collection,Assassin; budapest | Hungary; skyscraper; secret intelligence service; sandstorm; seattle | India; car crash; sequel; prison escape; dubai; billionaire; terrorism; disguise; bombing; jet; nuclear threat; undercover operation; moscow | Russia; field agent; clandestine; analyst; nuclear submarine; kremlin; disavowed; based on tv series; nuclear launch codes; burj khalifa; scaling a building; amused; bold | Washington; satellite; mumbai (bombay),"[""Action"",""Adventure"",""Thriller""]",Brad Bird,Tom Cruise,Paula Patton | Simon Pegg | Tom Cruise,5 wins & 30 nominations total,"Ethan Hunt and his team are racing against time to track down a dangerous terrorist named Hendricks, who has gained access to Russian nuclear launch codes and is planning a strike on the United States. An attempt to stop him ends in an explosion causing severe destruction to the Kremlin and the IMF to be implicated in the bombing, forcing the President to disavow them. No longer being aided by the government, Ethan and his team chase Hendricks around the globe, although they might still be too late to stop a disaster.",iTunes,
V0450,Mission: Impossible - Rogue Nation,2015,2015,131,7.4,424157,94,tt2381249,177677,PG-13,Mission: Impossible Collection,Austria; vienna opera; based on tv series; amused | England; spy; morocco; villain; austria; europe; sequel; conspiracy; vienna | Mission; london,"[""Action"",""Adventure""]",Christopher McQuarrie,Tom Cruise,Jeremy Renner | Simon Pegg | Tom Cruise,6 wins & 26 nominations total,"Ethan and team take on their most impossible mission yet—eradicating 'The Syndicate', an International and highly-skilled rogue organization committed to destroying the IMF.",iTunes,
V0451,Moana (2016),2009,2009,,,,,tt17977212,,,,,"[""Drama"",""TV Movie""]",Not Found,,,,"The life story of Italian iconic pornographic actress Moana Pozzi. The actress Ilona Staller sued the production of the film for the unauthorized use of the character ""Cicciolina"", of which she owned the rights.",iTunes,
V0452,Monster Hunter,2020,2020,103,5.2,70971,,tt6475714,458576,PG-13,,Giant monster; female soldier; another dimension; bow and arrow; based on video game; swordswoman; dimensional travel; somber; ambiguous; bold; exuberant; objective; vibrant,"[""Action"",""Adventure"",""Fantasy""]",Paul W. S. Anderson,Milla Jovovich,Milla Jovovich | Ron Perlman | Tony Jaa,2 nominations total,"A portal transports Cpt. Artemis and an elite unit of soldiers to a strange world where powerful monsters rule with deadly ferocity. Faced with relentless danger, the team encounters a mysterious hunter who may be their only hope to find a way home.",iTunes,
V0453,"Monsters, Inc.",2001,2001,92,8.1,1026193,96,tt0198781,585,G,"Monsters, Inc. Collection",Monster; panic; cheating; kidnapping; door; infant; villain; portal; rivalry; energy supply; friends; hijinks; best friend; chameleon; family; parallel world; conveyor belt; duringcreditsstinger; villain arrested; invisibility; energy company; conspirators,"[""Animation"",""Comedy"",""Family""]",Pete Docter,John Goodman,Billy Crystal | John Goodman | Mary Gibbs,Won 1 Oscar. 15 wins & 38 nominations total,"Lovable Sulley and his wisecracking sidekick Mike Wazowski are the top scare team at Monsters, Inc., the scream-processing factory in Monstropolis. When a little girl named Boo wanders into their world, it's the monsters who are scared silly, and it's up to Sulley and Mike to keep her out of sight and get her back home.",iTunes,
V0454,Moon,2009,2009,97,7.8,385753,90,tt1182345,17431,R,Moon Collection,Future; moon; artificial intelligence (a.i.); isolation; clone; dystopia; space; cloning; moon base; psychological thriller; human cloning; lunar mission; corporate conspiracy; existential crisis,"[""Drama"",""Science Fiction""]",Duncan Jones,Sam Rockwell,Dominique McElligott | Kevin Spacey | Sam Rockwell,Won 1 BAFTA Award28 wins & 37 nominations total,"With only three weeks left in his three-year contract, Sam Bell is getting anxious to finally return to Earth. He is the only occupant of a Moon-based manufacturing facility along with his computer and assistant, GERTY. When he has an accident however, he awakens to find that he is not alone.",iTunes,
V0455,mother!,2018,2018,121,6.6,256911,68,tt5109784,700979,R,,Softcore,"[""Romance""]",Jo Tae-ho,,,1 win,"A lonely young man is in dire straits, but his friend's mothers don't see him as a boy, but as a man, and take extra interest in him.",iTunes,
V0456,Mr. & Mrs. Smith (2005),2005,2005,,,,,,787,,,Assassin; bomb; hitman; marriage crisis; gun; secret identity; married couple; assault rifle; marriage; decoy; secret agent; dysfunctional marriage; gunfight; bullet wound; excited; ridiculous,"[""Action"",""Comedy"",""Drama"",""Thriller""]",Doug Liman,,,,"After five (or six) years of vanilla-wedded bliss, ordinary suburbanites John and Jane Smith are stuck in a huge rut. Unbeknownst to each other, they are both coolly lethal, highly-paid assassins working for rival organisations. When they discover they're each other's next target, their secret lives collide in a spicy, explosive mix of wicked comedy, pent-up passion, nonstop action and high-tech weaponry.",iTunes,
V0457,Mrs. Doubtfire,1993,1993,125,7.1,299502,71,tt0107614,788,PG-13,,California; social worker; transvestite; nanny; restaurant; fake identity; custody battle; responsibility; voice acting; divorced couple | Mask; parent child relationship; san francisco,"[""Comedy"",""Drama"",""Family""]",Chris Columbus,Robin Williams,Lisa Jakub | Robin Williams | Sally Field,Won 1 Oscar. 11 wins & 10 nominations total,"Loving but irresponsible dad Daniel Hillard, estranged from his exasperated spouse, is crushed by a court order allowing only weekly visits with his kids. When Daniel learns his ex needs a housekeeper, he gets the job -- disguised as a British nanny. Soon he becomes not only his children's best pal but the kind of parent he should have been from the start.",iTunes,
V0458,Mud,2013,2013,130,7.4,192496,97,tt1935179,103731,PG-13,,Sniper; friendship; bounty hunter; snake; mississippi river; river; houseboat; motel; arkansas; coming of age; fugitive; gun battle; teenage boy; snake bite; riverboat; marksman; wanted man; true love; meant for each other; assassination team; tattoed woman; teenage protagonist; avenging father; shirt; disillusioned youth; boat repair; parents separating; gun death; brotherly revenge; light adventure; helping a fugitive,"[""Drama""]",Jeff Nichols,Matthew McConaughey,Matthew McConaughey | Reese Witherspoon | Tye Sheridan,1 nomination,Two teenage boys find a fugitive hiding out on an island in the Mississippi River and help him reunite with his lover and escape an avenging family and their armed posse.,iTunes,
V0459,Murder On the Orient Express,2017,2017,114,6.5,306608,60,tt3402236,392044,PG-13,Hercule Poirot (Kenneth Branagh) Collection,Italy; professor; detective; investigation; orient express; knife; europe; remake; murder; snow; whodunit; train; stabbing; alps mountains; murder mystery; 1930s; steam train; istanbul | Princess; based on novel or book; venice,"[""Crime"",""Drama"",""Mystery""]",Kenneth Branagh,,,2 wins & 29 nominations total,Genius Belgian detective Hercule Poirot investigates the murder of an American tycoon aboard the Orient Express train.,iTunes,
V0460,My Big Fat Greek Wedding,2002,2002,95,6.6,148282,76,tt0259446,8346,PG,My Big Fat Greek Wedding Collection,Parent child relationship; culture clash; midlife crisis; greece; bad mother-in-law; mother-in-law; restaurant; parents-in-law; bad father-in-law; son-in-law; father-in-law; patriarch; greek; wedding; family; xenophobia,"[""Comedy"",""Drama"",""Romance""]",Joel Zwick,Nia Vardalos,John Corbett | Lainie Kazan | Nia Vardalos,Nominated for 1 Oscar. 20 wins & 29 nominations total,A young Greek woman falls in love with a non-Greek and struggles to get her family to accept him while she comes to terms with her heritage and cultural identity.,Vudu,
V0461,My Big Fat Greek Wedding 2,2016,2016,94,6.0,36487,28,tt3760922,302688,PG-13,My Big Fat Greek Wedding Collection,Married couple; greece; greek; sequel; wedding; family problems; meddling parents; close-knit family,"[""Comedy"",""Romance""]",Kirk Jones,Nia Vardalos,Elena Kampouris | John Corbett | Nia Vardalos,3 nominations total,"The continuing adventures of the Portokalos family. A follow-up to the 2002 comedy, ""My Big Fat Greek Wedding.",iTunes,
V0462,My Cousin Vinny,1992,1992,120,7.6,147211,85,tt0104952,10377,R,,Prison; small town; court case; court; southern usa; alabama; suspicion; cousin; lawyer; fish out of water; convenience store robbery; courtroom; defense attorney; wrongful arrest; expert witness; nostalgic; curious; murder suspect; engaged couple; courtroom drama; unassuming; ironic; best friends; deep south; joyous; understated; absurd; hilarious; amused; cheerful; joyful,"[""Comedy""]",Jonathan Lynn,Joe Pesci,Joe Pesci | Marisa Tomei | Ralph Macchio,Won 1 Oscar. 5 wins & 6 nominations total,"Two carefree pals from Brooklyn traveling through rural Alabama on their way back to college are mistakenly arrested, and charged with murder. Fortunately, one of them has a cousin who's a lawyer - Vincent Gambini, a former auto mechanic from Brooklyn who just passed his bar exam after his sixth try. When he arrives with his leather-clad girlfriend, to try his first case, it's a real shock - for him and the Deep South!",iTunes,
V0463,My Fair Lady,1964,1964,170,7.7,103904,94,tt0058385,11113,G,,Transformation; musical; flower girl; colonel; suitor; wager; class differences; tutor; aristocrat; linguist; high society; misogynist; guttersnipe; class prejudice; opposites attract; pygmalion,"[""Comedy"",""Music"",""Romance""]",George Cukor,Audrey Hepburn,Audrey Hepburn | Rex Harrison | Stanley Holloway,Won 8 Oscars. 26 wins & 13 nominations total,A snobbish phonetics professor agrees to a wager that he can take a flower girl and make her presentable in high society.,iTunes,
V0464,National Lampoon's Christmas Vacation,1989,1989,97,7.5,234284,72,tt0097958,5825,PG-13,National Lampoon's Vacation Collection,Squirrel; holiday; boss; rottweiler; christmas tree; family dinner; neighbor; domestic life; fantasy sequence; lights; christmas; christmas bonus; jello; xmas eve,"[""Comedy""]",Jeremiah S. Chechik,Chevy Chase,Beverly D'Angelo | Chevy Chase | Juliette Lewis,,"It's Christmastime, and the Griswolds are preparing for a family seasonal celebration. But things never run smoothly for Clark, his wife Ellen, and their two kids. Clark's continual bad luck is worsened by his obnoxious family guests, but he manages to keep going, knowing that his Christmas bonus is due soon.",iTunes,
V0465,Needful Things,1993,1993,121,6.3,28668,33,tt0107665,10657,R,,Small town; sheriff; based on novel or book; pain; strangeness; manipulation; malice; prank; devil; desire; occult,"[""Drama"",""Horror""]",Fraser Clarke Heston,Max von Sydow,Bonnie Bedelia | Ed Harris | Max von Sydow,1 win & 7 nominations total,"A mysterious new shop opens in a small town which always seems to stock the deepest desires of each shopper, with a price far heavier than expected.",iTunes,
V0466,Neighbors,1920,1920,97,6.3,334834,72,tt2004420,51358,R,,Marriage proposal; judge; baseball; wedding ring; belt; wedding ceremony; silent film; police arrest; impossible love; wedding day; short film,"[""Comedy"",""Romance""]","Edward F. Cline, Buster Keaton",Buster Keaton,Buster Keaton | Joe Roberts | Virginia Fox,,The Romeo and Juliet story played out in a tenement neighborhood with Buster and Virginia's families hating each other over the fence separating their buildings.,iTunes,
V0467,Neighbors 2: Sorority Rising,2016,2016,92,5.7,134048,64,tt4438848,325133,R,Neighbors Collection,Alcohol; college; sequel; sorority; neighbor; family; fraternity; bathroom humor,"[""Comedy""]",Nicholas Stoller,Seth Rogen,Rose Byrne | Seth Rogen | Zac Efron,3 wins & 5 nominations total,A sorority moves in next door to the home of Mac and Kelly Radner who have a young child. The Radner's enlist their former nemeses from the fraternity to help battle the raucous sisters.,iTunes,
V0468,Night At the Museum: Secret of the Tomb,2014,2014,98,6.2,142533,48,tt2692250,181533,PG,Night at the Museum Collection,Night watchman; museum; natural history; smithsonian,"[""Adventure"",""Comedy"",""Family"",""Fantasy""]",Shawn Levy,,,1 win & 5 nominations total,"When the magic powers of The Tablet of Ahkmenrah begin to die out, Larry Daley spans the globe, uniting favorite and new characters while embarking on an epic quest to save the magic before it is gone forever.",iTunes,
V0469,Nightcrawler,2014,2014,117,7.8,636139,95,tt2872718,242582,R,,California; home invasion; stakeout; newsreel footage; character study; neo-noir; ethics; stringer; police scanner; news business; tense; ghoulish | Underground; psychopath; journalism; job interview; cynicism; sociopath; murder; serial killer; crime scene; psychological thriller; los angeles,"[""Crime"",""Drama"",""Thriller""]",Dan Gilroy,Jake Gyllenhaal,Jake Gyllenhaal | Rene Russo | Riz Ahmed,Nominated for 1 Oscar. 46 wins & 126 nominations total,"When Lou Bloom, desperate for work, muscles into the world of L.A. crime journalism, he blurs the line between observer and participant to become the star of his own story. Aiding him in his effort is Nina, a TV-news veteran.",iTunes,
V0470,Nightmare Alley (2021),2021,2021,,,,,tt19071836,,,,,"[""Crime"",""Drama"",""Thriller""]",Not Found,,,,An ambitious carnival man with a talent for manipulating people with a few well-chosen words hooks up with a female psychologist who is even more dangerous than he is.,iTunes,
V0471,No Country for Old Men,2007,2007,122,8.2,1120666,93,tt0477348,6977,R,,Vietnam veteran; sheriff; trailer park; based on novel or book; hitman; psychopath; drug trafficking; texas; motel; usa–mexico border; drug cartel; fate; desert; modern-day western; neo-western; tracking device; cold blooded killer; motel room; cartel; neo-noir; 1980s; mexican cartel; drug deal; coin toss; human nature; captive bolt gun; western noir; horror western; faithful adaptation; brisk,"[""Crime"",""Drama"",""Thriller""]","Joel Coen, Ethan Coen",Javier Bardem,Javier Bardem | Josh Brolin | Tommy Lee Jones,Won 4 Oscars. 165 wins & 139 nominations total,"Llewelyn Moss stumbles upon dead bodies, $2 million and a hoard of heroin in a Texas desert, but methodical killer Anton Chigurh comes looking for it, with local sheriff Ed Tom Bell hot on his trail. The roles of prey and predator blur as the violent pursuit of money and justice collide.",iTunes,
V0472,No Hard Feelings,2023,2023,103,6.4,186409,70,tt15671028,884605,R,,Friendship; older woman seduces younger guy; romcom; summer; new york state; teen comedy; hometown; bankruptcy; craigslist; animal shelter; socially awkward; uber; late coming of age; nude swimming; graduation party; helicopter parenting,"[""Comedy"",""Romance""]",Gene Stupnitsky,Jennifer Lawrence,Andrew Barth Feldman | Jennifer Lawrence | Laura Benanti,1 win & 10 nominations total,"On the brink of losing her childhood home, Maddie discovers an intriguing job listing: wealthy helicopter parents looking for someone to “date” their introverted 19-year-old son, Percy, before he leaves for college. To her surprise, Maddie soon discovers the awkward Percy is no sure thing.",iTunes,
V0473,No Strings Attached,2011,2011,108,6.2,249861,47,tt1411238,41630,R,,Parent child relationship; casual meeting; sexual humor; student of medicine; friends; open relationship; best friend; valentine's day; casual sex; friends in love; duringcreditsstinger; fling; father son conflict,"[""Comedy"",""Romance""]",Ivan Reitman,Natalie Portman,Ashton Kutcher | Kevin Kline | Natalie Portman,2 wins & 7 nominations total,"Emma is a busy doctor who sets up a seemingly perfect arrangement when she offers her best friend Adam a relationship with one rule: No strings attached. But when a fling becomes a thing, can sex friends stay best friends?",iTunes,
V0474,Noah,2014,2014,138,5.8,271239,75,tt1959490,86834,PG-13,,Genesis; fairy tale; bible; god; apocalypse; flood; old testament; noah; noah's ark; apologetic; condescending; biblical epic,"[""Adventure"",""Drama""]",Darren Aronofsky,Russell Crowe,Jennifer Connelly | Ray Winstone | Russell Crowe,1 win & 19 nominations total,A man who suffers visions of an apocalyptic deluge takes measures to protect his family from the coming flood.,iTunes,
V0475,Non-Stop,2015,2015,106,6.9,280334,62,tt2024469,344464,PG-13,,,"[""Comedy"",""Drama""]",Dan Chișu,,,4 wins & 10 nominations,"Bucharest Non-Stop"" is a feature film that tells the story of a neighborhood of Bucharest. More specifically, the film is a night of non-stop life of a store located in a neighborhood blocks. Four drive four different stories linked by a key figure, Achim, known as ""the boy from non-stop"", played by George Ifrim. The film wants to convey the story of ordinary people in extraordinary situations.",iTunes,
V0476,Nope,2022,2022,130,6.8,298495,83,tt10954984,762504,R,,California; horse; exploitation; video surveillance; death of father; alien; ufo; social commentary; psychological thriller; alien invasion; child star; chimpanzee; aftercreditsstinger; horse farm; african american man; racial issues; brother sister relationship,"[""Horror"",""Science Fiction"",""Thriller""]",Jordan Peele,Daniel Kaluuya,Brandon Perea | Daniel Kaluuya | Keke Palmer,43 wins & 181 nominations total,"Residents in a lonely gulch of inland California bear witness to an uncanny, chilling discovery.",iTunes,
V0477,Norm of the North,2018,2018,90,3.4,10310,6,tt1594972,545963,PG,Norm of the North Collection,Kingdom; polar bear; anthropomorphism; confusion,"[""Animation"",""Comedy"",""Family""]",Tim Maltby,,,,"When Norm returns to New York, he is falsely accused of a crime and must work with his pals to get the case dismissed while also protecting his kingdom in a winner-take-all hockey tournament.",iTunes,
V0478,Now You See Me,2013,2013,115,7.2,731795,51,tt1670345,75656,PG-13,Now You See Me Collection,France; escape; magic; bank; fbi; vault; new orleans | Louisiana; investigation; heist; money; conspiracy; las vegas; magician; tense; awestruck; excited; elaborate deception | New york city; paris,"[""Crime"",""Thriller""]",Louis Leterrier,Mark Ruffalo,Jesse Eisenberg | Mark Ruffalo | Woody Harrelson,1 win & 3 nominations total,An FBI agent and an Interpol detective track a team of illusionists who pull off bank heists during their performances and reward their audiences with the money.,iTunes,
V0479,Now You See Me 2,2016,2016,129,6.4,337352,34,tt3110958,291805,PG-13,Now You See Me Collection,Prison; new york city; magic; kidnapping; fbi; card trick; secret society; hypnosis; illusion; twin brother; heist; revenge; vigilante; on the run; fake death; macau; curious; perception; illusionist; secrecy; illusionism; debunker; sleight of hand; fbi agent,"[""Crime"",""Thriller""]",Jon M. Chu,Jesse Eisenberg,Jesse Eisenberg | Mark Ruffalo | Woody Harrelson,5 nominations total,"One year after outwitting the FBI and winning the public’s adulation with their mind-bending spectacles, the Four Horsemen resurface only to find themselves face to face with a new enemy who enlists them to pull off their most dangerous heist yet.",iTunes,
V0480,"O Brother, Where Art Thou?",2000,2000,107,7.7,338454,79,tt0190590,134,PG-13,,Music record; country music; based on novel or book; prophecy; southern usa; mississippi river; seduction; fraud; philosophical; reflective; dramatic; hilarious; amused; complicated; enchant; excited; melodramatic,"[""Adventure"",""Comedy"",""Crime""]",Joel Coen,George Clooney,George Clooney | John Turturro | Tim Blake Nelson,Nominated for 2 Oscars. 8 wins & 38 nominations total,"In the deep south during the 1930s, three escaped convicts search for hidden treasure while a relentless lawman pursues them.",iTunes,
V0481,Oblivion,2013,2013,124,7.0,568589,53,tt1483013,75612,PG-13,,Spacecraft; dystopia; post-apocalyptic future; based on comic; space; drone; surveillance; human vs alien; 2070s; apologetic; assertive; bold,"[""Action"",""Adventure"",""Mystery"",""Science Fiction""]",Joseph Kosinski,Tom Cruise,Morgan Freeman | Olga Kurylenko | Tom Cruise,1 win & 17 nominations total,"Jack Harper is one of the last few drone repairmen stationed on Earth. Part of a massive operation to extract vital resources after decades of war with a terrifying threat known as the Scavs, Jack’s mission is nearly complete. His existence is brought crashing down when he rescues a beautiful  stranger from a downed spacecraft. Her arrival triggers a chain of events that  forces him to question everything he knows and puts the fate of humanity in his hands.",iTunes,
V0482,Ocean's 8,2018,2018,13,7.1,21,,tt9108974,402900,,,New york city; heist; spin off; estranged sister; the met gala; amused; cliché,"[""Action"",""Comedy"",""Crime""]",Gary Ross,,,,"Debbie Ocean, a criminal mastermind, gathers a crew of female thieves to pull off the heist of the century at New York's annual Met Gala.",iTunes,
V0483,Ocean's Eleven (2001),2001,2001,,,,,tt17978584,161,,Ocean's Collection,Prison; casino; pickpocket; strip club; heist; con artist; thief; caper; atlantic city; salt lake city | Utah; las vegas; card dealer; explosives expert; curious,"[""Crime"",""Thriller""]",Steven Soderbergh,,,,"Less than 24 hours into his parole, charismatic thief Danny Ocean is already rolling out his next plan: In one night, Danny's hand-picked crew of specialists will attempt to steal more than $150 million from three Las Vegas casinos. But to score the cash, Danny risks his chances of reconciling with ex-wife, Tess.",iTunes,
V0484,Ocean's Thirteen,2007,2007,122,6.9,376722,70,tt0496806,298,PG-13,Ocean's Collection,Casino; heist; thief; revenge; las vegas; pretending to be rich; labor strike; curious,"[""Crime"",""Thriller""]",Steven Soderbergh,George Clooney,Brad Pitt | George Clooney | Matt Damon,1 win & 5 nominations total,"Danny Ocean's team of criminals are back and composing a plan more personal than ever. When ruthless casino owner Willy Bank doublecrosses Reuben Tishkoff, causing a heart attack, Danny Ocean vows that he and his team will do anything to bring down Willy Bank along with everything he's got. Even if it means asking for help from an enemy.",iTunes,
V0485,Ocean's Twelve,2004,2004,125,6.5,424841,55,tt0349903,163,PG-13,Ocean's Collection,Italy; sequel; heist; fabergé egg; golden egg; goon; curious | Rome,"[""Crime"",""Thriller""]",Steven Soderbergh,George Clooney,Brad Pitt | George Clooney | Matt Damon,4 wins & 10 nominations total,"Danny Ocean reunites with his old flame and the rest of his merry band of thieves in carrying out three huge heists in Rome, Paris and Amsterdam – but a Europol agent is hot on their heels.",iTunes,
V0486,Office Christmas Party,2016,2016,105,5.9,91584,41,tt1711525,384682,R,,Chicago | Illinois; holiday; christmas party; co-workers relationship; corporate downsizing; duringcreditsstinger; wild party; business deal; christmas; frantic; workplace comedy; going out of business; brother sister relationship; grand; office party; hilarious; amused; threat of company closure,"[""Comedy""]","Will Speck, Josh Gordon",Jason Bateman,Jason Bateman | Olivia Munn | T.J. Miller,1 win & 1 nomination total,"When Carol Vanstone, CEO of the technology company Zenotek, expresses her intention to close the Chicago branch, run by her brother Clay, he and his co-workers organize a Christmas party in an effort to impress a potential client and save their jobs. But the party gets out of control…",iTunes,
V0487,Once Upon a Time...in Hollywood,2019,2019,161,7.6,898601,86,tt7131622,466272,R,Once Upon a Time... in Hollywood Collection,California; historical fiction; buddy; filmmaking; struggling actor; satanic cult; revisionist history; duringcreditsstinger; western filmmaking; manson family murders; disturbed; 1960s; stunt double; old hollywood; sharon tate; charles manson; disgusted | Movie business; male friendship; cult; based on true story; celebrity; fame; hollywood; los angeles,"[""Comedy"",""Drama"",""Thriller""]",Quentin Tarantino,,,Won 2 Oscars. 147 wins & 384 nominations total,"Los Angeles, 1969. TV star Rick Dalton, a struggling actor specializing in westerns, and stuntman Cliff Booth, his best friend, try to survive in a constantly changing movie industry. Dalton is the neighbor of the young and promising actress and model Sharon Tate, who has just married the prestigious Polish director Roman Polanski…",iTunes,
V0488,One True Thing,1998,1998,127,6.9,12941,87,tt0120776,53113,R,,Dysfunctional family; cancer; death of parent,"[""Drama"",""Romance""]",Carl Franklin,Meryl Streep,Meryl Streep | Renée Zellweger | William Hurt,Nominated for 1 Oscar. 8 nominations total,A career woman reassesses her parents' lives after she is forced to care for her cancer-stricken mother.,iTunes,
V0489,Orphan,2009,2009,123,7.0,262145,60,tt1148204,21208,R,Orphan Collection,Nun; deaf-mute; orphan; troubled marriage; aftercreditsstinger; duringcreditsstinger,"[""Horror"",""Thriller""]",Jaume Collet-Serra,Vera Farmiga,Isabelle Fuhrman | Peter Sarsgaard | Vera Farmiga,1 win & 7 nominations total,"After losing their baby, a married couple adopt 9-year old Esther, who may not be as innocent as she seems.",iTunes,
V0490,Ouija,2014,2014,89,4.5,59944,6,tt1204977,242512,PG-13,Ouija Collection,Supernatural; spiritualism; nervous; suspenseful,"[""Horror""]",Stiles White,Olivia Cooke,Ana Coto | Matthew Settle | Olivia Cooke,1 win total,A group of friends must confront their most terrifying fears when they awaken the dark powers of an ancient spirit board.,iTunes,
V0491,Ouija: Origin of Evil,2016,2016,99,6.2,77954,83,tt4361050,335796,PG-13,Ouija Collection,Supernatural; possession; prequel; spirit; aftercreditsstinger; 1960s,"[""Horror""]",Mike Flanagan,Annalise Basso,Annalise Basso | Elizabeth Reaser | Lulu Wilson,2 wins & 7 nominations total,"In 1967 Los Angeles, a widowed mother and her two daughters add a new stunt to bolster their séance scam business and unwittingly invite authentic evil into their home. When the youngest daughter is overtaken by the merciless spirit, this small family confronts unthinkable fears to save her and send her possessor back to the other side.",iTunes,
V0492,Out of Africa,1985,1985,161,7.1,88532,62,tt0089755,606,PG,,Farm; infidelity; africa; plantation; safari; melancholy; nairobi; coffee grower; romance; kenya; based on memoir or autobiography; british colonial; syphilis; danish; historical drama; 1910s; big game hunter; cuckolded husband; plantation owner; lions; coffee beans; romantic; colonial africa,"[""Drama"",""History"",""Romance""]",Sydney Pollack,Robert Redford,Klaus Maria Brandauer | Meryl Streep | Robert Redford,Won 7 Oscars. 30 wins & 30 nominations total,"Tells the life story of Danish author Karen Blixen, who at the beginning of the 20th century moved to Africa to build a new life for herself. The film is based on her 1937 autobiographical novel.",iTunes,
V0493,Oz the Great and Powerful,2013,2013,130,6.3,218357,56,tt1623205,68728,PG,,Witch; based on novel or book; magic; circus; hope; illusion; con artist; fantasy world; magic trick; wizard; based on young adult novel,"[""Adventure"",""Family"",""Fantasy""]",Sam Raimi,James Franco,James Franco | Mila Kunis | Rachel Weisz,6 wins & 31 nominations total,"Oscar Diggs, a small-time circus illusionist and con-artist, is whisked from Kansas to the Land of Oz where the inhabitants assume he's the great wizard of prophecy, there to save Oz from the clutches of evil.",iTunes,
V0494,Pacific Rim,2013,2013,131,6.9,544286,72,tt1663662,68726,PG-13,Pacific Rim Collection,Monster; dystopia; giant monster; pacific; alaska; giant robot; apocalypse; hong kong; robot; alien invasion; kaiju; duringcreditsstinger; monster movie,"[""Action"",""Adventure"",""Science Fiction""]",Guillermo del Toro,Charlie Hunnam,Charlie Hunnam | Idris Elba | Rinko Kikuchi,Nominated for 1 BAFTA Award7 wins & 48 nominations total,"Using massive piloted robots to combat the alien threat, earth's survivors take the fight to the invading alien force lurking in the depths of the Pacific Ocean. Nearly defenseless in the face of the relentless enemy, the forces of mankind have no choice but to turn to two unlikely heroes who now stand as earth's final hope against the mounting apocalypse.",iTunes,
V0495,Pain & Gain,2013,2013,129,6.4,235239,49,tt1980209,134374,R,,Florida; scam; weight lifting; weightlifting; duringcreditsstinger | Miami,"[""Action"",""Comedy"",""Crime""]",Michael Bay,Mark Wahlberg,Anthony Mackie | Dwayne Johnson | Mark Wahlberg,4 nominations total,"Daniel Lugo, manager of the Sun Gym in 1990s Miami, decides that there is only one way to achieve his version of the American dream: extortion. To achieve his goal, he recruits musclemen Paul and Adrian as accomplices. After several failed attempts, they abduct rich businessman Victor Kershaw and convince him to sign over all his assets to them. But when Kershaw makes it out alive, authorities are reluctant to believe his story.",iTunes,
V0496,Pan's Labyrinth,2006,2006,118,8.2,724170,95,tt0457430,1417,R,,Princess; army; spain; fairy tale; resistance; servant; anti hero; franco regime (francoism); woods; love; cruelty; hiding; labyrinth; magic realism; mythological; dark fairy tale; children in wartime; post spanish civil war; faun; gloomy; surprise-ending,"[""Drama"",""Fantasy"",""War""]",Guillermo del Toro,Ivana Baquero,Ivana Baquero | Maribel Verdú | Sergi López,Won 3 Oscars. 109 wins & 115 nominations total,"Living with her tyrannical stepfather in a new home with her pregnant mother, 10-year-old Ofelia feels alone until she explores a decaying labyrinth guarded by a mysterious faun who claims to know her destiny. If she wishes to return to her real father, Ofelia must complete three terrifying tasks.",iTunes,
V0497,Paranormal Activity 4 (Extended Edition),2012,2012,,,,,,,,,,"[""Horror""]",Not Found,,,,"It has been five years since the disappearance of Katie and Hunter, and a suburban family witness strange events in their neighborhood when a woman and a mysterious child move in.",iTunes,
V0498,Paranormal Activity: The Ghost Dimension (New Extended Cut),,,,,,,,,,,,[],Not Found,,,,,iTunes,
V0499,Paranormal Activity: The Marked Ones,2014,2014,84,5.1,46267,40,tt2473682,227348,R,Paranormal Activity Collection,Supernatural; possession; demon; demonic possession; found footage; malicious,"[""Horror"",""Thriller""]",Christopher Landon,Andrew Jacobs,Andrew Jacobs | Gabrielle Walsh | Jorge Diaz,3 nominations,"Seventeen-year-old Jesse has been hearing terrifying sounds coming from his neighbor’s apartment, but when he turns on his camera and sets out to uncover their source, he encounters an ancient evil that won’t rest until it’s claimed his very soul.",iTunes,
V0500,Parasite,1982,1982,132,8.5,1058893,99,tt6751668,48311,R,,Dystopia,"[""Horror"",""Science Fiction""]",Charles Band,Robert Glaudini,Demi Moore | Luca Bercovici | Robert Glaudini,,"Paul Dean has created a deadly parasite that is now attached to his stomach. He and his female companion, Patricia Welles, must find a way to destroy it while also trying to avoid Ricus & his rednecks, and an evil government agent named Merchant.",iTunes,
V0501,Passengers (2016),2016,2016,,,,,,,,,,"[""Drama"",""Romance"",""Science Fiction""]",Not Found,,,,"A spacecraft traveling to a distant colony planet and transporting thousands of people has a malfunction in its sleep chambers. As a result, two passengers are awakened 90 years early.",iTunes,
V0502,Patriots Day,2016,2016,133,7.3,117525,80,tt4572514,388399,R,,Boston | Massachusetts; massachusetts; police chief; terrorism; aggressive; reflective; manhunt; boston marathon; sinister,"[""Action"",""Crime"",""Drama"",""History"",""Thriller""]",Peter Berg,Mark Wahlberg,J.K. Simmons | John Goodman | Mark Wahlberg,2 wins & 3 nominations total,"In the aftermath of an unspeakable act of terror, Police Sergeant Tommy Saunders joins courageous survivors, first responders and investigators in a race against the clock to hunt down the Boston Marathon bombers before they strike again.",iTunes,
V0503,Pawn Sacrifice,2015,2015,115,7.0,51592,73,tt1596345,245698,PG-13,,Chess; cold war; 1970s; victory; biography; chess champion; chess tournament; reykjavík | Iceland,"[""Drama"",""Thriller""]",Edward Zwick,Tobey Maguire,Liev Schreiber | Peter Sarsgaard | Tobey Maguire,,American chess champion Bobby Fischer prepares for a legendary match-up against Russian Boris Spassky.,iTunes,
V0504,Pay It Forward,2000,2000,123,7.2,126348,39,tt0223897,10647,PG-13,,Child's point of view; candlelight vigil; good deed; exotic dancer; schoolteacher; extra credit assignment; disfigurement; junior high school; burn injury; woman director,"[""Drama""]",Mimi Leder,Kevin Spacey,Angie Dickinson | Helen Hunt | Kevin Spacey,1 win & 4 nominations total,"Like some other kids, 12-year-old Trevor McKinney believed in the goodness of human nature. Like many other kids, he was determined to change the world for the better. Unlike most other kids, he succeeded.",iTunes,
V0505,Peppermint,2018,2018,101,6.5,72722,13,tt6850820,458594,R,,Coma; widow; cemetery; handcuffs; fbi; bus; grave; alcoholism; flashback; revenge; murder; vigilante; drug cartel; police corruption; hospital; torture; skid row; corrupt official; loss of child; corrupt judge; driveby shooting,"[""Action"",""Thriller""]",Pierre Morel,Jennifer Garner,Jennifer Garner | John Gallagher Jr. | John Ortiz,4 nominations total,"A grieving mother transforms herself into a vigilante following the murders of her husband and daughter, eluding the authorities to deliver her own personal brand of justice.",iTunes,
V0506,Percy Jackson: Sea of Monsters,2013,2013,106,5.7,129595,42,tt1854564,76285,PG,Percy Jackson Collection,Sea; monster; based on novel or book; poison; hermes; tale; poseidon; fantasy world; demigod; golden fleece; olympus; quest; kronos; based on young adult novel,"[""Adventure"",""Family"",""Fantasy""]",Thor Freudenthal,Logan Lerman,Alexandra Daddario | Brandon T. Jackson | Logan Lerman,3 wins & 5 nominations total,"In their quest to confront the ultimate evil, Percy and his friends battle swarms of mythical creatures to find the mythical Golden Fleece and to stop an ancient evil from rising.",iTunes,
V0507,Pet Sematary,1989,1989,103,6.5,119339,56,tt0098084,8913,R,Pet Sematary Collection,Based on novel or book; funeral; parent child relationship; coffin; pet; villain; head injury; resurrection; woods; grief; zombie; new neighbor; pet cemetery; dead cat; death of patient; loss of pet; dead lover; ghost; grave robbing; indian burial ground; woman director; mysterious; pets; somber; anxious; supernatural horror; horrified; ominous,"[""Drama"",""Fantasy"",""Horror"",""Thriller""]",Mary Lambert,Dale Midkiff,Dale Midkiff | Denise Crosby | Fred Gwynne,1 win & 6 nominations total,"After the Creed family's cat is accidentally killed, a friendly neighbor advises its burial in a mysterious nearby cemetery.",iTunes,
V0508,Pet Sematary (2019),1989,1989,65,,,,tt15433746,,,,,"[""Drama"",""Fantasy"",""Horror"",""Thriller""]",Not Found,,,,"After the Creed family's cat is accidentally killed, a friendly neighbor advises its burial in a mysterious nearby cemetery.",iTunes,
V0509,Pi,1998,1998,84,7.3,189322,88,tt0138704,473,R,,New york city; hacker; ark of the covenant; insanity; paranoia; mathematics; mathematician; delusion; helix; headache; chaos theory; migraine; genius; surrealism; alienation; computer chip; talmud; garden of eden; math genius; atonement; mysticism; intuition; psychotronic film; lynchian; avant garde; absurd; fibonacci; spiral,"[""Drama"",""Mystery"",""Thriller""]",Darren Aronofsky,Sean Gullette,Ben Shenkman | Mark Margolis | Sean Gullette,8 wins & 12 nominations total,"A mathematical genius discovers a link between numbers and reality, and thus believes he can predict the future.",iTunes,
V0510,Pirates of the Caribbean: Dead Men Tell No Tales,2017,2017,129,6.5,362797,30,tt1790809,166426,PG-13,Pirates of the Caribbean Collection,Sea; ship; treasure map; sequel; artifact; pirate; period drama; monkey; swashbuckler; ghost; caribbean sea; aftercreditsstinger; trident,"[""Action"",""Adventure"",""Fantasy""]","Joachim Rønning, Espen Sandberg",Johnny Depp,Geoffrey Rush | Javier Bardem | Johnny Depp,2 wins & 20 nominations total,"Thrust into an all-new adventure, a down-on-his-luck Capt. Jack Sparrow feels the winds of ill-fortune blowing even more strongly when deadly ghost sailors led by his old nemesis, the evil Capt. Salazar, escape from the Devil's Triangle. Jack's only hope of survival lies in seeking out the legendary Trident of Poseidon, but to find it, he must forge an uneasy alliance with a brilliant and beautiful astronomer and a headstrong young man in the British navy.",iTunes,
V0511,Pirates of the Caribbean: On Stranger Tides,2011,2011,136,6.6,584632,32,tt1298650,1865,PG-13,Pirates of the Caribbean Collection,Sea; ship; mutiny; captain; spain; england; sword; prime minister; sailing; mermaid; duke; silver; pirate; soldier; battle; swashbuckler; 18th century; aftercreditsstinger; blackbeard; 1750s,"[""Action"",""Adventure"",""Fantasy""]",Rob Marshall,Johnny Depp,Geoffrey Rush | Johnny Depp | Penélope Cruz,3 wins & 31 nominations total,"Captain Jack Sparrow crosses paths with a woman from his past, and he's not sure if it's love — or if she's a ruthless con artist who's using him to find the fabled Fountain of Youth. When she forces him aboard the Queen Anne's Revenge, the ship of the formidable pirate Blackbeard, Jack finds himself on an unexpected adventure in which he doesn't know who to fear more: Blackbeard or the woman from his past.",iTunes,
V0512,Pitch Perfect,2012,2012,112,7.1,340606,81,tt1981677,114150,PG-13,Pitch Perfect Collection,Competition; roommates; college; female friendship; misfit; hazing; university; audition; group of friends; dorm room; bickering; dj; singing competition; film score; young adult; acapella,"[""Comedy"",""Music"",""Romance""]",Jason Moore,Anna Kendrick,Anna Camp | Anna Kendrick | Brittany Snow,9 wins & 20 nominations total,"College student Beca knows she does not want to be part of a clique, but that's exactly where she finds herself after arriving at her new school. Thrust in among mean gals, nice gals and just plain weird gals, Beca finds that the only thing they have in common is how well they sing together. She takes the women of the group out of their comfort zone of traditional arrangements and into a world of amazing harmonic combinations in a fight to the top of college music competitions.",iTunes,
V0513,Pitch Perfect 2,2015,2015,115,6.4,173532,66,tt2848292,254470,PG-13,Pitch Perfect Collection,Sequel; singer; audition; group of friends; duringcreditsstinger; singing competition; woman director; acapella,"[""Comedy"",""Music""]",Elizabeth Banks,Anna Kendrick,Anna Kendrick | Brittany Snow | Hailee Steinfeld,10 wins & 17 nominations total,"The Bellas are back, and they are better than ever. After being humiliated in front of none other than the President of the United States of America, the Bellas are taken out of the Aca-Circuit. In order to clear their name, and regain their status, the Bellas take on a seemingly impossible task: winning an international competition no American team has ever won. In order to accomplish this monumental task, they need to strengthen the bonds of friendship and sisterhood and blow away the competition with their amazing aca-magic! With all new friends and old rivals tagging along for the trip, the Bellas can hopefully accomplish their dreams.",iTunes,
V0514,Pitch Perfect 3,2017,2017,93,5.8,74481,29,tt4765284,353616,PG-13,Pitch Perfect Collection,Sequel; singer; acapella; uso; cliché,"[""Comedy"",""Music""]",Trish Sie,Anna Kendrick,Anna Kendrick | Brittany Snow | Rebel Wilson,4 wins & 6 nominations total,"After the highs of winning the world championships, the Bellas find themselves split apart and discovering there aren't job prospects for making music with your mouth. But when they get the chance to reunite for an overseas USO tour, this group of awesome nerds will come together to make some music, and some questionable decisions, one last time.",iTunes,
V0515,"Planes, Trains and Automobiles",1987,1987,,,,,,2609,,,Chicago | Illinois; new york city; thanksgiving; flight; road trip; train; buddy; receptionist; slob; st. louis | Missouri; double take; chatter box; wichita kansas; speeding ticket; chewing tobacco; credit card fraud; state trooper; unlikely friendship; aftercreditsstinger; delayed flight; hilarious; whimsical; amused; cheerful,"[""Comedy""]",John Hughes,Steve Martin,John Candy | Laila Robins | Steve Martin,,"An irritable marketing executive, Neal Page, is heading home to Chicago for Thanksgiving when a number of delays force him to travel with a well meaning but overbearing shower curtain ring salesman, Del Griffith.",iTunes,
V0516,Pleasantville (1998),1998,1998,,,,,tt17305308,,,,,"[""Comedy"",""Drama"",""Fantasy""]",Not Found,,,,"Geeky teenager David and his popular twin sister, Jennifer, get sucked into the black-and-white world of a 1950s TV sitcom called ""Pleasantville,"" and find a world where everything is peachy keen all the time. But when Jennifer's modern attitude disrupts Pleasantville's peaceful but boring routine, she literally brings color into its life.",iTunes,
V0517,Poltergeist,1982,1982,114,7.3,187275,88,tt0084516,609,PG,Poltergeist Collection,Dying and death; parent child relationship; medium; poltergeist; halloween; ghostbuster; haunted house; paranormal phenomena; family relationships; suburbia; macabre; power of goodness; disturbed; haunted; anxious; dramatic; awestruck; comforting; foreboding; frightened; ominous,"[""Horror""]",Tobe Hooper,Craig T. Nelson,Beatrice Straight | Craig T. Nelson | JoBeth Williams,Nominated for 3 Oscars. 5 wins & 9 nominations total,"Upon realizing that something truly evil haunts his home, Steve Freeling calls in a team of parapsychologists to help before it's too late.",iTunes,
V0518,Poltergeist II: The Other Side,1986,1986,91,5.7,31106,20,tt0091778,11133,PG-13,Poltergeist Collection,Arizona; supernatural horror | Monster; poltergeist; undead; family secrets; sequel; alternate dimension; shaman; super power; phoenix,"[""Horror"",""Thriller""]",Brian Gibson,Craig T. Nelson,Craig T. Nelson | Heather O'Rourke | JoBeth Williams,Nominated for 1 Oscar. 1 win & 5 nominations total,"The Freeling family move in with Diane's mother in an effort to escape the trauma and aftermath of Carol Anne's abduction by the Beast. But the Beast is not to be put off so easily and appears in a ghostly apparition as the Reverend Kane, a religious zealot responsible for the deaths of his many followers. His goal is simple - he wants the angelic Carol Anne.",iTunes,
V0519,Pompeii,2014,2014,105,5.5,119212,27,tt1921064,76649,PG-13,,Epic; lava; gladiator; arena; gladiator fight; natural disaster; roman; forbidden love; disaster; slave; town in panic; volcanic eruption; pompeii; 1st century,"[""Action"",""Adventure"",""Drama"",""History"",""Romance""]",Paul W. S. Anderson,Kit Harington,Adewale Akinnuoye-Agbaje | Emily Browning | Kit Harington,9 wins & 4 nominations total,"In 79 A.D., Milo, a slave turned gladiator, finds himself in a race against time to save his true love Cassia, the beautiful daughter of a wealthy merchant who has been unwillingly betrothed to a corrupt Roman Senator. As Mount Vesuvius erupts in a torrent of blazing lava, Milo must fight his way out of the arena in order to save his beloved as the once magnificent Pompeii crumbles around him.",iTunes,
V0520,Poor Things,2023,2023,141,7.8,337982,93,tt14230458,792307,R,,England; experiment; paris | France; based on novel or book; obsession; lisbon | Portugal; crooked lawyer; love; domestic abuse; female protagonist; doctor; prostitution; cruelty; scientist; masturbation; disfigured face; sexual awakening; exploring sexuality; sex worker; female empowerment; curious; female sexuality; brain transplant; absurdism; quest for knowledge; spousal abuse; women's liberation; alexandria egypt; victorian era; quest for identity; frankenstein; body horror; amused; audacious; awestruck; euphoric; exuberant; melodramatic; wry | Ship; london,"[""Comedy"",""Romance"",""Science Fiction""]",Yorgos Lanthimos,Emma Stone,Emma Stone | Mark Ruffalo | Willem Dafoe,Won 4 Oscars. 122 wins & 424 nominations total,"Brought back to life by an unorthodox scientist, a young woman runs off with a lawyer on a whirlwind adventure across the continents. Free from the prejudices of her times, she grows steadfast in her purpose to stand for equality and liberation.",iTunes,
V0521,Practical Magic,1998,1998,104,6.3,98660,26,tt0120791,6435,PG-13,Practical Magic Collection,Witch; magic; haunting; aunt niece relationship; family history; sorcery; sister; love; outcast; curse; family curse; abusive alcoholic; adoring,"[""Comedy"",""Fantasy"",""Romance""]",Griffin Dunne,Sandra Bullock,Nicole Kidman | Sandra Bullock | Stockard Channing,1 win & 6 nominations total,"Sally and Gillian Owens, born into a magical family, have mostly avoided witchcraft themselves. But when Gillian's vicious boyfriend, Jimmy Angelov, dies unexpectedly, the Owens sisters give themselves a crash course in hard magic. With policeman Gary Hallet growing suspicious, the girls struggle to resurrect Angelov -- and unwittingly inject his corpse with an evil spirit that threatens to end their family line.",iTunes,
V0522,Pride & Prejudice & Zombies,2016,2016,,,32,,tt3611056,58431,Not Rated,,Based on novel or book; dystopia; shaolin; prejudice; zombie; pride; gold digger; 19th century; georgian or regency era; somber; parson; mashup; amused; antagonistic,"[""Comedy"",""Horror"",""Romance"",""Thriller""]",Burr Steers,,,,"A zombie outbreak has fallen upon the land in this reimagining of Jane Austen's classic tale of the tangled relationships between lovers from different social classes in 19th century England. Feisty heroine Elizabeth Bennet is a master of martial arts and weaponry and the handsome Mr. Darcy is a fierce zombie killer, yet the epitome of upper class prejudice. As the zombie outbreak intensifies, they must swallow their pride and join forces on the blood-soaked battlefield in order to conquer the undead once and for all.",iTunes,
V0523,Prime,2005,2005,105,6.2,42405,50,tt0387514,2313,PG-13,,New york city; lovesickness; jealousy; love of one's life; therapist; age difference; photographer; date; jewry; jewish life; nightclub; artist; kiss; blonde; older woman younger man relationship; desire to have children,"[""Comedy"",""Drama"",""Romance""]",Ben Younger,Uma Thurman,Bryan Greenberg | Meryl Streep | Uma Thurman,1 nomination,"A career driven professional from Manhattan is wooed by a young painter, who also happens to be the son of her psychoanalyst.",iTunes,
V0524,Prince of Persia: The Sands of Time,2010,2010,116,6.5,309099,37,tt0473075,9543,PG-13,,Persia; sandstorm; brother against brother; armageddon; based on video game,"[""Action"",""Adventure"",""Fantasy""]",Mike Newell,Jake Gyllenhaal,Ben Kingsley | Gemma Arterton | Jake Gyllenhaal,1 win & 11 nominations total,"A rogue prince reluctantly joins forces with a mysterious princess and together, they race against dark forces to safeguard an ancient dagger capable of releasing the Sands of Time – gift from the gods that can reverse time and allow its possessor to rule the world.",iTunes,
V0525,Project Almanac,2015,2015,106,6.4,85984,38,tt2436386,227719,PG-13,,Time travel; time machine; love; found footage; viajes en el tiempo; viaje en el tiempo,"[""Science Fiction"",""Thriller""]",Dean Israelite,Jonny Weston,Jonny Weston | Sam Lerner | Sofia Black-D'Elia,,"A group of teens discover secret plans of a time machine, and construct one. However, things start to get out of control.",iTunes,
V0526,Project X,2012,2012,88,6.7,245401,28,tt1636826,57214,R,,High school; birthday; birthday party; house party; teen movie; high school student; fake documentary,"[""Comedy""]",Nima Nourizadeh,Thomas Mann,Jonathan Daniel Brown | Oliver Cooper | Thomas Mann,5 nominations total,"Three high school seniors throw a party to make a name for themselves. As the night progresses, things spiral out of control as word of the party spreads.",iTunes,
V0527,Prometheus,2012,2012,124,7.0,672276,73,tt1446714,70981,R,Prometheus Collection,Android; alien; space; creature; spin off; creation; emergency surgery; archaeological dig; stasis; god complex; cave drawing; prometheus; genetic mutation; origins of life; 2090s; objective,"[""Adventure"",""Mystery"",""Science Fiction""]",Ridley Scott,Noomi Rapace,Charlize Theron | Michael Fassbender | Noomi Rapace,Nominated for 1 Oscar. 6 wins & 47 nominations total,"A team of explorers discover a clue to the origins of mankind on Earth, leading them on a journey to the darkest corners of the universe. There, they must fight a terrifying battle to save the future of the human race.",iTunes,
V0528,Promised Land,2012,2012,106,6.6,40439,53,tt2091473,133694,R,,Small town; campaign; salesman; farmland; natural gas; fracking,"[""Drama""]",Gus Van Sant,Matt Damon,Frances McDormand | John Krasinski | Matt Damon,4 wins & 7 nominations total,"A salesman for a natural gas company experiences life-changing events after arriving in a small town, where his corporation wants to tap into the available resources.",iTunes,
V0529,Psycho (1960),1960,1960,,,,,,,,,,"[""Horror"",""Mystery"",""Thriller""]",Not Found,,,,"When larcenous real estate clerk Marion Crane goes on the lam with a wad of cash and hopes of starting a new life, she ends up at the notorious Bates Motel, where manager Norman Bates cares for his housebound mother.",iTunes,
V0530,Pulp Fiction,1994,1994,154,8.9,2331708,92,tt0110912,680,R,,California; theft; nonlinear timeline; multiple storylines; aggressive; neo-noir; disgusted | Drug dealer; boxer; massage; stolen money; briefcase; crime boss; redemption; heirloom; dance competition; los angeles,"[""Crime"",""Thriller""]",Quentin Tarantino,John Travolta,John Travolta | Samuel L. Jackson | Uma Thurman,Won 1 Oscar. 69 wins & 72 nominations total,"A burger-loving hit man, his philosophical partner, a drug-addled gangster's moll and a washed-up boxer converge in this sprawling, comedic crime caper. Their adventures unfurl in three stories that ingeniously trip back and forth in time.",iTunes,
V0531,Pumpkinhead,1988,1988,86,6.2,29400,64,tt0095925,26515,R,Pumpkinhead Collection,Poem or rhyme; evil; vengeance | Witch; loss of loved one; pumpkin; murder; cabin; demon; based on song,"[""Fantasy"",""Horror""]",Stan Winston,Lance Henriksen,Jeff East | John D'Aquino | Lance Henriksen,3 nominations total,"When a group of teenagers inadvertently kill his only son, Ed Harley seeks the powers of a backwoods witch to bring the child back to life.",iTunes,
V0532,Puss In Boots,2012,2012,90,6.6,201603,86,tt0448694,83201,PG,,Cartoon cat,"[""Adventure"",""Animation"",""Comedy"",""Family""]",Raman Hui Shing-Ngai,,,1 nomination.,"Puss in Boots is on a mission to recover the Princess' stolen ruby from the notorious French thief, Whisperer. Reluctantly accompanied by three little kittens, Three Diablos, Puss must tame them before they endanger the mission.",iTunes,
V0533,R.I.P.D.,2013,2013,96,5.6,147556,13,tt0790736,49524,PG-13,R.I.P.D. Collection,Gold; wife; detective; investigation; police operation; undead; based on comic; partner; love; revenge; death; husband; ghost; police department; detectives; absurd; amused,"[""Action"",""Comedy"",""Fantasy""]",Robert Schwentke,Jeff Bridges,Jeff Bridges | Kevin Bacon | Ryan Reynolds,,A recently slain cop joins a team of undead police officers working for the Rest in Peace Department and tries to find the man who murdered him.,iTunes,
V0534,Radio,2003,2003,109,6.9,44815,35,tt0316465,13920,PG,,Mentally disabled; high school; friendship; sports; american football; 1970s; american football coach; biography; based on true story; inspiration; kindness; inspiring story; teenage daughter; disability; schoolteacher; mentor protégé relationship; racial issues; based on magazine | Newspaper or article; father daughter relationship; uplifting,"[""Drama""]",Michael Tollin,Cuba Gooding Jr.,Alfre Woodard | Cuba Gooding Jr. | Ed Harris,3 wins & 5 nominations total,"In the racially divided town of Anderson, South Carolina in 1976, football coach Harold Jones spots a mentally disabled African-American young man nicknamed Radio near his practice field and is inspired to befriend him. Soon, Radio is Jones' loyal assistant, and he becomes a student at T.L. Hanna High School. But things start to sour when Coach Jones begins taking guff from parents and fans who feel that his devotion to Radio is getting in the way of the team's quest for a championship.",iTunes,
V0535,Ralph Breaks the Internet,2018,2018,112,7.0,194435,88,tt5848272,404368,PG,Wreck-It Ralph Collection,Video game; cartoon; sequel; internet; lethal virus; aftercreditsstinger; duringcreditsstinger; online gaming; admiring,"[""Adventure"",""Animation"",""Comedy"",""Family""]","Phil Johnston, Rich Moore",John C. Reilly,Gal Gadot | John C. Reilly | Sarah Silverman,Nominated for 1 Oscar. 4 wins & 67 nominations total,"Video game bad guy Ralph and fellow misfit Vanellope von Schweetz must risk it all by traveling to the World Wide Web in search of a replacement part to save Vanellope's video game, Sugar Rush. In way over their heads, Ralph and Vanellope rely on the citizens of the internet — the netizens — to help navigate their way, including an entrepreneur named Yesss, who is the head algorithm and the heart and soul of trend-making site BuzzzTube.",iTunes,
V0536,Rambo,2008,2008,92,7.0,250154,38,tt0462499,7555,R,Rambo Collection,Snake; fight; missionary; boat; river; pastor; border; mercenary; thailand; burma; sequel; hard; disturbed,"[""Action"",""Thriller"",""War""]",Sylvester Stallone,Sylvester Stallone,Julie Benz | Matthew Marsden | Sylvester Stallone,1 win & 2 nominations total,"In Thailand, ex-Green Beret John James Rambo joins a group of mercenaries to venture into war-torn neighboring Myanmar to rescue a group of Christian aid workers who have been kidnapped by a ruthless local infantry unit.",Vudu,
V0537,Rambo III,1988,1988,102,5.8,144906,41,tt0095956,1370,R,Rambo Collection,Submachine gun; competition; machinegun; liberation; soviet union; soviet military; thailand; freedom fighter; afghanistan; war on freedom; mujahid; hard,"[""Action"",""Adventure"",""Thriller"",""War""]",Peter MacDonald,Sylvester Stallone,Marc de Jonge | Richard Crenna | Sylvester Stallone,2 wins & 7 nominations total,"Combat has taken its toll on Rambo, but he's finally begun to find inner peace in a monastery. When Rambo's friend and mentor Col. Trautman asks for his help on a top secret mission to Afghanistan, Rambo declines but must reconsider when Trautman is captured.",Vudu,
V0538,Rambo: First Blood,1985,1985,96,6.5,188162,33,tt0089880,1369,R,Rambo Collection,Vietnam war; vietnam veteran; vietnam; helicopter; government; prisoner; chase; submachine gun; liberation of prisoners; photography; machinegun; prisoner of war; liberation; leech; us army; forest; sequel; revenge; torture; soldier; explosion; bow and arrow; exploding body; agent; russian army; electrical torture; denunciation,"[""Action"",""Adventure"",""Thriller"",""War""]",George P. Cosmatos,,,Nominated for 1 Oscar. 5 wins & 7 nominations total,John Rambo is released from prison by the government for a top-secret covert mission to the last place on Earth he'd want to return - the jungles of Vietnam.,iTunes,
V0539,Rambo: First Blood Part II,1985,1985,96,6.5,188162,33,tt0089880,1369,R,Rambo Collection,Vietnam war; vietnam veteran; vietnam; helicopter; government; prisoner; chase; submachine gun; liberation of prisoners; photography; machinegun; prisoner of war; liberation; leech; us army; forest; sequel; revenge; torture; soldier; explosion; bow and arrow; exploding body; agent; russian army; electrical torture; denunciation,"[""Action"",""Adventure"",""Thriller"",""War""]",George P. Cosmatos,Sylvester Stallone,Charles Napier | Richard Crenna | Sylvester Stallone,Nominated for 1 Oscar. 5 wins & 7 nominations total,John Rambo is released from prison by the government for a top-secret covert mission to the last place on Earth he'd want to return - the jungles of Vietnam.,Vudu,
V0540,Rambo: Last Blood,2019,2019,89,6.1,115179,,tt1206885,522938,R,Rambo Collection,Post-traumatic stress disorder (ptsd); arizona; human trafficking; affectation; sequel; father figure; last stand; horse ranch; mexican american border; revenge plot; angry; mexican cartel; vindictive,"[""Action"",""Drama"",""Thriller""]",Adrian Grünberg,Sylvester Stallone,Paz Vega | Sergio Peris-Mencheta | Sylvester Stallone,4 wins & 8 nominations total,"After fighting his demons for decades, John Rambo now lives in peace on his family ranch in Arizona, but his rest is interrupted when Gabriela, the granddaughter of his housekeeper María, disappears after crossing the border into Mexico to meet her biological father. Rambo, who has become a true father figure for Gabriela over the years, undertakes a desperate and dangerous journey to find her.",Vudu,
V0541,Ran (1985),1985,2018,,,,,tt22087412,11645,,,Epic; assassination; kingdom; gun; greed; castle; heir to the throne; revenge; descent into madness; seppuku; inheritance fight; ruins; jidaigeki; king lear; feudal japan; black widow; somber; hopelessness; tragic,[],Akira Kurosawa,,,,"The movie follows Ran's journey, whose main desire is to fulfill his potential. He is ready to deal with difficult experiences of not being accepted by his family and friends, physical and emotional changes, and even dangers to his health, but he is not willing to give up on himself and his happiness.",iTunes,
V0542,Rango,2011,2011,107,7.3,304245,88,tt1192628,44896,PG,,Hero; gunslinger; sheriff; nevada; mayor; pet; native american; water supply; outlaw; water shortage; spirit; mariachi; disillusionment; desert; construction; frontier town; small western town; animal life; animal protagonist; old west; high noon,"[""Adventure"",""Animation"",""Comedy"",""Family"",""Western""]",Gore Verbinski,Johnny Depp,Isla Fisher | Johnny Depp | Ned Beatty,Won 1 Oscar. 46 wins & 25 nominations total,"When Rango, a lost family pet, accidentally winds up in the gritty, gun-slinging town of Dirt, the less-than-courageous lizard suddenly finds he stands out. Welcomed as the last hope the town has been waiting for, new Sheriff Rango is forced to play his new role to the hilt.",iTunes,
V0543,Ratatouille,2007,2007,111,8.1,883425,96,tt0382932,2062,G,,France; expensive restaurant; river; confidence; cooking; evacuation; mouse; leaving one's family; restaurant; villain; restaurant critic; spice; cookbook; food; chef; sewer; unlikely friendship; french restaurant; rat; french cuisine; fine dining | Work; sibling relationship; paris,"[""Animation"",""Comedy"",""Family"",""Fantasy""]",Brad Bird,Patton Oswalt,Ian Holm | Lou Romano | Patton Oswalt,Won 1 Oscar. 68 wins & 42 nominations total,"Remy, a resident of Paris, appreciates good food and has quite a sophisticated palate. He would love to become a chef so he can create and enjoy culinary masterpieces to his heart's delight. The only problem is, Remy is a rat. When he winds up in the sewer beneath one of Paris' finest restaurants, the rodent gourmet finds himself ideally placed to realize his dream.",iTunes,
V0544,Ratchet & Clank,2016,2016,94,5.5,12038,22,tt2865120,234004,PG,,Spacecraft; saving the world; extraterrestrial technology; villain; alien; best friend; robot; based on video game; aftercreditsstinger; duringcreditsstinger; woman director; spaceship mechanic,"[""Action"",""Adventure"",""Animation"",""Family""]","Jericca Cleland, Kevin Munroe",James Arnold Taylor,David Kaye | James Arnold Taylor | Jim Ward,1 win & 6 nominations total,"When the galaxy comes under the threat of a nefarious space captain, a mechanic and his newfound robot ally join an elite squad of combatants to save the universe.",iTunes,
V0545,Ready or Not,2019,2019,95,6.9,205803,89,tt7798634,567609,R,Ready or Not Collection,Escape; ritual; marriage; satanism; gore; pact with the devil; wealth; murder; wedding; game; exploding body; wedding dress; satanic cult; death game; absurd; frightened; horrified,"[""Comedy"",""Horror""]","Matt Bettinelli-Olpin, Tyler Gillett",Samara Weaving,Adam Brody | Mark O'Brien | Samara Weaving,4 wins & 24 nominations total,A young bride's wedding night turns into her worst nightmare when her ridiculously rich in-laws force her to play a gruesome game of hide-and-seek.,iTunes,
V0546,Ready Player One,2018,2018,140,7.4,514520,71,tt1677720,333339,PG-13,Ready Player One Collection,Future; based on novel or book; video game; virtual reality; dystopia; nostalgia; love; film in film; evil corporation; quest; 1980s; 2040s; based on young adult novel; columbus | Ohio; vrmmo,"[""Action"",""Adventure"",""Science Fiction""]",Steven Spielberg,Tye Sheridan,Ben Mendelsohn | Olivia Cooke | Tye Sheridan,Nominated for 1 Oscar. 11 wins & 57 nominations total,"When the creator of a popular video game system dies, a virtual contest is created to compete for his fortune.",iTunes,
V0547,Red 2,2013,2013,116,6.6,183732,44,tt1821694,146216,PG-13,RED Collection,England; central intelligence agency (cia); paris | France; england; europe; based on comic; mi6; agent; hired killer; exploding airplane | London,"[""Action"",""Comedy"",""Crime"",""Thriller""]",Dean Parisot,,,3 nominations total,Retired C.I.A. agent Frank Moses reunites his unlikely team of elite operatives for a global quest to track down a missing portable nuclear device.,iTunes,
V0548,Red Dragon,2002,2002,124,7.2,302020,69,tt0289765,9533,R,The Hannibal Lecter Collection,Based on novel or book; psychopath; fbi; murder; serial killer; cannibal; dentures; megalomania; mind game; criminal profiler; tabloid reporter; chloroform; psychotronic film; fbi agent; stethoscope,"[""Crime"",""Horror"",""Thriller""]",Brett Ratner,Edward Norton,Anthony Hopkins | Edward Norton | Ralph Fiennes,4 wins & 10 nominations total,"Former FBI Agent Will Graham, who was once almost killed by the savage Hannibal 'The Cannibal' Lecter, now has no choice but to face him again, as it seems Lecter is the only one who can help Graham track down a new serial killer.",iTunes,
V0549,Red Riding Hood,2011,2011,100,5.4,117682,10,tt1486185,49730,PG-13,,Winter; fairy tale; little red riding hood; hood; werewolf; aftercreditsstinger; duringcreditsstinger; woman director; tense; romantic; melodramatic,"[""Drama"",""Fantasy"",""Horror"",""Mystery"",""Thriller""]",Catherine Hardwicke,Amanda Seyfried,Amanda Seyfried | Billy Burke | Gary Oldman,5 nominations total,"Valerie is in love with a brooding outsider, Peter, but her parents have arranged for her to marry another man. Unwilling to lose each other, Valerie and Peter plan to run away together when Valerie's older sister is killed by a werewolf that prowls the dark forest surrounding their village. Panic grips the town as Valerie discovers that she has a unique connection to the beast--one that inexorably draws them together, making her both suspect ... and bait.",iTunes,
V0550,Red Rocket,2021,2021,130,7.1,37937,90,tt13453006,763329,R,,Texas; narcissism; relationship problems; porn star; estranged wife; selfishness; ex-husband ex-wife relationship; return home; frantic; candid; anxious; 2010s; return to hometown; texas city; dramatic; unlikeable protagonist; admiring; adoring; ambiguous; ambivalent; antagonistic; audacious; brisk; cliché; dubious; exhilarated,"[""Comedy"",""Drama""]",Sean Baker,Simon Rex,Bree Elrod | Simon Rex | Suzanna Son,12 wins & 37 nominations total,"Finding himself down and out in Los Angeles, former porn star Mikey Saber decides to crawl back to his hometown of Texas City, Texas, where his estranged wife and mother-in-law are living. Just as this dysfunctional family seems to be making things work, Mikey meets a young woman named Strawberry working the cash register at a local doughnut shop.",iTunes,
V0551,Red Sparrow,2018,2018,140,6.6,208955,45,tt2873282,401981,R,,Central intelligence agency (cia); sexual abuse; budapest | Hungary; based on novel or book; self sacrifice; spy; patriotism; seduction; training; double agent; chechnya; hospital; torture; mole; female spy; mortal danger; deceit; uncle niece relationship; american embassy; moscow | Russia; russian spy; hopeless; spy thriller; bolshoi ballet; ballet performance; secret code; prima ballerina; mother daughter relationship; theatre; asset; home health aide; secret meeting; gorky park,"[""Mystery"",""Thriller""]",Francis Lawrence,Jennifer Lawrence,Jennifer Lawrence | Joel Edgerton | Matthias Schoenaerts,3 wins & 9 nominations total,"Prima ballerina Dominika Egorova faces a bleak and uncertain future after she suffers an injury that ends her career. She soon turns to Sparrow School, a secret intelligence service that trains exceptional young people to use their minds and bodies as weapons. Dominika emerges as the most dangerous Sparrow after completing the sadistic training process. As she comes to terms with her new abilities, she meets a CIA agent who tries to convince her that he is the only person she can trust.",iTunes,
V0552,Requiem for a Dream (Director's Cut),2000,2000,,,,,,,,,,"[""Crime"",""Drama""]",Not Found,,,,The drug-induced utopias of four Coney Island residents are shattered when their addictions run deep.,iTunes,
V0553,Reservoir Dogs,1992,1992,99,8.3,1125778,90,tt0105236,500,R,,Escape; jewelry; psychopath; traitor; heist; thief; betrayal; plan gone wrong; gang; nonlinear timeline; warehouse; told in flashback; heist gone wrong; botched robbery; foreshadowing; rendezvous; iconic; uneasy alliance; rag tag group; based on short,"[""Crime"",""Thriller""]",Quentin Tarantino,Harvey Keitel,Harvey Keitel | Michael Madsen | Tim Roth,13 wins & 23 nominations total,"A botched robbery indicates a police informant, and the pressure mounts in the aftermath at a warehouse. Crime begets violence as the survivors -- veteran Mr. White, newcomer Mr. Orange, psychopathic parolee Mr. Blonde, bickering weasel Mr. Pink and Nice Guy Eddie -- unravel.",iTunes,
V0554,Resident Evil,2012,2012,100,6.6,297957,36,tt0120804,133121,R,Resident Evil (Animated) Collection,Mind control; biological weapon; dystopia; political instability; gore; infection; zombie; based on video game; survival horror; adult animation; parasite underneath skin; military operation; anime; genetic mutation; unkillable monster,"[""Action"",""Animation"",""Horror"",""Science Fiction""]",Makoto Kamiya,,,2 wins & 6 nominations total,"U.S. federal agent Leon S. Kennedy sneaks into the ""East Slavic Republic"" to verify rumors that Bio-Organic Weapons (BOWs) are being used in the country's civil war, which the U.S. and Russia are making preparations to jointly intervene in. Right after his infiltration, the U.S. government orders him to leave immediately. Determined to uncover the truth, Leon ignores the order and enters the battlefield to end the chain of tragedies caused by the BOWs.",iTunes,
V0555,Resident Evil: Afterlife,2010,2010,96,5.8,182055,21,tt1220634,35791,R,Resident Evil Collection,Dystopia; post-apocalyptic future; undead; evil corporation; biohazard; zombie; based on video game; duringcreditsstinger,"[""Action"",""Adventure"",""Horror"",""Science Fiction""]",Paul W. S. Anderson,Milla Jovovich,Ali Larter | Milla Jovovich | Wentworth Miller,2 wins & 8 nominations total,"In a world ravaged by a virus infection, turning its victims into the Undead, Alice continues on her journey to find survivors and lead them to safety. Her deadly battle with the Umbrella Corporation reaches new heights, but Alice gets some unexpected help from an old friend. A new lead that promises a safe haven from the Undead takes them to Los Angeles, but when they arrive the city is overrun by thousands of Undead - and Alice and her comrades are about to step into a deadly trap.",iTunes,
V0556,Resident Evil: Apocalypse,2004,2004,94,6.1,214952,18,tt0318627,1577,R,Resident Evil Collection,Rescue; martial arts; dystopia; mutant; conspiracy; evil corporation; zombie; based on video game; intense,"[""Action"",""Horror"",""Science Fiction""]",Alexander Witt,Milla Jovovich,Milla Jovovich | Oded Fehr | Sienna Guillory,6 wins & 3 nominations total,"As the city is locked down under quarantine, Alice finds out that the people that died from the previous incident at the Umbrella Corporation have turned into zombies. She then joins a small band of elite soldiers, who are enlisted to rescue the missing daughter of the creator of the mutating T-virus.  Once lack of luck and resources happen, they begin to wage an exhilarating battle to survive and escape before the Umbrella Corporation erases its experiment from the face of the earth.",iTunes,
V0557,Resident Evil: Extinction,2007,2007,94,6.2,209968,24,tt0432021,7737,R,Resident Evil Collection,Clone; dystopia; mutant; post-apocalyptic future; conspiracy; evil corporation; zombie; based on video game; intense; awestruck; skräck,"[""Action"",""Horror"",""Science Fiction""]",Russell Mulcahy,Milla Jovovich,Ali Larter | Milla Jovovich | Oded Fehr,2 wins & 2 nominations total,"Years after the Racoon City catastrophe, survivors travel across the Nevada desert, hoping to make it to Alaska. Alice joins the caravan and their fight against hordes of zombies and the evil Umbrella Corp.",iTunes,
V0558,Resident Evil: Retribution,2012,2012,95,5.3,154489,28,tt1855325,71679,R,Resident Evil Collection,Dystopia; mutant; sequel; conspiracy; tokyo | Japan; zombie; based on video game; moscow | Russia; hand to hand combat; virus; plague; pandemic,"[""Action"",""Horror"",""Science Fiction""]",Paul W. S. Anderson,Milla Jovovich,Michelle Rodriguez | Milla Jovovich | Sienna Guillory,2 wins & 6 nominations total,"The Umbrella Corporation’s deadly T-virus continues to ravage the Earth, transforming the global population into legions of the flesh eating Undead. The human race’s last and only hope, Alice, awakens in the heart of Umbrella’s most clandestine operations facility and unveils more of her mysterious past as she delves further into the complex. Without a safe haven, Alice continues to hunt those responsible for the outbreak; a chase that takes her from Tokyo to New York, Washington, D.C. and Moscow, culminating in a mind-blowing revelation that will force her to rethink everything that she once thought to be true. Aided by new found allies and familiar friends, Alice must fight to survive long enough to escape a hostile world on the brink of oblivion. The countdown has begun.",iTunes,
V0559,Resident Evil: The Final Chapter,2016,2016,107,5.5,103518,38,tt2592614,173897,R,Resident Evil Collection,Helicopter; monster; underground; dystopia; mutant; post-apocalyptic future; sequel; end of the world; female soldier; zombie; armageddon; based on video game; heroine; resident evil,"[""Action"",""Horror"",""Science Fiction""]",Paul W. S. Anderson,Milla Jovovich,Ali Larter | Iain Glen | Milla Jovovich,2 wins & 3 nominations total,"Picking up immediately after the events in Resident Evil: Retribution, Alice is the only survivor of what was meant to be humanity's final stand against the undead. Now, she must return to where the nightmare began - The Hive in Raccoon City, where the Umbrella Corporation is gathering its forces for a final strike against the only remaining survivors of the apocalypse.",iTunes,
V0560,Riddick (Unrated Director's Cut),,,,,,,,,,,,[],Not Found,,,,,iTunes,
V0561,Ride Along,2014,2014,99,6.1,126463,18,tt1408253,168530,PG-13,Ride Along Collection,Police operation; family relationships; police officer; duringcreditsstinger; hilarious; harsh,"[""Action"",""Comedy""]",Tim Story,Ice Cube,Ice Cube | John Leguizamo | Kevin Hart,1 win & 7 nominations total,"For the past two years, high-school security guard Ben has been trying to show decorated APD detective James that he's more than just a video-game junkie who's unworthy of James' sister, Angela. When Ben finally gets accepted into the academy, he thinks he's earned the seasoned policeman's respect and asks for his blessing to marry Angela. Knowing that a ride along will demonstrate if Ben has what it takes to take care of his sister, James invites him on a shift designed to scare the hell out of the trainee. But when the wild night leads them to the most notorious criminal in the city, James will find that his new partner's rapid-fire mouth is just as dangerous as the bullets speeding at it.",iTunes,
V0562,Ride Along 2,2016,2016,102,5.9,65361,14,tt2869728,323675,PG-13,Ride Along Collection,Police; family relationships; sequel; police officer; misadventure; buddy film,"[""Action"",""Comedy""]",Tim Story,Kevin Hart,Ice Cube | Kevin Hart | Olivia Munn,1 win & 7 nominations total,"As his wedding day approaches, Ben heads to Miami with his soon-to-be brother-in-law James to bring down a drug dealer who's supplying the dealers of Atlanta with product.",iTunes,
V0563,Rings,2005,2005,102,4.5,44048,8,tt0498381,91908,PG-13,,High school; race against time; ladder; fear; videotape; dvd extra; short film,"[""Horror"",""Thriller""]",Jonathan Liebesman,Ryan Merriman,Emily VanCamp | Kelly Stables | Ryan Merriman,,"Some time after the events of The Ring, a subculture of people voluntarily watch Samara Morgan's video and wait to see how close to the seven-day deadline they can get before showing it to the next person. They record everything they see and share their experiences on a secret website dedicated to the videotape. No one has ever recorded a day seven.",iTunes,
V0564,Rio 2,2014,2014,101,6.3,106074,50,tt2357291,172385,G,Rio Collection,Villain; amazon rainforest; sequel; travel; jungle; audition; parrots; personification,"[""Adventure"",""Animation"",""Comedy"",""Family""]",Carlos Saldanha,Jesse Eisenberg,Anne Hathaway | Jesse Eisenberg | will.i.am,Nominated for 1 BAFTA Award2 wins & 24 nominations total,"It's a jungle out there for Blu, Jewel and their three kids after they're hurtled from Rio de Janeiro to the wilds of the Amazon. As Blu tries to fit in, he goes beak-to-beak with the vengeful Nigel, and meets the most fearsome adversary of all: his father-in-law.",iTunes,
V0565,Rise of the Planet of the Apes,2011,2011,105,7.6,591942,82,tt1318514,61791,PG-13,Planet of the Apes (Reboot) Collection,California; solidarity; gorilla; intelligence; dystopia; zoo; alzheimer's disease; death of father; cage; anthropomorphism; golden gate bridge; disease; ape; orangutan; chimpanzee; medical research; primate; duringcreditsstinger; sign languages; virus; animal testing; contagion; father son relationship; animal human friendship; cgi-live action hybrid; violence against animals; meddling neighbor; medical trials; amused; exhilarated | San francisco,"[""Action"",""Drama"",""Science Fiction"",""Thriller""]",Rupert Wyatt,Andy Serkis,Andy Serkis | Freida Pinto | James Franco,Nominated for 1 Oscar. 21 wins & 44 nominations total,"A highly intelligent chimpanzee named Caesar has been living a peaceful suburban life ever since he was born. But when he gets taken to a cruel primate facility, Caesar decides to revolt against those who have harmed him.",iTunes,
V0566,Rock the Kasbah,2015,2015,106,5.5,12882,7,tt3164256,253414,R,,Jealousy; ex-boyfriend; redemption; afghanistan; record producer; last chance; singer,"[""Comedy"",""Music"",""War""]",Barry Levinson,Bill Murray,Bill Murray | Bruce Willis | Zooey Deschanel,,"A washed-up music producer finds one last shot at redemption with a golden-voiced young girl in Afghanistan. However, when jealousy gets the better of a disgruntled ex-boyfriend, he decides to oppose the young star with talent of his own.",iTunes,
V0567,Rocketman,2019,2019,121,7.3,201229,,tt2066051,504608,R,,California; pianist; lgbt; rise to fame; 1960s; gay theme | England; drug abuse; pop star; 1970s; musical; biography; based on true story; alcoholism; singer; rock music; los angeles | London,"[""Drama"",""Music""]",Dexter Fletcher,Taron Egerton,Jamie Bell | Richard Madden | Taron Egerton,Won 1 Oscar. 25 wins & 89 nominations total,"The story of Elton John's life, from his years as a prodigy at the Royal Academy of Music through his influential and enduring musical partnership with Bernie Taupin.",iTunes,
V0568,Rogue One: A Star Wars Story,2016,2016,133,7.8,711452,84,tt3748528,330459,PG-13,,Rebellion; spacecraft; rebel; space battle; space travel; prequel; female protagonist; space western; suicide mission; robot; spin off; space opera; alien language; against the odds; blind man,"[""Action"",""Adventure"",""Science Fiction""]",Gareth Edwards,Felicity Jones,Alan Tudyk | Diego Luna | Felicity Jones,Nominated for 2 Oscars. 24 wins & 85 nominations total,A rogue band of resistance fighters unite for a mission to steal the Death Star plans and bring a new hope to the galaxy.,iTunes,
V0569,Roman Holiday,1953,1953,118,8.0,151666,96,tt0046250,804,Approved,,Dance; rome | Italy; photography; boat; secret identity; intelligence; embassy; forbidden love; sightseeing; duty; black and white; romantic,"[""Comedy"",""Drama"",""Romance""]",William Wyler,Audrey Hepburn,Audrey Hepburn | Eddie Albert | Gregory Peck,Won 3 Oscars. 11 wins & 20 nominations total,"Overwhelmed by her suffocating schedule, touring European princess Ann takes off for a night while in Rome. When a sedative she took from her doctor kicks in, however, she falls asleep on a park bench and is found by an American reporter, Joe Bradley, who takes her back to his apartment for safety. At work the next morning, Joe finds out Ann's regal identity and bets his editor he can get exclusive interview with her, but romance soon gets in the way.",iTunes,
V0570,Rough Night,2017,2017,101,5.2,57006,45,tt4799050,397422,R,,Florida; dark comedy; female friendship; friends; drugs; drinking; male stripper; fiancé fiancée relationship; aftercreditsstinger; duringcreditsstinger; political candidate; accident; college friends; bachelorette party; comedy of errors | Friendship; miami,"[""Comedy"",""Drama""]",Lucia Aniello,Scarlett Johansson,Jillian Bell | Scarlett Johansson | Zoë Kravitz,1 win & 1 nomination total,"Five best friends from college reunite 10 years later for a wild bachelorette weekend in Miami. Their hard partying takes a hilariously dark turn when they accidentally kill a male stripper. Amidst the craziness of trying to cover it up, they're ultimately brought closer together when it matters most.",iTunes,
V0571,Rush,2013,2013,123,8.1,532959,88,tt1979320,96721,R,,Car race; sports; world champion; based on true story; racing; adventurer; formula one (f1); serious; ambivalent,"[""Action"",""Drama""]",Ron Howard,Chris Hemsworth,Chris Hemsworth | Daniel Brühl | Olivia Wilde,Won 1 BAFTA Award6 wins & 66 nominations total,"In the 1970s, a rivalry propels race car drivers Niki Lauda and James Hunt to fame and glory — until a horrible accident threatens to end it all.",iTunes,
V0572,Sabotage,1937,1937,109,5.7,67164,22,tt1742334,12684,R,,England; husband wife relationship; based on novel or book; bomb; black and white; sabotage; terrorist plot; brother sister relationship | London,"[""Crime"",""Drama"",""Thriller""]",Alfred Hitchcock,Sylvia Sidney,Desmond Tester | Oskar Homolka | Sylvia Sidney,,Karl Anton Verloc and his wife own a small cinema in a quiet London suburb where they live seemingly happily. But Mrs. Verloc does not know that her husband has a secret that will affect their relationship and threaten her teenage brother's life.,iTunes,
V0573,Safe,2012,2012,94,6.5,121752,59,tt1656190,72387,R,,New york city; triad; corrupt politician,"[""Action"",""Crime"",""Thriller""]",Boaz Yakin,Jason Statham,Chris Sarandon | James Hong | Jason Statham,2 nominations total,"After a former elite agent rescues a 12-year-old Chinese girl who's been abducted, they find themselves in the middle of a standoff between Triads, the Russian Mafia and high-level corrupt New York City politicians and police.",iTunes,
V0574,Safe House,2012,2012,115,6.7,242564,52,tt1599348,59961,R,,Martial arts; central intelligence agency (cia); microchip; betrayal; on the run; shootout; interrogation; safe house; rogue agent; cape town | South africa; football (soccer) stadium; consulate,"[""Action"",""Thriller""]",Daniel Espinosa,Denzel Washington,Denzel Washington | Ryan Reynolds | Vera Farmiga,1 win & 7 nominations total,"A dangerous CIA renegade resurfaces after a decade on the run. When the safe house he's remanded to is attacked by mercenaries, a rookie operative escapes with him. Now, the unlikely allies must stay alive long enough to uncover who wants them dead.",iTunes,
V0575,San Andreas,2015,2015,114,6.1,265819,48,tt2126355,254128,PG-13,,California; helicopter crash; mass destruction; rescue operation; tectonic plates; hoover dam; serious; search and rescue; intense; lafd - los angeles fire department; aftershocks | California; helicopter pilot; scientist; teenage daughter; seismologist; catastrophe; disaster movie; divorced couple; san andreas | California; looting; earthquake; tsunami; disaster; los angeles | California; san francisco,"[""Action"",""Drama"",""Thriller""]",Brad Peyton,Dwayne Johnson,Alexandra Daddario | Carla Gugino | Dwayne Johnson,2 wins & 10 nominations total,"In the aftermath of a massive earthquake in California, a rescue-chopper pilot makes a dangerous journey across the state in order to rescue his estranged daughter.",iTunes,
V0576,Savages,2012,2012,131,6.4,136031,50,tt1615065,82525,R,,California; enforcer; gardner; skull mask; dea; cruel | Explosive; widow; american abroad; eye gouging; dea agent; shot; southern california; surrogate daughter; laguna beach,"[""Crime"",""Drama"",""Thriller""]",Oliver Stone,Taylor Kitsch,Aaron Taylor-Johnson | Blake Lively | Taylor Kitsch,7 nominations total,Pot growers Ben and Chon face off against the Mexican drug cartel who kidnapped their shared girlfriend.,iTunes,
V0577,Saving Mr. Banks,2013,2013,125,7.5,172080,79,tt2140373,140823,PG-13,,Australia | Biography; based on true story; author; writer; disneyland; 1960s; film production; queensland,"[""Comedy"",""Drama"",""History""]",John Lee Hancock,Emma Thompson,Colin Farrell | Emma Thompson | Tom Hanks,Nominated for 1 Oscar. 13 wins & 74 nominations total,"Author P.L. Travers looks back on her childhood while reluctantly meeting with Walt Disney, who seeks to adapt her Mary Poppins books for the big screen.",iTunes,
V0578,Saving Private Ryan,1998,1998,169,8.6,1558717,94,tt0120815,857,R,,Dying and death; epic; self sacrifice; bravery; world war ii; duty; normandy | France; troops; waffen ss; omaha beach; rescue mission; cowardice; us army; based on true story; d-day; military; german soldier; military operation; 1940s; bloody deaths; u.s. army soldier; u.s. army ranger; massive casualties,"[""Drama"",""History"",""War""]",Steven Spielberg,Tom Hanks,Edward Burns | Tom Hanks | Tom Sizemore,Won 5 Oscars. 79 wins & 75 nominations total,"As U.S. troops storm the beaches of Normandy, three brothers lie dead on the battlefield, with a fourth trapped behind enemy lines. Ranger captain John Miller and seven men are tasked with penetrating German-held territory and bringing the boy home.",iTunes,
V0579,Saw,2003,2003,103,7.6,489032,50,tt0387564,246355,R,,Kidnapping; paralysis; hospital; torture; short film,"[""Crime"",""Horror"",""Thriller""]",James Wan,Leigh Whannell,Katrina Mathers | Leigh Whannell | Paul Moder,,"David, an orderly at a hospital, tells his horrific story of being kidnapped and forced to play a vile game of survival.",Vudu,
V0580,Saw 3D,2010,2010,90,5.5,114421,9,tt1477076,41439,R,Saw Collection,Sadism; torture; self help guru; tricycle; prosthetic arm; pig mask; survival horror; death match; mind game; frantic; death game,"[""Crime"",""Horror""]",Kevin Greutert,Tobin Bell,Betsy Russell | Costas Mandylor | Tobin Bell,3 nominations total,"As a deadly battle rages over Jigsaw's brutal legacy, a group of Jigsaw survivors gathers to seek the support of self-help guru and fellow survivor Bobby Dagen, a man whose own dark secrets unleash a new wave of terror.",Vudu,
V0581,Saw II,2005,2005,93,6.6,284501,38,tt0432348,215,R,Saw Collection,Sadism; riddle; serial killer; torture; survival horror; death match; macabre; mind game; death game,"[""Horror""]",Darren Lynn Bousman,Tobin Bell,Donnie Wahlberg | Shawnee Smith | Tobin Bell,4 wins & 11 nominations total,"The chilling and relentless Jigsaw killer returns to terrorize the city once again. When a gruesome murder victim emerges with unmistakable traces of Jigsaw's sinister methods, Detective Eric Matthews is thrust into a high-stakes investigation. To his surprise, apprehending Jigsaw seems almost too easy, but what he doesn't realize is that being caught is merely another piece of Jigsaw's intricate puzzle.",Vudu,
V0582,Saw III,2006,2006,108,6.2,220859,29,tt0489270,214,R,Saw Collection,Sadism; brain tumor; suffocation; torture; survival horror; death match; mutilation; mind game; death game; harsh,"[""Crime"",""Horror"",""Thriller""]",Darren Lynn Bousman,Tobin Bell,Angus Macfadyen | Shawnee Smith | Tobin Bell,1 win & 9 nominations total,"Jigsaw has disappeared. Along with his new apprentice Amanda, the puppet-master behind the cruel, intricate games that have terrified a community and baffled police has once again eluded capture and vanished. While city detective scrambles to locate him, Doctor Lynn Denlon and Jeff Reinhart are unaware that they are about to become the latest pawns on his vicious chessboard.",Vudu,
V0583,Saw IV,2007,2007,93,5.9,169372,18,tt0890870,663,R,Saw Collection,Pain; sadism; psychopath; fbi; victim; electric chair; doctor; torture; police officer; miscarriage; game; survival horror; death match; macabre; mind game; female corpse; death game,"[""Crime"",""Horror"",""Thriller""]",Darren Lynn Bousman,Tobin Bell,Costas Mandylor | Scott Patterson | Tobin Bell,2 wins & 7 nominations total,"Despite Jigsaw's death, and in order to save the lives of two of his colleagues, Lieutenant Rigg is forced to take part in a new game, which promises to test him to the limit.",Vudu,
V0584,Saw The Final Chapter,2010,2010,,,,,,41439,,Saw Collection,Sadism; torture; self help guru; tricycle; prosthetic arm; pig mask; survival horror; death match; mind game; frantic; death game,"[""Crime"",""Horror""]",Kevin Greutert,,,,"As a deadly battle rages over Jigsaw's brutal legacy, a group of Jigsaw survivors gathers to seek the support of self-help guru and fellow survivor Bobby Dagen, a man whose own dark secrets unleash a new wave of terror.",iTunes,
V0585,Saw V,2008,2008,92,5.8,141839,13,tt1132626,11917,R,Saw Collection,Nazi; sadism; serial killer; police corruption; torture; pig mask; survival horror; death of sister; death match; mind game; jigsaw; death game,"[""Crime"",""Horror"",""Thriller""]",David Hackl,Tobin Bell,Costas Mandylor | Scott Patterson | Tobin Bell,1 win & 2 nominations total,"Following Jigsaw's grisly demise, Detective Mark Hoffman is commended as a hero, but Agent Strahm is suspicious, and delves into Hoffman's past. Meanwhile, another group of people are put through a series of gruesome tests.",Vudu,
V0586,Saw VI,2009,2009,90,6.0,129490,39,tt1233227,22804,R,Saw Collection,Sacrifice; sadism; fbi; apprentice; murder; torture; killer; agent; death; survival horror; death match; aftercreditsstinger; mind game; healthcare; death game; foreboding,"[""Horror"",""Thriller""]",Kevin Greutert,Tobin Bell,Costas Mandylor | Mark Rolston | Tobin Bell,2 nominations total,"Special Agent Strahm is dead, and Detective Hoffman has emerged as the unchallenged successor to Jigsaw's legacy. However, when the FBI draws closer to Hoffman, he is forced to set a game into motion, and Jigsaw's grand scheme is finally understood.",Vudu,
V0587,Saw X,2023,2023,118,6.6,88903,81,tt21807222,951491,R,Saw Collection,Mexico; mexico city | Mexico; sadism; riddle; gore; sequel; con artist; cancer; scam; serial killer; torture; drugs; survival horror; duringcreditsstinger; jigsaw; saw; death game; requel,"[""Horror"",""Mystery"",""Thriller""]",Kevin Greutert,Tobin Bell,Shawnee Smith | Synnøve Macody Lund | Tobin Bell,1 win & 15 nominations total,"Between the events of 'Saw' and 'Saw II', a sick and desperate John Kramer travels to Mexico for a risky and experimental medical procedure in hopes of a miracle cure for his cancer, only to discover the entire operation is a scam to defraud the most vulnerable. Armed with a newfound purpose, the infamous serial killer returns to his work, turning the tables on the con artists in his signature visceral way through devious, deranged, and ingenious traps.",iTunes,
V0588,Scary Stories to Tell In the Dark,2019,2019,108,6.2,88845,78,tt3387520,417384,PG-13,Scary Stories to Tell in the Dark Collection,Small town; based on novel or book; halloween; haunted house; scarecrow; family secrets; urban legend; racism; high school friends; aspiring writer; draft dodger; 1960s; folk horror,"[""Adventure"",""Horror"",""Mystery""]",André Øvredal,,,5 wins & 6 nominations total,"Mill Valley, Pennsylvania, Halloween night, 1968. After playing a joke on a school bully, Stella and her friends decide to sneak into a supposedly haunted house that once belonged to the powerful Bellows family, unleashing dark forces that they will be unable to control.",iTunes,
V0589,Schindler's List,1993,1993,195,9.0,1517035,98,tt0108052,424,R,,Factory; hero; nazi; concentration camp; ss (nazi schutzstaffel); holocaust (shoah); world war ii; ghetto; jew persecution; kraków | Poland; defense industry; auschwitz-birkenau concentration camp; biography; based on true story; industrialist; historical fiction; black and white; train; poland; evil; philosophical; weapons manufacturer; loving; hopeful; nazi train,"[""Drama"",""History"",""War""]",Steven Spielberg,Liam Neeson,Ben Kingsley | Liam Neeson | Ralph Fiennes,Won 7 Oscars. 91 wins & 49 nominations total,The true story of how businessman Oskar Schindler saved over a thousand Jewish lives from the Nazis while they worked as slaves in his factory during World War II.,iTunes,
V0590,SCOOB!,2020,2020,93,5.6,30940,48,tt3152592,385103,PG,,Friendship; superhero; villain; heroism; talking dog; prequel; friends; based on cartoon; criminal investigation; boy and dog; caveman; fright; bitter,"[""Animation"",""Comedy"",""Family"",""Mystery""]",Tony Cervone,,,3 nominations total,"In Scooby-Doo’s greatest adventure yet, see the never-before told story of how lifelong friends Scooby and Shaggy first met and how they joined forces with young detectives Fred, Velma, and Daphne to form the famous Mystery Inc. Now, with hundreds of cases solved, Scooby and the gang face their biggest, toughest mystery ever: an evil plot to unleash the ghost dog Cerberus upon the world. As they race to stop this global “dogpocalypse,” the gang discovers that Scooby has a secret legacy and an epic destiny greater than anyone ever imagined.",iTunes,
V0591,Scream,2022,2022,111,7.4,416831,77,tt0117571,646385,R,Scream Collection,Mask; attempted murder; hallucination; murder; teen movie; serial killer; hospital; slasher; whodunit; killing spree; hometown; reboot; crime spree; illegitimate child; murder mystery; legacy; fandom; copycat killer; generation z; murder spree; sister sister relationship; retired cop; return to hometown; reddit; requel; teen scream,"[""Horror"",""Mystery""]","Tyler Gillett, Matt Bettinelli-Olpin",Melissa Barrera,Jenna Ortega | Mason Gooding | Melissa Barrera,5 wins & 22 nominations total,"Twenty-five years after a streak of brutal murders shocked the quiet town of Woodsboro, a new killer has donned the Ghostface mask and begins targeting a group of teenagers to resurrect secrets from the town’s deadly past.",iTunes,
V0592,Seeking a Friend for the End of the World,2012,2012,101,6.7,120245,55,tt1307068,88005,R,,Asteroid; road trip; end of the world; woman director,"[""Adventure"",""Comedy"",""Drama"",""Romance""]",Lorene Scafaria,Steve Carell,Connie Britton | Keira Knightley | Steve Carell,3 nominations,"As an asteroid nears Earth, a man finds himself alone after his wife leaves in a panic. He decides to take a road trip to reunite with his high school sweetheart. Accompanying him is a neighbor who inadvertently puts a wrench in his plan.",iTunes,
V0593,Self/Less,2015,2015,117,6.5,105849,18,tt2140379,238615,PG-13,,Immortality; lie; terminal illness; laboratory; cancer; transhumanism; doctor; body-swap; death; false memory; soul transference; rich man; mind transfer; host body; body snatching; eternal,"[""Action"",""Science Fiction"",""Thriller""]",Tarsem Singh,,,,An extremely wealthy elderly man dying from cancer undergoes a radical medical procedure that transfers his consciousness to the body of a healthy young man but everything may not be as good as it seems when he starts to uncover the mystery of the body's origins and the secret organization that will kill to keep its secrets.,iTunes,
V0594,Selma,2014,2014,128,7.5,96889,99,tt1020072,273895,PG-13,,Alabama; civil rights; martin luther king; president; protest march; woman director; selma; 1960s; african american history,"[""Drama"",""History""]",Ava DuVernay,David Oyelowo,Carmen Ejogo | David Oyelowo | Tom Wilkinson,Won 1 Oscar. 58 wins & 91 nominations total,"Selma,"" as in Alabama, the place where segregation in the South was at its worst, leading to a march that ended in violence, forcing a famous statement by President Lyndon B. Johnson that ultimately led to the signing of the Voting Rights Act.",iTunes,
V0595,Seven Psychopaths,2012,2012,110,7.1,278508,82,tt1931533,86838,R,,California; explosion; criminal; shih tzu; struggling; neo-noir | Suicide; alcohol; fight; kidnapping; gangster; screenwriter; black humor; murder; scam; los angeles,"[""Comedy"",""Crime""]",Martin McDonagh,Colin Farrell,Colin Farrell | Sam Rockwell | Woody Harrelson,Nominated for 1 BAFTA Award3 wins & 21 nominations total,A struggling screenwriter inadvertently becomes entangled in the Los Angeles criminal underworld after his oddball friends kidnap a gangster's beloved Shih Tzu.,iTunes,
V0596,Seventh Son,2014,2014,102,5.5,81911,12,tt1121096,68737,PG-13,,Based on novel or book; magic; chosen one; witch hunt; dark fantasy; evil witch; sword and sorcery; based on young adult novel,"[""Adventure"",""Fantasy""]",Sergei Bodrov,Jeff Bridges,Ben Barnes | Jeff Bridges | Julianne Moore,2 wins & 3 nominations total,"John Gregory, who is a seventh son of a seventh son and also the local spook, has protected the country from witches, boggarts, ghouls and all manner of things that go bump in the night. However John is not young anymore, and has been seeking an apprentice to carry on his trade. Most have failed to survive. The last hope is a young farmer's son named Thomas Ward. Will he survive the training to become the spook that so many others couldn't?",iTunes,
V0597,Sex and the City: The Movie,2008,2008,,,,,tt16976248,4564,,Sex and the City Collection,Hotel; new year's eve; new york city; forgiveness; city portrait; fashion journal; saint louis; female friendship; romcom; fashion designer; malibu; loss of libido; botox; couples therapy; best friend; wedding; break-up; fashion; manhattan | New york city; desire to have children; female sexuality,"[""Comedy"",""Drama"",""Romance""]",Michael Patrick King,,,,A New York writer on sex and love is finally getting married to her Mr. Big. But her three best girlfriends must console her after one of them inadvertently leads Mr. Big to jilt her.,iTunes,
V0598,Shakespeare in Love,1998,1998,123,7.1,238696,92,tt0138097,1934,R,,England; theater play; queen elizabeth i; playwright; cross dressing; false history; francis bacon; 16th century; acting; elizabethan england; romantic | London,"[""Comedy"",""History"",""Romance""]",John Madden,Joseph Fiennes,Geoffrey Rush | Gwyneth Paltrow | Joseph Fiennes,Won 7 Oscars. 65 wins & 87 nominations total,"Young Shakespeare is forced to stage his latest comedy, ""Romeo and Ethel, the Pirate's Daughter,"" before it's even written. When a lovely noblewoman auditions for a role, they fall into forbidden love -- and his play finds a new life (and title). As their relationship progresses, Shakespeare's comedy soon transforms into tragedy.",iTunes,
V0599,Shaun of the Dead,2004,2004,99,7.9,615526,92,tt0365748,747,R,,England; dark comedy; satire; surrey; parody; slacker; friends; survival; zombie; cynical; survival horror; british pub; boyfriend girlfriend relationship; taunting; zombie apocalypse; frantic; satirical; desperate; anxious; playful; dramatic; suspenseful; witty; amused; defiant; exuberant; farcical | London,"[""Comedy"",""Horror""]",Edgar Wright,Simon Pegg,Kate Ashfield | Nick Frost | Simon Pegg,Nominated for 3 BAFTA 14 wins & 20 nominations total,"Shaun lives a supremely uneventful life, which revolves around his girlfriend, his mother, and, above all, his local pub. This gentle routine is threatened when the dead return to life and make strenuous attempts to snack on ordinary Londoners.",iTunes,
V0600,Shazam!,2019,2019,132,7.0,399234,90,tt0448115,287947,PG-13,Shazam! Collection,Pennsylvania; magic; secret identity; superhero; based on comic; wizard; superhuman strength; aftercreditsstinger; duringcreditsstinger; christmas; dc extended universe (dceu); flossing | Philadelphia,"[""Action"",""Comedy"",""Fantasy""]",David F. Sandberg,Zachary Levi,Asher Angel | Mark Strong | Zachary Levi,27 nominations total,A boy is given the ability to become an adult superhero in times of need with a single magic word.,iTunes,
V0601,Sherlock Gnomes,2018,2018,86,5.3,14496,28,tt2296777,370567,PG,Gnomeo & Juliet Collection,Villain; sequel; missing person; animate statue; sherlock holmes,"[""Adventure"",""Animation"",""Comedy"",""Family"",""Fantasy"",""Mystery""]",John Stevenson,Johnny Depp,Emily Blunt | James McAvoy | Johnny Depp,1 win & 6 nominations,Garden gnomes Gnomeo & Juliet recruit renown detective Sherlock Gnomes to investigate the mysterious disappearance of other garden ornaments.,iTunes,
V0602,Sherlock Holmes (2009),2009,2009,,,,,tt19738224,,,,,"[""Action"",""Adventure"",""Crime"",""Mystery""]",Not Found,,,,Eccentric consulting detective Sherlock Holmes and Doctor John Watson battle to bring down a new nemesis and unravel a deadly plot that could destroy England.,iTunes,
V0603,Shrek,2001,2001,90,7.9,763726,88,tt0126029,808,PG,Shrek Collection,Princess; based on novel or book; magic; fairy tale; donkey; liberation; lordship; prince; castle; villain; robin hood; enchantment; swamp; parody; anthropomorphism; dragon; woman director; ogre; cartoon donkey; hilarious,"[""Adventure"",""Animation"",""Comedy"",""Family"",""Fantasy""]","Andrew Adamson, Vicky Jenson",Mike Myers,Cameron Diaz | Eddie Murphy | Mike Myers,Won 1 Oscar. 40 wins & 60 nominations total,"It ain't easy bein' green -- especially if you're a likable (albeit smelly) ogre named Shrek. On a mission to retrieve a gorgeous princess from the clutches of a fire-breathing dragon, Shrek teams up with an unlikely compatriot -- a wisecracking donkey.",iTunes,
V0604,Shrek 2,2004,2004,93,7.4,530600,89,tt0298148,809,PG,Shrek Collection,Prison; princess; magic; kingdom; fairy tale; liberation; transformation; honeymoon; prince; villain; parents-in-law; enchantment; sequel; anthropomorphism; dragon; ogre; fairy godmother; cartoon donkey,"[""Adventure"",""Animation"",""Comedy"",""Family"",""Fantasy""]","Conrad Vernon, Kelly Asbury, Andrew Adamson",Mike Myers,Cameron Diaz | Eddie Murphy | Mike Myers,Nominated for 2 Oscars. 18 wins & 52 nominations total,"Shrek, Fiona, and Donkey set off to Far, Far Away to meet Fiona's mother and father, the Queen and King. But not everyone is happily ever after. Shrek and the King find it difficult to get along, and there's tension in the marriage. The Fairy Godmother discovers that Fiona has married Shrek instead of her son Prince Charming and plots to destroy their marriage.",iTunes,
V0605,Shrek Forever After,2010,2010,93,6.3,234517,58,tt0892791,10192,PG,Shrek Collection,Witch; sequel; ogre,"[""Adventure"",""Animation"",""Comedy"",""Family"",""Fantasy""]",Mike Mitchell,Mike Myers,Cameron Diaz | Eddie Murphy | Mike Myers,1 win & 13 nominations total,"A bored and domesticated Shrek pacts with deal-maker Rumpelstiltskin to get back to feeling like a real ogre again, but when he's duped and sent to a twisted version of Far Far Away—where Rumpelstiltskin is king, ogres are hunted, and he and Fiona have never met—he sets out to restore his world and reclaim his true love.",iTunes,
V0606,Shrek the Third,2007,2007,93,6.1,346729,41,tt0413267,810,PG,Shrek Collection,Ship; island; ambush; kingdom; boarding school; liberation of prisoners; pregnancy; traitor; shipwreck; stage; sadness; transformation; assault; prince; villain; theater play; tricks; heir to the throne; conciliation; sequel; teacher; best friend; dragon; cowardliness; capture; wizard; duringcreditsstinger; ogre; cartoon donkey; villains,"[""Adventure"",""Animation"",""Comedy"",""Family"",""Fantasy""]",Chris Miller,Mike Myers,Cameron Diaz | Eddie Murphy | Mike Myers,Nominated for 1 BAFTA Award5 wins & 17 nominations total,"The King of Far Far Away has died and Shrek and Fiona are to become King & Queen. However, Shrek wants to return to his cozy swamp and live in peace and quiet, so when he finds out there is another heir to the throne, they set off to bring him back to rule the kingdom.",iTunes,
V0607,Shutter Island,2010,2010,138,8.2,1534963,69,tt1130884,11324,R,,Island; based on novel or book; hurricane; investigation; u.s. marshal; conspiracy theory; psychiatric hospital; psychological thriller; whodunit; neo-noir; 1950s; dreary; tense; baffled,"[""Drama"",""Mystery"",""Thriller""]",Martin Scorsese,Leonardo DiCaprio,Ben Kingsley | Leonardo DiCaprio | Mark Ruffalo,11 wins & 66 nominations total,"World War II soldier-turned-U.S. Marshal Teddy Daniels investigates the disappearance of a patient from a hospital for the criminally insane, but his efforts are compromised by troubling visions and a mysterious doctor.",iTunes,
V0608,Sicario,2015,2015,121,7.7,506500,92,tt3397884,273481,R,Sicario Collection,Mexico | Mission; assassin; central intelligence agency (cia); mexico; corruption; bomb; fbi; smoking; texas; border; manipulation; cynicism; revenge; murder; dirty cop; football (soccer); brutality; drugs; special forces; interrogation; desert; surveillance; night vision; death of daughter; moral dilemma; neo-noir; death of wife; mexican cartel; secret tunnel; violence; audacious; juárez,"[""Action"",""Crime"",""Thriller""]",Denis Villeneuve,Emily Blunt,Benicio del Toro | Emily Blunt | Josh Brolin,Nominated for 3 Oscars. 15 wins & 157 nominations total,An idealistic FBI agent is enlisted by a government task force to aid in the escalating war against drugs at the border area between the U.S. and Mexico.,iTunes,
V0609,Silence,2016,2016,161,7.2,127382,83,tt0490215,68730,R,,Japan; based on novel or book; christianity; missionary; remake; betrayal; torture; martyrdom; crisis of faith; portuguese; jesuits (society of jesus); 17th century; shogunate; religious persecution; religious icon; apostasy,"[""Drama"",""History""]",Martin Scorsese,Andrew Garfield,Adam Driver | Andrew Garfield | Liam Neeson,Nominated for 1 Oscar. 8 wins & 62 nominations total,"In the 17th century, two Portuguese Jesuit priests travel to Japan in an attempt to locate their mentor, who is rumored to have committed apostasy, and to propagate Catholicism.",iTunes,
V0610,Silent Hill: Revelation,2012,2012,95,4.9,68564,8,tt0938330,61012,R,Silent Hill Collection,Female protagonist; another dimension; based on video game; occult; mall; dark carnival; occult torture; aftercreditsstinger,"[""Horror"",""Mystery"",""Thriller""]",M.J. Bassett,,,8 nominations total,"Heather Mason and her father have been on the run, always one step ahead of dangerous forces that she doesn't fully understand. Now on the eve of her 18th birthday, plagued by horrific nightmares and the disappearance of her father, Heather discovers she's not who she thinks she is. The revelation leads her deeper into a demonic world that threatens to trap her forever.",iTunes,
V0611,Silent House,2011,2011,86,5.2,25153,42,tt1767382,92182,R,,Supernatural; remake; beer bottle; real time; candelabra; padlock; woman director,"[""Drama"",""Horror"",""Mystery""]","Chris Kentis, Laura Lau",Elizabeth Olsen,Adam Trese | Elizabeth Olsen | Eric Sheffer Stevens,1 win & 3 nominations total,"Sarah returns with her father and uncle to fix up the family's longtime summerhouse after it was violated by squatters in the off-season. As they work in the dark, Sarah begins to hear sounds from within the walls of the boarded-up building. Although she barely remembers the place, Sarah senses the past may still haunt the home.",iTunes,
V0612,Silver Linings Playbook,2012,2012,122,7.7,759070,92,tt1045658,82693,R,,Depression; infidelity; dancing; friendship; philadelphia | Pennsylvania; based on novel or book; widow; superstition; letter; dance competition; teacher; mental institution; therapy; mental illness; ex-wife; institutionalization; death of husband; father son relationship; cheating wife,"[""Comedy"",""Drama"",""Romance""]",David O. Russell,Bradley Cooper,Bradley Cooper | Jennifer Lawrence | Robert De Niro,Won 1 Oscar. 90 wins & 148 nominations total,"After losing his job and wife, and spending time in an institution, a former teacher winds up living with his parents. He wants to rebuild his life and reconcile with his wife, but his father would be happy if he shared his obsession with the Philadelphia Eagles. Things get complicated when he meets Tiffany Maxwell who offers to help him reconnect with his wife if he will do something very important for her in exchange.",iTunes,
V0613,"Sin City: Recut, Extended, Unrated",2005,2005,,,,,,187,,Sin City Collection,Dystopia; based on comic; anthology; black and white; held captive; based on graphic novel; mysterious killer; doing the right thing; silhouette; neo-noir,"[""Action"",""Crime""]","Robert Rodriguez, Frank Miller",,,,"Welcome to Sin City. This town beckons to the tough, the corrupt, the brokenhearted. Some call it dark… Hard-boiled. Then there are those who call it home — Crooked cops, sexy dames, desperate vigilantes. Some are seeking revenge, others lust after redemption, and then there are those hoping for a little of both. A universe of unlikely and reluctant heroes still trying to do the right thing in a city that refuses to care.",iTunes,
V0614,Sing,2016,2016,108,7.1,202207,71,tt3470600,335797,PG,Sing Collection,Anthropomorphism; singing; flood; singing competition; illumination; brisk,"[""Animation"",""Comedy"",""Family"",""Music""]",Garth Jennings,Matthew McConaughey,Matthew McConaughey | Reese Witherspoon | Seth MacFarlane,3 wins & 25 nominations total,A koala named Buster recruits his best friend to help him drum up business for his theater by hosting a singing competition.,iTunes,
V0615,Sing 2,2021,2021,110,7.3,94771,72,tt6467266,438695,PG,Sing Collection,Wolf; stage; villain; sequel; anthropomorphism; singing; thug; animals; villain arrested; illumination; suspenseful,"[""Animation"",""Comedy"",""Family"",""Music""]",Garth Jennings,Matthew McConaughey,Matthew McConaughey | Reese Witherspoon | Scarlett Johansson,2 wins & 21 nominations total,"Buster and his new cast now have their sights set on debuting a new show at the Crystal Tower Theater in glamorous Redshore City. But with no connections, he and his singers must sneak into the Crystal Entertainment offices, run by the ruthless wolf mogul Jimmy Crystal, where the gang pitches the ridiculous idea of casting the lion rock legend Clay Calloway in their show. Buster must embark on a quest to find the now-isolated Clay and persuade him to return to the stage.",iTunes,
V0616,Sinister,2012,2012,110,6.8,299005,64,tt1922777,82507,R,Sinister Collection,Drowning; pennsylvania | Usa; writing; child murder; snuff; tape; home movie footage; murder; massacre; power outage; held captive; hanging; death; car fire; novelist; attic; occult; super 8mm footage; macabre; moving in; book writing; supernatural horror,"[""Horror"",""Mystery"",""Thriller""]",Scott Derrickson,Ethan Hawke,Ethan Hawke | Juliet Rylance | Vincent D'Onofrio,3 wins & 14 nominations total,"True-crime writer Ellison Oswald is in a slump; he hasn't had a best seller in more than 10 years and is becoming increasingly desperate for a hit. So, when he discovers the existence of a snuff film showing the deaths of a family, he vows to solve the mystery. He moves his own family into the victims' home and gets to work. However, when old film footage and other clues hint at the presence of a supernatural force, Ellison learns that living in the house may be fatal.",iTunes,
V0617,Sisters (Unrated),2015,2015,,,,,,,,,,"[""Comedy""]",Not Found,,,,Two disconnected sisters are summoned to clean out their childhood bedrooms before their parents sell their family home.,iTunes,
V0618,Sixteen Candles,1984,1984,93,7.0,130929,81,tt0088128,15144,PG,,High school; birthday; nerd; convertible; crush; teenage crush; exchange student; night vision goggles; sweet sixteen; chastity; teenage angst; playful; high school romance; irreverent; lighthearted; sister's wedding; popular boy; whimsical; high school prom; cliché,"[""Comedy"",""Romance""]",John Hughes,Molly Ringwald,Haviland Morris | Michael Schoeffling | Molly Ringwald,2 wins & 1 nomination total,"With the occasion all but overshadowed by her sister's upcoming wedding, angst-ridden Samantha faces her 16th birthday with typical adolescent dread. Samantha pines for studly older boy Jake, but worries that her chastity will be a turnoff for the popular senior. Meanwhile, she must constantly rebuff the affections of nerdy Ted, who is unfortunately the only boy in school who seems to take an interest in her.",iTunes,
V0619,Skyfall,2012,2012,143,7.8,750218,92,tt1074638,37724,PG-13,James Bond Collection,Spy; secret agent; sociopath; police impersonator; mi6; killer; art gallery; british secret service; uzi; booby trap; macao; komodo dragon; intense; vibrant,"[""Action"",""Adventure"",""Thriller""]",Sam Mendes,Daniel Craig,Daniel Craig | Javier Bardem | Judi Dench,Won 2 Oscars. 69 wins & 125 nominations total,"When Bond's latest assignment goes gravely wrong, agents around the world are exposed and MI6 headquarters is attacked. While M faces challenges to her authority and position from Gareth Mallory, the new Chairman of the Intelligence and Security Committee, it's up to Bond, aided only by field agent Eve, to locate the mastermind behind the attack.",iTunes,
V0620,Skyscraper,2018,2018,102,5.8,138749,48,tt5758778,447200,PG-13,,Fire; china; skyscraper; hong kong; high tech; security system; pearl; penthouse; world's tallest building; trapped in burning building,"[""Action"",""Adventure"",""Thriller""]",Rawson Marshall Thurber,Dwayne Johnson,Chin Han | Dwayne Johnson | Neve Campbell,4 nominations total,"Framed and on the run, a former FBI agent must save his family from a blazing fire in the world's tallest building.",iTunes,
V0621,Sleepless,2017,2017,95,5.6,35652,25,tt2072233,324542,R,,Robbery; kidnapping; gangster; mobster; organized crime; undercover cop; police corruption; las vegas; intense; bold,"[""Action"",""Crime"",""Thriller""]",Baran bo Odar,Jamie Foxx,Dermot Mulroney | Jamie Foxx | Michelle Monaghan,1 nomination total,"Undercover Las Vegas police officer Vincent Downs, who has a lot of enemies, is caught in a high stakes web of corrupt cops and the mob-controlled casino underground. When a heist goes wrong, a crew of homicidal gangsters kidnap Downs’ teenage son T. In one sleepless night, Downs will have to rescue his son, evade an internal affairs investigation, and bring the kidnappers to justice.",iTunes,
V0622,Sleepy Hollow,1999,1999,105,7.3,396913,71,tt0162661,2668,R,,Small town; steampunk; 19th century; headless horseman,"[""Drama"",""Fantasy"",""Horror"",""Mystery"",""Thriller""]",Tim Burton,Johnny Depp,Christina Ricci | Johnny Depp | Miranda Richardson,Won 1 Oscar. 28 wins & 44 nominations total,"Skeptical young detective Ichabod Crane gets transferred to the hamlet of Sleepy Hollow, New York, where he is tasked with investigating the decapitations of three people – murders the townsfolk attribute to a legendary specter, The Headless Horseman.",iTunes,
V0623,Smile,1975,1975,115,6.5,205870,79,tt15474916,42264,R,,California; beauty contest; satire; choreographer; used car salesman; grand; ambiguous,"[""Comedy""]",Michael Ritchie,Bruce Dern,Barbara Feldon | Bruce Dern | Michael Kidd,1 nomination,"It's time again for California's ""Young American Miss"" beauty pageant, the biggest event of the year for Big Bob Freelander and Brenda DiCarlo, who give their all to put on a successful pageant. But Brenda is having marital difficulties and Bob's son is up to some mischief. Could this year's pageant be in jeopardy?",iTunes,
V0624,Snatched,2017,2017,90,4.7,38130,36,tt2334871,373569,R,,Ransom; parent child relationship; kidnapping; tourist; vacation; ecuador,"[""Action"",""Comedy""]",Jonathan Levine,Amy Schumer,Amy Schumer | Goldie Hawn | Tom Bateman,2 wins & 2 nominations total,"When her boyfriend dumps Emily, a spontaneous woman in her 30s, she persuades her ultra-cautious mom to accompany her on a vacation to Ecuador. When these two very different women are trapped on this wild journey, their bond as mother and daughter is tested and strengthened while they attempt to navigate the jungle and escape.",iTunes,
V0625,Snitch,2013,2013,112,6.4,93951,57,tt0882977,134411,PG-13,,Prison; undercover; parent child relationship; arrest; based on true story; drugs; agent; dea,"[""Action"",""Drama"",""Thriller""]",Ric Roman Waugh,Dwayne Johnson,Barry Pepper | Dwayne Johnson | Susan Sarandon,1 nomination total,"Construction company owner John Matthews learns that his estranged son, Jason, has been arrested for drug trafficking. Facing an unjust prison sentence for a first time offender courtesy of mandatory minimum sentence laws, Jason has nothing to offer for leniency in good conscience. Desperately, John convinces the DEA and the opportunistic DA Joanne Keeghan to let him go undercover to help make arrests big enough to free his son in return. With the unwitting help of an ex-con employee, John enters the narcotics underworld where every move could be his last in an operation that will demand all his resources, wits and courage to survive.",iTunes,
V0626,Snow White & the Huntsman (Extended Edition),2012,2012,,,,,,,,,,"[""Adventure"",""Drama"",""Fantasy""]",Not Found,,,,"After the Evil Queen marries the King, she performs a violent coup in which the King is murdered and his daughter, Snow White, is taken captive. Almost a decade later, a grown Snow White is still in the clutches of the Queen. In order to obtain immortality, The Evil Queen needs the heart of Snow White. After Snow escapes the castle, the Queen sends the Huntsman to find her in the Dark Forest.",iTunes,
V0627,Snowden,2016,2016,134,7.3,166336,61,tt3774114,302401,R,,Biography; idealism; idealist; national security agency (nsa); surveillance; whistleblower; political thriller; fighting the system; five eyes,"[""Crime"",""Drama"",""History"",""Thriller""]",Oliver Stone,Joseph Gordon-Levitt,Joseph Gordon-Levitt | Melissa Leo | Shailene Woodley,4 wins & 7 nominations total,CIA employee Edward Snowden leaks thousands of classified documents to the press.,iTunes,
V0628,Snowpiercer,2013,2013,126,7.1,405395,94,tt1706620,110415,R,,New year's eve; rebellion; parent child relationship; winter; brothel; child labour; pregnancy; dystopia; allegory; post-apocalyptic future; bridge; hijacking of train; rifle; based on comic; dam; train; based on graphic novel; guilt; revolt; duplicity; tunnel; social class; population control; perpetual winter; city ruin; 2030s; dramatic; suspenseful,"[""Action"",""Drama"",""Science Fiction""]",Bong Joon Ho,Chris Evans,Chris Evans | Ed Harris | Song Kang-ho,35 wins & 108 nominations total,"In a future where a failed global-warming experiment kills off most life on the planet, a class system evolves aboard the Snowpiercer; a train that travels around the globe via a perpetual-motion engine.",iTunes,
V0629,Sonic The Hedgehog,2024,2024,99,6.5,180326,64,tt3794354,939243,PG,Sonic the Hedgehog Collection,Moon; sequel; based on video game; psychotic; dual role; aftercreditsstinger; duringcreditsstinger; hedgehog; live action and animation; grandfather grandson relationship; animal human friendship; anthropomorphic animal; loss and grief; cliché; complicated; sceptical,"[""Action"",""Comedy"",""Family"",""Science Fiction""]",Jeff Fowler,,,1 nomination total,"Sonic, Knuckles, and Tails reunite against a powerful new adversary, Shadow, a mysterious villain with powers unlike anything they have faced before. With their abilities outmatched in every way, Team Sonic must seek out an unlikely alliance in hopes of stopping Shadow and protecting the planet.",iTunes,
V0630,Sonic the Hedgehog 2,2022,2022,122,6.5,106128,69,tt12412888,675353,PG,Sonic the Hedgehog Collection,Mad scientist; sequel; revenge; based on video game; duringcreditsstinger; hedgehog; live action and animation; relaxed; joyous,"[""Action"",""Adventure"",""Comedy"",""Family""]",Jeff Fowler,Ben Schwartz,Ben Schwartz | James Marsden | Tika Sumpter,2 wins & 3 nominations total,"After settling in Green Hills, Sonic is eager to prove he has what it takes to be a true hero. His test comes when Dr. Robotnik returns, this time with a new partner, Knuckles, in search for an emerald that has the power to destroy civilizations. Sonic teams up with his own sidekick, Tails, and together they embark on a globe-trotting journey to find the emerald before it falls into the wrong hands.",iTunes,
V0631,Sonic The Hedgehog 3,2024,2024,110,6.9,60288,85,tt18259086,939243,PG,Sonic the Hedgehog Collection,Moon; sequel; based on video game; psychotic; dual role; aftercreditsstinger; duringcreditsstinger; hedgehog; live action and animation; grandfather grandson relationship; animal human friendship; anthropomorphic animal; loss and grief; cliché; complicated; sceptical,"[""Action"",""Comedy"",""Family"",""Science Fiction""]",Jeff Fowler,,,1 nomination total,"Sonic, Knuckles, and Tails reunite against a powerful new adversary, Shadow, a mysterious villain with powers unlike anything they have faced before. With their abilities outmatched in every way, Team Sonic must seek out an unlikely alliance in hopes of stopping Shadow and protecting the planet.",iTunes,
V0632,Space Jam,1996,1996,88,6.5,219813,43,tt0117705,2300,PG,Space Jam Collection,Sports; cartoon; villain; basketball; slapstick comedy; alien; doctor; cartoon cat; basketball team; referee; cartoon chicken; cartoon skunk; live action and animation; looney; space jam; anthropomorphic,"[""Adventure"",""Animation"",""Comedy"",""Family"",""Science Fiction""]",Joe Pytka,Michael Jordan,Michael Jordan | Theresa Randle | Wayne Knight,5 wins & 8 nominations total,"With their freedom on the line, the Looney Tunes seek the help of NBA superstar Michael Jordan to win a basketball game against a team of moronic aliens.",iTunes,
V0633,Spaceballs,1987,1987,96,7.1,214790,52,tt0094012,957,PG,,Galaxy; android; space marine; laser gun; temple; swordplay; space battle; space travel; space mission; satire; altar; magnet beam; speed of light; plastic surgery; password; parody; spoof; gross out comedy,"[""Comedy"",""Science Fiction""]",Mel Brooks,Mel Brooks,John Candy | Mel Brooks | Rick Moranis,1 win total,"When the nefarious Dark Helmet hatches a plan to snatch Princess Vespa and steal her planet's air, space-bum-for-hire Lone Starr and his clueless sidekick fly to the rescue. Along the way, they meet Yogurt, who puts Lone Starr wise to the power of ""The Schwartz."" Can he master it in time to save the day?",iTunes,
V0634,Spectre,2015,2015,148,6.8,478737,63,tt2379713,206647,PG-13,James Bond Collection,Based on novel or book; spy; secret agent; sequel; mi6; british secret service; united kingdom,"[""Action"",""Adventure"",""Thriller""]",Sam Mendes,Daniel Craig,Christoph Waltz | Daniel Craig | Léa Seydoux,Won 1 Oscar. 8 wins & 38 nominations total,"A cryptic message from Bond’s past sends him on a trail to uncover a sinister organization. While M battles political forces to keep the secret service alive, Bond peels back the layers of deceit to reveal the terrible truth behind SPECTRE.",iTunes,
V0635,Speed,1994,1994,116,7.3,402144,95,tt0111257,1637,R,Speed Collection,California; falling elevator; bomb planting; lapd; trapped in an elevator; subway train; bomb explosion; ransom demand; extortionist; santa monica | California; life or death; bomb vest; city bus; s.w.a.t. officer; dead man switch; bus passengers; trapped in a vehicle | S.w.a.t.; bomber; bus bomb; los angeles,"[""Action"",""Thriller""]",Jan de Bont,Keanu Reeves,Dennis Hopper | Keanu Reeves | Sandra Bullock,Won 2 Oscars. 20 wins & 20 nominations total,"Jack Traven, an LAPD cop on SWAT detail, and veteran SWAT officer Harry Temple thwart an extortionist-bomber's scheme for a $3 million ransom. As they corner the bomber, he flees and detonates a bomb vest, seemingly killing himself. Weeks later, Jack witnesses a mass transit city bus explode and nearby a pay phone rings. On the phone is that same bomber looking for vengeance and the money he's owed. He gives a personal challenge to Jack: a bomb is rigged on another city bus - if it slows down below 50 mph, it will explode - bad enough any day, but a nightmare in LA traffic. And that's just the beginning...",iTunes,
V0636,Spell,2020,2020,91,5.5,9941,50,tt10736580,621151,R,,Sheriff; prisoner; escape; gas station; cult; appalachia; lawyer; cell phone; backwoods; ceremony; faith healer; voodoo doll; appalachian mountains; plane crash; rural setting; cannibalism; blood moon; violence,"[""Fantasy"",""Horror"",""Thriller""]",Mark Tonderai,Omari Hardwick,John Beasley | Loretta Devine | Omari Hardwick,,"A father survives a plane crash in rural Appalachia, but becomes suspicious of the elderly couple who take him in to nurse him back to health with the ancient remedies.",iTunes,
V0637,Spell,2020,2020,91,5.5,9941,50,tt10736580,621151,R,,Sheriff; prisoner; escape; gas station; cult; appalachia; lawyer; cell phone; backwoods; ceremony; faith healer; voodoo doll; appalachian mountains; plane crash; rural setting; cannibalism; blood moon; violence,"[""Fantasy"",""Horror"",""Thriller""]",Mark Tonderai,Omari Hardwick,John Beasley | Loretta Devine | Omari Hardwick,,"A father survives a plane crash in rural Appalachia, but becomes suspicious of the elderly couple who take him in to nurse him back to health with the ancient remedies.",Vudu,
V0638,Spider-Man,2017,2017,121,7.4,920686,90,tt0145487,315635,PG-13,Spider-Man (MCU) Collection,High school; new york city; washington dc | Usa; superhero; based on comic; reboot; aftercreditsstinger; duringcreditsstinger; marvel cinematic universe (mcu),"[""Action"",""Adventure"",""Drama"",""Science Fiction""]",Jon Watts,,,8 wins & 10 nominations total,"Following the events of Captain America: Civil War, Peter Parker, with the help of his mentor Tony Stark, tries to balance his life as an ordinary high school student in Queens, New York City, with fighting crime as his superhero alter ego Spider-Man as a new threat, the Vulture, emerges.",iTunes,
V0639,Spider-Man 2,2004,2004,127,7.5,731533,93,tt0316654,558,PG-13,Spider-Man Collection,New york city; dual identity; love of one's life; secret identity; superhero; pizza boy; based on comic; sequel; romance; doctor; scientist; tentacle; death; super villain; young adult,"[""Action"",""Adventure"",""Science Fiction""]",Sam Raimi,Tobey Maguire,James Franco | Kirsten Dunst | Tobey Maguire,Won 1 Oscar. 25 wins & 60 nominations total,"Peter Parker is going through a major identity crisis. Burned out from being Spider-Man, he decides to shelve his superhero alter ego, which leaves the city suffering in the wake of carnage left by the evil Doc Ock. In the meantime, Parker still can't act on his feelings for Mary Jane Watson, a girl he's loved since childhood. A certain anger begins to brew in his best friend Harry Osborn as well...",iTunes,
V0640,Spider-Man 3,2007,2007,139,6.3,666299,63,tt0413300,559,PG-13,Spider-Man Collection,Amnesia; dual identity; love of one's life; loss of loved one; forgiveness; hostility; superhero; sandstorm; spider; wretch; sand; narcissism; egomania; based on comic; sequel; revenge; symbiote; amused,"[""Action"",""Adventure"",""Science Fiction""]",Sam Raimi,Tobey Maguire,James Franco | Kirsten Dunst | Tobey Maguire,Nominated for 1 BAFTA Award4 wins & 44 nominations total,"The seemingly invincible Spider-Man goes up against an all-new crop of villains—including the shape-shifting Sandman. While Spider-Man’s superpowers are altered by an alien organism, his alter ego, Peter Parker, deals with nemesis Eddie Brock and also gets caught up in a love triangle.",iTunes,
V0641,Spider-Man: Across the Spider-Verse,2023,2023,140,8.5,434719,95,tt9362722,569094,PG,Spider-Man: Spider-Verse Collection,New york city; hero; sacrifice; superhero; villain; portal; based on comic; sequel; romance; alter ego; alternate dimension; india; parenting; family; alternate version; super power; brooklyn | New york city; superhero team; spider bite; super villain; cliffhanger; teenage romance; young heroes; teen superhero; teen social issues; chelsea; alternate universe; superhero teamup; female superhero; slow burn romance; interdimensional travel; sentimental; defiant; exuberant,"[""Action"",""Adventure"",""Animation"",""Science Fiction""]","Kemp Powers, Justin K. Thompson, Joaquim Dos Santos",Shameik Moore,Brian Tyree Henry | Hailee Steinfeld | Shameik Moore,Nominated for 1 Oscar. 106 wins & 165 nominations total,"After reuniting with Gwen Stacy, Brooklyn’s full-time, friendly neighborhood Spider-Man is catapulted across the Multiverse, where he encounters the Spider Society, a team of Spider-People charged with protecting the Multiverse’s very existence. But when the heroes clash on how to handle a new threat, Miles finds himself pitted against the other Spiders and must set out on his own to save those he loves most.",iTunes,
V0642,Spider-Man: Far From Home,2019,2019,129,7.4,593393,91,tt6320628,429617,PG-13,Spider-Man (MCU) Collection,Italy; superhero; school trip; europe; based on comic; sequel; destruction; aftercreditsstinger; duringcreditsstinger; marvel cinematic universe (mcu); tower of london; hilarious | Venice,"[""Action"",""Adventure"",""Science Fiction""]",Jon Watts,Tom Holland,Jake Gyllenhaal | Samuel L. Jackson | Tom Holland,11 wins & 26 nominations total,"Peter Parker and his friends go on a summer trip to Europe. However, they will hardly be able to rest - Peter will have to agree to help Nick Fury uncover the mystery of creatures that cause natural disasters and destruction throughout the continent.",iTunes,
V0643,Spider-Man: Homecoming,2017,2017,133,7.4,754126,92,tt2250912,315635,PG-13,Spider-Man (MCU) Collection,High school; new york city; washington dc | Usa; superhero; based on comic; reboot; aftercreditsstinger; duringcreditsstinger; marvel cinematic universe (mcu),"[""Action"",""Adventure"",""Drama"",""Science Fiction""]",Jon Watts,Tom Holland,Michael Keaton | Robert Downey Jr. | Tom Holland,8 wins & 10 nominations total,"Following the events of Captain America: Civil War, Peter Parker, with the help of his mentor Tony Stark, tries to balance his life as an ordinary high school student in Queens, New York City, with fighting crime as his superhero alter ego Spider-Man as a new threat, the Vulture, emerges.",iTunes,
V0644,Spider-Man: No Way Home,2021,2021,148,8.2,939737,93,tt10872600,634649,PG-13,Spider-Man (MCU) Collection,New york city; hero; showdown; magic; loss of loved one; secret identity; superhero; villain; portal; sequel; vigilante; superhero team; masked vigilante; spider web; alternative reality; aftercreditsstinger; duringcreditsstinger; marvel cinematic universe (mcu); fight for justice; teen superhero; superhero teamup; returning hero; crossover; teamwork; admiring,"[""Action"",""Adventure"",""Science Fiction""]",Jon Watts,Tom Holland,Benedict Cumberbatch | Tom Holland | Zendaya,Nominated for 1 Oscar. 35 wins & 71 nominations total,"Peter Parker is unmasked and no longer able to separate his normal life from the high-stakes of being a super-hero. When he asks for help from Doctor Strange the stakes become even more dangerous, forcing him to discover what it truly means to be Spider-Man.",iTunes,
V0645,Spiral: From the Book of Saw,2021,2021,,,,,,602734,,Saw Collection,Sequel; murder; police corruption; survival horror; body count; procedural; father son relationship; mystery killings; murder of a policeman; death game,"[""Horror"",""Mystery""]",Darren Lynn Bousman,Chris Rock,Chris Rock | Max Minghella | Samuel L. Jackson,,"Working in the shadow of an esteemed police veteran, brash Detective Ezekiel “Zeke” Banks and his rookie partner take charge of a grisly investigation into murders that are eerily reminiscent of the city’s gruesome past.  Unwittingly entrapped in a deepening mystery, Zeke finds himself at the center of the killer’s morbid game.",iTunes,
V0646,Split (2017),2017,2017,,,,,,,,,,"[""Horror"",""Thriller""]",Not Found,,,,"Though Kevin has evidenced 23 personalities to his trusted psychiatrist, Dr. Fletcher, there remains one still submerged who is set to materialize and dominate all the others. Compelled to abduct three teenage girls led by the willful, observant Casey, Kevin reaches a war for survival among all of those contained within him — as well as everyone around him — as the walls between his compartments shatter apart.",iTunes,
V0647,Spotlight,2015,2015,129,8.1,514090,97,tt1895587,314365,R,,Massachusetts; journalism; sex scandal; victim; based on true story; cover-up; priest; conspiracy; lawyer; historical fiction; biting; catholic; roman catholic church; lgbt; catholicism; 9/11; child molestation; archdiocese; investigative journalism; cardinal; serious; understated; critical; tense; powerful; tragic | Pedophilia; florida; newspaper; journalist; child abuse; court; judge; boston,"[""Drama"",""History""]",Tom McCarthy,Mark Ruffalo,Mark Ruffalo | Michael Keaton | Rachel McAdams,Won 2 Oscars. 124 wins & 144 nominations total,"The true story of how the Boston Globe uncovered the massive scandal of child molestation and cover-up within the local Catholic Archdiocese, shaking the entire Catholic Church to its core.",iTunes,
V0648,Star Trek Beyond,2016,2016,122,7.0,264548,86,tt2660888,188927,PG-13,Star Trek: Alternate Reality Collection,Spacecraft; sequel; stranded; hatred; lgbt; space opera; gay theme,"[""Action"",""Adventure"",""Science Fiction""]",Justin Lin,Chris Pine,Chris Pine | Karl Urban | Zachary Quinto,Nominated for 1 Oscar. 3 wins & 29 nominations total,"The USS Enterprise crew explores the furthest reaches of uncharted space, where they encounter a mysterious new enemy who puts them and everything the Federation stands for to the test.",iTunes,
V0649,Star Trek Into Darkness,2013,2013,132,7.7,503121,84,tt1408101,54138,PG-13,Star Trek: Alternate Reality Collection,Spacecraft; friendship; sequel; alien; futuristic; space; mysterious force; space opera; terrorist bombing; new beginning,"[""Action"",""Adventure"",""Science Fiction""]",J.J. Abrams,Chris Pine,Chris Pine | Zachary Quinto | Zoe Saldaña,Nominated for 1 Oscar. 7 wins & 58 nominations total,"When the crew of the Enterprise is called back home, they find an unstoppable force of terror from within their own organization has detonated the fleet and everything it stands for, leaving our world in a state of crisis.  With a personal score to settle, Captain Kirk leads a manhunt to a war-zone world to capture a one man weapon of mass destruction. As our heroes are propelled into an epic chess game of life and death, love will be challenged, friendships will be torn apart, and sacrifices must be made for the only family Kirk has left: his crew.",iTunes,
V0650,Star Wars: The Force Awakens,2015,2015,,2.8,33,,tt10321138,140607,,Star Wars Collection,Android; spacecraft; space opera; requel,"[""Action"",""Adventure"",""Science Fiction""]",J.J. Abrams,Harrison Ford,Carrie Fisher | Harrison Ford | Mark Hamill,,"Thirty years after defeating the Galactic Empire, Han Solo and his allies face a new threat from the evil Kylo Ren and his army of Stormtroopers.",iTunes,
V0651,Star Wars: The Rise of Skywalker,2019,2019,,,21,,tt15662564,181812,TV-14,Star Wars Collection,Space opera,"[""Action"",""Adventure"",""Science Fiction""]",J.J. Abrams,Carrie Fisher,Carrie Fisher | Daisy Ridley | Mark Hamill,,"The surviving Resistance faces the First Order once again as the journey of Rey, Finn and Poe Dameron continues. With the power and knowledge of generations behind them, the final battle begins.",iTunes,
V0652,Stardust,2020,2020,127,7.6,290311,77,tt0486655,579400,PG-13,,Biography,"[""Drama"",""Music""]",Gabriel Range,Johnny Flynn,Jena Malone | Johnny Flynn | Marc Maron,1 nomination,"David Bowie went to America for the first time to promote his third album, The Man Who Sold the World. There, he embarked on a coast-to-coast publicity tour. During this tour, Bowie came up with the idea of his iconic Ziggy Stardust character, inspired by artists like Iggy Pop and Lou Reed.",iTunes,
V0653,Stargate,1994,1994,116,7.0,211635,54,tt0111282,2164,PG-13,,Egypt; teleportation; pyramid; space travel; uprising; space; androgyny; space western; timebomb; death of son; nuclear weapons; space opera; hieroglyph; egyptian mythology; egyptology,"[""Action"",""Adventure"",""Science Fiction""]",Roland Emmerich,James Spader,James Spader | Jaye Davidson | Kurt Russell,6 wins & 6 nominations total,"An interstellar teleportation device, found in Egypt, leads to a planet with humans resembling ancient Egyptians who worship the god Ra.",iTunes,
V0654,Step Brothers,2008,2008,98,6.9,326309,54,tt0838283,12133,R,,Becoming an adult; hostility; autonomy; childhood trauma; stepbrother; slacker; man child; buddy; aftercreditsstinger; duringcreditsstinger; absurd; hilarious; farcical; ridiculous,"[""Comedy""]",Adam McKay,Will Ferrell,John C. Reilly | Richard Jenkins | Will Ferrell,3 wins & 2 nominations,"Brennan Huff and Dale Doback might be grown men. But that doesn't stop them from living at home and turning into jealous, competitive stepbrothers when their single parents marry. Brennan's constant competition with Dale strains his mom's marriage to Dale's dad, leaving everyone to wonder whether they'll ever see eye to eye.",iTunes,
V0655,Stephen King's Graveyard Shift,1990,1990,,,,,,19158,,,Maine; based on short story; exterminator; man eating monster; rat; textile worker; giant rat; rats exterminator,"[""Horror""]",Ralph S. Singleton,,,,"John Hall is a drifter who wanders into a small town in Maine. He needs a job and decides to seek employment at the community's top business: a large textile mill. He is hired to work the ""graveyard shift"" -- from around midnight to dawn -- and, along with a few others, he is charged with cleaning out the basement. This task strikes the workers as simple enough, but then, as they proceed deeper underground, they encounter an unspeakable monstrosity intent on devouring them all.",iTunes,
V0656,Stephen King's Silver Bullet,1985,1985,,,,,,17898,,,Based on novel or book; maine; werewolf,"[""Horror""]",Daniel Attias,,,,"The small city of Tarker's Mill is startled by a series of sadistic murders. The population fears that this is the work of a maniac. During a search a mysterious, hairy creature is observed. This strange appearance is noticed once a month. People lock themselves up at night, but there's one boy who's still outside, he's preparing the barbecue.",iTunes,
V0657,Stephen King's Thinner,1996,1996,,,,,,10280,,,Based on novel or book; curse; fat suit; disturbed,"[""Fantasy"",""Horror""]",Tom Holland,,,,"An obese lawyer finds himself growing ""Thinner"" when an old Romani man places a hex on him. Now the lawyer must call upon his friends in organized crime to help him persuade the old man to lift the curse. Time is running out for the desperate lawyer as he draws closer to his own death, and grows ever thinner.",iTunes,
V0658,Straight Outta Compton (Unrated Director's Cut),,,,,,,,,,,,[],Not Found,,,,,iTunes,
V0659,Subservience,2024,2024,106,5.4,20866,49,tt24871974,1064028,R,,Artificial intelligence (a.i.); robot; suspenseful; tense; intense; android horror,"[""Horror"",""Science Fiction"",""Thriller""]",SK Dale,Megan Fox,Madeline Zima | Megan Fox | Michele Morrone,,"With his wife out sick, a struggling father brings home a lifelike AI, only to have his self-aware new help want everything her new family has to offer... Like the affection of her owner and she'll kill to get it.",iTunes,
V0660,Suicide Squad (2016),2016,2016,,,,,tt24736378,,,,,"[""Action"",""Adventure"",""Fantasy""]",Not Found,,,,"From DC Comics comes the Suicide Squad, an antihero team of incarcerated supervillains who act as deniable assets for the United States government, undertaking high-risk black ops missions in exchange for commuted prison sentences.",iTunes,
V0661,Supergirl (1984),1984,1984,134,,,,tt16996394,,,,,"[""Action"",""Adventure"",""Fantasy"",""Science Fiction""]",Not Found,,,,"After losing a powerful orb, Kara, Superman's cousin, comes to Earth to retrieve it and instead finds herself up against a wicked witch.",iTunes,
V0662,Superman Returns,2006,2006,154,6.1,294943,74,tt0348150,1452,PG-13,,Saving the world; superhero; invulnerability; based on comic; sequel; super power; kryptonite; superhuman strength,"[""Action"",""Adventure"",""Science Fiction""]",Bryan Singer,Brandon Routh,Brandon Routh | Kate Bosworth | Kevin Spacey,Nominated for 1 Oscar. 12 wins & 47 nominations total,"Superman returns to discover his 5-year absence has allowed Lex Luthor to walk free, and that those he was closest to felt abandoned and have moved on. Luthor plots his ultimate revenge that could see millions killed and change the face of the planet forever, as well as ridding himself of the Man of Steel.",iTunes,
V0663,Superman: The Movie,1980,1980,36,8.5,216,,tt5852184,457825,,,,"[""Documentary""]",Iain Johnstone,,,,"Ernie Anderson narrates this look at the making of Richard Donner's blockbuster 1978 film. Behind-the-scenes footage, as well as scenes from the film, reveal just how audiences were able to ""believe a man can fly."" This program features interviews with key cast and crew.",iTunes,
V0664,Sweeney Todd: The Demon Barber of Fleet Street,2008,2008,116,7.3,396994,86,tt0408236,1280646,R,,,"[""Drama"",""Horror"",""Music"",""Thriller"",""TV Movie""]",Mario Gas,Joan Crosas,Joan Crosas | Pedro de los Ríos | Vicky Peña,,"In 1846, Anthony Hope sails into London with the mysterious Sweeney Todd, a once-naive barber whose life and marriage was uprooted by a corrupt justice system. Todd confides in Nellie Lovett, the owner of a local meat pie shop, and the two become partners, as Todd swears revenge on those that have wronged him and decides to take up his old profession.",iTunes,
V0665,Swingers,2002,2002,96,7.2,90281,87,tt0117802,93685,R,,Husband wife relationship; sexploitation; swinger,"[""Drama"",""Romance""]",Stephan Brenninkmeijer,Ellen van der Koogh,Danny de Kok | Ellen van der Koogh | Nienke Brinkhuis,,"Despite Diana's insecure nature, she and her husband Julian agree with the idea to sexually experiment with another couple. They put out an ad on the net to which the well experienced Alex and Timo react. We follow Diana and Julian as they prepare for the arrival of Alex and Timo, who they have invited to their home for the weekend. Diana is nervous. As soon as she is confronted with the self-confident and ravishingly sexy Alex, her insecurity increases even more. Timo seems disinterested, a sharp contrast to the boyish excitement of Julian. But as night falls and their sexual exploration begins, we notice Timo may not be as casual as he initially seemed and Diana on the other hand contains hidden strength. And so we realize there's more to 'Swingers' than just sex. Swingers: could your relationship stand the test?",iTunes,
V0666,Taken,2008,2008,90,7.7,650022,60,tt0936501,8681,PG-13,Taken Collection,France; kidnapping; prostitution; sex trafficking; albanian; missing daughter; ex special forces; ex-cia agent; abduction; search for daughter; army veteran | Rescue; paris,"[""Action"",""Thriller""]",Pierre Morel,Liam Neeson,Famke Janssen | Liam Neeson | Maggie Grace,2 wins & 2 nominations total,"Bryan Mills, a former government operative, is trying to reconnect with his teenage daughter Kim. After reluctantly agreeing with his ex-wife to let Kim go to Paris on vacation with a friend, his worst nightmare comes true. While on the phone with his daughter shortly after she arrives in Paris, she and her friend are abducted by a gang of human traffickers. Working against the clock, Bryan relies on his extensive training and skills to track down the ruthless gang that abducted her and launch a one-man war to rescue his daughter.",iTunes,
V0667,Taken (Extended Cut),,,,,,,,,,,,[],Not Found,,,,,iTunes,
V0668,Taken 2,2012,2012,92,6.2,328740,22,tt1397280,82675,PG-13,Taken Collection,Kidnapping; fbi; turkey; police chase; teenage daughter; stealing a car; ex-husband ex-wife relationship; albanian; u.s. embassy; aggressive; furious,"[""Action"",""Crime"",""Thriller""]",Olivier Megaton,Liam Neeson,Famke Janssen | Liam Neeson | Maggie Grace,1 win & 3 nominations total,"In Istanbul, retired CIA operative Bryan Mills and his wife are taken hostage by the father of a kidnapper Mills killed while rescuing his daughter.",iTunes,
V0669,Taken 3,2014,2014,108,6.0,209859,13,tt2446042,260346,PG-13,Taken Collection,California; escape; funeral; gas station; detective; bodyguard; suspicion of murder; golf; penthouse apartment; morgue; car crash; sequel; confusion; murder; fugitive; on the run; shootout; police chase; explosion; foot chase; anger; group of friends; death of mother; surveillance camera; murder investigation; failing marriage; ex-husband ex-wife relationship; police surveillance; wanted man; police inspector; framed for murder; protective father; gps; money problems; elevator; prime suspect; curious; college student; rich husband; thoughtful; ex special forces; ex-cia agent; unhappy marriage; unplanned pregnancy; spetsnaz; secret hideout; innocent suspect; lost money; father daughter relationship; army veteran; associates; secret investigation; homicide investigation; russian; deep sadness; enemy; evasion; understated; in love with ex; mystery; honorable; stepfather stepdaughter relationship; death of ex; spy tech; outsmart; special skills; owe money to criminals; amused; awestruck; enthusiastic,"[""Action"",""Thriller""]",Olivier Megaton,Liam Neeson,Forest Whitaker | Liam Neeson | Maggie Grace,3 wins & 3 nominations total,"Ex-government operative Bryan Mills finds his life is shattered when he's falsely accused of a murder that hits close to home. As he's pursued by a savvy police inspector, Mills employs his particular set of skills to track the real killer and exact his unique brand of justice.",iTunes,
V0670,Tales from the Darkside: The Movie,1990,1990,93,6.2,19833,46,tt0100740,20701,R,,Witch; monster; heart attack; mummy; dark comedy; anthology; paperboy; decapitation; gargoyle; darkside; black cat; severed hand; horror anthology,"[""Comedy"",""Fantasy"",""Horror"",""Thriller""]",John Harrison,Debbie Harry,David Forrester | Debbie Harry | Matthew Lawrence,1 win,A young boy tells three stories of horror to distract a witch who plans to eat him.,iTunes,
V0671,Talk To Me,2023,2023,95,7.1,182686,,tt10638522,1008042,R,Talk to Me Collection,Suicide; trauma; possession; female friendship; addiction; grief; female protagonist; death of mother; self mutilation; mental health; dead parent; social media; peer pressure; disembodied hand; generation z; self-harm; supernatural horror; cautionary tale; adelaide australia; body horror; teenager; modern australia,"[""Horror""]","Michael Philippou, Danny Philippou",,,,"When a group of friends discover how to conjure spirits using an embalmed hand, they become hooked on the new thrill, until one of them goes too far and unleashes terrifying supernatural forces.",iTunes,
V0672,Taxi Driver,1976,1976,114,8.2,977068,89,tt0075314,103,R,,Drug dealer; vietnam veteran; new york city; taxi; pornography; obsession; taxi driver; pimp; firearm; politician; alienation; junk food; misanthrophy; vigilante; cynical; illegal prostitution; character study; loner; manhattan | New york city; meditative; neo-noir; child prostitution; complex; new hollywood; dreary; cautionary; drives; provocative; antagonistic; audacious; callous,"[""Crime"",""Drama""]",Martin Scorsese,Robert De Niro,Cybill Shepherd | Jodie Foster | Robert De Niro,Nominated for 4 Oscars. 22 wins & 21 nominations total,A mentally unstable Vietnam War veteran works as a night-time taxi driver in New York City where the perceived decadence and sleaze feed his urge for violent action.,iTunes,
V0673,Ted (2012),2012,2012,,,,,tt26323272,72105,,Ted Collection,Friendship; dreams; love; buddy; teddy bear; toy comes to life; wishes come true,"[""Comedy"",""Fantasy""]",Seth MacFarlane,,,,"John Bennett, a man whose childhood wish of bringing his teddy bear to life came true, now must decide between keeping the relationship with the bear or his girlfriend, Lori.",iTunes,
V0674,Ted 2 (Unrated),2015,2015,,,,,,,,,,"[""Comedy"",""Fantasy""]",Not Found,,,,"Newlywed couple Ted and Tami-Lynn want to have a baby, but in order to qualify to be a parent, Ted will have to prove he's a person in a court of law.",iTunes,
V0675,Teenage Mutant Ninja Turtles (2014),2014,2014,,,,,,,,,,"[""Action"",""Adventure"",""Comedy"",""Science Fiction""]",Not Found,,,,"When a kingpin threatens New York City, a group of mutated turtle warriors must emerge from the shadows to protect their home.",iTunes,
V0676,Teenage Mutant Ninja Turtles: Out of the Shadows,2016,2016,112,5.9,103159,38,tt3949660,308531,PG-13,Teenage Mutant Ninja Turtles (Remake) Collection,Sibling relationship; turtle; based on comic; sequel; ninja; rat; bebop and rocksteady,"[""Action"",""Adventure"",""Comedy"",""Family"",""Science Fiction""]",Dave Green,Pete Ploszek,Alan Ritchson | Jeremy Howard | Pete Ploszek,10 nominations total,"After supervillain Shredder escapes custody, he joins forces with mad scientist Baxter Stockman and two dimwitted henchmen, Bebop and Rocksteady, to unleash a diabolical plan to take over the world. As the Turtles prepare to take on Shredder and his new crew, they find themselves facing an even greater evil with similar intentions: the notorious Krang.",iTunes,
V0677,Tenacious D In the Pick of Destiny,2006,2006,94,6.8,117424,53,tt0365830,2179,R,,Rock 'n' roll; guitar; rock star; music competition; satan; devil,"[""Adventure"",""Comedy"",""Fantasy"",""Music""]",Liam Lynch,,,2 nominations total,"In Venice Beach, naive Midwesterner JB bonds with local slacker KG and they form the rock band Tenacious D. Setting out to become the world's greatest band is no easy feat, so they set out to steal what could be the answer to their prayers... a magical guitar pick housed in a rock-and-roll museum some 300 miles away.",iTunes,
V0678,Tenet,2020,2020,150,7.3,622293,70,tt6723592,577922,PG-13,,Assassin; espionage; spy; time travel; mumbai (bombay) | India; arms dealer; terrorism; terrorist attack; nuclear weapons; terrorist plot; backwards; alternate timeline; oslo | Norway; time paradox; kyiv (kiev) | Ukraine,"[""Action"",""Science Fiction"",""Thriller""]",Christopher Nolan,John David Washington,Elizabeth Debicki | John David Washington | Robert Pattinson,Won 1 Oscar. 49 wins & 139 nominations total,"Armed with only one word - Tenet - and fighting for the survival of the entire world, the Protagonist journeys through a twilight world of international espionage on a mission that will unfold in something beyond real time.",iTunes,
V0679,Terminator 2: Judgment Day,1991,1991,137,8.6,1227716,91,tt0103064,280,R,The Terminator Collection,Man vs machine; cyborg; shotgun; dystopia; moral ambiguity; post-apocalyptic future; villain; time travel; mental institution; juvenile delinquent; fictional war; urban setting; troubled teen; morphing; nuclear weapons; shape shifter; savior; catch phrase; aggressive; action hero; complex; good versus evil; sinister; depressing; commanding; compassionate; exhilarated,"[""Action"",""Science Fiction"",""Thriller""]",James Cameron,Arnold Schwarzenegger,Arnold Schwarzenegger | Edward Furlong | Linda Hamilton,Won 4 Oscars. 39 wins & 33 nominations total,"Set ten years after the events of the original, James Cameron’s classic sci-fi action flick tells the story of a second attempt to get rid of rebellion leader John Connor, this time targeting the boy himself. However, the rebellion has sent a reprogrammed terminator to protect Connor.",iTunes,
V0680,Terminator 3: Rise of the Machines,2003,2003,109,6.3,425584,70,tt0181852,296,R,The Terminator Collection,Man vs machine; artificial intelligence (a.i.); saving the world; leather jacket; cyborg; killer robot; dystopia; nanotechnology; rocket launcher; veterinarian; fire engine; villain; time travel; psychiatrist; urban setting; female villain; firefighter; action hero; 2030s; good versus evil,"[""Action"",""Science Fiction"",""Thriller""]",Jonathan Mostow,Arnold Schwarzenegger,Arnold Schwarzenegger | Claire Danes | Nick Stahl,3 wins & 24 nominations total,"It's been 10 years since John Connor saved Earth from Judgment Day, and he's now living under the radar, steering clear of using anything Skynet can trace. That is, until he encounters T-X, a robotic assassin ordered to finish what T-1000 started. Good thing Connor's former nemesis, the Terminator, is back to aid the now-adult Connor … just like he promised.",iTunes,
V0681,Terminator Genisys,2015,2015,126,6.3,299665,26,tt1340138,87101,PG-13,The Terminator Collection,Future; artificial intelligence (a.i.); saving the world; cyborg; killer robot; dystopia; time travel; sequel; robot; duringcreditsstinger,"[""Action"",""Adventure"",""Science Fiction"",""Thriller""]",Alan Taylor,Emilia Clarke,Arnold Schwarzenegger | Emilia Clarke | Jai Courtney,9 nominations total,"The year is 2029. John Connor, leader of the resistance continues the war against the machines. At the Los Angeles offensive, John's fears of the unknown future begin to emerge when TECOM spies reveal a new plot by SkyNet that will attack him from both fronts; past and future, and will ultimately change warfare forever.",iTunes,
V0682,Terminator: Dark Fate,2019,2019,128,6.2,201569,70,tt6450804,290859,R,The Terminator Collection,Helicopter; mexico city | Mexico; artificial intelligence (a.i.); cyborg; dystopia; time travel; sequel; plane crash,"[""Action"",""Adventure"",""Science Fiction"",""Thriller""]",Tim Miller,Linda Hamilton,Arnold Schwarzenegger | Linda Hamilton | Mackenzie Davis,1 win & 12 nominations total,"Decades after Sarah Connor prevented Judgment Day, a lethal new Terminator is sent to eliminate the future leader of the resistance. In a fight to save mankind, battle-hardened Sarah Connor teams up with an unexpected ally and an enhanced super soldier to stop the deadliest Terminator yet.",iTunes,
V0683,Texas Chainsaw,2003,2003,92,4.8,57687,20,tt1572315,9373,R,Texas Chainsaw (Reboot) Collection,Suicide; sheriff; psychopath; trauma; telephone; gore; stalker; friends; remake; murder; hitchhiker; slaughterhouse; chainsaw; torture; cannibal; killer; family; human skin mask,"[""Horror""]",Marcus Nispel,,,4 wins & 17 nominations total,"After picking up a traumatized young hitchhiker, five friends find themselves stalked and hunted by a chainsaw-wielding killer and his family of equally psychopathic killers.",iTunes,
V0684,The 40-Year-Old Virgin (Unrated),2005,2005,,,,,,6957,,,First time; virgin; male friendship; co-workers relationship; poker game; sex comedy; virginity; sex,"[""Comedy"",""Romance""]",Judd Apatow,,,,"Andy Stitzer has a pleasant life with a nice apartment and a job stamping invoices at an electronics store. But at age 40, there's one thing Andy hasn't done, and it's really bothering his sex-obsessed male co-workers: Andy is still a virgin. Determined to help Andy get laid, the guys make it their mission to de-virginize him. But it all seems hopeless until Andy meets small business owner Trish, a single mom.",iTunes,
V0685,The Addams Family (2019),1991,1991,,,,,tt12930394,,,,,"[""Comedy"",""Fantasy""]",Not Found,,,,"When a man claiming to be long-lost Uncle Fester reappears after 25 years lost, the family plans a celebration to wake the dead. But the kids barely have time to warm up the electric chair before Morticia begins to suspect Fester is fraud when he can't recall any of the details of Fester's life.",iTunes,
V0686,The Adjustment Bureau,2011,2011,106,7.0,276956,72,tt1385826,38050,PG-13,,Hotel; future; plan; dancer; hat; marriage; senator; kiss; politician; honesty; alone; speech; fate; foot chase; covert agency; courthouse; political campaign; destiny; based on short story,"[""Romance"",""Science Fiction"",""Thriller""]",George Nolfi,Matt Damon,Emily Blunt | John Slattery | Matt Damon,1 win & 9 nominations total,"A man glimpses the future Fate has planned for him – and chooses to fight for his own destiny. Battling the powerful Adjustment Bureau across, under and through the streets of New York, he risks his destined greatness to be with the only woman he's ever loved.",iTunes,
V0687,The Age of Adaline,2015,2015,112,7.2,212877,55,tt1655441,293863,PG-13,,California; love; forever | Immortality; san francisco,"[""Drama"",""Fantasy"",""Romance""]",Lee Toland Krieger,Blake Lively,Blake Lively | Harrison Ford | Michiel Huisman,1 win & 10 nominations,"After 29-year-old Adaline recovers from a nearly lethal accident, she inexplicably stops growing older. As the years stretch on and on, Adaline keeps her secret to herself  until she meets a man who changes her life.",iTunes,
V0688,The Amazing Spider-Man 2,2014,2014,142,6.6,562817,50,tt1872181,102382,PG-13,The Amazing Spider-Man Collection,Experiment; obsession; superhero; based on comic; sequel; electrocution; super power,"[""Action"",""Adventure"",""Science Fiction""]",Marc Webb,Andrew Garfield,Andrew Garfield | Emma Stone | Jamie Foxx,4 wins & 30 nominations total,"For Peter Parker, life is busy. Between taking out the bad guys as Spider-Man and spending time with the person he loves, Gwen Stacy, high school graduation cannot come quickly enough. Peter has not forgotten about the promise he made to Gwen’s father to protect her by staying away, but that is a promise he cannot keep. Things will change for Peter when a new villain, Electro, emerges, an old friend, Harry Osborn, returns, and Peter uncovers new clues about his past.",iTunes,
V0689,The Amityville Horror (1979),1979,1979,,,,,,,,,,"[""Horror""]",Not Found,,,,"George Lutz, his wife Kathy, and their three children have just moved into a beautiful, and improbably cheap, Victorian mansion nestled in the sleepy coastal town of Amityville, Long Island. However, their dream home is concealing a horrific past and soon each member of the Lutz family is plagued with increasingly strange and violent visions and impulses.",iTunes,
V0690,The Batman,2022,2022,176,7.8,855531,85,tt1877830,414906,PG-13,The Batman Collection,Police; psychopath; secret identity; crime fighter; superhero; nightclub; politician; based on comic; vigilante; organized crime; serial killer; millionaire; social injustice; murder investigation; aftercreditsstinger; masked superhero; political corruption; neo-noir; somber; urban gothic; vengeance; mayoral election,"[""Crime"",""Mystery"",""Thriller""]",Matt Reeves,Robert Pattinson,Jeffrey Wright | Robert Pattinson | Zoë Kravitz,Nominated for 3 Oscars. 39 wins & 185 nominations total,"In his second year of fighting crime, Batman uncovers corruption in Gotham City that connects to his own family while facing a serial killer known as the Riddler.",iTunes,
V0691,The Big Lebowski,1998,1998,117,8.1,886030,80,tt0118715,115,R,,California; millionaire; cowboy; ashes; impregnation; bowling team; unemployed; bowling ball; neo-noir; weeds | Vietnam veteran; white russian; bowling; carpet; nihilism; heart attack; kidnapping; lsd; marijuana; los angeles,"[""Comedy"",""Crime""]",Joel Coen,Jeff Bridges,Jeff Bridges | John Goodman | Julianne Moore,5 wins & 18 nominations total,"Jeffrey 'The Dude' Lebowski, a Los Angeles slacker who only wants to bowl and drink White Russians, is mistaken for another Jeffrey Lebowski, a wheelchair-bound millionaire, and finds himself dragged into a strange series of events involving nihilists, adult film producers, ferrets, errant toes, and large sums of money.",iTunes,
V0692,The Big Short,2015,2015,130,7.8,509381,89,tt1596363,318846,R,,Based on novel or book; bank; fraud; wall street; biography; based on true story; finances; animated scene; historical fiction; loan; cynical; financial crisis; real estate; mortgage; factual; complicated,"[""Comedy"",""Drama""]",Adam McKay,Steve Carell,Christian Bale | Ryan Gosling | Steve Carell,Won 1 Oscar. 37 wins & 81 nominations total,The men who made millions from a global economic meltdown.,iTunes,
V0693,The Birdcage,1996,1996,117,7.2,104883,84,tt0115685,11000,R,,Coming out; florida; homophobia; drag queen; nightclub; senator; politician; based on play or musical; remake; conservative; cross dressing; gay parent; lgbt; political conflict; south beach; playing straight; drag club,"[""Comedy""]",Mike Nichols,Robin Williams,Gene Hackman | Nathan Lane | Robin Williams,Nominated for 1 Oscar. 7 wins & 25 nominations total,"Middle-aged gay life partners, Armand Goldman, a Jewish drag club owner, and Albert, the club's flamboyant star attraction, live in the eclectic community of South Beach and have raised a straight son. Now, their newly engaged son, 20-year-old Val, wants to bring his fiancée, Barbara, and her ultraconservative parents home to meet his family for the first time. By Val's request, Armand pretends to be straight, not Jewish and attempts to hide his relationship with Albert, in order to please Barbara's father, controversial right-wing Republican Sen. Kevin Keeley.",iTunes,
V0694,The Black Phone,2022,2022,103,6.9,225940,81,tt7144666,756999,R,The Black Phone Collection,Mask; small town; child abuse; dreams; sibling relationship; kidnapping; sadistic; 1970s; supernatural; cellar; colorado; bullying; basement; serial killer; based on short story; alcoholic father; child kidnapping,"[""Horror"",""Thriller""]",Scott Derrickson,Mason Thames,Ethan Hawke | Madeleine McGraw | Mason Thames,,"Finney Blake, a shy but clever 13-year-old boy, is abducted by a sadistic killer and trapped in a soundproof basement where screaming is of little use. When a disconnected phone on the wall begins to ring, Finney discovers that he can hear the voices of the killer’s previous victims. And they are dead set on making sure that what happened to them doesn’t happen to Finney.",iTunes,
V0695,The Blair Witch Project,1999,1999,81,6.5,298935,86,tt0185937,2667,R,Blair Witch Collection,Witch; legend; camping; map; supernatural; wilderness; forest; maryland; paranormal; friends; survival; urban legend; fear; witchcraft; evil; found footage; videotape; hopeless; lost in the woods; mokumentary,"[""Horror"",""Mystery""]","Daniel Myrick, Eduardo Sánchez",Rei Hance,Joshua Leonard | Michael C. Williams | Rei Hance,23 wins & 26 nominations total,"In October of 1994 three student filmmakers disappeared in the woods near Burkittsville, Maryland, while shooting a documentary. A year later their footage was found.",iTunes,
V0696,The Boss (Unrated),2016,2016,,,,,,,,,,"[""Comedy""]",Not Found,,,,"A titan of industry is sent to prison after she's caught for insider trading. When she emerges ready to rebrand herself as America's latest sweetheart, not everyone she screwed over is so quick to forgive and forget.",iTunes,
V0697,The Bourne Identity,2002,2002,119,7.8,594307,84,tt0258463,2501,PG-13,The Bourne Collection,France; based on novel or book; escape; barcelona | Germany; fishing boat; langley virginia; safe deposit box; hand to hand combat; action hero; bourne; jason bourne; intense; powerful | Sniper; assassin; amnesia; paris | Spain; spy; secret identity; passport; mission of murder; lovers; flashback; shootout; foot chase; cell phone; multiple identities; surveillance camera; hamburg,"[""Action"",""Drama"",""Mystery"",""Thriller""]",Doug Liman,Matt Damon,Chris Cooper | Franka Potente | Matt Damon,3 wins & 6 nominations total,"Wounded to the brink of death and suffering from amnesia, Jason Bourne is rescued at sea by a fisherman. With nothing to go on but a Swiss bank account number, he starts to reconstruct his life, but finds that many people he encounters want him dead. However, Bourne realizes that he has the combat and mental skills of a world-class spy—but who does he work for?",iTunes,
V0698,The Bourne Legacy,2012,2012,135,6.6,321917,56,tt1194173,49040,PG-13,The Bourne Collection,Assassin; espionage; wolf; maryland; covert operation; rooftop; exploding house; laptop; tracking device; fake id; pharmaceutical lab; government conspiracy; manila philippines; hunted; false passport; alberta canada; dramatic; admiring,"[""Action"",""Thriller""]",Tony Gilroy,Jeremy Renner,Edward Norton | Jeremy Renner | Rachel Weisz,1 win & 12 nominations total,New CIA operative Aaron Cross experiences life-or-death stakes that have been triggered by the previous actions of Jason Bourne.,iTunes,
V0699,The Bourne Supremacy,2004,2004,108,7.7,499099,82,tt0372183,2502,PG-13,The Bourne Collection,Germany; amnesia; based on novel or book; espionage; lie; sequel; on the run; shootout; foot chase; exploding house; one against many; rail car; dark past; moscow | Russia; hand to hand combat; action hero; bourne; jason bourne; dramatic; suspenseful | Sniper; assassin; berlin,"[""Action"",""Drama"",""Thriller""]",Paul Greengrass,Matt Damon,Brian Cox | Franka Potente | Matt Damon,5 wins & 22 nominations total,"A CIA operation to purchase classified Russian documents is blown by a rival agent, who then shows up in the sleepy seaside village where Bourne and Marie have been living. The pair run for their lives and Bourne, who promised retaliation should anyone from his former life attempt contact, is forced to once again take up his life as a trained assassin to survive.",iTunes,
V0700,The Bourne Ultimatum,2007,2007,115,8.0,669142,92,tt0440963,2503,PG-13,The Bourne Collection,Assassin; central intelligence agency (cia); corruption; paris | France; based on novel or book; madrid | Russia; frantic; action hero; security leak; investigative reporter; jason bourne; furious; intense | Spain; espionage; prosecution; fake identity; revelation; europe; interpol; sequel; flashback; on the run; conspiracy; shootout; motorcycle; foot chase; dark past; langley virginia; moscow,"[""Action"",""Drama"",""Mystery"",""Thriller""]",Paul Greengrass,Matt Damon,David Strathairn | Julia Stiles | Matt Damon,Won 3 Oscars. 29 wins & 42 nominations total,"Bourne is brought out of hiding once again by reporter Simon Ross who is trying to unveil Operation Blackbriar, an upgrade to Project Treadstone, in a series of newspaper columns. Information from the reporter stirs a new set of memories, and Bourne must finally uncover his dark past while dodging The Company's best efforts to eradicate him.",iTunes,
V0701,The Boxtrolls,2014,2014,96,6.8,62785,78,tt0787474,170687,PG,,Based on novel or book; parent child relationship; stop motion; unlikely friendship; duringcreditsstinger,"[""Animation"",""Comedy"",""Family"",""Fantasy""]","Graham Annable, Anthony Stacchi",Ben Kingsley,Ben Kingsley | Elle Fanning | Isaac Hempstead Wright,Nominated for 1 Oscar. 8 wins & 61 nominations total,"An orphaned boy raised by underground creatures called Boxtrolls comes up from the sewers and out of his box to save his family and the town from the evil exterminator, Archibald Snatcher.",iTunes,
V0702,The Boy (2016),2016,2016,,,,,,,,,,"[""Horror"",""Mystery"",""Thriller""]",Not Found,,,,"A young American woman takes a job as a nanny in a remote English village, soon discovering that the family's eight-year-old son is a life-sized doll that comes with a list of strict rules.",iTunes,
V0703,The Boy Next Door (2015),2015,2015,,,,,,,,,,"[""Thriller""]",Not Found,,,,"A recently cheated on married woman falls for a younger man who has moved in next door, but their torrid affair soon takes a dangerous turn.",iTunes,
V0704,The Breakfast Club,1985,1985,97,7.8,456735,87,tt0088847,2108,R,,High school; coming of age; teen angst; detention; teenage rebellion; stereotype; 1980s; teenager; wry,"[""Comedy"",""Drama""]",John Hughes,Emilio Estevez,Emilio Estevez | Judd Nelson | Molly Ringwald,4 wins total,"Five high school students from different walks of life endure a Saturday detention under a power-hungry principal. The disparate group includes rebel John, princess Claire, outcast Allison, brainy Brian and Andrew, the jock. Each has a chance to tell his or her story, making the others see them a little differently -- and when the day ends, they question whether school will ever be the same.",iTunes,
V0705,The Broken Hearts Gallery,2020,2020,109,6.3,10678,80,tt2140571,616251,PG-13,,Infidelity; new york city; roommates; break-up; art gallery; chance meeting; woman director; compulsive hoarding; hotel renovation; memorabilia; fired from a job,"[""Comedy"",""Romance""]",Natalie Krinsky,Geraldine Viswanathan,Dacre Montgomery | Geraldine Viswanathan | Utkarsh Ambudkar,1 win & 2 nominations total,"Lucy is a young gallery assistant who collects mementos from her relationships. She discovers that she must let go of her past to move forward, and comes up with a lovely, artistic way to help herself and others who have suffered heartbreak.",iTunes,
V0706,The Bye Bye Man,2017,2017,96,4.3,26866,18,tt4030600,292280,PG-13,,Wisconsin; supernatural; urban legend; hooded figure; woman director; young adult; college student,"[""Horror"",""Thriller""]",Stacy Title,,,,"When three college students move into an old house off campus, they unwittingly unleash a supernatural entity known as The Bye Bye Man, who comes to prey upon them once they discover his name. The friends must try to save each other, all the while keeping The Bye Bye Man's existence a secret to save others from the same deadly fate.",iTunes,
V0707,The Cabin In the Woods,2012,2012,95,7.0,471788,92,tt1259521,22970,R,,Giant snake; school party; motorcycle crash; abandoned house; woods; marijuana; cabin; apocalypse; zombie; werewolf; creature; cabin in the woods; video wall; speaker phone; young adult; college student; 林中小屋; teen scream,"[""Horror"",""Mystery""]",Drew Goddard,,,,A group of teens journey to a remote cabin in the woods where their fate is unknowingly controlled by technicians as part of a worldwide conspiracy where all horror movie clichés are revealed to be part of an elaborate sacrifice ritual.,iTunes,
V0708,The Cable Guy,1996,1996,96,6.1,184112,56,tt0115798,9894,PG-13,,Prison; prostitute; karaoke; obsession; dark comedy; medieval; cable guy; frenemies; satirical; bold; farcical; sardonic,"[""Comedy"",""Drama"",""Thriller""]",Ben Stiller,Jim Carrey,Jim Carrey | Leslie Mann | Matthew Broderick,3 wins & 2 nominations total,"When recently single Steven moves into his new apartment, cable guy Chip comes to hook him up—and doesn't let go. Initially, Chip is just overzealous in his desire to be Steven's pal, but when Steven tries to end the 'friendship', Chip shows his dark side. He begins stalking Steven, who's left to fend for himself because no one else can believe Chip's capable of such behaviour.",iTunes,
V0709,The Call of the Wild,2020,2020,100,6.7,61007,63,tt7504726,481848,PG,,Based on novel or book; affectation; gold rush; dog; sled dogs; yukon | Canada; 19th century; pets; appreciative,"[""Adventure"",""Drama"",""Family""]",Chris Sanders,Harrison Ford,Colin Woodell | Dan Stevens | Harrison Ford,1 win & 8 nominations total,"Buck is a big-hearted dog whose blissful domestic life is turned upside down when he is suddenly uprooted from his California home and transplanted to the exotic wilds of the Yukon during the Gold Rush of the 1890s. As the newest rookie on a mail delivery dog sled team—and later its leader—Buck experiences the adventure of a lifetime, ultimately finding his true place in the world and becoming his own master.",iTunes,
V0710,The Choice,2016,2016,111,6.5,47342,11,tt3797868,330483,PG-13,,Based on novel or book; cheating; love; opposites attract; girl next door,"[""Drama"",""Romance""]",Ross Katz,Benjamin Walker,Benjamin Walker | Maggie Grace | Teresa Palmer,3 nominations total,Travis and Gabby first meet as neighbors in a small coastal town and wind up in a relationship that is tested by life's most defining events.,iTunes,
V0711,The Cider House Rules,1999,1999,126,7.4,106597,71,tt0124315,1715,PG-13,,Based on novel or book; orphanage; pregnancy; drug addiction; cigarette; cider; maine; orphan; incest; drug overdose; war injury; apple cider; anesthetic; incinerator; picking apples; 1940s; abortion; abortionist,"[""Drama""]",Lasse Hallström,Tobey Maguire,Charlize Theron | Delroy Lindo | Tobey Maguire,Won 2 Oscars. 8 wins & 30 nominations total,"Homer is an orphan who was never adopted, becoming the favorite of orphanage director Dr. Larch. Dr. Larch imparts his full medical knowledge on Homer, who becomes a skilled, albeit unlicensed, physician. But Homer yearns for a self-chosen life outside the orphanage. What will Homer learn about life and love in the cider house? What of the destiny that Dr. Larch has planned for him?",iTunes,
V0712,The Conjuring,2013,2013,112,7.5,583549,86,tt1457767,138843,R,The Conjuring Collection,Sibling relationship; 1970s; cellar; exorcism; haunted house; possession; satanism; rhode island; based on true story; paranormal investigation; crucifix; ghost; disturbed; demonic; demonology; psychic vision; dramatic; the conjuring universe; frightened,"[""Horror"",""Thriller""]",James Wan,Patrick Wilson,Lili Taylor | Patrick Wilson | Vera Farmiga,15 wins & 22 nominations total,"Paranormal investigators Ed and Lorraine Warren work to help a family terrorized by a dark presence in their farmhouse. Forced to confront a powerful entity, the Warrens find themselves caught in the most terrifying case of their lives.",iTunes,
V0713,The Conjuring: The Devil Made Me Do It,2021,2021,112,6.3,148138,56,tt7069210,423108,R,The Conjuring Collection,Supernatural; exorcism; connecticut; sequel; paranormal investigation; 1980s; somber; religious horror; the conjuring universe; frightened,"[""Horror"",""Mystery"",""Thriller""]",Michael Chaves,Patrick Wilson,Patrick Wilson | Ruairí O'Connor | Vera Farmiga,,"Paranormal investigators Ed and Lorraine Warren encounter what would become one of the most sensational cases from their files. The fight for the soul of a young boy takes them beyond anything they'd ever seen before, to mark the first time in U.S. history that a murder suspect would claim demonic possession as a defense.",iTunes,
V0714,The Count of Monte Cristo,2002,2002,131,7.7,153218,74,tt0245844,11362,PG-13,,France; female lover; ex-lover; napoleon bonaparte; prison escape; sword fight; torture; period drama; historical; swashbuckler; betrayal by friend; 19th century; awestruck | Treasure; based on novel or book; loss of loved one; marseille,"[""Adventure"",""Drama"",""History""]",Kevin Reynolds,Jim Caviezel,Guy Pearce | Jim Caviezel | Richard Harris,,"Edmond Dantés's life and plans to marry the beautiful Mercedes are shattered when his best friend, Fernand, deceives him. After spending 13 miserable years in prison, Dantés escapes with the help of a fellow inmate and plots his revenge, cleverly insinuating himself into the French nobility.",iTunes,
V0715,The Courier (2021),2012,2012,,,,,tt25552594,,,,,"[""Action"",""Crime""]",Not Found,,,,A shady FBI agent recruits a courier to deliver a mysterious package to a vengeful master criminal who has recently resurfaced with a diabolical plan.,iTunes,
V0716,The Curious Case of Benjamin Button,2008,2008,166,7.8,719514,72,tt0421715,4922,PG-13,,New york city; navy; funeral; diary; tea; travel; hospital; historical fiction; period drama; magic realism; based on short story; fictional biography; reverse aging; introspective; serene; intense,"[""Drama"",""Fantasy"",""Romance""]",David Fincher,Brad Pitt,Brad Pitt | Cate Blanchett | Taraji P. Henson,Won 3 Oscars. 85 wins & 160 nominations total,"Born under unusual circumstances, Benjamin Button springs into being as an elderly man in a New Orleans nursing home and ages in reverse. Twelve years after his birth, he meets Daisy, a child who flits in and out of his life as she grows up to be a dancer. Though he has all sorts of unusual adventures over the course of his life, it is his relationship with Daisy, and the hope that they will come together at the right time, that drives Benjamin forward.",iTunes,
V0717,The Da Vinci Code,2006,2006,149,6.6,472137,25,tt0382625,591,PG-13,Robert Langdon Collection,France; based on novel or book; holy grail; christianity; monk; secret society; louvre museum; heresy; mona lisa (la gioconda); freemason; pentagram; conspiracy; tomb; catholicism; cryptologist; iconography; albino; sect | Paris,"[""Mystery"",""Thriller""]",Ron Howard,Tom Hanks,Audrey Tautou | Ian McKellen | Tom Hanks,8 wins & 21 nominations total,"A murder in Paris’ Louvre Museum and cryptic clues in some of Leonardo da Vinci’s most famous paintings lead to the discovery of a religious mystery. For 2,000 years a secret society closely guards information that — should it come to light — could rock the very foundations of Christianity.",iTunes,
V0718,The Danish Girl,2015,2015,119,7.1,202490,65,tt0810819,306819,R,,Denmark; artist; painter; historical fiction; art; transsexual; surgery; lgbt; mourning; 1920s; desperate; dramatic; cliché; derogatory | France; based on novel or book; denmark; copenhagen | Paris,"[""Drama""]",Tom Hooper,Eddie Redmayne,Alicia Vikander | Eddie Redmayne | Matthias Schoenaerts,Won 1 Oscar. 32 wins & 80 nominations total,"When Gerda Wegener asks her husband Einar to fill in as a portrait model, Einar discovers the person she's meant to be and begins living her life as Lili Elbe. Having realized her true self and with Gerda's love and support, Lili embarks on a groundbreaking journey as a transgender pioneer.",iTunes,
V0719,The Dark Knight,2008,2008,152,9.0,3015692,94,tt0468569,155,PG-13,The Dark Knight Collection,Joker; sadism; chaos; secret identity; crime fighter; superhero; anti hero; scarecrow; based on comic; vigilante; organized crime; tragic hero; anti villain; criminal mastermind; district attorney; super power; super villain; neo-noir; bold,"[""Action"",""Crime"",""Drama"",""Thriller""]",Christopher Nolan,Christian Bale,Aaron Eckhart | Christian Bale | Heath Ledger,Won 2 Oscars. 164 wins & 165 nominations total,"Batman raises the stakes in his war on crime. With the help of Lt. Jim Gordon and District Attorney Harvey Dent, Batman sets out to dismantle the remaining criminal organizations that plague the streets. The partnership proves to be effective, but they soon find themselves prey to a reign of chaos unleashed by a rising criminal mastermind known to the terrified citizens of Gotham as the Joker.",iTunes,
V0720,The Dark Knight Rises,2012,2012,164,8.4,1910617,87,tt1345836,49026,PG-13,The Dark Knight Collection,Airplane; fight; burglar; hostage; secret identity; crime fighter; superhero; villainess; time bomb; based on comic; cover-up; vigilante; tragic hero; mobile; terrorism; destruction; fighting; criminal underworld; cat burglar; flood,"[""Action"",""Crime"",""Drama"",""Thriller""]",Christopher Nolan,Christian Bale,Christian Bale | Gary Oldman | Tom Hardy,Nominated for 1 BAFTA Award45 wins & 103 nominations total,"Following the death of District Attorney Harvey Dent, Batman assumes responsibility for Dent's crimes to protect the late attorney's reputation and is subsequently hunted by the Gotham City Police Department. Eight years later, Batman encounters the mysterious Selina Kyle and the villainous Bane, a new terrorist leader who overwhelms Gotham's finest. The Dark Knight resurfaces to protect a city that has branded him an enemy.",iTunes,
V0721,The Darkness,2016,2016,92,4.5,17370,3,tt1878841,257345,PG-13,,Infidelity; snake; self sacrifice; autism; bulimia; haunted house; haunting; grand canyon; demon; dog; native american folklore; portal to hell,"[""Horror"",""Thriller""]",Greg McLean,Kevin Bacon,David Mazouz | Kevin Bacon | Radha Mitchell,,A family returns from a Grand Canyon vacation with a supernatural presence in tow.,iTunes,
V0722,The Day After Tomorrow,2004,2004,124,6.5,494701,45,tt0319262,435,PG-13,,New york city; philadelphia | Pennsylvania; saving the world; scotland; climate change; greenhouse effect; tornado; hurricane; hail; temperature drop; ice age; polar zone; barrier ice; ice melting; evacuation; flooding; rescue mission; global warming; tsunami; end of the world; snow; scientist; united nations; high school student; climatologist; freezing; frozen alive; disaster movie; snowed in; typhoon; cataclysmic storm; new york public library; global catastrophe; climate science; climate crisis; superstorm; torrential rain; mass casualties,"[""Action"",""Adventure"",""Science Fiction"",""Thriller""]",Roland Emmerich,Dennis Quaid,Dennis Quaid | Emmy Rossum | Jake Gyllenhaal,Won 1 BAFTA Award6 wins & 12 nominations total,"After paleoclimatologist Jack Hall is largely ignored by UN officials when presenting his environmental concerns about the beginning of a new Ice Age, his research proves true when a superstorm develops, setting off catastrophic natural disasters throughout the world. Trying to get to his son, Sam, who is trapped in New York City with his friend Laura and others, Jack and his crew must travel to get to Sam before it's too late.",iTunes,
V0723,The Dead Zone,2002,2002,103,7.2,79854,89,tt0085407,352128,R,,Coma; based on novel or book; remake; vision; car accident; school teacher,"[""Drama"",""Science Fiction"",""Thriller"",""TV Movie""]",Rob Lieberman,Anthony Michael Hall,Anthony Michael Hall | Chris Bruno | Nicole de Boer,,A young man awakens from a six-year coma with the ability to see into peoples futures. This is the first two episodes of the television series.,iTunes,
V0724,The Descent,2005,2005,99,7.2,259869,87,tt0435625,9392,R,The Descent Collection,Panic; darkness; mutant; expedition; cave; claustrophobia; trauma; gore; female friendship; rope; climbing; appalachia; friends; female protagonist; best friend; creature; survival horror; grieving; speleology; camcorder; suspenseful,"[""Adventure"",""Horror""]",Neil Marshall,Shauna Macdonald,Alex Reid | Natalie Mendoza | Shauna Macdonald,8 wins & 22 nominations total,"After a tragic accident, six friends reunite for a caving expedition. Their adventure soon goes horribly wrong when a collapse traps them deep underground and they find themselves pursued by bloodthirsty creatures. As their friendships deteriorate, they find themselves in a desperate struggle to survive the creatures and each other.",iTunes,
V0725,The Devil Wears Prada,2006,2006,109,6.9,498601,75,tt0458352,350,PG-13,The Devil Wears Prada Collection,France; based on novel or book; journalism; fashion journal; assistant; job entrant; job interview; editor-in-chief; fashion; fashion magazine; bullied; city life; fashion industry; bold | New york city; journalist; paris,"[""Comedy"",""Drama""]",David Frankel,Meryl Streep,Anne Hathaway | Emily Blunt | Meryl Streep,Nominated for 2 Oscars. 21 wins & 53 nominations total,"Andy moves to New York to work in the fashion industry. Her boss is extremely demanding, cruel and won't let her succeed if she doesn't fit into the high class elegant look of their magazine.",iTunes,
V0726,The Disappearance of Eleanor Rigby: Them,2014,2014,123,6.3,13248,64,tt3729920,157829,R,The Disappearance Of Eleanor Rigby Collection,New york city; loss of loved one; couple,"[""Drama""]",Ned Benson,Jessica Chastain,Bill Hader | James McAvoy | Jessica Chastain,3 wins & 9 nominations,A New York couple's relationship is tested after the loss of their child. This film is the wide-released combination of the original two :him and :her volumes that premiered at the Cannes Film Festival.,Vudu,
V0727,The Divergent Series: Allegiant,2016,2016,,,,,,262504,,Divergent Collection,Based on novel or book; revolution; dystopia; sequel; based on young adult novel,"[""Action"",""Adventure"",""Mystery"",""Science Fiction""]",Robert Schwentke,,,,Beatrice Prior and Tobias Eaton venture into the world outside of the fence and are taken into protective custody by a mysterious agency known as the Bureau of Genetic Welfare.,iTunes,
V0728,The Divergent Series: Insurgent,2015,2015,119,6.2,262919,29,tt2908446,262500,PG-13,Divergent Collection,Based on novel or book; revolution; dystopia; sequel; based on young adult novel,"[""Action"",""Science Fiction"",""Thriller""]",Robert Schwentke,,,6 wins & 26 nominations total,Beatrice Prior must confront her inner demons and continue her fight against a powerful alliance which threatens to tear her society apart.,iTunes,
V0729,The DUFF,2015,2015,101,6.4,103964,73,tt1666801,272693,PG-13,,High school; friendship; based on novel or book; geek; relationship; high school student; teen comedy; duringcreditsstinger; girl next door; based on young adult novel; teenager; american high school,"[""Comedy"",""Romance""]",Ari Sandel,Mae Whitman,Bella Thorne | Mae Whitman | Robbie Amell,1 win & 8 nominations total,"Bianca's universe turns upside down when she learns that her high school refers to her as a ‘DUFF' (Designated Ugly Fat Friend). Hoping to erase that label, she enlists the help of a charming jock and her favorite teacher. Together they'll face the school's mean girl and remind everyone that we are all someone's DUFF… and that's totally fine.",iTunes,
V0730,The Endless,2017,2017,111,6.5,52212,91,tt3986820,430231,Not Rated,,Suicide; sibling relationship; brother; supernatural; cult; childhood trauma; time loop; resolution; time manipulation,"[""Horror"",""Science Fiction"",""Thriller""]","Aaron Moorhead, Justin Benson",Aaron Moorhead,Aaron Moorhead | Callie Hernandez | Justin Benson,5 wins & 8 nominations total,Two brothers return to the cult they fled from years ago to discover that the group's beliefs may be more sane than they once thought.,iTunes,
V0731,The English Patient,1996,1996,162,7.4,208052,86,tt0116209,409,R,,Egypt; secret love; amnesia; airplane; cairo; identity; intelligence; traitor; burn; world war ii; landmine; expedition; cave; sandstorm; cave painting; prisoner of war; map; mine clearer; hearing; desert scientist; desert,"[""Drama"",""Romance"",""War""]",Anthony Minghella,Ralph Fiennes,Juliette Binoche | Ralph Fiennes | Willem Dafoe,Won 9 Oscars. 62 wins & 78 nominations total,"In the 1930s, Count Almásy is a Hungarian map maker employed by the Royal Geographical Society to chart the vast expanses of the Sahara Desert along with several other prominent explorers. As World War II unfolds, Almásy enters into a world of love, betrayal, and politics.",iTunes,
V0732,The Expendables,2010,2010,103,6.4,370807,42,tt1320253,27578,R,The Expendables Collection,Rescue; sniper; island; martial arts; tattoo; escape; mercenary; bridge; church; drugs; blade; duringcreditsstinger; exhilarated,"[""Action"",""Adventure"",""Thriller""]",Sylvester Stallone,Sylvester Stallone,Jason Statham | Jet Li | Sylvester Stallone,3 wins & 5 nominations total,"Barney Ross leads a band of highly skilled mercenaries including knife enthusiast Lee Christmas, a martial arts expert Yin Yang, heavy weapons specialist Hale Caesar, demolitionist Toll Road, and a loose-cannon sniper Gunner Jensen. When the group is commissioned by the mysterious Mr. Church to assassinate the dictator of a small South American island, Barney and Lee visit the remote locale to scout out their opposition and discover the true nature of the conflict engulfing the city.",iTunes,
V0733,The Expendables 2,2012,2012,103,6.6,327128,68,tt1764651,76163,R,The Expendables Collection,Airplane; loss of loved one; mercenary; airplane crash; beard; wisecrack humor; airport lounge; asian woman,"[""Action"",""Adventure"",""Thriller""]",Simon West,Sylvester Stallone,Jason Statham | Jet Li | Sylvester Stallone,4 wins & 5 nominations total,"Mr. Church reunites the Expendables for what should be an easy paycheck, but when one of their men is murdered on the job, their quest for revenge puts them deep in enemy territory and up against an unexpected threat.",iTunes,
V0734,The Family Stone,2005,2005,103,6.3,76311,52,tt0356680,9043,PG-13,,Marriage proposal; holiday; affectation; big family; terminal illness; connecticut; family relationships; falling in love; engagement ring; curious; christmas; anxious; christmas tradition; christmas romance; christmas dinner; christmas present; critical; ambiguous; appreciative; assertive; cliché; enthusiastic,"[""Comedy"",""Drama"",""Romance""]",Thomas Bezucha,Dermot Mulroney,Dermot Mulroney | Diane Keaton | Sarah Jessica Parker,4 wins & 8 nominations,"An uptight, conservative businesswoman accompanies her boyfriend to his eccentric and outgoing family's annual Christmas celebration and finds that she's a fish out of water in their free-spirited way of life.",iTunes,
V0735,The Fast and the Furious,2001,2001,106,6.8,436588,55,tt0232500,9799,PG-13,The Fast and the Furious Collection,California; aftercreditsstinger; duringcreditsstinger; based on magazine | Newspaper or article | Street gang; undercover; car race; auto-tuning; street race; los angeles,"[""Action"",""Crime"",""Thriller""]",Rob Cohen,Paul Walker,Michelle Rodriguez | Paul Walker | Vin Diesel,11 wins & 18 nominations total,"Dominic Toretto is a Los Angeles street racer suspected of masterminding a series of big-rig hijackings. When undercover cop Brian O'Conner infiltrates Toretto's iconoclastic crew, he falls for Toretto's sister and must choose a side: the gang or the LAPD.",iTunes,
V0736,The Fast and the Furious: Tokyo Drift,2006,2006,104,6.1,313005,38,tt0463985,9615,PG-13,The Fast and the Furious Collection,Car race; car journey; car mechanic; car garage; auto-tuning; street race; drifting; tokyo | Japan; vindictive; intense; brisk,"[""Action"",""Crime"",""Drama"",""Thriller""]",Justin Lin,Lucas Black,Lucas Black | Nathalie Kelley | Sung Kang,1 win & 4 nominations total,"In order to avoid a jail sentence, Sean Boswell heads to Tokyo to live with his military father. In a low-rent section of the city, Shaun gets caught up in the underground world of drift racing",iTunes,
V0737,The Fate of the Furious,2017,2017,136,6.6,263528,67,tt4630562,337339,PG-13,The Fast and the Furious Collection,New york city; submarine; rescue mission; sequel; street race; betrayal; criminal mastermind; mysterious woman,"[""Action"",""Crime"",""Thriller""]",F. Gary Gray,Vin Diesel,Dwayne Johnson | Jason Statham | Vin Diesel,2 wins & 16 nominations total,"When a mysterious woman seduces Dom into the world of crime and a betrayal of those closest to him, the crew face trials that will test them as never before.",iTunes,
V0738,The Fifth Element,1997,1997,126,7.6,526658,71,tt0119116,18,PG-13,,New york city; flying car; taxi; egypt; race against time; saving the world; cyborg; dystopia; anti hero; stowaway; space travel; chosen one; arms dealer; alien life-form; end of the world; priest; shootout; police chase; cab driver; cyberpunk; archaeologist; space opera; military; opera singer; futuristic city; ancient evil; cruise liner; hieroglyphics; spaceship; good versus evil; science fantasy; amused,"[""Action"",""Adventure"",""Science Fiction""]",Luc Besson,Bruce Willis,Bruce Willis | Gary Oldman | Milla Jovovich,Nominated for 1 Oscar. 10 wins & 39 nominations total,"In 2257, a taxi driver is unintentionally given the task of saving a young girl who is part of the key that will ensure the survival of humanity.",iTunes,
V0739,The Fighter (2010),2010,2010,,,,,,45317,,,Sports; irish-american; boxer; biography; family business ; dysfunctional family; family conflict; hometown; boxing trainer; crack addict; lowell massachusetts; jumping rope; shadow boxing; boxing; boxer hero; professional athlete; black sheep; devoted girlfriend; local hero,"[""Drama""]",David O. Russell,,,,"Boxer ""Irish"" Micky Ward's unlikely road to the world light welterweight title. His Rocky-like rise was shepherded by half-brother Dicky, a boxer-turned-trainer who rebounded in life after nearly being KO'd by drugs and crime.",iTunes,
V0740,The Final Destination 4,2009,2009,,,,,,19912,,Final Destination Collection,Dying and death; plan; car race; gore; stock car racing; car crash; premonition; vision; death; cheating death; supernatural horror; horror; teen scream,"[""Horror"",""Mystery""]",David R. Ellis,,,,A horrifying premonition saves a young man and his friends from death during a racetrack accident but terrible fates await them nonetheless.,iTunes,
V0741,The First Purge,2018,2018,97,5.2,75128,55,tt6133466,442249,R,The Purge Collection,New york city; new jersey; sequel; prequel; murder; church; social media; staten island | New york city; purge; abuse of power; apartment buildings,"[""Action"",""Horror"",""Thriller""]",Gerard McMurray,Y'lan Noel,Joivan Wade | Lex Scott Davis | Y'lan Noel,1 nomination total,"To push the crime rate below one percent for the rest of the year, the New Founding Fathers of America test a sociological theory that vents aggression for one night in one isolated community. But when the violence of oppressors meets the rage of the others, the contagion will explode from the trial-city borders and spread across the nation.",iTunes,
V0742,The Forest,2016,2016,93,4.8,46521,10,tt3387542,329440,PG-13,,Japan; aokigahara; haunted forest | Japan; identical twin; lost in the woods; sister sister relationship; mount fuji | Suicide attempt; supernatural; childhood trauma; female protagonist; tokyo,"[""Horror"",""Mystery"",""Thriller""]",Jason Zada,Natalie Dormer,Eoin Macken | Natalie Dormer | Stephanie Vogt,1 win & 1 nomination total,"Set in the Aokigahara Forest, a real-life place in Japan where people go to end their lives. Against this backdrop, a young American woman comes in search of her twin sister, who has mysteriously disappeared.",iTunes,
V0743,The Gambler,2014,2014,111,6.0,75412,43,tt2039393,284536,R,,Gambling; gun; professor; beating; gambler; loan shark; reflective,"[""Crime"",""Drama"",""Thriller""]",Rupert Wyatt,Mark Wahlberg,Brie Larson | John Goodman | Mark Wahlberg,1 win & 3 nominations total,"Literature professor Jim Bennett leads a secret life as a high-stakes gambler. Always a risk-taker, Bennett bets it all when he borrows from a gangster and offers his own life as collateral. Staying one step ahead, he pits his creditor against the operator of an illicit gambling ring while garnering the attention of Frank, a paternalistic loan shark. As his relationship with a student deepens, Bennett must risk everything for a second chance.",iTunes,
V0744,The Gentlemen,2020,2020,113,7.8,429432,75,tt8367814,522627,R,,England; robbery; businessman; dark comedy; betrayal; marijuana; business; jewish american; gunfight; brutality; american abroad; irishman; scheme; playful; gangsters; casual | London,"[""Comedy"",""Crime""]",Guy Ritchie,Matthew McConaughey,Charlie Hunnam | Matthew McConaughey | Michelle Dockery,,"American expat Mickey Pearson has built a highly profitable marijuana empire in London. When word gets out that he’s looking to cash out of the business forever it triggers plots, schemes, bribery and blackmail in an attempt to steal his domain out from under him.",iTunes,
V0745,The Gift (2015),2000,2000,,,,,,,,,,"[""Drama"",""Horror"",""Mystery"",""Thriller""]",Not Found,,,,"Annie Wilson, young widow and mother of three, makes her living foretelling others' futures⁠—though her own has become cloudier than even she can see. Threatened by a client's violent husband and plagued by visions of a missing local woman, Annie finds herself pulled into a thicket of lies and deception in which her extraordinary gift may ultimately get her killed.",iTunes,
V0746,The Girl On the Train (2016),2016,2016,,,,,,346685,,,Infidelity; new york city; amnesia; based on novel or book; obsession; homicide; blackout; alcoholism; flashback; confusion; memory loss; domestic abuse; disappearance; female protagonist; psychological thriller; train; divorcee; missing person; police investigation; ex-husband ex-wife relationship; unreliable narrator; voyeurism; abuse; alcoholics anonymous,"[""Crime"",""Drama"",""Mystery"",""Thriller""]",Tate Taylor,,,,"Rachel Watson, devastated by her recent divorce, spends her daily commute fantasizing about the seemingly perfect couple who live in a house that her train passes every day, until one morning she sees something shocking happen there and becomes entangled in the mystery that unfolds.",iTunes,
V0747,The Godfather,1972,1972,175,9.2,2121667,97,tt0068646,238,R,The Godfather Collection,Based on novel or book; loss of loved one; love at first sight; italy; symbolism; patriarch; europe; organized crime; mafia; religion; lawyer; revenge motive; crime family; sicilian mafia; religious hypocrisy; gun violence; rise to power; dead horse; gang violence; aggressive; 1940s; 1950s; mafia war; vindictive; tense; audacious; familiar,"[""Crime"",""Drama""]",Francis Ford Coppola,Marlon Brando,Al Pacino | James Caan | Marlon Brando,Won 3 Oscars. 31 wins & 31 nominations total,"Spanning the years 1945 to 1955, a chronicle of the fictional Italian-American Corleone crime family. When organized crime family patriarch, Vito Corleone barely survives an attempt on his life, his youngest son, Michael steps in to take care of the would-be killers, launching a campaign of bloody revenge.",iTunes,
V0748,The Godfather Part II,1974,1974,202,9.0,1424468,96,tt0071562,240,R,The Godfather Collection,New year's eve; new york city; based on novel or book; italian american; cuba; italy; gangster; praise; blackmail; symbolism; senator; revenge; murder; betrayal; organized crime; extortion; mafia; lawyer; suburb; sicilian mafia; corrupt politician; aggressive; 1950s; new year; vindictive; cautionary; grand; violence; admiring; audacious,"[""Crime"",""Drama""]",Francis Ford Coppola,Al Pacino,Al Pacino | Diane Keaton | Robert Duvall,Won 6 Oscars. 17 wins & 21 nominations total,"In the continuing saga of the Corleone crime family, a young Vito Corleone grows up in Sicily and in 1910s New York. In the 1950s, Michael Corleone attempts to expand the family business into Las Vegas, Hollywood and Cuba.",iTunes,
V0749,The Godfather Part III: The Coppola Restoration,,,,,,,,,,,,[],Not Found,,,,,iTunes,
V0750,The Good Liar,2019,2019,109,6.7,51520,64,tt5563334,511322,R,,Based on novel or book; con artist,"[""Crime""]",Bill Condon,Helen Mirren,Helen Mirren | Ian McKellen | Russell Tovey,6 nominations total,"Career con man Roy sets his sights on his latest mark: recently widowed Betty, worth millions. And he means to take it all. But as the two draw closer, what should have been another simple swindle takes on the ultimate stakes.",iTunes,
V0751,The Grand Budapest Hotel,2014,2014,99,8.1,925564,92,tt2278388,120467,R,,Hotel; painting; wartime; affectation; eastern europe; author; gunfight; theft; bellboy; mentor protégé relationship; european; hotel lobby; renaissance painting; 1960s; 1930s; ironic; complex; loving; joyous; admiring; adoring; celebratory; cheerful; comforting; conceited; euphoric; forceful; joyful,"[""Comedy"",""Drama""]",Wes Anderson,Ralph Fiennes,F. Murray Abraham | Mathieu Amalric | Ralph Fiennes,Won 4 Oscars. 135 wins & 227 nominations total,"The Grand Budapest Hotel tells of a legendary concierge at a famous European hotel between the wars and his friendship with a young employee who becomes his trusted protégé. The story involves the theft and recovery of a priceless Renaissance painting, the battle for an enormous family fortune and the slow and then sudden upheavals that transformed Europe during the first half of the 20th century.",iTunes,
V0752,The Great Gatsby (2013),2013,1974,,,,,tt17977860,64682,,,Infidelity; based on novel or book; obsession; hope; long island | New york; 1920s; voiceover,"[""Drama"",""Romance""]",Baz Luhrmann,,,,"Nick Carraway, a young Midwesterner now living on Long Island, finds himself fascinated by the mysterious past and lavish lifestyle of his neighbor, the nouveau riche Jay Gatsby. He is drawn into Gatsby's circle, becoming a witness to obsession and tragedy.",iTunes,
V0753,The Great Wall,2016,2016,103,5.9,151140,35,tt2034800,311324,PG-13,,Monster; china; archer; female soldier; historical fiction; explosion; period drama; british soldier; great wall of china; 15th century; female general; war; appreciative; bold,"[""Action"",""Adventure"",""Fantasy""]",Zhang Yimou,Matt Damon,Jing Tian | Matt Damon | Willem Dafoe,3 wins & 2 nominations,European mercenaries searching for black powder become embroiled in the defense of the Great Wall of China against a horde of monstrous creatures.,iTunes,
V0754,The Green Inferno,2013,2013,100,5.4,51659,38,tt2403021,171424,R,,Amazon rainforest; chile; jungle; cannibal; south america,"[""Adventure"",""Horror""]",Eli Roth,Lorenza Izzo,Ariel Levy | Lorenza Izzo | Sky Ferreira,1 win & 6 nominations total,"A group of student activists travel from New York City to the Amazon to save the rainforest.  However, once they arrive in this vast green landscape, they soon discover that they are not alone… and that no good deed goes unpunished.",iTunes,
V0755,The Grey,2012,2012,117,6.7,267812,80,tt1601913,75174,R,,Wolf; flashback; alaska; airplane crash; struggle for survival; based on short story; campfire; male camaraderie; oil rig ; aftercreditsstinger; wolf pack; american wilderness; aggressive; grieving man; outdoors; wolf hunter,"[""Action"",""Adventure"",""Drama"",""Thriller""]",Joe Carnahan,Liam Neeson,Dermot Mulroney | Frank Grillo | Liam Neeson,,"Following a grueling five-week shift at an Alaskan oil refinery, workers led by sharpshooter John Ottway are flying home for a much-needed vacation. But a brutal storm causes their plane to crash in the frozen wilderness, and only eight men, including Ottway, survive. As they trek southward toward civilization and safety, Ottway and his companions must battle mortal injuries, the icy elements, and a pack of hungry wolves.",iTunes,
V0756,The Grudge,2004,2004,91,5.9,154163,40,tt0391198,1970,PG-13,The Grudge Collection,Japan; old woman; catatonia; suspenseful; sinister; frightened; ominous | Nurse; house; remake; curse; tokyo,"[""Horror"",""Mystery"",""Thriller""]",Takashi Shimizu,Sarah Michelle Gellar,Jason Behr | Sarah Michelle Gellar | Takako Fuji,2 wins & 10 nominations total,"An American nurse living and working in Tokyo is exposed to a mysterious supernatural curse, one that locks a person in a powerful rage before claiming their life and spreading to another victim.",iTunes,
V0757,The Guest,2014,2014,100,6.7,110632,92,tt2980592,241848,R,,High school; psychopath; harassment; halloween; diner; bullying; arms dealer; iraq war veteran; sociopath; grief; murder; soldier; killing spree; ex soldier; brawl; halloween costume; paranoid; aggressive; clinical; harsh,"[""Action"",""Mystery"",""Thriller""]",Adam Wingard,Dan Stevens,Brendan Meyer | Dan Stevens | Maika Monroe,5 wins & 13 nominations total,"A soldier introduces himself to the Peterson family, claiming to be a friend of their son who died in action. After the young man is welcomed into their home, a series of accidental deaths seem to be connected to his presence.",iTunes,
V0758,The Guilt Trip,2012,2012,95,5.8,41185,36,tt1694020,82687,PG-13,,Mother; inventor; parent child relationship; road trip; guilt; woman director,"[""Comedy""]",Anne Fletcher,Seth Rogen,Barbra Streisand | Seth Rogen | Yvonne Strahovski,1 nomination total,An inventor and his mom hit the road together so he can sell his latest invention.,iTunes,
V0759,The Gunman (2015),2015,2015,,,,,,,,,,"[""Action"",""Crime"",""Drama""]",Not Found,,,,"Eight years after fleeing the Congo following his assassination of that country's minister of mining, former assassin Jim Terrier is back, suffering from PTSD and digging wells to atone for his violent past. After an attempt is made on his life, Terrier flies to London to find out who wants him dead -- and why. Terrier's search leads him to a reunion with Annie, a woman he once loved, who is now married to an oily businessman with dealings in Africa.",iTunes,
V0760,The Hangover,2009,2009,100,7.7,880325,79,tt1119646,18785,R,The Hangover Collection,Blackjack; stag night; lost weekend; chapel; hit with tire iron; memory loss; las vegas; drugs; irreverent; absurd; dramatic; hilarious; amused; celebratory; farcical; 宿醉,"[""Comedy""]",Todd Phillips,Bradley Cooper,Bradley Cooper | Ed Helms | Zach Galifianakis,Nominated for 1 BAFTA Award13 wins & 25 nominations total,"When three friends finally come to after a raucous night of bachelor-party revelry, they find a baby in the closet and a tiger in the bathroom. But they can't seem to locate their best friend, Doug – who's supposed to be tying the knot. Launching a frantic search for Doug, the trio perseveres through a nasty hangover to try to make it to the church on time.",iTunes,
V0761,The Hangover Part II,2011,2011,102,6.5,550981,34,tt1411697,45243,R,The Hangover Collection,Stag night; memory loss; undercover cop; drugs; 宿醉2,"[""Comedy""]",Todd Phillips,Bradley Cooper,Bradley Cooper | Ed Helms | Zach Galifianakis,5 wins & 18 nominations total,"The Hangover crew heads to Thailand for Stu's wedding. After the disaster of a bachelor party in Las Vegas last year, Stu is playing it safe with a mellow pre-wedding brunch. However, nothing goes as planned and Bangkok is the perfect setting for another adventure with the rowdy group.",iTunes,
V0762,The Happytime Murders,2018,2018,91,5.5,31237,23,tt1308728,412988,R,,Prostitute; fbi; adult humor; puppet; spoof; puppetry; drug lord; buddy cop,"[""Action"",""Comedy"",""Crime""]",Brian Henson,Melissa McCarthy,Bill Barretta | Leslie David Baker | Melissa McCarthy,2 wins & 10 nominations total,"In a world where human beings and puppets live together, when the members of the cast of a children's television show aired during the 1990s begin to get murdered one by one, puppet Phil Philips, a former LAPD detective who fell in disgrace and turned into a private eye, takes on the case at the request of his old boss in order to assist detective Edwards, who was his partner in the past.",iTunes,
V0763,The Harvey Girls,1946,1946,102,7.0,4976,100,tt0038589,28907,Approved,,Saloon; waitress; restaurant; love letter; musical; mail order bride; train; saloon owner; dancehall girl; restaurant chain; saloon singer; saloon brawl; bar brawl; working women; charming hostess; friendship between women; group of young women; working girl; many beautiful girls; restaurant management; dancing girls; cheerful girl,"[""Comedy"",""Music"",""Romance"",""Western""]",George Sidney,Judy Garland,John Hodiak | Judy Garland | Ray Bolger,Won 1 Oscar. 1 win & 1 nomination total,"On a train trip out west to become a mail-order bride, Susan Bradley meets a cheery crew of young women traveling out to open a ""Harvey House"" restaurant at a remote whistle-stop.",iTunes,
V0764,The Hateful Eight,2015,2015,168,7.8,687194,74,tt3460252,273248,R,,Bounty hunter; wyoming | Usa; narration; mountain; hangman; whodunit; stagecoach; blizzard; post civil war; 19th century; grim; dramatic; male rape; intense,"[""Drama"",""Mystery"",""Western""]",Quentin Tarantino,Samuel L. Jackson,Jennifer Jason Leigh | Kurt Russell | Samuel L. Jackson,Won 1 Oscar. 46 wins & 116 nominations total,Bounty hunters seek shelter from a raging blizzard and get caught up in a plot of betrayal and deception.,iTunes,
V0765,The Heat,2013,2013,117,6.6,183455,65,tt2404463,136795,R,,Drug dealer; police; undercover; workaholic; boston | Massachusetts; fbi; crime boss; witness protection; ambition; murder; drugs; female cop; drinking; interrogation; drug lord; family conflict; female detective; buddy cop; buddy comedy; opposites; tough cop; arrogance; dea; drunkenness; special agent; zealous; brother sister relationship; playful; relaxed; fbi agent; irreverent; no friends; whimsical; amused; familiar; vibrant,"[""Action"",""Comedy"",""Crime""]",Paul Feig,Sandra Bullock,Demián Bichir | Melissa McCarthy | Sandra Bullock,7 wins & 16 nominations,"Uptight and straight-laced, FBI Special Agent Sarah Ashburn is a methodical investigator with a reputation for excellence--and hyper-arrogance. Shannon Mullins, one of Boston P.D.'s ""finest,"" is foul-mouthed and has a very short fuse, and uses her gut instinct and street smarts to catch the most elusive criminals. Neither has ever had a partner, or a friend for that matter. When these two wildly incompatible law officers join forces to bring down a ruthless drug lord, they become the last thing anyone expected: buddies.",iTunes,
V0766,The Hitchhikers Guide to the Galaxy,2005,2005,,,,,,7453,,,Galaxy; android; bureaucracy; based on novel or book; chase; space travel; alien; survival; stop motion; hitchhiker; robot; alien invasion; space opera; hyperspace; meaning of life; destruction of earth; intergalactic travel; islington england; lighthearted; absurd; excited; exuberant,"[""Adventure"",""Comedy"",""Science Fiction""]",Garth Jennings,,,,"Mere seconds before the Earth is to be demolished by an alien construction crew, Arthur Dent is swept off the planet by his friend Ford Prefect, a researcher penning a new edition of ""The Hitchhiker's Guide to the Galaxy.",iTunes,
V0767,The Hitman's Bodyguard,2017,2017,118,6.9,254544,44,tt1959563,390043,R,The Hitman's Bodyguard Collection,Assassin; court; england; hitman; bodyguard; travel; on the run; criminal; killer; courtroom; opposites attract; buddy comedy; aftercreditsstinger; testify,"[""Action"",""Comedy"",""Crime"",""Thriller""]",Patrick Hughes,Ryan Reynolds,Gary Oldman | Ryan Reynolds | Samuel L. Jackson,1 win & 9 nominations total,"The world’s top bodyguard gets a new client, a hitman who must testify at the International Court of Justice. They must put their differences aside and work together to make it to the trial on time.",iTunes,
V0768,The Hobbit: An Unexpected Journey,2012,2012,169,7.8,900813,64,tt0903624,49051,PG-13,The Hobbit Collection,Based on novel or book; orcs; elves; dwarf; magic; horseback riding; sword; burglar; legend; riddle; mountain; contract; travel; troll; creature; thunderstorm; fantasy world; wizard; epic battle; lost ring; journey; ring; tunnel; underground lake; buried treasure; invisibility; quest; live action and animation; high fantasy; sword and sorcery; trekking; goblins; good versus evil; creatures; fantasy creature; amused; excited; hobbit,"[""Action"",""Adventure"",""Fantasy""]",Peter Jackson,Martin Freeman,Ian McKellen | Martin Freeman | Richard Armitage,Nominated for 3 Oscars. 11 wins & 76 nominations total,"Bilbo Baggins, a hobbit enjoying his quiet life, is swept into an epic quest by Gandalf the Grey and thirteen dwarves who seek to reclaim their mountain home from Smaug, the dragon.",iTunes,
V0769,The Hobbit: An Unexpected Journey (Extended Edition),2012,2012,,,,,,,,,,"[""Action"",""Adventure"",""Fantasy""]",Not Found,,,,"Bilbo Baggins, a hobbit enjoying his quiet life, is swept into an epic quest by Gandalf the Grey and thirteen dwarves who seek to reclaim their mountain home from Smaug, the dragon.",iTunes,
V0770,The Hobbit: The Battle of the Five Armies,2014,2014,144,7.4,595482,59,tt2310332,122917,R,The Hobbit Collection,Gold; corruption; based on novel or book; orcs; elves; dwarf; mine; mountain; sequel; dragon; battle; unlikely friendship; fantasy world; wizard; epic battle; ring; invisibility; live action and animation; high fantasy; sword and sorcery; good versus evil; creatures; dwarves; hobbits; trolls; hobbit; armies,"[""Action"",""Adventure"",""Fantasy""]",Peter Jackson,Ian McKellen,Ian McKellen | Martin Freeman | Richard Armitage,Nominated for 1 Oscar. 8 wins & 56 nominations total,"Following Smaug's attack on Laketown, Bilbo and the dwarves try to defend Erebor's mountain of treasure from others who claim it: the men of the ruined Laketown and the elves of Mirkwood. Meanwhile an army of Orcs led by Azog the Defiler is marching on Erebor, fueled by the rise of the dark lord Sauron. Dwarves, elves and men must unite, and the hope for Middle-Earth falls into Bilbo's hands.",iTunes,
V0771,The Hobbit: The Battle of the Five Armies (Extended Edition),2014,2014,,,,,,,,,,"[""Action"",""Adventure"",""Fantasy""]",Not Found,,,,"Following Smaug's attack on Laketown, Bilbo and the dwarves try to defend Erebor's mountain of treasure from others who claim it: the men of the ruined Laketown and the elves of Mirkwood. Meanwhile an army of Orcs led by Azog the Defiler is marching on Erebor, fueled by the rise of the dark lord Sauron. Dwarves, elves and men must unite, and the hope for Middle-Earth falls into Bilbo's hands.",iTunes,
V0772,The Hobbit: The Desolation of Smaug,2013,2013,161,7.8,731147,74,tt1170358,57158,PG-13,The Hobbit Collection,Gold; lake; based on novel or book; orcs; elves; dwarf; shapeshifting; mountain; giant spider; sequel; bear; dragon; turns into animal; barrel; fantasy world; wizard; journey; ring; invisibility; captured; live action and animation; high fantasy; sword and sorcery; trekking; good versus evil; creatures; dwarves; epic quest; trolls; hobbit,"[""Action"",""Adventure"",""Fantasy""]",Peter Jackson,Ian McKellen,Ian McKellen | Martin Freeman | Richard Armitage,Nominated for 3 Oscars. 19 wins & 90 nominations total,"The Dwarves, Bilbo and Gandalf have successfully escaped the Misty Mountains, and Bilbo has gained the One Ring. They all continue their journey to get their gold back from the Dragon, Smaug.",iTunes,
V0773,The Hobbit: The Desolation of Smaug (Extended Edition),2013,2013,186,8.6,347,,tt21824192,,PG-13,,,"[""Action"",""Adventure"",""Fantasy""]",Not Found,,,,"The Dwarves, Bilbo and Gandalf have successfully escaped the Misty Mountains, and Bilbo has gained the One Ring. They all continue their journey to get their gold back from the Dragon, Smaug.",iTunes,
V0774,The Holiday,2006,2006,136,7.0,348202,51,tt0457939,1581,PG-13,,California; multiple storylines; woman director; christmas; christmas romance; house swapping; holiday romance | England; holiday; movie business; christmas party; country house; vacation; surrey; romance; los angeles | London,"[""Comedy"",""Romance""]",Nancy Meyers,Cameron Diaz,Cameron Diaz | Jude Law | Kate Winslet,2 wins & 12 nominations total,"Two women, one American and one British, swap homes at Christmastime following bad breakups. Each woman finds romance with a local man but realizes that the imminent return home may end the relationship.",iTunes,
V0775,The Host (2013),2013,2013,,,,,,,,,,"[""Action"",""Adventure"",""Science Fiction""]",Not Found,,,,"A parasitic alien soul is injected into the body of Melanie Stryder. Instead of carrying out her race's mission of taking over the Earth, ""Wanda"" (as she comes to be called) forms a bond with her host and sets out to aid other free humans.",iTunes,
V0776,The House With a Clock In Its Walls,2018,2018,105,6.1,56865,65,tt2119543,463821,PG,,Based on novel or book; clock; haunted house; uncle; pumpkin; orphan; warlock; secret passageway; 1950s; magician; amused,"[""Comedy"",""Family"",""Fantasy"",""Horror""]",Eli Roth,,,1 win & 1 nomination total,"When ten-year-old Lewis is suddenly orphaned, he is sent to live with his Uncle Jonathan in a creaky (and creepy) old mansion with a mysterious ticking noise that emanates from the walls. Upon discovering that his uncle is a warlock, Lewis begins learning magic, but when he rebelliously resurrects an evil warlock he must find the secret of the house and save the world from destruction.",iTunes,
V0777,The Hunger Games,2012,2012,142,7.2,1034868,84,tt1392170,70160,PG-13,The Hunger Games Collection,Based on novel or book; revolution; dystopia; female protagonist; bow and arrow; game; archery; death match; survival competition; forced to kill; based on young adult novel,"[""Adventure"",""Fantasy"",""Science Fiction""]",Gary Ross,Jennifer Lawrence,Jennifer Lawrence | Josh Hutcherson | Liam Hemsworth,Won 1 BAFTA Award34 wins & 49 nominations total,"Every year in the ruins of what was once North America, the nation of Panem forces each of its twelve districts to send a teenage boy and girl to compete in the Hunger Games.  Part twisted entertainment, part government intimidation tactic, the Hunger Games are a nationally televised event in which “Tributes” must fight with one another until one survivor remains.  Pitted against highly-trained Tributes who have prepared for these Games their entire lives, Katniss is forced to rely upon her sharp instincts as well as the mentorship of drunken former victor Haymitch Abernathy.  If she’s ever to return home to District 12, Katniss must make impossible choices in the arena that weigh survival against humanity and life against love. The world will be watching.",iTunes,
V0778,The Hunger Games: Catching Fire,2013,2013,146,7.5,746857,90,tt1951264,101299,PG-13,The Hunger Games Collection,Rebellion; based on novel or book; propaganda; dystopia; uprising; sequel; president; survival; murder; conspiracy; female protagonist; tournament; game; survival competition; based on young adult novel,"[""Action"",""Adventure"",""Science Fiction""]",Francis Lawrence,Jennifer Lawrence,Jennifer Lawrence | Josh Hutcherson | Liam Hemsworth,22 wins & 68 nominations total,"Katniss Everdeen has returned home safe after winning the 74th Annual Hunger Games along with fellow tribute Peeta Mellark. Winning means that they must turn around and leave their family and close friends, embarking on a ""Victor's Tour"" of the districts. Along the way Katniss senses that a rebellion is simmering, but the Capitol is still very much in control as President Snow prepares the 75th Annual Hunger Games (The Quarter Quell) - a competition that could change Panem forever.",iTunes,
V0779,The Hunger Games: Mockingjay - Part 1,2014,2014,123,6.6,523819,70,tt1951265,131631,PG-13,The Hunger Games Collection,Based on novel or book; resistance; dystopia; post-apocalyptic future; sequel; female protagonist; bow and arrow; game; future war; revolt; class prejudice; human subjugation; based on young adult novel,"[""Adventure"",""Science Fiction"",""Thriller""]",Francis Lawrence,Jennifer Lawrence,Jennifer Lawrence | Josh Hutcherson | Liam Hemsworth,21 wins & 32 nominations total,Katniss Everdeen reluctantly becomes the symbol of a mass rebellion against the autocratic Capitol.,iTunes,
V0780,The Hunger Games: Mockingjay - Part 2,2015,2015,137,6.6,392616,70,tt1951266,131634,PG-13,The Hunger Games Collection,Strong woman; based on novel or book; revolution; dystopia; death match; based on young adult novel,"[""Action"",""Adventure"",""Science Fiction""]",Francis Lawrence,Jennifer Lawrence,Jennifer Lawrence | Josh Hutcherson | Liam Hemsworth,15 wins & 34 nominations total,"With the nation of Panem in a full scale war, Katniss confronts President Snow in the final showdown. Teamed with a group of her closest friends – including Gale, Finnick, and Peeta – Katniss goes off on a mission with the unit from District 13 as they risk their lives to stage an assassination attempt on President Snow who has become increasingly obsessed with destroying her. The mortal traps, enemies, and moral choices that await Katniss will challenge her more than any arena she faced in The Hunger Games.",iTunes,
V0781,The Hunger Games: The Ballad of Songbirds and Snakes,2023,2023,,,,,,695721,,The Hunger Games Collection,Daughter; based on novel or book; arena; fight; mentor; dystopia; riot; exploration; president; prequel; survival; murder; snow; creature; battle; fight to the death; curious; young adult; reflective; origin story; based on young adult novel; provocative; death game; teenager; critical; admiring; assertive,"[""Action"",""Adventure"",""Drama"",""Science Fiction""]",Francis Lawrence,,,,"64 years before he becomes the tyrannical president of Panem, Coriolanus Snow sees a chance for a change in fortunes when he mentors Lucy Gray Baird, the female tribute from District 12.",iTunes,
V0782,The Hunt (2020),2020,2020,,,,,,514847,,,Dark comedy; gore; hunting human beings; satire; murder; death game,"[""Action"",""Horror"",""Thriller""]",Craig Zobel,,,,"Twelve strangers wake up in a clearing. They don't know where they are—or how they got there. In the shadow of a dark internet conspiracy theory, ruthless elitists gather at a remote location to hunt humans for sport. But their master plan is about to be derailed when one of the hunted turns the tables on her pursuers.",iTunes,
V0783,The Huntsman: Winter's War (Extended Edition),2016,2016,,,,,,,,,,"[""Action"",""Adventure"",""Drama""]",Not Found,,,,"As two evil sisters prepare to conquer the land, two renegades—Eric the Huntsman, who aided Snow White in defeating Ravenna in Snowwhite and the Huntsman, and his forbidden lover, Sara—set out to stop them.",iTunes,
V0784,The Incredibles,2004,2004,115,8.0,851626,,tt0317705,9806,PG,The Incredibles Collection,Hero; secret identity; superhero; villain; family relationships; super power; supervillain; 1950s; 1960s; superhero family,"[""Action"",""Adventure"",""Animation"",""Family""]",Brad Bird,Craig T. Nelson,Craig T. Nelson | Holly Hunter | Sarah Vowell,Won 2 Oscars. 69 wins & 56 nominations total,"Bob Parr has given up his superhero days to log in time as an insurance adjuster and raise his three children with his formerly heroic wife in suburbia. But when he receives a mysterious assignment, it's time to get back into costume.",iTunes,
V0785,The Internship,2019,2019,119,6.3,218266,34,tt2234155,613130,PG-13,,,[],Aaron Christian,,,,"The Internship is a short film about race, class and privilege within the creative industries. It follows Josh, a young design graduate working in a dead end job has a chance meeting with his idol, a famous design magazine editor who offers him a rare and prestigious internship. However, he must convince a family to who internships mean an extra financial burden, and in an industry in which their culture has never really been well represented; that it’s a chance worth taking.",iTunes,
V0786,The Invisible Man (2020),2020,2020,,,,,tt25215034,570670,,,Based on novel or book; pregnancy; architect; fake suicide; stalker; murder; domestic abuse; scientist; police detective; death; invisible person; mental hospital; angry; woman in peril; invisible man; frightened,"[""Horror"",""Science Fiction"",""Thriller""]",Leigh Whannell,,,,"When Cecilia's abusive ex takes his own life and leaves her his fortune, she suspects his death was a hoax. As a series of coincidences turn lethal, Cecilia works to prove that she is being hunted by someone nobody can see.",iTunes,
V0787,The Italian Job,2003,2003,111,7.0,397282,73,tt0317740,9654,PG-13,,California; explosion; safecracker; television repair; based on movie; mentor protégé relationship; mini cooper; vengeance; father daughter relationship; heist thriller; suspenseful; gold heist | Gold; california; helicopter; hacker; venice | Italy; chase; subway; master thief; safe; heist; revenge; murder; double crossed; boat chase; los angeles,"[""Action"",""Crime""]",F. Gary Gray,Mark Wahlberg,Charlize Theron | Edward Norton | Mark Wahlberg,7 wins & 9 nominations total,"Charlie Croker pulled off the crime of a lifetime. The one thing that he didn't plan on was being double-crossed. Along with a drop-dead gorgeous safecracker, Croker and his team take off to re-steal the loot and end up in a pulse-pounding, pedal-to-the-metal chase that careens up, down, above and below the streets of Los Angeles.",Vudu,
V0788,The Judge,2014,2014,141,7.4,211552,49,tt1872194,205587,R,,Small town; indiana | Usa; judge; parent child relationship; dysfunctional family; trial; family relationships; lawyer; courtroom; courtroom drama; father son relationship; legal thriller,"[""Drama""]",David Dobkin,Robert Downey Jr.,Robert Downey Jr. | Robert Duvall | Vera Farmiga,Nominated for 1 Oscar. 3 wins & 9 nominations total,"A successful lawyer returns to his hometown for his mother's funeral only to discover that his estranged father, the town's judge, is suspected of murder.",iTunes,
V0789,The Karate Kid,2010,2010,126,7.3,258154,89,tt0087538,38575,PG,The Karate Kid Collection,Martial arts; duringcreditsstinger; karate kid; the karate kid; intense; pretentious; straightforward; tragic,"[""Action"",""Adventure"",""Drama"",""Family""]",Harald Zwart,Jaden Smith,Jackie Chan | Jaden Smith | Taraji P. Henson,5 wins & 12 nominations total,"Twelve-year-old Dre Parker could have been the most popular kid in Detroit, but his mother's latest career move has landed him in China. Dre immediately falls for his classmate Mei Ying but the cultural differences make such a friendship impossible. Even worse, Dre's feelings make him an enemy of the class bully, Cheng. With no friends in a strange land, Dre has nowhere to turn but maintenance man Mr. Han, who is a kung fu master. As Han teaches Dre that kung fu is not about punches and parries, but maturity and calm, Dre realizes that facing down the bullies will be the fight of his life.",iTunes,
V0790,The Last Exorcism,2010,2010,87,5.7,53252,71,tt1320244,38358,PG-13,The Last Exorcism Collection,Farm; exorcism; louisiana; fraud; mockumentary; evil spirit; human sacrifice; evangelical; preacher; satanic ritual; found footage; satanic cult; documentary crew,"[""Horror"",""Mystery"",""Thriller""]",Daniel Stamm,Patrick Fabian,Ashley Bell | Iris Bahr | Patrick Fabian,7 wins & 10 nominations total,"After years of performing “exorcisms” and taking believers’ money, Reverend Marcus travels to rural Louisiana with a film crew so he can dispel what he believes is the myth of demonic possession. The dynamic reverend is certain that this will be another routine “exorcism” on a disturbed religious fanatic but instead comes upon the blood-soaked farm of the Sweetzer family and a true evil he would have never thought imaginable.",iTunes,
V0791,The Last House on the Left (Unrated) [2009],2009,2009,,,,,,,,,,"[""Crime"",""Drama"",""Horror"",""Thriller""]",Not Found,,,,"When athletic teen Mari Collingwood opts to hang out with her friend Paige in town rather than spend an evening in with her parents vacationing at the family's remote lake house, it marks the beginning of a night no one is going to forget.",iTunes,
V0792,The Last of the Mohicans (Director's Definitive Cut),,,,,,,,,,,,[],Not Found,,,,,iTunes,
V0793,The Last Voyage of the Demeter,2023,2023,118,6.1,61678,,tt1001520,635910,R,,Ship; based on novel or book; sacrifice; vampire; supernatural; gothic horror; dracula; 1890s,"[""Fantasy"",""Horror"",""Thriller""]",André Øvredal,Corey Hawkins,Aisling Franciosi | Corey Hawkins | David Dastmalchian,2 wins & 10 nominations total,The crew of the merchant ship Demeter attempts to survive the ocean voyage from Carpathia to London as they are stalked each night by a merciless presence onboard the ship.,iTunes,
V0794,The Last Witch Hunter,2015,2015,106,5.9,113053,18,tt1618442,274854,PG-13,,Witch; new york city; magic; superstition; black magic; man; aircraft; woman murder; witch hunter,"[""Action"",""Adventure"",""Fantasy"",""Horror""]",Breck Eisner,Vin Diesel,Elijah Wood | Rose Leslie | Vin Diesel,1 nomination total,"The modern world holds many secrets, but by far the most astounding is that witches still live among us; vicious supernatural creatures intent on unleashing the Black Death upon the world and putting an end to the human race once and for all. Armies of witch hunters have battled this unnatural enemy for centuries, including Kaulder, a valiant warrior who many years ago slayed the all-powerful Witch Queen, decimating her followers in the process. In the moments right before her death, the Queen cursed Kaulder with immortality, forever separating him from his beloved wife and daughter. Today, Kaulder is the last living hunter who has spent his immortal life tracking down rogue witches, all the while yearning for his long-lost family.",iTunes,
V0795,The Legend of Hercules,2014,2014,99,4.3,56855,5,tt1043726,188207,PG-13,,Mythology; zeus; ancient greece; demigod; city of argos; mistaken parentage,"[""Action"",""Adventure""]",Renny Harlin,Kellan Lutz,Gaia Weiss | Kellan Lutz | Liam McIntyre,1 win & 7 nominations total,"In Ancient Greece 1200 B.C., a queen succumbs to the lust of Zeus to bear a son promised to overthrow the tyrannical rule of the king and restore peace to a land in hardship. But this prince, Hercules, knows nothing of his real identity or his destiny. He desires only one thing: the love of Hebe, Princess of Crete, who has been promised to his own brother. When Hercules learns of his greater purpose, he must choose: to flee with his true love or to fulfill his destiny and become the true hero of his time. The story behind one of the greatest myths is revealed in this action-packed epic - a tale of love, sacrifice and the strength of the human spirit.",iTunes,
V0796,The LEGO Movie,2014,2014,100,7.7,401561,96,tt1490017,137106,PG,The Lego Movie Collection,Friendship; parent child relationship; prophecy; superhero; villain; based on comic; part live action; based on toy; falling in love; anti villain; super power; good cop bad cop; duringcreditsstinger; live action and animation; lego; father son relationship; loving; mischievous; playful; irreverent; evil tyrant; witty; hilarious; whimsical; celebratory; euphoric; exhilarated; exuberant; ridiculous,"[""Adventure"",""Animation"",""Comedy"",""Family"",""Fantasy""]","Phil Lord, Christopher Miller",,,Nominated for 1 Oscar. 72 wins & 67 nominations total,"An ordinary Lego mini-figure, mistakenly thought to be the extraordinary MasterBuilder, is recruited to join a quest to stop an evil Lego tyrant from conquering the universe.",iTunes,
V0797,The Limey,1999,1999,89,6.9,35802,92,tt0165854,10388,R,,Prison; daughter; release from prison; investigation; suitcase; record producer; loss; revenge; stakeout; ex-con; warehouse; hired killer; narcotics; motel room; neo-noir; 1960s,"[""Crime"",""Drama"",""Mystery"",""Thriller""]",Steven Soderbergh,Terence Stamp,Lesley Ann Warren | Luis Guzmán | Terence Stamp,1 win & 9 nominations total,"The Limey follows Wilson, a tough English ex-con who travels to Los Angeles to avenge his daughter's death. Upon arrival, Wilson goes to task battling Valentine and an army of L.A.'s toughest criminals, hoping to find clues and piece together what happened. After surviving a near-death beating, getting thrown from a building and being chased down a dangerous mountain road, the Englishman decides to dole out some bodily harm of his own.",iTunes,
V0798,The Lincoln Lawyer,2011,2011,118,7.3,262057,83,tt1189340,50348,R,,California; prostitute; based on novel or book; judge; attempted murder; video surveillance; jury; playboy; private investigator; lawyer; crime scene; motorcycle gang; courtroom; defense attorney; divorced father; courtroom drama; car driver; innocent in jail; murder of a prostitute; legal thriller; defense lawyer; attorney client privilege; high-profile client,"[""Crime"",""Drama"",""Thriller""]",Brad Furman,Matthew McConaughey,Matthew McConaughey | Ryan Phillippe | William H. Macy,1 nomination total,"Mick Haller is a charismatic defense attorney who does business out of his Lincoln Continental sedan. Mick spends most of his time defending petty crooks and other bottom-feeders, so it comes as quite a surprise when he lands the case of a lifetime: defending a Beverly Hills playboy who is accused of attempted murder. However, what Mick initially thinks is an open-and-shut case with a big monetary reward develops into something more sinister.",iTunes,
V0799,The Lion King (2019),2019,1994,,,,,tt12930254,420818,,The Lion King (Reboot) Collection,Africa; lion; prince; redemption; musical; uncle; remake; grief; king; family; sidekick; live action and animation; father son relationship; live action remake,"[""Animation"",""Drama"",""Family""]",Jon Favreau,,,,"Young lion prince Simba, eager to one day become king of the Pride Lands, grows up under the watchful eye of his father Mufasa; all the while his villainous uncle Scar conspires to take the throne for himself. Amid betrayal and tragedy, Simba must confront his past and find his rightful place in the Circle of Life.",iTunes,
V0800,The Little Mermaid (1989),2018,2018,,,,,,,,,,"[""Adventure"",""Drama"",""Family"",""Fantasy"",""Romance""]",Not Found,,,,A young reporter and his niece discover a beautiful and enchanting creature they believe to be the real little mermaid.,iTunes,
V0801,The Lodge,2008,2008,108,6.0,60434,75,tt7347846,35247,R,,Rape; attempted murder; lodge; vacation; physicist,"[""Horror"",""Thriller""]","Brad Helmink, John Rauschelbach",Deanna Cramer,Deanna Cramer | Elizabeth Kell | Liz Jones,2 wins & 1 nomination,A young couple's weekend getaway at a secluded mountain ranch becomes an unfathomable nightmare when they discover the truth about the caretaker.,iTunes,
V0802,The Loft,2014,2014,108,6.3,61002,15,tt1850397,72784,R,,Male friendship; murder; love affair; extramarital affair; murder mystery,"[""Thriller""]",Erik Van Looy,Karl Urban,James Marsden | Karl Urban | Wentworth Miller,1 nomination total,"For five men, the opportunity to share a penthouse in the city -- in which to carry on extramarital affairs -- is a dream come true, until the dead body of an unknown woman turns up. Realizing that her killer must be one of their group, the men are gripped by paranoia as each one suspects another. Friendships are tested, loyalties are questioned, and marriages crumble while fear and suspicion run rampant.",iTunes,
V0803,The Longest Ride,2015,2015,123,7.0,90312,31,tt2726560,228205,PG-13,,Based on novel or book; art student; love; cowboy; injury; bull riding; young adult,"[""Drama"",""Romance""]",George Tillman Jr.,Britt Robertson,Alan Alda | Britt Robertson | Scott Eastwood,1 win & 5 nominations,The lives of a young couple intertwine with a much older man as he reflects back on a lost love while he's trapped in an automobile crash.,iTunes,
V0804,The Lord of the Rings: The Fellowship of the Ring,2001,2001,178,8.9,2104541,92,tt0120737,120,PG-13,The Lord of the Rings Collection,Based on novel or book; orcs; elves; dwarf; magic; obsession; bravery; fireworks; mine; maze; mountain; castle; birthday party; battle; demon; blizzard; uncle nephew relationship; fantasy world; journey; ring; invisibility; live action and animation; hero's journey; wraith; sword and sorcery; trekking; loving; good versus evil; creatures; admiring; appreciative; epic quest; hobbits; trolls,"[""Action"",""Adventure"",""Fantasy""]",Peter Jackson,Elijah Wood,Elijah Wood | Ian McKellen | Viggo Mortensen,Won 4 Oscars. 125 wins & 126 nominations total,"Young hobbit Frodo Baggins, after inheriting a mysterious ring from his uncle Bilbo, must leave his home in order to keep it from falling into the hands of its evil creator. Along the way, a fellowship is formed to protect the ringbearer and make sure that the ring arrives at its final destination: Mt. Doom, the only place where it can be destroyed.",iTunes,
V0805,The Lord of the Rings: The Fellowship of the Ring (Extended Edition),2001,2001,,,,,,,,,,"[""Action"",""Adventure"",""Fantasy""]",Not Found,,,,"Young hobbit Frodo Baggins, after inheriting a mysterious ring from his uncle Bilbo, must leave his home in order to keep it from falling into the hands of its evil creator. Along the way, a fellowship is formed to protect the ringbearer and make sure that the ring arrives at its final destination: Mt. Doom, the only place where it can be destroyed.",iTunes,
V0806,The Lord of the Rings: The Return of the King (Extended Edition),2003,2003,,,,,,,,,,"[""Action"",""Adventure"",""Fantasy""]",Not Found,,,,"As armies mass for a final battle that will decide the fate of the world--and powerful, ancient forces of Light and Dark compete to determine the outcome--one member of the Fellowship of the Ring is revealed as the noble heir to the throne of the Kings of Men. Yet, the sole hope for triumph over evil lies with a brave hobbit, Frodo, who, accompanied by his loyal friend Sam and the hideous, wretched Gollum, ventures deep into the very dark heart of Mordor on his seemingly impossible quest to destroy the Ring of Power.​",iTunes,
V0807,The Lord of the Rings: The Two Towers (Extended Edition),2002,2002,,,,,,,,,,"[""Action"",""Adventure"",""Fantasy""]",Not Found,,,,"Frodo Baggins and the other members of the Fellowship continue on their sacred quest to destroy the One Ring--but on separate paths. Their destinies lie at two towers--Orthanc Tower in Isengard, where the corrupt wizard Saruman awaits, and Sauron's fortress at Barad-dur, deep within the dark lands of Mordor. Frodo and Sam are trekking to Mordor to destroy the One Ring of Power while Gimli, Legolas and Aragorn search for the orc-captured Merry and Pippin. All along, nefarious wizard Saruman awaits the Fellowship members at the Orthanc Tower in Isengard.",iTunes,
V0808,The Lost Boys,2025,2025,97,7.2,167767,75,tt0093437,1405651,R,,,"[""Drama"",""Horror""]",Bryan Young,Vahl Pate,Kingston Young | Vahl Pate,,The Lost Boys is an exploration of grief through the lens of film. It aims to stretch the bounds of what we think of the horror genre is capable and aims to tell a story that can only be told with the power of cinema. It's a picture with heart...and perhaps a tear.,iTunes,
V0809,The Lost World: Jurassic Park,1997,1997,129,6.6,458283,53,tt0119567,330,PG-13,Jurassic Park Collection,California; sequel; dinosaur; creature; scientist; amusement park; theme park; costa rica; animal horror; father daughter relationship | Exotic island; island; velociraptor; dna; tyrannosaurus rex; paleontology; san diego,"[""Action"",""Adventure"",""Science Fiction""]",Steven Spielberg,Jeff Goldblum,Jeff Goldblum | Julianne Moore | Pete Postlethwaite,Nominated for 1 Oscar. 4 wins & 28 nominations total,"Four years after Jurassic Park's genetically bred dinosaurs ran amok, multimillionaire John Hammond shocks chaos theorist Ian Malcolm by revealing that he has been breeding more beasties at a secret location. Malcolm, his paleontologist ladylove and a wildlife videographer join an expedition to document the lethal lizards' natural behavior in this action-packed thriller.",iTunes,
V0810,The Martian,2015,2015,144,8.0,956193,91,tt3659388,286217,PG-13,,Spacecraft; planet mars; based on novel or book; nasa; isolation; botanist; alone; survival; space; engineering; stranded; astronaut; struggle for survival; duringcreditsstinger; deep space; potatoes; 2030s; suspenseful; mars,"[""Adventure"",""Drama"",""Science Fiction""]",Ridley Scott,Matt Damon,Jessica Chastain | Kristen Wiig | Matt Damon,Nominated for 7 Oscars. 40 wins & 199 nominations total,"During a manned mission to Mars, Astronaut Mark Watney is presumed dead after a fierce storm and left behind by his crew. But Watney has survived and finds himself stranded and alone on the hostile planet. With only meager supplies, he must draw upon his ingenuity, wit and spirit to subsist and find a way to signal to Earth that he is alive.",iTunes,
V0811,The Matrix,1999,1999,136,8.7,2147060,83,tt0133093,603,R,The Matrix Collection,Man vs machine; martial arts; dreams; artificial intelligence (a.i.); saving the world; hacker; self sacrifice; virtual reality; fight; prophecy; truth; philosophy; dystopia; insurgence; simulated reality ; cyberpunk; dream world; messiah; action hero; gnosticism; hopeful; allegory of the cave,"[""Action"",""Science Fiction""]","Lana Wachowski, Lilly Wachowski",Keanu Reeves,Carrie-Anne Moss | Keanu Reeves | Laurence Fishburne,Won 4 Oscars. 42 wins & 52 nominations total,"Set in the 22nd century, The Matrix tells the story of a computer hacker who joins a group of underground insurgents fighting the vast and powerful computers who now rule the earth.",iTunes,
V0812,The Matrix Reloaded,2003,2003,138,7.2,650747,74,tt0234215,604,R,The Matrix Collection,Dying and death; future; mission; man vs machine; underground world; martial arts; kung fu; hero; dreams; artificial intelligence (a.i.); computer; saving the world; computer virus; virtual reality; fight; prophecy; faith; truth; key; dystopia; simulation; plato; precognition; rave; car crash; cyberpunk; philosophical; action hero; gnosticism; oracle; grand; romantic; awestruck; defiant; sardonic,"[""Action"",""Adventure"",""Science Fiction"",""Thriller""]","Lana Wachowski, Lilly Wachowski",Keanu Reeves,Carrie-Anne Moss | Keanu Reeves | Laurence Fishburne,8 wins & 34 nominations total,"Six months after the events depicted in The Matrix, Neo has proved to be a good omen for the free humans, as more and more humans are being freed from the matrix and brought to Zion, the one and only stronghold of the Resistance.  Neo himself has discovered his superpowers including super speed, ability to see the codes of the things inside the matrix and a certain degree of pre-cognition. But a nasty piece of news hits the human resistance: 250,000 machine sentinels are digging to Zion and would reach them in 72 hours. As Zion prepares for the ultimate war, Neo, Morpheus and Trinity are advised by the Oracle to find the Keymaker who would help them reach the Source.  Meanwhile Neo's recurrent dreams depicting Trinity's death have got him worried and as if it was not enough, Agent Smith has somehow escaped deletion, has become more powerful than before and has fixed Neo as his next target.",iTunes,
V0813,The Matrix Revolutions,2003,2003,129,6.7,558579,33,tt0242653,605,R,The Matrix Collection,Dying and death; rescue; future; mission; man vs machine; underground world; machine town; martial arts; kung fu; hero; dreams; fortune teller; artificial intelligence (a.i.); computer; saving the world; flying; temple; computer virus; virtual reality; fight; faith; truth; philosophy; key; killer robot; subway; dystopia; sun; sunlight; precognition; super computer; ying yang; cyberpunk; philosophical; action hero; gnosticism; inspirational; grand,"[""Action"",""Adventure"",""Science Fiction"",""Thriller""]","Lilly Wachowski, Lana Wachowski",Keanu Reeves,Carrie-Anne Moss | Keanu Reeves | Laurence Fishburne,5 wins & 36 nominations total,The human city of Zion defends itself against the massive invasion of the machines as Neo fights to end the war at another front while also opposing the rogue Agent Smith.,iTunes,
V0814,The Maze Runner,2014,2014,113,6.8,534461,66,tt1790864,198663,PG-13,The Maze Runner Collection,Based on novel or book; escape; dystopia; maze; post-apocalyptic future; memory loss; erased memory; trapped; runner; based on young adult novel,"[""Action"",""Mystery"",""Science Fiction"",""Thriller""]",Wes Ball,Dylan O'Brien,Aml Ameen | Dylan O'Brien | Kaya Scodelario,4 wins & 12 nominations total,"Set in a post-apocalyptic world, young Thomas is deposited in a community of boys after his memory is erased, soon learning they're all trapped in a maze that will require him to join forces with fellow “runners” for a shot at escape.",iTunes,
V0815,The Meg,2018,2018,113,5.7,215582,47,tt4779682,345940,PG-13,The Meg Collection,Beach; based on novel or book; deep sea; underwater; shark; oceanic expedition; kaiju; underwater facility; mariana trench,"[""Action"",""Horror"",""Science Fiction""]",Jon Turteltaub,Jason Statham,Jason Statham | Li Bingbing | Rainn Wilson,5 wins & 6 nominations total,"A deep sea submersible pilot revisits his past fears in the Mariana Trench, and accidentally unleashes the seventy foot ancestor of the Great White Shark believed to be extinct.",iTunes,
V0816,The Menu,2022,2022,107,7.2,447264,88,tt9764362,593643,R,,Psychopath; obsession; mass murder; restaurant; dark comedy; revenge; food; dinner; chef; food critic; remote island; french cuisine; culinary arts; satirical; fine dining; haute cuisine; direct; absurd; foreboding; pessimistic,"[""Comedy"",""Horror"",""Thriller""]",Mark Mylod,Anya Taylor-Joy,Anya Taylor-Joy | Nicholas Hoult | Ralph Fiennes,2 wins & 66 nominations total,"A young couple travels to a remote island to eat at an exclusive restaurant where the chef has prepared a lavish menu, with some shocking surprises.",iTunes,
V0817,The Midnight Meat Train,2008,2008,100,6.0,73312,70,tt0805570,10185,R,,Photographer; gore; butcher; vegetarian; stalking; subway train; urban gothic,"[""Fantasy"",""Horror"",""Mystery""]",Ryûhei Kitamura,Bradley Cooper,Bradley Cooper | Brooke Shields | Vinnie Jones,2 wins & 6 nominations total,"A photographer's obsessive pursuit of dark subject matter leads him into the path of a serial killer who stalks late night commuters, ultimately butchering them in the most gruesome ways.",Vudu,
V0818,The Mummy,1999,1999,124,7.1,481650,62,tt0120616,564,PG-13,The Mummy Collection,Egypt; cairo; library; secret passage; pastor; pyramid; sandstorm; solar eclipse; mummy; foreign legion; nile; secret society; treasure hunt; remake; archaeologist; tomb; book of the dead; ancient egypt; opposites attract; 1920s; pharoah; good versus evil,"[""Action"",""Adventure"",""Fantasy""]",Stephen Sommers,Brendan Fraser,Brendan Fraser | John Hannah | Rachel Weisz,Nominated for 1 Oscar. 5 wins & 24 nominations total,Dashing legionnaire Rick O'Connell stumbles upon the hidden ruins of Hamunaptra while in the midst of a battle to claim the area in 1920s Egypt. It has been over three thousand years since former High Priest Imhotep suffered a fate worse than death as a punishment for a forbidden love—along with a curse that guarantees eternal doom upon the world if he is ever awoken.,iTunes,
V0819,The Mummy (2017),2017,1999,,,,,,282035,,,Egypt; monster; supernatural; mummy; remake; tomb; egyptian mythology; dark universe,"[""Action"",""Adventure"",""Fantasy""]",Alex Kurtzman,,,,Dashing legionnaire Rick O'Connell stumbles upon the hidden ruins of Hamunaptra while in the midst of a battle to claim the area in 1920s Egypt. It has been over three thousand years since former High Priest Imhotep suffered a fate worse than death as a punishment for a forbidden love—along with a curse that guarantees eternal doom upon the world if he is ever awoken.,iTunes,
V0820,The Mummy: Tomb of the Dragon Emperor,2008,2008,112,5.2,175322,13,tt0859163,1735,PG-13,The Mummy Collection,China; sword; pyramid; mummy; yeti; chinese emperor; tomb; great wall of china; terracotta army; 1940s; 3rd century bc,"[""Action"",""Adventure"",""Fantasy""]",Rob Cohen,Brendan Fraser,Brendan Fraser | John Hannah | Maria Bello,2 wins & 6 nominations total,"Archaeologist Rick O'Connell travels to China, pitting him against an emperor from the 2,000-year-old Han dynasty who's returned from the dead to pursue a quest for world domination. This time, O'Connell enlists the help of his wife and son to quash the so-called 'Dragon Emperor' and his abuse of supernatural power.",iTunes,
V0821,The Neverending Story,1984,1984,102,7.3,163133,84,tt0088323,34584,PG,The NeverEnding Story Collection,Based on novel or book; wolf; magic; fairy tale; horse; mythology; child hero; anthropomorphism; bully; school; creature; reading; book store; fantasy world; giant; gnome; quest; child protagonist; father son relationship; based on young adult novel; magical necklace,"[""Adventure"",""Drama"",""Family"",""Fantasy""]",Wolfgang Petersen,,,5 wins & 9 nominations total,"While hiding from bullies in his school's attic, a young boy discovers the extraordinary land of Fantasia, through a magical book called The Neverending Story. The book tells the tale of Atreyu, a young warrior who, with the help of a luck dragon named Falkor, must save Fantasia from the destruction of The Nothing.",iTunes,
V0822,The Nice Guys,2016,2016,116,7.4,388459,91,tt3799694,290250,R,,Daughter; pornography; detective; 1970s; investigation; alcoholism; private investigator; conspiracy; whodunit; alcoholic; buddy cop; private eye; neo-noir; father daughter relationship; lighthearted; hilarious; amused; earnest; vibrant,"[""Action"",""Comedy"",""Crime""]",Shane Black,Russell Crowe,Angourie Rice | Russell Crowe | Ryan Gosling,9 wins & 34 nominations total,A private eye investigates the apparent suicide of a fading porn star in 1970s Los Angeles and uncovers a conspiracy.,iTunes,
V0823,The Nightmare Before Christmas,1993,1993,76,7.9,394577,95,tt0107688,9479,PG,,Skeleton; fire; magic; holiday; santa claus; halloween; villain; musical; christmas tree; saving christmas; pumpkin; woods; stop motion; christmas horror; christmas,"[""Animation"",""Family"",""Fantasy""]",Henry Selick,Danny Elfman,Catherine O'Hara | Chris Sarandon | Danny Elfman,Nominated for 1 Oscar. 7 wins & 17 nominations total,"Tired of scaring humans every October 31 with the same old bag of tricks, Jack Skellington, the spindly king of Halloween Town, kidnaps Santa Claus and plans to deliver shrunken heads and other ghoulish gifts to children on Christmas morning. But as Christmas approaches, Jack's rag-doll girlfriend, Sally, tries to foil his misguided plans.",iTunes,
V0824,The Northman,2022,2022,137,7.0,277478,90,tt11138512,639933,R,,Father murder; sword; prince; gore; vikings (norsemen); iceland; death of father; northern ireland; sword fight; revenge; fate; king; brutality; hamlet; based on myths | Legends or folklore; disturbed; aggressive; grim; nordic; 10th century; fantasy,"[""Action"",""Adventure"",""Fantasy""]",Robert Eggers,Alexander Skarsgård,Alexander Skarsgård | Claes Bang | Nicole Kidman,6 wins & 65 nominations total,"Prince Amleth is on the verge of becoming a man when his father is brutally murdered by his uncle, who kidnaps the boy's mother. Two decades later, Amleth is now a Viking who's on a mission to save his mother, kill his uncle and avenge his father.",iTunes,
V0825,The Nun (2018),2018,2018,,,,,tt24733256,439079,,The Nun Collection,Italy; nun; supernatural; exorcism; father; priest; spirit; demon; spin off; evil nun; demonic possession; romania; murder mystery; ancient evil; the conjuring universe | Rome,"[""Horror""]",Corin Hardy,,,,A priest with a haunted past and a novice on the threshold of her final vows are sent by the Vatican to investigate the death of a young nun in Romania and confront a malevolent force in the form of a demonic nun.,iTunes,
V0826,The Other Side of the Door,2016,2016,96,5.3,19696,35,tt3702652,364116,R,,Ritual; india; death; grieving; grieving parents,"[""Horror"",""Thriller""]",Johannes Roberts,Sarah Wayne Callies,Jeremy Sisto | Sarah Wayne Callies | Sofia Rosinsky,2 wins & 3 nominations,"Grieving over the loss of her son, a mother struggles with her feelings for her daughter and her husband. She seeks out a ritual that allows her say goodbye to her dead child, opening the veil between the world of the dead and the living. Her daughter becomes the focus of terror. She must now protect against the evil that was once her beloved son.",iTunes,
V0827,The Other Woman,2010,2010,109,6.0,154744,27,tt2203939,52505,PG-13,,Based on novel or book; romantic rivalry; candlelight vigil,"[""Drama""]",Don Roos,Natalie Portman,Charlie Tahan | Natalie Portman | Scott Cohen,,"Emilia, a law-school graduate, falls in love with her married boss, Jack. After Emilia marries Jack, her happiness turns unexpectedly to grief following the death of her infant daughter. Devastated, Emilia nonetheless carries on, attempting to forge a connection with her stepson William and to resist the interference of Jack's jealous ex-wife.",iTunes,
V0828,The Perfect Storm,2000,2000,130,6.5,182193,,tt0177971,2133,PG-13,,Based on novel or book; natural disaster; u.s. air force; biography; based on true story; disaster; shark; tragic event; thunderstorm; new england; jamaican; meteorologist; rescue boat; marina; city hall; the flemish cap; male camaraderie; storm at sea; 1990s; man vs nature,"[""Action"",""Adventure"",""Drama""]",Wolfgang Petersen,George Clooney,Diane Lane | George Clooney | Mark Wahlberg,Nominated for 2 Oscars. 4 wins & 28 nominations total,"In October 1991, a confluence of weather conditions combined to form a killer storm in the North Atlantic. Caught in the storm was the sword-fishing boat Andrea Gail.",iTunes,
V0829,The Place Beyond the Pines,2013,2013,140,7.3,296737,79,tt1817273,97367,R,,Corruption; parent child relationship; hostage; motel; carnival; stuntman; house party; mechanic; religion; bag of money; motorcycle; police officer; bank robbery; rookie cop; haunted by the past; legacy; evidence room; dreary; tragic; diverging narrative,"[""Crime"",""Drama""]",Derek Cianfrance,Ryan Gosling,Bradley Cooper | Eva Mendes | Ryan Gosling,,"A motorcycle stunt rider considers committing a crime in order to provide for his wife and child, an act that puts him on a collision course with a cop-turned-politician.",iTunes,
V0830,The Polar Express,2004,2004,100,6.6,255844,55,tt0338348,5255,G,The Polar Express Collection,Faith; holiday; santa claus; nerd; bell; train; beard; north pole; trestle; ticket; train travel; christmas,"[""Adventure"",""Animation"",""Family"",""Fantasy""]",Robert Zemeckis,Tom Hanks,Eddie Deezen | Leslie Zemeckis | Tom Hanks,Nominated for 3 Oscars. 5 wins & 26 nominations total,"When a doubting young boy takes an extraordinary train ride to the North Pole, he embarks on a journey of self-discovery that shows him that the wonder of life never fades for those who believe.",iTunes,
V0831,The Possession,2012,2012,92,5.9,64707,39,tt0431021,77883,PG-13,,Exorcism; house; rabbi; hospital; demonic possession; divorced parents; basketball coach; dybbuk box; sister sister relationship; hebrew text; jewish folklore,"[""Horror"",""Thriller""]",Ole Bornedal,Jeffrey Dean Morgan,Jeffrey Dean Morgan | Kyra Sedgwick | Natasha Calis,6 nominations total,"A young girl buys an antique box at a yard sale, unaware that inside the collectible lives a malicious ancient spirit. The girl's father teams with his ex-wife to find a way to end the curse upon their child.",iTunes,
V0832,The Prestige,2006,2006,130,8.5,1512938,77,tt0482571,1124,PG-13,,Dying and death; suicide; class society; london | England; magic; competition; obsession; hostility; class; diary; twist; tricks; illusion; rivalry; partner; steampunk; cruelty; hanging; jail cell; 19th century; nikola tesla; magician; tesla coil; bittersweet; secret; absurd; mind-blowing,"[""Drama"",""Mystery"",""Science Fiction""]",Christopher Nolan,Hugh Jackman,Christian Bale | Hugh Jackman | Michael Caine,Nominated for 2 Oscars. 6 wins & 44 nominations total,"A mysterious story of two magicians whose intense rivalry leads them on a life-long battle for supremacy -- full of obsession, deceit and jealousy with dangerous and deadly consequences.",iTunes,
V0833,The Princess Bride,1987,1987,98,8.0,463526,96,tt0093779,2493,PG,,Dreams; based on novel or book; narration; wrestling; miracle; sword fight; revenge; boat chase; pirate; wedding; swashbuckler; evil prince; screwball; impersonation; giant man; nostalgic; story within the story; hidden identity; fictitious country; grandfather grandson relationship; battle of wits; comforting; fairytale,"[""Adventure"",""Comedy"",""Family"",""Fantasy"",""Romance""]",Rob Reiner,Cary Elwes,Cary Elwes | Mandy Patinkin | Robin Wright,Nominated for 1 Oscar. 7 wins & 11 nominations total,"In this enchantingly cracked fairy tale, the beautiful Princess Buttercup and the dashing Westley must overcome staggering odds to find happiness amid six-fingered swordsmen, murderous princes, Sicilians and rodents of unusual size. But even death can't stop these true lovebirds from triumphing.",iTunes,
V0834,The Purge,2013,2013,85,5.7,251231,41,tt2184339,158015,R,The Purge Collection,California; dystopia; barricade; bloody fight; home invasion; blood lust; rich vs poor; constitutional convention; legalized murder; social allegory; bloody; bloody death; bloody deaths; family's house; ethan hawke,"[""Horror"",""Science Fiction"",""Thriller""]",James DeMonaco,Ethan Hawke,Ethan Hawke | Lena Headey | Max Burkholder,2 wins & 6 nominations total,"Given the country's overcrowded prisons, the U.S. government begins to allow 12-hour periods of time in which all illegal activity is legal. During one of these free-for-alls, a family must protect themselves from a home invasion.",iTunes,
V0835,The Purge: Anarchy,2014,2014,103,6.4,166059,59,tt2975578,238636,R,The Purge Collection,Sniper; psychopath; bus; assault rifle; machete; sequel; revenge; murder; rampage; motorcycle; masked man; death; survival horror; martyr; gatling gun; purge; cautionary,"[""Horror"",""Thriller""]",James DeMonaco,Frank Grillo,Carmen Ejogo | Frank Grillo | Zach Gilford,3 wins & 6 nominations,"One night per year, the government sanctions a 12-hour period in which citizens can commit any crime they wish -- including murder -- without fear of punishment or imprisonment. Leo, a sergeant who lost his son, plans a vigilante mission of revenge during the mayhem. However, instead of a death-dealing avenger, he becomes the unexpected protector of four innocent strangers who desperately need his help if they are to survive the night.",iTunes,
V0836,The Purge: Election Year,2016,2016,108,6.0,114688,55,tt4094724,316727,R,The Purge Collection,Dystopia; sequel; calvary; legalized murder; attack on politician; military attack,"[""Action"",""Horror"",""Thriller""]",James DeMonaco,Elizabeth Mitchell,Elizabeth Mitchell | Frank Grillo | Mykelti Williamson,6 nominations total,"Two years after choosing not to kill the man who killed his son, former police sergeant Leo Barnes has become head of security for Senator Charlene Roan, the front runner in the next Presidential election due to her vow to eliminate the Purge. On the night of what should be the final Purge, a betrayal from within the government forces Barnes and Roan out onto the street where they must fight to survive the night.",iTunes,
V0837,The Revenant,2015,2015,156,8.0,899014,78,tt1663202,281957,R,,Rape; based on novel or book; parent child relationship; winter; child murder; mountain; grizzly bear; animal attack; wilderness; gore; native american; forest; based on true story; liar; fur trapping; frontier; remake; revenge; survival; murder; bear; snow; scalping; animals; nature; wild west; bear attack; indian attack; dead horse; starvation; 19th century; wolves; ice,"[""Adventure"",""Drama"",""Western""]",Alejandro González Iñárritu,Leonardo DiCaprio,Domhnall Gleeson | Leonardo DiCaprio | Tom Hardy,Won 3 Oscars. 92 wins & 193 nominations total,"In the 1820s, a frontiersman, Hugh Glass, sets out on a path of vengeance against those who left him for dead after a bear mauling.",iTunes,
V0838,The River Wild,1994,1994,111,6.5,51989,63,tt0110997,8987,PG-13,,Husband wife relationship; strong woman; marriage crisis; boston | Massachusetts; montana; river; married couple; robber; architect; matter of life and death; dysfunctional family; hostage-taking; rafting; teacher; raft; family vacation; criminal; dog; park ranger; rowing; adventurer; heist gone wrong; gauntlet; smoke signal; sign languages; experience; escape attempt; whitewater river rafting; camping trip; father son relationship; mother son relationship; rapids; married parents; suspense; family in danger; heist thriller; teacher for the deaf; unable to swim; gripping,"[""Adventure"",""Drama"",""Thriller""]",Curtis Hanson,Meryl Streep,David Strathairn | Kevin Bacon | Meryl Streep,5 nominations total,"Gail and Tom Hartman are struggling to stay together and decide to take a white-water rafting holiday adventure in Montana for their son Roarke's 10th birthday, only to meet up with a pair of mysterious men whose desperation grows, turning their vacation into a nightmare.",iTunes,
V0839,The Rocky Horror Picture Show,1975,1975,100,7.4,174601,80,tt0073629,36685,R,The Rocky Horror Picture Show Collection,Sexual identity; rock 'n' roll; transvestism; time warp; transylvania; transvestite; group sex; seduction; castle; sex addiction; musical; based on play or musical; cross dressing; homoeroticism; psychotronic; horror musical,"[""Comedy"",""Fantasy"",""Horror"",""Science Fiction""]",Jim Sharman,Tim Curry,Barry Bostwick | Susan Sarandon | Tim Curry,3 wins & 4 nominations total,"Sweethearts Brad and Janet, stuck with a flat tire during a storm, discover the eerie mansion of Dr. Frank-N-Furter, a transvestite scientist. As their innocence is lost, Brad and Janet meet a houseful of wild characters, including a rocking biker and a creepy butler. Through elaborate dances and rock songs, Frank-N-Furter unveils his latest creation: a muscular man named 'Rocky'.",iTunes,
V0840,The Running Man,1963,1963,101,6.6,173570,67,tt0093894,144299,R,,Spain; gibraltar; investigator; insurance investigator; fake death; insurance; glider; ironic ending; insurance scam; plane wreck; málaga | Spain; rock of gibraltar; relentless investigator,"[""Crime"",""Drama"",""Thriller""]",Carol Reed,Laurence Harvey,Alan Bates | Laurence Harvey | Lee Remick,Nominated for 1 BAFTA Award1 nomination total,"An Englishman with a grudge against an insurance company for a disallowed claim fakes his own death and escapes to Spain, but is soon pursued by an insurance investigator.",iTunes,
V0841,The Sandlot,1993,1993,101,7.8,107239,66,tt0108037,11528,PG,The Sandlot Collection,Sports; baseball; tree house; dog; fourth of july; san fernando valley; fence; 1960s; mastiff; kids' sports team,"[""Comedy"",""Family""]",David Mickey Evans,Tom Guiry,Mike Vitar | Patrick Renna | Tom Guiry,1 win & 1 nomination total,"During a summer of friendship and adventure, one boy becomes a part of the gang, nine boys become a team and their leader becomes a legend by confronting the terrifying mystery beyond the right field wall.",iTunes,
V0842,The Santa Clause,1994,1994,97,6.6,140720,73,tt0111070,11395,PG,The Santa Clause Collection,Chicago | Illinois; holiday; christmas party; deal; santa claus; christmas tree; nostalgic; child custody; christmas; father son relationship; christmas eve,"[""Comedy"",""Drama"",""Family"",""Fantasy""]",John Pasquin,Tim Allen,Judge Reinhold | Tim Allen | Wendy Crewson,2 wins & 9 nominations total,"On Christmas Eve, divorced dad Scott Calvin and his son discover Santa Claus has fallen off their roof. When Scott takes the reins of the magical sleigh, he finds he is now the new Santa, and must convince a world of disbelievers, including himself.",iTunes,
V0843,The Scorpion King 3: Battle for Redemption,2012,2012,105,3.7,8072,,tt1781896,78049,PG-13,The Scorpion King Collection,Blunt; understated; furious; disdainful; doubtful; dubious,"[""Action"",""Adventure"",""Drama"",""Fantasy""]",Roel Reiné,Victor Webster,Bostin Christopher | Temuera Morrison | Victor Webster,,"Since his triumphant rise to power in the original blockbuster ""The Scorpion King"", Mathayus' kingdom has fallen and he's lost his queen to plague. Now an assassin for hire, he must defend a kingdom from an evil tyrant and his ghost warriors for the chance to regain the power and glory he once knew. Starring Ron Perlman (""Hellboy"") and Billy Zane (""Titanic""), and featuring 6-time WWE champion Dave Bautista and UFC star Kimbo Slice, ""The Scorpion King 3: Battle for Redemption"" takes ""The Mummy"" phenomenon to an all-new level of epic action and non-stop adventure.",iTunes,
V0844,The Secret Life of Pets,2016,2016,86,6.5,227151,71,tt2709768,328111,PG,The Secret Life of Pets Collection,Bunny; pet; anthropomorphism; dog; animals; apartment building; sewer; terrier; manhattan | New york city; rodent; pets; mongrel; illumination,"[""Adventure"",""Animation"",""Comedy"",""Family""]",Chris Renaud,Louis C.K.,Eric Stonestreet | Kevin Hart | Louis C.K.,4 wins & 15 nominations total,"The quiet life of a terrier named Max is upended when his owner takes in Duke, a stray whom Max instantly dislikes.",iTunes,
V0845,The Secret Life of Walter Mitty,2013,2013,114,7.3,354845,52,tt0359950,116745,PG,,Himalaya mountain range; photographer; iceland; daydream; magazine; photograph; shark; fired from the job; dreamer; online dating; daydreaming,"[""Adventure"",""Comedy"",""Drama"",""Fantasy""]",Ben Stiller,Ben Stiller,Ben Stiller | Kristen Wiig | Sean Penn,5 wins & 18 nominations total,A timid magazine photo manager who lives life vicariously through daydreams embarks on a true-life adventure when a negative goes missing.,iTunes,
V0846,The Shack,2017,2017,132,6.3,40481,20,tt2872518,345938,PG-13,,Based on novel or book; loss of loved one; christianity; guilt; death of daughter; family trip; christian film; christian; hopeful; straightforward,"[""Drama"",""Family""]",Stuart Hazeldine,Sam Worthington,Octavia Spencer | Sam Worthington | Tim McGraw,3 wins & 2 nominations total,"A grieving man receives a mysterious, personal invitation to meet with God at a place called 'The Shack'.",iTunes,
V0847,The Shawshank Redemption,1994,1994,142,9.3,3031101,89,tt0111161,278,R,,Prison; friendship; police brutality; corruption; based on novel or book; freedom; hope; prison cell; delinquent; redemption; parole board; prison escape; wrongful imprisonment; interracial friendship; framed for murder; 1940s; voiceover,"[""Crime"",""Drama""]",Frank Darabont,Tim Robbins,Bob Gunton | Morgan Freeman | Tim Robbins,Nominated for 7 Oscars. 21 wins & 42 nominations total,"Imprisoned in the 1940s for the double murder of his wife and her lover, upstanding banker Andy Dufresne begins a new life at the Shawshank prison, where he puts his accounting skills to work for an amoral warden. During his long stretch in prison, Dufresne comes to be admired by the other inmates -- including an older prisoner named Red -- for his integrity and unquenchable sense of hope.",iTunes,
V0848,The Shining,1980,1980,146,8.4,1159098,83,tt0081505,694,R,The Shining Collection,Hotel; new year's eve; child abuse; based on novel or book; isolation; telepathy; delusion; halloween; snowstorm; colorado; seclusion; surrealism; alcoholism; premonition; psychic power; caretaker; loneliness; vision; domestic violence; postmodern; psychological thriller; writer; twins; labyrinth; alcoholic; blizzard; mutilation; bloody body of child; extrasensory perception; uxoricide; motherhood; filicide; snowed in; burial ground; hypothermia; haunted hotel; psychological disintegration; paranoid; afi; pediatrician; repetition; mother son relationship; malicious; supernatural power; anxious; new year; supernatural horror; ghost child; psychotronic film; dreary; writers-block; cabin fever; psychological horror; deal with the devil; nuclear family; avant garde; suspenseful; new year's party; twin sisters; identical twins; antagonistic,"[""Horror"",""Thriller""]",Stanley Kubrick,Jack Nicholson,Danny Lloyd | Jack Nicholson | Shelley Duvall,6 wins & 9 nominations total,"Jack Torrance accepts a caretaker job at the Overlook Hotel, where he, along with his wife Wendy and their son Danny, must live isolated from the rest of the world for the winter. But they aren't prepared for the madness that lurks within.",iTunes,
V0849,The Snowman (2017),2017,2017,,,,,,,,,,"[""Crime"",""Horror"",""Mystery"",""Thriller""]",Not Found,,,,Detective Harry Hole investigates the disappearance of a woman whose pink scarf is found wrapped around an ominous looking snowman.,iTunes,
V0850,The Sound of Music,1965,1965,172,8.1,273650,83,tt0059742,15121,G,,Resistance; world war ii; musical; austria; based on true story; music competition; based on play or musical; alps mountains; governess; convent (nunnery); novice; puppet show; nun in love; nazi occupation; 1930s; cheerful; comforting; joyful,"[""Drama"",""Family"",""Music"",""Romance""]",Robert Wise,Julie Andrews,Christopher Plummer | Eleanor Parker | Julie Andrews,Won 5 Oscars. 18 wins & 13 nominations total,"In the years before the Second World War, a tomboyish postulant at an Austrian abbey is hired as a governess in the home of a widowed naval captain with seven children, and brings a new love of life and music into the home.",iTunes,
V0851,The Space Between Us,2017,2017,120,6.4,56975,16,tt3922818,365942,PG-13,,Future; planet mars; space colony; fish out of water; scientist; teenage love; search for father,"[""Adventure"",""Drama"",""Romance"",""Science Fiction""]",Peter Chelsom,Asa Butterfield,Asa Butterfield | Britt Robertson | Carla Gugino,4 nominations total,A young man raised by scientists on Mars returns to Earth to find his father.,iTunes,
V0852,The Spy Who Dumped Me,2018,2018,117,6.0,84578,49,tt6663582,454992,R,,Berlin | California; save the day; acrobats; edward snowden | Czech republic; female friendship; best friend; los angeles | France; spy; prague | Germany; paris,"[""Action"",""Adventure"",""Comedy""]",Susanna Fogel,Mila Kunis,Justin Theroux | Kate McKinnon | Mila Kunis,3 wins & 4 nominations total,A couple of thirtysomething best friends unwittingly become entangled in an international conspiracy when one’s ex-boyfriend shows up at their apartment with a team of deadly assassins on his trail.,iTunes,
V0853,The Suicide Squad (2021),2021,2021,,,,,tt24733172,,,,,"[""Action"",""Adventure"",""Comedy""]",Not Found,,,,"Supervillains Harley Quinn, Bloodsport, Peacemaker and a collection of nutty cons at Belle Reve prison join the super-secret, super-shady Task Force X as they are dropped off at the remote, enemy-infused island of Corto Maltese.",iTunes,
V0854,The Super Mario Bros. Movie,2023,2023,92,7.0,263354,59,tt6718170,502356,PG,The Super Mario Bros. Collection,Gorilla; plumber; villain; anthropomorphism; magic mushroom; based on video game; toad; aftercreditsstinger; duringcreditsstinger; damsel in distress; piano; brother brother relationship; illumination; evil king,"[""Adventure"",""Animation"",""Comedy"",""Family""]","Aaron Horvath, Michael Jelenic",Chris Pratt,Anya Taylor-Joy | Charlie Day | Chris Pratt,2 wins & 48 nominations total,"While working underground to fix a water main, Brooklyn plumbers—and brothers—Mario and Luigi are transported down a mysterious pipe and wander into a magical new world. But when the brothers are separated, Mario embarks on an epic quest to find Luigi.",iTunes,
V0855,The Terminator,1984,1984,107,8.1,955787,100,tt0088247,218,R,The Terminator Collection,California; urban setting; future war; savior; tech noir; time paradox; action hero; griffith observatory; good versus evil | Man vs machine; artificial intelligence (a.i.); saving the world; laser gun; cyborg; killer robot; shotgun; rebel; dystopia; villain; time travel; los angeles,"[""Action"",""Science Fiction"",""Thriller""]",James Cameron,Arnold Schwarzenegger,Arnold Schwarzenegger | Linda Hamilton | Michael Biehn,8 wins & 7 nominations total,"In the post-apocalyptic future, reigning tyrannical supercomputers teleport a cyborg assassin known as the ""Terminator"" back to 1984 to kill Sarah Connor, whose unborn son is destined to lead insurgents against 21st century mechanical hegemony. Meanwhile, the human-resistance movement dispatches a lone warrior to safeguard Sarah. Can he stop the virtually indestructible killing machine?",iTunes,
V0856,The Theory of Everything,2014,2014,123,7.7,496044,81,tt2980516,266856,PG-13,,Husband wife relationship; biography; based on true story; physicist; based on memoir or autobiography; fictional biography; motor neuron disease; als; cambridge university; inspirational; admiring,"[""Drama"",""Romance""]",James Marsh,Eddie Redmayne,Charlie Cox | Eddie Redmayne | Felicity Jones,Won 1 Oscar. 25 wins & 128 nominations total,"The Theory of Everything is the extraordinary story of one of the world’s greatest living minds, the renowned astrophysicist Stephen Hawking, who falls deeply in love with fellow Cambridge student Jane Wilde.",iTunes,
V0857,The Three Musketeers Part I: D'Artagnan,2023,2023,121,6.7,24069,,tt12672536,796185,Not Rated,The Three Musketeers Collection,Sword; musketeer; 1620s; three musketeers,"[""Action"",""Adventure"",""Drama"",""History""]",Martin Bourboulon,,,4 wins & 6 nominations total,"D'Artagnan, a spirited young Gascon, is left for dead after trying to save a noblewoman from being kidnapped. Once in Paris, he tries by all means to find his attackers, unaware that his quest will lead him to the very heart of a war where the future of France is at stake. Aided by King's Musketeers Athos, Porthos and Aramis, he faces the machinations of villainous Cardinal Richelieu and Milady de Winter, while falling in love with Constance, the Queen's confidante.",iTunes,
V0858,The Three Musketeers Part II: Milady,2023,2023,115,6.4,9618,86,tt12672620,845111,,The Three Musketeers Collection,Musketeer; 1620s; three musketeers,"[""Action"",""Adventure"",""Drama"",""History""]",Martin Bourboulon,,,1 win & 8 nominations total,"D'Artagnan, on a quest to rescue the abducted Constance, runs into the mysterious Milady de Winter again. The tension between the Catholics and the Protestants finally escalates, as the king declares war — forcing the now four musketeers into battle. But as the war goes on, they are tested physically, mentally and emotionally.",iTunes,
V0859,The Town (2010),2010,2010,,,,,,,,,,"[""Crime"",""Drama"",""Thriller""]",Not Found,,,,"Doug MacRay is a longtime thief, who, smarter than the rest of his crew, is looking for his chance to exit the game. When a bank job leads to the group kidnapping an attractive branch manager, he takes on the role of monitoring her – but their burgeoning relationship threatens to unveil the identities of Doug and his crew to the FBI Agent who is on their case.",iTunes,
V0860,The Truman Show,1998,1998,103,8.2,1265103,94,tt0120382,37165,PG,,Escape; paranoia; dystopia; suspicion; video surveillance; deception; hidden camera; simulated reality ; television producer; tv show in film; questioning; make believe; reflective; actor; tv show; dignified; allegory of the cave,"[""Comedy"",""Drama""]",Peter Weir,Jim Carrey,Jim Carrey | Laura Linney | Noah Emmerich,Nominated for 3 Oscars. 41 wins & 69 nominations total,"Every second of every day, from the moment he was born, for the last thirty years, Truman Burbank has been the unwitting star of the longest running, most popular documentary-soap opera in history. The picture-perfect town of Seahaven that he calls home is actually a gigantic soundstage. Truman's friends and family - everyone he meets, in fact - are actors. He lives every moment under the unblinking gaze of thousands of hidden TV cameras.",iTunes,
V0861,The Turning (2020),2020,1992,,,,,,725582,,,,"[""Drama""]",Danya Taymor,,,,"Gillian Anderson in her first ever screen role. Anderson's psycho boyfriend, Cliff, returns to his home town seething with pent-up frustration and rage. Four years earlier his family was on the verge of breaking up. Now he's returned to put things right, fired by a psychopathic determination he is intent on destroying his father's new relationship...whatever it takes.",iTunes,
V0862,The Twilight Saga: Breaking Dawn - Part 1 (Extended Edition),2011,2011,,,,,,,,,,"[""Adventure"",""Fantasy"",""Romance""]",Not Found,,,,Bella Swan and Edward Cullen's honeymoon phase is abruptly disrupted by betrayals and unforeseen tragedies that endanger their world.,iTunes,
V0863,The Twilight Saga: Breaking Dawn - Part 2,2012,2012,115,5.6,271977,49,tt1673434,50620,PG-13,The Twilight Collection,Based on novel or book; vampire; villainess; affectation; romance; teen movie; werewolf; supernatural creature; super strength; imprinting; cross breed; bloodsucker; grudge; chief of police; wolf pack; misinformation; seeing the future; based on young adult novel,"[""Adventure"",""Drama"",""Fantasy"",""Romance""]",Bill Condon,Kristen Stewart,Kristen Stewart | Robert Pattinson | Taylor Lautner,Nominated for 1 BAFTA Award22 wins & 17 nominations total,"After the birth of Renesmee, the Cullens gather other vampire clans in order to protect the child from a false allegation that puts the family in front of the Volturi.",iTunes,
V0864,The Unbearable Weight of Massive Talent,2022,2022,107,7.0,165781,87,tt11291274,648579,R,,Central intelligence agency (cia); undercover; screenplay; satire; birthday party; drug lord; struggling actor; father daughter relationship; ambiguous; cheerful; euphoric,"[""Action"",""Comedy"",""Crime""]",Tom Gormican,Nicolas Cage,Nicolas Cage | Pedro Pascal | Sharon Horgan,3 wins & 24 nominations total,"Creatively unfulfilled and facing financial ruin, Nick Cage must accept a $1 million offer to attend the birthday of a dangerous superfan. Things take a wildly unexpected turn when Cage is recruited by a CIA operative and forced to live up to his own legend, channeling his most iconic and beloved on-screen characters in order to save himself and his loved ones.",iTunes,
V0865,The Visit,2015,2015,94,6.3,163760,68,tt3567288,298312,PG-13,,Farm; rap music; sibling relationship; pennsylvania | Usa; grandparents; murder; single mother; oven; found footage; hide and seek; diaper,"[""Horror"",""Mystery"",""Thriller""]",M. Night Shyamalan,Olivia DeJonge,Deanna Dunagan | Ed Oxenbould | Olivia DeJonge,1 win & 14 nominations total,"A brother and sister are sent to their grandparents' remote Pennsylvania farm for a week, where they discover that the elderly couple is involved in something deeply disturbing.",iTunes,
V0866,The Voices,2014,2014,103,6.3,64422,74,tt1567437,244458,R,,Serial killer; psychiatrist; killer; evil; woman director,"[""Comedy"",""Crime"",""Fantasy"",""Horror""]",Marjane Satrapi,Ryan Reynolds,Anna Kendrick | Gemma Arterton | Ryan Reynolds,3 wins & 4 nominations total,"A mentally unhinged factory worker must decide whether to listen to his talking cat and become a killer, or follow his dog's advice to keep striving for normalcy.",Vudu,
V0867,The Way Back,2020,2020,133,7.3,124595,73,tt1023114,529485,PG-13,,Change; alcoholism; widower; basketball team; basketball coach; addiction recovery; dramatic; admiring,"[""Drama""]",Gavin O'Connor,Ben Affleck,Al Madrigal | Ben Affleck | Michaela Watkins,6 nominations total,"A former basketball all-star, who has lost his wife and family foundation in a struggle with addiction, attempts to regain his soul and salvation by becoming the coach of a disparate ethnically mixed high school basketball team at his alma mater.",iTunes,
V0868,The Wizard of Oz,1939,1939,102,8.1,449446,98,tt0032138,630,G,Oz Collection,Usa; imaginary land; cowardliness; monkey; female villain; fantasy world; wizard; sepia color; hourglass; christmas; red shoes; based on young adult novel; tin man; playful; grand; admiring; adoring; bold; cheerful; comforting; compassionate; exuberant; joyful; powerful | Witch; adolescence; dreams; based on novel or book; secret identity; lion; tornado; twister; scarecrow; villain; musical; kansas,"[""Adventure"",""Family"",""Fantasy""]",Victor Fleming,Judy Garland,Frank Morgan | Judy Garland | Ray Bolger,Won 2 Oscars. 15 wins & 15 nominations total,"Young Dorothy finds herself in a magical world where she makes friends with a lion, a scarecrow and a tin man as they make their way along the yellow brick road to talk with the Wizard and ask for the things they miss most in their lives. The Wicked Witch of the West is the only thing that could stop them.",iTunes,
V0869,The Wolf of Wall Street,2013,2013,180,8.2,1683543,79,tt0993846,106646,R,,Corruption; based on novel or book; drug addiction; anti hero; con man; fraud; wall street; based on true story; rise and fall; con artist; money; stockbroker; wealthy; drugs; cynical; stripping; hedonism; decadence; taunting; corrupt; shocking; 1980s; sharemarket fraud; desire for fame; financial market; fame-seeking; black monday; cautionary; hilarious; audacious; callous; disrespectful; sarcastic; based on real person,"[""Comedy"",""Crime"",""Drama""]",Martin Scorsese,Leonardo DiCaprio,Jonah Hill | Leonardo DiCaprio | Margot Robbie,Nominated for 5 Oscars. 38 wins & 180 nominations total,"A New York stockbroker refuses to cooperate in a large securities fraud case involving corruption on Wall Street, corporate banking world and mob infiltration. Based on Jordan Belfort's autobiography.",iTunes,
V0870,The Wolf's Call,2019,2019,115,6.9,22653,,tt7458762,484468,TV-14,,Nuclear missile; chain of command; sonar; nuclear submarine; french army,"[""Action"",""Adventure"",""Thriller""]",Antonin Baudry,François Civil,François Civil | Mathieu Kassovitz | Omar Sy,1 win & 3 nominations total,"Shown from the perspective of a young submariner with unusually sensitive hearing and uncannily precise sound recognition. The fate of many often depends on his ability, and one time, whilst highly stressed, he makes a incorrect call which put his entire crew in mortal danger.  Trying to regain the confidence of his comrades, he conducts an unauthorised investigation of an apparent plot which, it turns out, risks escalating into a nuclear apocalypse. Suddenly working under pressure with the fleet admiral, they must do whatever is necessary, even the unthinkable, to prevent a nuclear war, since a confirmed nuclear strike order cannot be countermanded.",iTunes,
V0871,The Wolverine,2013,2013,126,6.7,509296,71,tt1430132,76170,PG-13,The Wolverine Collection,Japan; samurai; superhero; mutant; world war ii; based on comic; superhuman; duringcreditsstinger,"[""Action"",""Adventure"",""Science Fiction""]",James Mangold,Hugh Jackman,Hiroyuki Sanada | Hugh Jackman | Tao Okamoto,2 wins & 11 nominations total,"Wolverine faces his ultimate nemesis - and tests of his physical, emotional, and mortal limits - in a life-changing voyage to modern-day Japan.",iTunes,
V0872,The Woman In Black,2012,2012,95,6.4,195484,66,tt1596365,65086,PG-13,The Woman in Black Collection,England; remake; revenge; lawyer; dead child; photograph; gothic horror; period drama; super power; estate; ghost | London,"[""Drama"",""Horror"",""Thriller""]",James Watkins,,,5 wins & 14 nominations total,"The story follows a young lawyer, Arthur Kipps, who is ordered to travel to a remote village and sort out a recently deceased client’s papers. As he works alone in the client’s isolated house, Kipps begins to uncover tragic secrets, his unease growing when he glimpses a mysterious woman dressed only in black. Receiving only silence from the locals, Kipps is forced to uncover the true identity of the Woman in Black on his own, leading to a desperate race against time when he discovers her true identity.",iTunes,
V0873,The Woman King,2022,2022,135,6.9,77881,94,tt8093700,724495,PG-13,,Africa; arranged marriage; warrior woman; based on true story; slave trade; duringcreditsstinger; woman director; military unit; aggressive; 19th century; mother daughter reunion; freed slave; female warrior; west africa; weapons training; factual; reminiscent; admiring; celebratory; commanding; exhilarated,"[""Action"",""Drama"",""History""]",Gina Prince-Bythewood,Viola Davis,Lashana Lynch | Thuso Mbedu | Viola Davis,Nominated for 2 BAFTA 28 wins & 126 nominations total,"The story of the Agojie, the all-female unit of warriors who protected the African Kingdom of Dahomey in the 1800s with skills and a fierceness unlike anything the world has ever seen, and General Nanisca as she trains the next generation of recruits and readies them for battle against an enemy determined to destroy their way of life.",iTunes,
V0874,The World Is Not Enough,1999,1999,128,6.4,213719,51,tt0143145,36643,PG-13,James Bond Collection,Mission; oil; mi6; heiress; bilbao | Spain; british secret service,"[""Action"",""Adventure"",""Thriller""]",Michael Apted,Pierce Brosnan,Pierce Brosnan | Robert Carlyle | Sophie Marceau,7 wins & 12 nominations total,"Greed, revenge, world dominance and high-tech terrorism – it's all in a day's work for Bond, who's on a mission to protect a beautiful oil heiress from a notorious terrorist. In a race against time that culminates in a dramatic submarine showdown, Bond works to defuse the international power struggle that has the world's oil supply hanging in the balance.",Vudu,
V0875,The World's End,2013,2013,109,6.9,305491,89,tt1213663,107985,R,,Addiction; alcoholism; end of the world; apocalypse; homage; pub; hilarious; pub crawl,"[""Action"",""Comedy"",""Science Fiction""]",Edgar Wright,Simon Pegg,Nick Frost | Paddy Considine | Simon Pegg,4 wins & 28 nominations total,Five friends who reunite in an attempt to top their epic pub crawl from 20 years earlier unwittingly become humankind's only hope for survival.,iTunes,
V0876,The Young Messiah,2016,2016,111,5.7,3942,50,tt1002563,318850,PG-13,,Egypt; bible; gospel; journey,"[""Drama""]",Cyrus Nowrasteh,Adam Greaves-Neal,Adam Greaves-Neal | Sara Lazzaro | Vincent Walsh,3 wins,"Tells the story of Jesus Christ at age seven as he and his family depart Egypt to return home to Nazareth. Told from his childhood perspective, it follows young Jesus as he grows into his religious identity.",iTunes,
V0877,There's Something About Mary,1998,1998,119,7.1,338048,84,tt0129387,544,R,,Surgeon; romcom; stalker; dream girl; taboo; screwball comedy; frisbee; troubadour; intellectual disability,"[""Comedy"",""Romance""]","Peter Farrelly, Bobby Farrelly",Cameron Diaz,Ben Stiller | Cameron Diaz | Matt Dillon,17 wins & 17 nominations total,"For Ted, prom night went about as bad as it’s possible for any night to go. Thirteen years later, he finally gets another chance with his old prom date, only to run up against other suitors including the sleazy detective he hired to find her.",iTunes,
V0878,This Is 40,2012,2012,134,6.2,153876,52,tt1758830,89492,R,Knocked Up Collection,Husband wife relationship; family relationships; love; parenting; parents; financial problem; duringcreditsstinger; dubious,"[""Comedy""]",Judd Apatow,Paul Rudd,John Lithgow | Leslie Mann | Paul Rudd,2 wins & 11 nominations total,"Pete and Debbie are both about to turn 40, their kids hate each other, both of their businesses are failing, they're on the verge of losing their house, and their relationship is threatening to fall apart.",iTunes,
V0879,This Is the End,2013,2013,107,6.6,443274,82,tt1245492,109414,R,,Friendship; monster; panic; painting; exorcism; dark comedy; possession; satire; celebrity; friends; end of the world; house party; apocalypse; hollywood; creature; drugs; demon; self-referential; macabre; end; disturbed; frantic; claustrophobic; other worldly; mischievous; dreary; biblical; amused,"[""Action"",""Comedy""]","Seth Rogen, Evan Goldberg",James Franco,James Franco | Jonah Hill | Seth Rogen,10 wins & 23 nominations total,"While attending a party at James Franco's house, Seth Rogen, Jay Baruchel and many other celebrities are faced with the apocalypse.",iTunes,
V0880,Thor,2011,2011,115,7.0,930055,77,tt0800369,10195,PG-13,Thor Collection,New mexico; superhero; redemption; banishment; based on comic; brother against brother; norse mythology; aftercreditsstinger; marvel cinematic universe (mcu); worlds collide; god of thunder; fantasy; egotistical,"[""Action"",""Adventure"",""Fantasy""]",Kenneth Branagh,Chris Hemsworth,Chris Hemsworth | Natalie Portman | Tom Hiddleston,5 wins & 30 nominations total,"Against his father Odin's will, The Mighty Thor - a powerful but arrogant warrior god - recklessly reignites an ancient war. Thor is cast down to Earth and forced to live among humans as punishment. Once here, Thor learns what it takes to be a true hero when the most dangerous villain of his world sends the darkest forces of Asgard to invade Earth.",iTunes,
V0881,Thor: Ragnarok,2017,2017,130,7.9,854261,93,tt3501632,284053,PG-13,Thor Collection,Superhero; based on comic; sequel; alien planet; female villain; norse mythology; aftercreditsstinger; duringcreditsstinger; marvel cinematic universe (mcu); norse god; loki,"[""Action"",""Adventure"",""Science Fiction""]",Taika Waititi,Chris Hemsworth,Chris Hemsworth | Mark Ruffalo | Tom Hiddleston,6 wins & 50 nominations total,"Thor is imprisoned on the other side of the universe and finds himself in a race against time to get back to Asgard to stop Ragnarok, the destruction of his home-world and the end of Asgardian civilization, at the hands of a powerful new threat, the ruthless Hela.",iTunes,
V0882,Thor: The Dark World,2013,2013,112,6.7,747635,67,tt1981115,76338,PG-13,Thor Collection,Superhero; based on comic; hostile takeover; norse mythology; aftercreditsstinger; duringcreditsstinger; marvel cinematic universe (mcu); mythological place; antagonistic; bold,"[""Action"",""Adventure"",""Fantasy""]",Alan Taylor,Chris Hemsworth,Chris Hemsworth | Natalie Portman | Tom Hiddleston,4 wins & 21 nominations total,"Thor fights to restore order across the cosmos… but an ancient race led by the vengeful Malekith returns to plunge the universe back into darkness. Faced with an enemy that even Odin and Asgard cannot withstand, Thor must embark on his most perilous and personal journey yet, one that will reunite him with Jane Foster and force him to sacrifice everything to save us all.",iTunes,
V0883,Titanic,1997,1997,194,7.9,1334872,88,tt0120338,597,PG-13,,Epic; ship; drowning; panic; shipwreck; evacuation; iceberg; titanic; forbidden love; ocean liner; based on true story; rich woman poor man; love; tragedy; tragic love; disaster; historical fiction; class differences; love affair; historical event; lifeboat; star crossed lovers; sinking ship; steerage; rich snob; disaster movie; 1910s; sunken ship; romantic,"[""Drama"",""Romance""]",James Cameron,Leonardo DiCaprio,Billy Zane | Kate Winslet | Leonardo DiCaprio,Won 11 Oscars. 126 wins & 83 nominations total,"101-year-old Rose DeWitt Bukater tells the story of her life aboard the Titanic, 84 years later. A young Rose boards the ship with her mother and fiancé. Meanwhile, Jack Dawson and Fabrizio De Rossi win third-class tickets aboard the ship. Rose tells the whole story from Titanic's departure through to its death—on its first and last voyage—on April 15, 1912.",iTunes,
V0884,Tommy Boy,1995,1995,97,7.1,99904,42,tt0114694,11381,PG-13,,Road trip; buddy,"[""Comedy""]",Peter Segal,Chris Farley,Brian Dennehy | Chris Farley | David Spade,1 win & 2 nominations total,"To save the family business, two ne’er-do-well traveling salesmen hit the road with disastrously funny consequences.",Vudu,
V0885,Tomorrow Never Dies,1997,1997,119,6.5,208560,57,tt0120347,714,PG-13,James Bond Collection,England; china; england; missile; spy; secret intelligence service; intelligence; manipulation of the media; special car; motorcycle; secret service; hamburg | Germany | Media tycoon; navy; london,"[""Action"",""Adventure"",""Thriller""]",Roger Spottiswoode,Pierce Brosnan,Jonathan Pryce | Michelle Yeoh | Pierce Brosnan,6 wins & 10 nominations total,A deranged media mogul is staging international incidents to pit the world's superpowers against each other. Now James Bond must take on this evil mastermind in an adrenaline-charged battle to end his reign of terror and prevent global pandemonium.,Vudu,
V0886,Tomorrowland,2015,2015,130,6.4,193598,49,tt1964418,158852,PG,,Inventor; apocalypse; destiny; dreamer; futuristic car; futuristic city,"[""Adventure"",""Family"",""Mystery"",""Science Fiction""]",Brad Bird,Britt Robertson,Britt Robertson | George Clooney | Raffey Cassidy,2 wins & 19 nominations,"Bound by a shared destiny, a bright, optimistic teen bursting with scientific curiosity and a former boy-genius inventor jaded by disillusionment embark on a danger-filled mission to unearth the secrets of an enigmatic place somewhere in time and space that exists in their collective memory as ""Tomorrowland.",iTunes,
V0887,Top Gun,1986,1986,109,6.9,522091,59,tt0092099,744,PG,Top Gun Collection,Dying and death; secret love; lovesickness; airplane; loss of loved one; self-discovery; hostility; fighter pilot; pilot; training camp; battle assignment; u.s. navy; cowardliness; pilot school; based on magazine | Newspaper or article; inspirational; admiring; bold; celebratory; commanding; exuberant; melodramatic; gay interest,"[""Action"",""Drama""]",Tony Scott,Tom Cruise,Kelly McGillis | Tom Cruise | Val Kilmer,Won 1 Oscar. 11 wins & 9 nominations total,"For Lieutenant Pete 'Maverick' Mitchell and his friend and co-pilot Nick 'Goose' Bradshaw, being accepted into an elite training school for fighter pilots is a dream come true. But a tragedy, as well as personal demons, will threaten Pete's dreams of becoming an ace pilot.",iTunes,
V0888,Total Recall (Newly Remastered),1990,1990,,,,,,,,,,"[""Action"",""Adventure"",""Science Fiction""]",Not Found,,,,"Construction worker Douglas Quaid's obsession with the planet Mars leads him to visit Recall, a company that manufactures memories. When his memory implant goes wrong, Doug can no longer be sure what is and isn't reality.",iTunes,
V0889,Tower Heist,2011,2011,104,6.2,153596,67,tt0471042,59108,PG-13,,New york city; skyscraper; fbi; thanksgiving; heist; billionaire; parade; high rise; female agent; ponzi scheme; caper comedy; planning; safecracker; recruiting; deceit; lobby,"[""Action"",""Comedy""]",Brett Ratner,Ben Stiller,Ben Stiller | Casey Affleck | Eddie Murphy,3 nominations total,"A luxury condo manager leads a staff of workers to seek payback on the Wall Street swindler who defrauded them. With only days until the billionaire gets away with the perfect crime, the unlikely crew of amateur thieves enlists the help of petty crook Slide to steal the $20 million they’re sure is hidden in the penthouse.",iTunes,
V0890,Toy Story 3,2010,2010,103,8.3,929348,98,tt0435761,10193,G,Toy Story Collection,Escape; hostage; college; villain; sequel; buddy; daycare; teddy bear; duringcreditsstinger; toy comes to life; personification; inanimate objects come to life,"[""Animation"",""Comedy"",""Family""]",Lee Unkrich,Tom Hanks,Joan Cusack | Tim Allen | Tom Hanks,Won 2 Oscars. 63 wins & 96 nominations total,"Woody, Buzz, and the rest of Andy's toys haven't been played with in years. With Andy about to go to college, the gang find themselves accidentally left at a nefarious day care center. The toys must band together to escape and return home to Andy.",iTunes,
V0891,Toy Story 4,2019,2019,100,7.6,295159,97,tt1979376,301528,G,Toy Story Collection,Friendship; cartoon; rescue mission; sequel; anti villain; buddy; cowboy; duringcreditsstinger; toy comes to life; dedication; awestruck,"[""Adventure"",""Animation"",""Comedy"",""Family"",""Fantasy""]",Josh Cooley,Tom Hanks,Annie Potts | Tim Allen | Tom Hanks,Won 1 Oscar. 61 wins & 66 nominations total,"Woody has always been confident about his place in the world and that his priority is taking care of his kid, whether that's Andy or Bonnie. But when Bonnie adds a reluctant new toy called ""Forky"" to her room, a road trip adventure alongside old and new friends will show Woody how big the world can be for a toy.",iTunes,
V0892,Tracks,1976,1976,112,7.1,32219,83,tt2167266,108322,PG-13,,Vietnam; love; train; soldier,"[""Drama""]",Henry Jaglom,Dennis Hopper,Dean Stockwell | Dennis Hopper | Taryn Power,,"A soldier returns from Vietnam on special assignment, accompanying the body of his friend by train to California for burial. During the trip, he falls in love with a gentle college student. But their relationship is shattered by his flashbacks to combat.",iTunes,
V0893,Trading Places,1983,1983,116,7.5,173079,89,tt0086465,1621,R,,New year's eve; prostitute; philadelphia | Pennsylvania; butler; christmas party; rags to riches; broker; beggar; wager; stockbroker; fish out of water; millionaire; commodities; investor; hoodlum; wrongful arrest; rich snob; christmas; riches to rags; new year; mischievous; christmas eve; irreverent; absurd; dramatic; hilarious; amused; disrespectful; exhilarated; african american lead,"[""Comedy""]",John Landis,Dan Aykroyd,Dan Aykroyd | Eddie Murphy | Ralph Bellamy,Nominated for 1 Oscar. 3 wins & 8 nominations total,A snobbish investor and a wily street con-artist find their positions reversed as part of a bet by two callous millionaires.,iTunes,
V0894,Trainwreck,2015,2015,125,6.2,145232,84,tt3152624,271718,R,,Alcohol; surgeon; interview; romcom; one-night stand; fear of commitment; doctor; falling in love; drinking; nursing home; multiple sclerosis; serial dating; party girl; sleeping around; sick father; sister sister relationship; free spirited; pattern; magazine writer; amused,"[""Comedy"",""Romance""]",Judd Apatow,Amy Schumer,Amy Schumer | Bill Hader | Brie Larson,5 wins & 27 nominations total,"Having thought that monogamy was never possible, a commitment-phobic career woman may have to face her fears when she meets a good guy.",iTunes,
V0895,Transformers: Age of Extinction,2014,2014,165,5.6,337717,18,tt2109248,91314,PG-13,Transformers Collection,Sequel; alien; on the run; based on toy; giant robot; robot; metal; good vs evil,"[""Action"",""Adventure"",""Science Fiction""]",Michael Bay,Mark Wahlberg,Mark Wahlberg | Peter Cullen | Stanley Tucci,5 wins & 23 nominations total,"As humanity picks up the pieces after the battle of Chicago, a shadowy group reveals itself in an attempt to control the direction of history…while an ancient, powerful new menace sets Earth in its crosshairs. With help from Cade Yeager, Optimus Prime and the Autobots rise to meet their most fearsome challenge yet.",iTunes,
V0896,Transformers: Dark of the Moon,2011,2011,154,6.2,443906,35,tt1399103,38356,PG-13,Transformers Collection,Chicago | Illinois; spacecraft; moon; traitor; bodyguard; alien planet; based on toy; giant robot; sabotage; word domination; commando; duringcreditsstinger,"[""Action"",""Adventure"",""Science Fiction""]",Michael Bay,Shia LaBeouf,Peter Cullen | Rosie Huntington-Whiteley | Shia LaBeouf,Nominated for 3 Oscars. 11 wins & 42 nominations total,"The Autobots continue to work for NEST, now no longer in secret. But after discovering a strange artifact during a mission in Chernobyl, it becomes apparent to Optimus Prime that the United States government has been less than forthright with them.",iTunes,
V0897,Transformers: The Last Knight,2017,2017,154,5.2,177675,16,tt3371366,335988,PG-13,Transformers Collection,England; chosen one; based on toy; knight; planet; robot; duringcreditsstinger; planet earth; arthurian mythology; secret history,"[""Action"",""Adventure"",""Science Fiction""]",Michael Bay,Mark Wahlberg,Laura Haddock | Mark Wahlberg | Peter Cullen,3 wins & 20 nominations total,"Humans and Transformers are at war. Optimus Prime is gone. The key to saving our future lies buried in the secrets of the past, in the hidden history of Transformers on Earth. Saving our world falls upon the shoulders of an unlikely alliance: Cade Yeager; Bumblebee; an English Lord; and an Oxford Professor.",iTunes,
V0898,Tremors,1990,1990,96,7.2,158052,88,tt0100814,9362,PG-13,Tremors Collection,Small town; nevada; old town; stranded; rural area; creature; graboids; seismologist; binoculars; man eating monster; tentacles; town; cursed town; absurd; amused; antagonistic; giant worms; old tractor,"[""Action"",""Comedy"",""Horror"",""Science Fiction""]",Ron Underwood,Kevin Bacon,Finn Carter | Fred Ward | Kevin Bacon,5 nominations total,"Val McKee and Earl Bassett are in a fight for their lives when they discover that their desolate town has been infested with gigantic, man-eating creatures that live below the ground.",iTunes,
V0899,Triple 9,2016,2016,115,6.3,78858,54,tt1712261,146198,R,,Bomb; bratva (russian mafia); detective; assault rifle; ghetto; cocaine; strip club; heist; murder; betrayal; bag of money; dirty cop; bank robbery; death of brother; atlanta | Georgia,"[""Action"",""Adventure"",""Crime"",""Thriller""]",John Hillcoat,Casey Affleck,Anthony Mackie | Casey Affleck | Chiwetel Ejiofor,4 nominations total,A gang of criminals and corrupt cops plan the murder of a police officer in order to pull off their biggest heist yet across town.,iTunes,
V0900,Trolls World Tour,2020,2020,91,6.1,30407,72,tt6587640,446893,PG,The Trolls Collection,Dancing; friendship; concert; country music; guitar; cloud; saxophone; sequel; jail; based on toy; rock music; alien abduction; singing; king; desert; pop music; flute; mirage; electronic music; k-pop; spaceship; jukebox musical,"[""Adventure"",""Animation"",""Comedy"",""Family"",""Fantasy"",""Music""]",Walt Dohrn,Anna Kendrick,Anna Kendrick | Justin Timberlake | Ron Funches,4 wins & 22 nominations total,"Queen Poppy and Branch make a surprising discovery — there are other Troll worlds beyond their own, and their distinct differences create big clashes between these various tribes. When a mysterious threat puts all of the Trolls across the land in danger, Poppy, Branch, and their band of friends must embark on an epic quest to create harmony among the feuding Trolls to unite them against certain doom.",iTunes,
V0901,Tropic Thunder (Director's Cut),2008,2008,,,,,,,,,,"[""Action"",""Adventure"",""Comedy"",""War""]",Not Found,,,,"A group of self-absorbed actors set out to make the most expensive war film ever. After ballooning costs force the studio to cancel the movie, the frustrated director refuses to stop shooting, leading his cast into the jungles of Southeast Asia, where they encounter real bad guys.",iTunes,
V0902,Turbo (2013),2013,2013,,,,,,77950,,,Underdog; dreams; car race; speed; villain; fast; anthropomorphism; friends; super power; racer; aftercreditsstinger; duringcreditsstinger; snail,"[""Animation"",""Family""]",David Soren,,,,The tale of an ordinary garden snail who dreams of winning the Indy 500.,iTunes,
V0903,Twister (1996),1989,1989,,,,,tt28426494,,,,,"[""Comedy"",""Drama""]",Not Found,,,,"An oddball family on a Kansas farm are trapped in their farmhouse by an impending storm. The patriarch of the clan is a retired soda pop tycoon. He is currently dating a children's TV evangelist. Also living at the farm is his layabout daughter and her precocious 8 year old daughter, his would-be artist son, the son's fiancée, and the black maid. Also thrown into the mix is the daughter's ex-husband, a ne-er-do-well who is seeking to get back in his ex-wife's good graces.",iTunes,
V0904,Twisters,2024,2024,122,6.5,169684,75,tt12584954,718821,PG-13,Twister Collection,Dying and death; rodeo; climate; twister; natural disaster; oklahoma; storm chaser; meteorologist; duringcreditsstinger; disaster movie; weather chasers; social media influencer; youtuber; extreme weather; hilarious; exhilarated; science experiment,"[""Action"",""Thriller""]",Lee Isaac Chung,Daisy Edgar-Jones,Anthony Ramos | Daisy Edgar-Jones | Glen Powell,33 nominations total,"As storm season intensifies, the paths of former storm chaser Kate Carter and reckless social-media superstar Tyler Owens collide when terrifying phenomena never seen before are unleashed. The pair and their competing teams find themselves squarely in the paths of multiple storm systems converging over central Oklahoma in the fight of their lives.",iTunes,
V0905,Tyler Perry's Boo 2! - A Madea Halloween,2017,2017,,,,,,459202,,Madea Collection,Halloween; sequel,"[""Comedy""]",Tyler Perry,,,,"Madea and the gang encounter monsters, goblins and boogeymen at a haunted campground.",iTunes,
V0906,Tyler Perry's Boo! A Madea Halloween,2016,2016,,,,,,380124,,Madea Collection,Poltergeist; halloween; haunted house; zombie; ghoul; ghost; mayhem; black cinema; teenager,"[""Comedy""]",Tyler Perry,,,,"Madea winds up in the middle of mayhem when she spends a hilarious, haunted Halloween fending off killers, paranormal poltergeists, ghosts, ghouls, and zombies while keeping a watchful eye on a group of misbehaving teens.",iTunes,
V0907,Unbroken,2014,2014,137,7.2,187831,52,tt1809398,227306,PG-13,Unbroken Collection,Germany; based on novel or book; sports; world war ii; prisoner of war; u.s. air force; biography; pacific war; raft; shark; woman director; olympic athlete | Japan; berlin,"[""Drama"",""War""]",Angelina Jolie,Jack O'Connell,Alex Russell | Domhnall Gleeson | Jack O'Connell,Nominated for 3 Oscars. 14 wins & 33 nominations total,"A chronicle of the life of Louis Zamperini, an Olympic runner who was taken prisoner by Japanese forces during World War II.",iTunes,
V0908,Uncharted,2022,2022,116,6.3,280841,,tt1464335,335787,PG-13,Uncharted Collection,Lighter; treasure hunt; treasure map; based on video game; lost treasure; duringcreditsstinger; missing relative; assertive,"[""Action"",""Adventure""]",Ruben Fleischer,Tom Holland,Mark Wahlberg | Sophia Ali | Tom Holland,5 nominations total,"A young street-smart, Nathan Drake and his wisecracking partner Victor “Sully” Sullivan embark on a dangerous pursuit of “the greatest treasure never found” while also tracking clues that may lead to Nathan’s long-lost brother.",iTunes,
V0909,Uncut Gems,2019,2019,135,7.4,333825,91,tt5727208,473033,R,,Bet; infidelity; new york city; gambling; auction; ethiopia; dark comedy; basketball; money; art house; debt; apartment building; opal; pawnshop; character study; jeweler; city life; neo-noir; independent film; black opal; suspenseful,"[""Crime"",""Drama"",""Thriller""]",Benny Safdie,Adam Sandler,Adam Sandler | Julia Fox | LaKeith Stanfield,28 wins & 96 nominations total,"A charismatic New York City jeweler always on the lookout for the next big score makes a series of high-stakes bets that could lead to the windfall of a lifetime. Howard must perform a precarious high-wire act, balancing business, family, and encroaching adversaries on all sides in his relentless pursuit of the ultimate win.",Vudu,
V0910,Underwater,2020,2020,95,5.9,103095,48,tt5774060,443791,PG-13,,Monster; self sacrifice; deep sea; animal attack; giant monster; earthquake; survival; nuclear explosion; disaster; cryptozoology; female protagonist; underwater; survival horror; animal killing; creature feature; mechanical engineering; researcher; trapped underwater ; 2050s,"[""Action"",""Adventure"",""Horror"",""Science Fiction""]",William Eubank,Kristen Stewart,Kristen Stewart | Mamoudou Athie | Vincent Cassel,1 win & 5 nominations total,"After an earthquake destroys their underwater station, six researchers must navigate two miles along the dangerous, unknown depths of the ocean floor to make it to safety in a race against time.",iTunes,
V0911,Unfriended (2014),2014,2014,,,,,,,,,,"[""Horror"",""Mystery"",""Thriller""]",Not Found,,,,"While video chatting one night, six high school friends receive a Skype message from a classmate who killed herself exactly one year ago. At first they think it's a prank, but when the girl starts revealing the friends' darkest secrets, they realize they are dealing with something out of this world, something that wants them dead.",iTunes,
V0912,Up In Smoke,2023,2023,86,6.9,41667,47,tt0078446,1208810,R,,Dark comedy; screwball comedy; 3d animation,"[""Animation"",""Comedy""]",Ernie Berger,,,,A zany character has his first day operating a mobile crematory service.,iTunes,
V0913,Up In the Air,2009,2009,109,7.4,354420,90,tt1193138,22947,R,,Suitcase; business; omaha; las vegas; on the road; downsizing; cross country; videoconferencing; employment termination; business trip; airport lounge; duringcreditsstinger; airline; motivational speaker; public speaking; laid off; mature romance; traveler; fired from a job; airport ending; travel packing; travel gift; air travel; frequent flyer,"[""Drama"",""Romance""]",Jason Reitman,,,Nominated for 6 Oscars. 75 wins & 171 nominations total,"Corporate downsizing expert Ryan Bingham spends his life in planes, airports, and hotels, but just as he’s about to reach a milestone of ten million frequent flyer miles, he meets a woman who causes him to rethink his transient life.",iTunes,
V0914,Upgrade,2018,2018,100,7.5,220154,88,tt6499752,500664,R,,Future; artificial intelligence (a.i.); hacker; police; technology; cyborg; dystopia; revenge; murder; drone; cyberpunk; transhumanism; brutality; implant; surgery; quadriplegic; near future; body enhancement; body horror; violence; microship; android horror,"[""Action"",""Science Fiction"",""Thriller""]",Leigh Whannell,Logan Marshall-Green,Betty Gabriel | Harrison Gilbertson | Logan Marshall-Green,3 wins & 26 nominations total,"A brutal mugging leaves Grey Trace paralyzed in the hospital and his beloved wife dead. A billionaire inventor soon offers Trace a cure — an artificial intelligence implant called STEM that will enhance his body. Now able to walk, Grey finds that he also has superhuman strength and agility — skills he uses to seek revenge against the thugs who destroyed his life.",iTunes,
V0915,Us (2019),2019,2019,,,,,tt15433962,458723,,,California; 1980s; duality | Mask; boardwalk; murder; psychological thriller; fear; family vacation; home invasion; amusement park; doppelgänger; santa cruz,"[""Horror"",""Mystery"",""Thriller""]",Jordan Peele,,,,"Husband and wife Gabe and Adelaide Wilson take their kids to their beach house expecting to unplug and unwind with friends. But as night descends, their serenity turns to tension and chaos when some shocking visitors arrive uninvited.",iTunes,
V0916,V for Vendetta,2006,2006,132,8.1,1212835,73,tt0434409,752,R,,Government; detective; revolution; dystopia; fascism; fascist; chancellor; based on comic; revenge; torture; hatred; masked vigilante; vengeful spirit; activist; vengeful; antagonistic; powerful,"[""Action"",""Science Fiction"",""Thriller""]",James McTeigue,Natalie Portman,Hugo Weaving | Natalie Portman | Stephen Rea,,"In a world in which Great Britain has become a fascist state, a masked vigilante known only as “V” conducts guerrilla warfare against the oppressive British government. When V rescues a young woman from the secret police, he finds in her an ally with whom he can continue his fight to free the people of Britain.",iTunes,
V0917,Valerian and the City of a Thousand Planets,2017,2017,136,6.4,203934,47,tt2239822,339964,PG-13,,Future; shapeshifting; space travel; utopia; based on comic; alien; alien planet; energy; alien abduction; genocide; parallel world; political intrigue ; pacifist; space opera; military; government agent; marketplace; trapped in space; federal government; unity; cosmopolis,"[""Action"",""Adventure"",""Science Fiction""]",Luc Besson,Dane DeHaan,Cara Delevingne | Clive Owen | Dane DeHaan,11 nominations total,"In the 28th century, Valerian and Laureline are special operatives charged with keeping order throughout the human territories. On assignment from the Minister of Defense, the two undertake a mission to Alpha, an ever-expanding metropolis where species from across the universe have converged over centuries to share knowledge, intelligence, and cultures. At the center of Alpha is a mysterious dark force which threatens the peaceful existence of the City of a Thousand Planets, and Valerian and Laureline must race to identify the menace and safeguard not just Alpha, but the future of the universe.",iTunes,
V0918,Vegas Vacation,1997,1997,93,5.9,54056,15,tt0120434,11419,PG,National Lampoon's Vacation Collection,Gambling; chaos; roulette; las vegas; family holiday,"[""Comedy""]",Stephen Kessler,Chevy Chase,Beverly D'Angelo | Chevy Chase | Randy Quaid,1 nomination,"The Griswold family hits the road again for a typically ill-fated vacation, this time to the glitzy mecca of slots and showgirls—Las Vegas.",iTunes,
V0919,Venom,2018,2018,112,6.6,575442,31,tt1270797,335983,PG-13,Venom Collection,California; superhero; anti hero; alien life-form; based on comic; aftercreditsstinger; duringcreditsstinger; business tycoon; symbiote; genetic experiment; venom | Spacecraft; san francisco,"[""Action"",""Science Fiction""]",Ruben Fleischer,Tom Hardy,Michelle Williams | Riz Ahmed | Tom Hardy,2 wins & 9 nominations total,"Investigative journalist Eddie Brock attempts a comeback following a scandal, but accidentally becomes the host of Venom, a violent, super powerful alien symbiote. Soon, he must rely on his newfound powers to protect the world from a shadowy organization looking for a symbiote of their own.",iTunes,
V0920,Venom: Let There Be Carnage,2021,2021,97,5.9,275707,58,tt7097896,580489,PG-13,Venom Collection,Hero; psychopath; superhero; anti hero; villain; alien life-form; based on comic; sequel; fear; aftercreditsstinger; symbiote; carnage,"[""Action"",""Adventure"",""Science Fiction""]",Andy Serkis,Tom Hardy,Michelle Williams | Tom Hardy | Woody Harrelson,1 win & 6 nominations,"After finding a host body in investigative reporter Eddie Brock, the alien symbiote must face a new enemy, Carnage, the alter ego of serial killer Cletus Kasady.",iTunes,
V0921,Vivarium,2019,2019,97,5.9,78372,73,tt8368406,458305,R,,Baby; suburbia; suburb; trapped; body bag; real estate agent; backrooms,"[""Horror"",""Mystery"",""Science Fiction"",""Thriller""]",Lorcan Finnegan,Imogen Poots,Imogen Poots | Jesse Eisenberg | Jonathan Aris,3 wins & 10 nominations,"A young woman and her fiancé are in search of the perfect starter home. After following a mysterious real estate agent to a new housing development, the couple finds themselves trapped in a maze of identical houses and forced to raise an otherworldly child.",iTunes,
V0922,Walk of Shame,2014,2014,95,6.0,58157,15,tt2463288,187596,R,,Journalist; one-night stand; blonde; newswoman,"[""Comedy""]",Steven Brill,Elizabeth Banks,Elizabeth Banks | Gillian Jacobs | James Marsden,,"A reporter's dream of becoming a news anchor is compromised after a one-night stand leaves her stranded in downtown L.A. without a phone, car, ID or money - and only 8 hours to make it to the most important job interview of her life.",iTunes,
V0923,War for the Planet of the Apes,2017,2017,140,7.4,314353,94,tt3450958,281338,PG-13,Planet of the Apes (Reboot) Collection,Suicide; civil war; escape; winter; mutation; peace; solidarity; gorilla; intelligence; dystopia; horse; post-apocalyptic future; slavery; pacifism; imprisonment; colony; sequel; anthropomorphism; revenge; betrayal; mute; snow; torture; disease; ape; orangutan; death of family; death; evolution; chimpanzee; avalanche; albino; primate; sign languages; virus; underground tunnel; assassination attempt; enslavement; murder by gunshot; human becoming an animal; contagion; father son relationship; 2040s; guns; soldiers; avenging father; animal human friendship; war; cgi-live action hybrid; serious; violence against animals; explosions; war horse; survival of the fittest; cruel,"[""Drama"",""Science Fiction"",""War""]",Matt Reeves,Andy Serkis,Andy Serkis | Karin Konoval | Woody Harrelson,Nominated for 1 Oscar. 28 wins & 65 nominations total,"Caesar and his apes are forced into a deadly conflict with an army of humans led by a ruthless Colonel. After the apes suffer unimaginable losses, Caesar wrestles with his darker instincts and begins his own mythic quest to avenge his kind. As the journey finally brings them face to face, Caesar and the Colonel are pitted against each other in an epic battle that will determine the fate of both their species and the future of the planet.",iTunes,
V0924,Warm Bodies,2013,2013,98,6.8,249230,81,tt1588173,82654,PG-13,,Based on novel or book; dystopia; post-apocalyptic future; zombie; shakespeare in modern dress; zombie apocalypse; interspecies romance; based on young adult novel,"[""Comedy"",""Horror"",""Romance""]",Jonathan Levine,Nicholas Hoult,Lio Tipton | Nicholas Hoult | Teresa Palmer,2 wins & 10 nominations total,"After a zombie becomes involved with the girlfriend of one of his victims, their romance sets in motion a sequence of events that might transform the entire lifeless world.",iTunes,
V0925,Water for Elephants,2011,2011,120,6.9,121287,60,tt1067583,55787,PG-13,,Based on novel or book; elephant; clown; great depression; elephant trainer; veterinary,"[""Drama"",""Romance""]",Francis Lawrence,Robert Pattinson,Christoph Waltz | Reese Witherspoon | Robert Pattinson,4 wins & 13 nominations,"In this captivating Depression-era melodrama, impetuous veterinary student Jacob Jankowski joins a celebrated circus as an animal caretaker but faces a wrenching dilemma when he's transfixed by angelic married performer Marlena.",iTunes,
V0926,Wayne's World 2,1993,1993,95,6.2,89671,60,tt0108525,8873,PG-13,Wayne's World Collection,Concert; rock 'n' roll; dreams; love of one's life; talk show; kiss; buddy; duringcreditsstinger,"[""Comedy"",""Music""]",Stephen Surjik,Mike Myers,Christopher Walken | Dana Carvey | Mike Myers,3 nominations total,"A message from Jim Morrison in a dream prompts cable access TV stars Wayne and Garth to put on a rock concert, ""Waynestock,"" with Aerosmith as headliners. But amid the preparations, Wayne frets that a record producer is putting the moves on his girlfriend, Cassandra, while Garth handles the advances of mega-babe Honey Hornée.",Vudu,
V0927,We Bought a Zoo,2011,2011,124,7.0,154430,64,tt1389137,74465,PG,,Countryside; rain; zoo; love; based on memoir or autobiography; animals; hard work; blocked road,"[""Comedy"",""Drama"",""Family""]",Cameron Crowe,Matt Damon,Matt Damon | Scarlett Johansson | Thomas Haden Church,1 win & 8 nominations total,"Benjamin has lost his wife and, in a bid to start his life over, purchases a large house that has a zoo – welcome news for his daughter, but his son is not happy about it. The zoo is in need of renovation and Benjamin sets about the work with the head keeper and the rest of the staff, but, the zoo soon runs into financial trouble.",iTunes,
V0928,We're the Millers (2013),2013,2013,,,,,,,,,,"[""Comedy"",""Crime""]",Not Found,,,,A veteran pot dealer creates a fake family as part of his plan to move a huge shipment of weed into the U.S. from Mexico.,iTunes,
V0929,Whiskey Tango Foxtrot,2016,2016,112,6.6,57923,68,tt3553442,279641,R,,Rescue; journalist; based on novel or book; kidnapping; journalism; afghanistan; based on true story; taliban; terrorism; soldier; cynical; foreign correspondent; embedded journalism; war journalism; playful; bold,"[""Comedy"",""Drama"",""War""]","Glenn Ficarra, John Requa",Tina Fey,Billy Bob Thornton | Margot Robbie | Tina Fey,1 nomination total,"In 2002, cable news producer Kim Barker decides to shake up her routine by taking a daring new assignment in Kabul, Afghanistan. Dislodged from her comfortable American lifestyle, Barker finds herself in the middle of an out-of-control war zone. Luckily, she meets Tanya Vanderpoel, a fellow journalist who takes the shell-shocked reporter under her wing. Amid the militants, warlords and nighttime partying, Barker discovers the key to becoming a successful correspondent.",iTunes,
V0930,Who's Afraid of Virginia Woolf?,1966,1966,131,8.0,81881,96,tt0061184,396,Approved,,Adultery; professor; married couple; guest; black humor; based on play or musical; campus; dysfunctional marriage; alcohol abuse; new england; cuckold; one night; henpecked husband; house guest; college professor; marital tensions; academia; dead son; impotent husband; nasty wife; cuckolded husband; nagging wife; hysterical drunks; bickering couple; shattered reality; openly flirtatious wife; acerbic couple; alcoholic couple,"[""Drama""]",Mike Nichols,Elizabeth Taylor,Elizabeth Taylor | George Segal | Richard Burton,Won 5 Oscars. 22 wins & 26 nominations total,"A history professor and his wife entertain a young couple who are new to the university's faculty. As the drinks flow, secrets come to light, and the middle-aged couple unload onto their guests the full force of the bitterness, dysfunction, and animosity that defines their marriage.",iTunes,
V0931,Wicked,2024,2024,160,7.5,156595,87,tt1262426,402431,PG,Wicked Collection,Witch; dancing; based on novel or book; college; wish; musical; female friendship; bullying; based on play or musical; celebrity; prequel; singer; singing; corrupt politician; death in childbirth; fantasy world; wizard; gravity; discrimination; ostracism; woman in wheelchair; musical comedy; sister sister relationship; belonging; loving; fantasy; dramatic; romantic fantasy; romantic; compassionate; excited; familiar; frightened,"[""Drama"",""Fantasy"",""Romance""]",Jon M. Chu,Cynthia Erivo,Ariana Grande | Cynthia Erivo | Jeff Goldblum,Won 2 Oscars. 117 wins & 307 nominations total,"In the land of Oz, ostracized and misunderstood green-skinned Elphaba is forced to share a room with the popular aristocrat Glinda at Shiz University, and the two's unlikely friendship is tested as they begin to fulfill their respective destinies as Glinda the Good and the Wicked Witch of the West.",iTunes,
V0932,Willy Wonka and the Chocolate Factory,2017,2017,79,4.6,942,,tt6803390,455411,Not Rated,,,"[""Animation"",""Comedy"",""Family""]",Spike Brandt,,,,The classic Roald Dahl tale gets a modern twist when Tom and Jerry enter the amazing world of Willy Wonka's Chocolate Factory.,iTunes,
V0933,Winter's Bone,2010,2010,100,7.1,153370,94,tt1399683,39013,R,,Sheriff; based on novel or book; missouri; suspicion; teenage girl; poverty; struggle for survival; backwoods; sibling; mental illness; responsibility; uncle niece relationship; mountain country; bail bondsman; woman director; family crisis; drug manufacturing; crystal meth; rural setting; slow burn; drug usage; harsh; taking care of siblings; gutsy,"[""Drama"",""Mystery""]",Debra Granik,Jennifer Lawrence,Jennifer Lawrence | John Hawkes | Kevin Breznahan,Nominated for 4 Oscars. 63 wins & 131 nominations total,"After discovering her father put their house up for his bail bond and then disappeared, 17-year-old Ree Dolly must confront the local criminal underworld and the harsh Ozark wilderness in order to to track down her father and save her family.",iTunes,
V0934,Wonder,2017,2017,113,7.9,187877,86,tt2543472,406997,PG,Wonder Collection,Exclusion; bullying; coney island; prejudice; school; based on children's book; family; physical disability; treacher collins syndrome; relaxed; melodramatic,"[""Drama"",""Family""]",Stephen Chbosky,Jacob Tremblay,Jacob Tremblay | Julia Roberts | Owen Wilson,Nominated for 1 Oscar. 5 wins & 28 nominations total,"The story of August Pullman – a boy with facial differences – who enters fifth grade, attending a mainstream elementary school for the first time.",iTunes,
V0935,Wonder Woman (2017),2017,2017,,,,,,297762,,Wonder Woman Collection,Island; hero; strong woman; world war i; empowerment; superhero; feminism; greek mythology; based on comic; female protagonist; period drama; super power; heroine; woman director; female empowerment; 1910s; dc extended universe (dceu),"[""Action"",""Adventure"",""Fantasy""]",Patty Jenkins,,,,An Amazon princess comes to the world of Man in the grips of the First World War to confront the forces of evil and bring an end to human conflict.,iTunes,
V0936,Woodlawn,2015,2015,123,6.4,7981,79,tt4183692,333596,PG,,Sports; american football; 1970s; based on true story; racism; inspiring,"[""Drama""]","Andrew Erwin, Jon Erwin",C. Thomas Howell,C. Thomas Howell | Jon Voight | Sean Astin,4 nominations,Love and unity in a school torn by racism and hate in the 1970s. A gifted high school football player must learn to embrace his talent and his faith as he battles racial tensions on and off the field.,iTunes,
V0937,World War Z,2013,2013,116,7.0,748742,67,tt0816711,72190,PG-13,,Pennsylvania; new jersey; based on novel or book; dystopia; jerusalem; end of the world; apocalypse; zombie; biting; epidemic; nuclear weapons; multiple perspectives; zombie apocalypse; virus; aggressive; anxious; frightened; hopeful | Philadelphia,"[""Action"",""Horror"",""Science Fiction"",""Thriller""]",Marc Forster,Brad Pitt,Brad Pitt | Daniella Kertesz | Mireille Enos,3 wins & 25 nominations total,"Life for former United Nations investigator Gerry Lane and his family seems content. Suddenly, the world is plagued by a mysterious infection turning whole human populations into rampaging mindless zombies. After barely escaping the chaos, Lane is persuaded to go on a mission to investigate this disease. What follows is a perilous trek around the world where Lane must brave horrific dangers and long odds to find answers before human civilization falls.",iTunes,
V0938,Wreck-It Ralph,2012,2012,101,7.7,478174,87,tt1772341,82690,PG,Wreck-It Ralph Collection,Video game; support group; villain; bullying; medal; product placement; jail; racing; arcade; self esteem; curiosity; precocious child; aftercreditsstinger; duringcreditsstinger; first person shooter; glitch; carefree; interrupted wedding; social reject; escape from jail; hoverboard; inspirational; admiring; joyful,"[""Adventure"",""Animation"",""Comedy"",""Family""]",Rich Moore,John C. Reilly,Jack McBrayer | John C. Reilly | Sarah Silverman,Nominated for 1 Oscar. 33 wins & 42 nominations total,"Wreck-It Ralph is the 9-foot-tall, 643-pound villain of an arcade video game named Fix-It Felix Jr., in which the game's titular hero fixes buildings that Ralph destroys. Wanting to prove he can be a good guy and not just a villain, Ralph escapes his game and lands in Hero's Duty, a first-person shooter where he helps the game's hero battle against alien invaders. He later enters Sugar Rush, a kart racing game set on tracks made of candies, cookies and other sweets. There, Ralph meets Vanellope von Schweetz who has learned that her game is faced with a dire threat that could affect the entire arcade, and one that Ralph may have inadvertently started.",iTunes,
V0939,Wrong Turn 2 (Unrated),2007,2007,,,,,,,,,,"[""Horror"",""Thriller""]",Not Found,,,,Retired military commander Colonel Dale Murphy hosts the simulated post-apocalyptic reality show where participants are challenged to survive a remote West Virginia wasteland. But the show turns into a nightmarish showdown when each realizes they are being hunted by an inbred family of cannibals determined to make them all dinner!,iTunes,
V0940,X-Men,2016,2016,104,7.3,671912,82,tt0120903,246655,PG-13,X-Men Collection,Hero; superhero; mutant; based on comic; superhuman; super power; superhero team; world domination; aftercreditsstinger; 1980s; appreciative,"[""Action"",""Adventure"",""Fantasy"",""Science Fiction""]",Bryan Singer,,,1 win & 19 nominations total,"After the re-emergence of the world's first mutant, world-destroyer Apocalypse, the X-Men must unite to defeat his extinction level plan.",iTunes,
V0941,X-Men Origins: Wolverine,2009,2009,107,6.5,550045,37,tt0458525,2080,PG-13,The Wolverine Collection,Army; corruption; superhero; mutant; boxer; based on comic; prequel; spin off; aftercreditsstinger; duringcreditsstinger; powerful,"[""Action"",""Adventure"",""Science Fiction""]",Gavin Hood,Hugh Jackman,Danny Huston | Hugh Jackman | Liev Schreiber,3 wins & 21 nominations total,"After seeking to live a normal life, Logan sets out to avenge the death of his girlfriend by undergoing the mutant Weapon X program and becoming Wolverine.",iTunes,
V0942,X-Men: Apocalypse,2016,2016,144,6.8,478204,47,tt3385516,246655,PG-13,X-Men Collection,Hero; superhero; mutant; based on comic; superhuman; super power; superhero team; world domination; aftercreditsstinger; 1980s; appreciative,"[""Action"",""Adventure"",""Fantasy"",""Science Fiction""]",Bryan Singer,James McAvoy,James McAvoy | Jennifer Lawrence | Michael Fassbender,1 win & 19 nominations total,"After the re-emergence of the world's first mutant, world-destroyer Apocalypse, the X-Men must unite to defeat his extinction level plan.",iTunes,
V0943,X-Men: Dark Phoenix,2019,2019,113,5.7,215497,22,tt6565702,320288,PG-13,X-Men Collection,Superhero; mutant; telekinesis; based on comic; superhero team; 1990s; cosmic,"[""Action"",""Adventure"",""Science Fiction""]",Simon Kinberg,,,13 nominations total,"The X-Men face their most formidable and powerful foe when one of their own, Jean Grey, starts to spiral out of control. During a rescue mission in outer space, Jean is nearly killed when she's hit by a mysterious cosmic force. Once she returns home, this force not only makes her infinitely more powerful, but far more unstable. The X-Men must now band together to save her soul and battle aliens that want to use Grey's new abilities to rule the galaxy.",iTunes,
V0944,X-Men: Days of Future Past,2014,2014,132,7.9,764434,90,tt1877832,127585,PG-13,X-Men Collection,1970s; superhero; mutant; time travel; based on comic; superhuman; storm; political intrigue ; extinction; beast; claws; aftercreditsstinger; duringcreditsstinger; changing the past or future; dramatic,"[""Action"",""Adventure"",""Science Fiction""]",Bryan Singer,Hugh Jackman,Hugh Jackman | James McAvoy | Michael Fassbender,Nominated for 1 Oscar. 16 wins & 48 nominations total,The ultimate X-Men ensemble fights a war for the survival of the species across two time periods as they join forces with their younger selves in an epic battle that must change the past – to save our future.,iTunes,
V0945,X-Men: First Class,2012,2012,131,7.7,742210,86,tt1270798,691677,PG-13,,,"[""Documentary"",""TV Movie""]",Tim Postins,,,,"TV special about the making of ""X-Men: First Class"".",iTunes,
V0946,X-Men: The Last Stand,2006,2006,104,6.6,553569,56,tt0376994,36668,PG-13,X-Men Collection,Superhero; mutant; based on comic; superhuman; beast; cyclops; aftercreditsstinger; dramatic,"[""Action"",""Adventure"",""Science Fiction"",""Thriller""]",Brett Ratner,Hugh Jackman,Hugh Jackman | Ian McKellen | Patrick Stewart,7 wins & 40 nominations,"When a cure is found to treat mutations, lines are drawn amongst the X-Men—led by Professor Charles Xavier—and the Brotherhood, a band of powerful mutants organised under Xavier's former ally, Magneto.",iTunes,
V0947,X2: X-Men United,2003,2003,134,7.4,597152,85,tt0290334,36658,PG-13,X-Men Collection,Superhero; mutant; based on comic; superhuman; bigotry; discrimination,"[""Action"",""Adventure"",""Science Fiction""]",Bryan Singer,,,6 wins & 41 nominations total,"Professor Charles Xavier and his team of genetically gifted superheroes face a rising tide of anti-mutant sentiment led by Col. William Stryker. Storm, Wolverine and Jean Grey must join their usual nemeses—Magneto and Mystique—to unhinge Stryker's scheme to exterminate all mutants.",iTunes,
V0948,xXx,2002,2002,124,5.8,189673,48,tt0295701,7451,PG-13,xXx Collection,Czech republic; nsa agent; ironic; adrenaline junkie; thrill seeker; wonder; provocative; hilarious; approving; joyful; mocking; pretentious | Mission; biological weapon; sports car; cold war; prague,"[""Action"",""Adventure"",""Crime"",""Thriller""]",Rob Cohen,Vin Diesel,Asia Argento | Marton Csokas | Vin Diesel,4 wins & 14 nominations total,"Xander Cage is your standard adrenaline junkie with no fear and a lousy attitude. When the US Government ""recruits"" him to go on a mission, he's not exactly thrilled. His mission: to gather information on an organization that may just be planning the destruction of the world, led by the nihilistic Yorgi.",Vudu,
V0949,Yesterday (2019),1985,1985,,,,,,,,,,"[""Comedy"",""Drama"",""Music""]",Not Found,,,,"Set in the 60's in a provincial town: four high school teenagers approach graduation, but all they think about are The Beatles.",iTunes,
V0950,Zodiac,2007,2007,157,7.7,634493,90,tt0443706,1949,R,,California; killing; detective; 1970s; investigation; victim; code; murder; serial killer; crime scene; reporter; whodunit; alcoholic; young man; fourth of july; newspaper article; curious; cartoonist; 1960s; zodiac killer; clinical; bar; ambiguous; foreboding; ominous | Newspaper; journalist; california; based on novel or book; police; san francisco,"[""Crime"",""Drama"",""Mystery"",""Thriller""]",David Fincher,Jake Gyllenhaal,Anthony Edwards | Jake Gyllenhaal | Mark Ruffalo,3 wins & 71 nominations total,"The Zodiac murders cause the lives of Paul Avery, David Toschi and Robert Graysmith to intersect.",iTunes,
V0951,Zombieland: Double Tap,2019,2019,99,6.7,214152,68,tt1560220,338967,R,Zombieland Collection,Marriage proposal; the white house; gore; road trip; sequel; survival; spoof; zombie; recreational vehicle; aftercreditsstinger; frantic; graceland; minivan; christmas present; absurd; hilarious; whimsical; ambiguous; amused; frightened,"[""Action"",""Comedy"",""Horror""]",Ruben Fleischer,Woody Harrelson,Emma Stone | Jesse Eisenberg | Woody Harrelson,6 nominations total,"Columbus, Tallahassee, Wichita, and Little Rock move to the American heartland as they face off against evolved zombies, fellow survivors, and the growing pains of the snarky makeshift family.",iTunes,
V0952,Zoolander No. 2 (The Magnum Edition),,,,,,,,,,,,[],Not Found,,,,,iTunes,
V0953,Sunshine,1999,1999,181,6.496,137,,,17771,R,,holocaust (shoah) | fencing | world war ii | jewish life | austria-hungary | cousin relationship | jewish family | 19th century | 1900s,"[""Drama"",""History"",""Romance"",""War""]",István Szabó,Ralph Fiennes,Ralph Fiennes | Rosemary Harris | Rachel Weisz,,The fate of a Hungarian Jewish family throughout the 20th century.,,
V0954,The Fugitive,1947,1947,100,5.9,44,,,37368,NR,,central america,"[""Drama""]",John Ford,Henry Fonda,Henry Fonda | Dolores del Río | Pedro Armendáriz,,Anti-Catholic and anti-cleric policies in the Mexican state of Tabasco lead the revolutionary government to persecute the state's last remaining priest.,,
V0955,Close Encounters of the Third Kind,1977,1977,137,7.348,4331,,,840,PG,,"wyoming, usa | indiana, usa | flying saucer | extraterrestrial technology | obsession | evacuation | blackout | secret base | alien life-form | alien | ufo | vision | alien abduction | missing person | alien contact | mother ship | extraterrestrial life form | alien language | alien space craft | questioning | escapade | curious | obsessive quest | flying ship | ufo sighting | alien encounter | desperate | lightshow | extraterrestrial humanoids | wonder | mysterious lights | alien spaceship | extraterrestrial capsule | moving lights | humanoid alien | secret space ufos | whimsical | admiring | awestruck | flashing lights","[""Science Fiction"",""Drama""]",Steven Spielberg,Richard Dreyfuss,Richard Dreyfuss | François Truffaut | Teri Garr,,"After an encounter with UFOs, an electricity linesman feels undeniably drawn to an isolated area in the wilderness where something spectacular is about to happen.",,
V0956,The Green Mile,1999,1999,189,8.505,18094,,,497,R,,mentally disabled | based on novel or book | southern usa | psychopath | death row | jail guard | supernatural | great depression | prison guard | jail | electric chair | torture | magic realism | healing | grim | 1930s | abuse of power | depressed | ambiguous | authoritarian | cruel | hopeful,"[""Fantasy"",""Drama"",""Crime""]",Frank Darabont,Tom Hanks,Tom Hanks | David Morse | Bonnie Hunt,,"A supernatural tale set on death row in a Southern prison, where gentle giant John Coffey possesses the mysterious power to heal people's ailments. When the cell block's head guard, Paul Edgecomb, recognizes Coffey's miraculous gift, he tries desperately to help stave off the condemned man's execution.",,
V0957,Paddington,2014,2014,95,7.106,3892,,,116149,PG,Paddington Collection,"london, england | based on novel or book | peru | anthropomorphism | bear | based on children's book | family | talking to animals | children's book | taxidermist | live action and animation | personification | natural history museum","[""Comedy"",""Adventure"",""Family""]",Paul King,Ben Whishaw,Ben Whishaw | Hugh Bonneville | Sally Hawkins,,"A young Peruvian bear travels to London in search of a home. Finding himself lost and alone at Paddington Station, he meets the kindly Brown family, who offer him a temporary haven.",,
V0958,Knock at the Cabin,2023,2023,100,6.281,2824,,,631842,R,,based on novel or book | sacrifice | faith | end of the world | apocalypse | home invasion | lgbt | aftercreditsstinger | adopted child | adopted daughter | gay theme | same sex relationship | religious symbolism,"[""Horror"",""Mystery"",""Thriller""]",M. Night Shyamalan,Dave Bautista,Dave Bautista | Jonathan Groff | Ben Aldridge,,"While vacationing at a remote cabin, a young girl and her two fathers are taken hostage by four armed strangers who demand that the family make an unthinkable choice to avert the apocalypse. With limited access to the outside world, the family must decide what they believe before all is lost.",,
V0959,Scarface,1983,1983,170,8.162,12294,,,111,R,,"corruption | sibling relationship | miami, florida | cuba | loss of loved one | gangster | cocaine | rise and fall | remake | drug cartel | mafia | drug lord | bitterness | rise to power | miami beach | cuban refugees | drug war","[""Action"",""Crime"",""Drama""]",Brian De Palma,Al Pacino,Al Pacino | Steven Bauer | Michelle Pfeiffer,,"After getting a green card in exchange for assassinating a Cuban government official, Tony Montana stakes a claim on the drug trade in Miami. Viciously murdering anyone who stands in his way, Tony eventually becomes the biggest drug lord in the state, controlling nearly all the cocaine that comes through Miami. But increased pressure from the police, wars with Colombian drug cartels and his own drug-fueled paranoia serve to fuel the flames of his eventual downfall.",,
V0960,Gladiator II,2024,2024,148,6.701,3591,,,558449,R,Gladiator Collection,epic | gladiator | roman empire | ancient rome | sequel | evil tyrant | sword and sandal | sword fighting | second part | arrogant,"[""Action"",""Adventure"",""Drama""]",Ridley Scott,Paul Mescal,Paul Mescal | Denzel Washington | Pedro Pascal,,"Years after witnessing the death of the revered hero Maximus at the hands of his uncle, Lucius is forced to enter the Colosseum after his home is conquered by the tyrannical Emperors who now lead Rome with an iron fist. With rage in his heart and the future of the Empire at stake, Lucius must look to his past to find strength and honor to return the glory of Rome to its people.",,
V0961,Oppenheimer,2023,2023,181,8.058,10390,,,872585,R,,husband wife relationship | based on novel or book | atomic bomb | patriotism | new mexico | world war ii | atomic bomb test | physics | biography | based on true story | antisemitism | interrogation | guilt | historical event | nuclear weapons | communism | red scare | mccarthyism | top secret project | moral dilemma | usa politics | 1940s | 20th century | manhattan project | los alamos,"[""Drama"",""History""]",Christopher Nolan,Cillian Murphy,Cillian Murphy | Emily Blunt | Matt Damon,,The story of J. Robert Oppenheimer's role in the development of the atomic bomb during World War II.,,
V0962,American Gangster,2007,2007,157,7.59,5648,,,4982,R,,new york city | vietnam | drug smuggling | society | gangster | drug trafficking | heroin | junkie | ghetto | nightclub | ambition | rise and fall | cop | organized crime | drug dealing | police corruption | wedding | police detective | family | surveillance | bribery | law enforcement | aftercreditsstinger | dishonesty | 1960s | provocative | factual | violence | suspenseful | intense | brisk,"[""Drama"",""Crime""]",Ridley Scott,Denzel Washington,Denzel Washington | Russell Crowe | Josh Brolin,,"Loosely based on the criminal career of Frank Lucas, a gangster from La Grange, North Carolina, who smuggled heroin into the United States on American service planes returning from the Vietnam War, before being detained by a task force led by Newark Detective Richie Roberts.",,
V0963,Fall,2022,2022,107,7.138,4166,,,985939,PG-13,Fall Collection,hallucination | stranded | tower | free climbing | sport climbing | adrenaline junkie | dehydration | absurd | tense | survival thriller,"[""Thriller""]",Scott Mann,Grace Caroline Currey,Grace Caroline Currey | Virginia Gardner | Jeffrey Dean Morgan,,"For best friends Becky and Hunter, life is all about conquering fears and pushing limits. But after they climb 2,000 feet to the top of a remote, abandoned radio tower, they find themselves stranded with no way down. Now Becky and Hunter’s expert climbing skills will be put to the ultimate test as they desperately fight to survive the elements, a lack of supplies, and vertigo-inducing heights",,
V0964,The Ministry of Ungentlemanly Warfare,2024,2024,120,7.078,1515,,,799583,R,,army | operation | based on novel or book | spy | world war ii | based on true story | soldier | special forces | military | black ops | dangerous mission | 1940s | winston churchill | action comedy | historical comedy | comedy thriller | disrespectful,"[""Action"",""Comedy"",""War""]",Guy Ritchie,Henry Cavill,Henry Cavill | Eiza González | Alan Ritchson,,"During World War II, the British Army assigns a group of competent soldiers to carry out a mission against the Nazi forces behind enemy lines... A true story about a secret British WWII organization — the Special Operations Executive. Founded by Winston Churchill, their irregular warfare against the Germans helped to change the course of the war, and gave birth to modern black operations.",,
V0965,Ford v Ferrari,2019,2019,153,8.0,8367,,,359724,PG-13,,based on novel or book | car race | sports | car mechanic | biography | based on true story | le mans | racing | race car driver | aggressive | 1960s | powerful,"[""Drama"",""Action"",""History""]",James Mangold,Matt Damon,Matt Damon | Christian Bale | Jon Bernthal,,"American car designer Carroll Shelby and the British-born driver Ken Miles work together to battle corporate interference, the laws of physics, and their own personal demons to build a revolutionary race car for Ford Motor Company and take on the dominating race cars of Enzo Ferrari at the 24 Hours of Le Mans in France in 1966.",,
V0966,Clear and Present Danger,1994,1994,141,6.659,1564,,,9331,PG-13,The Jack Ryan Collection,"sniper | central intelligence agency (cia) | helicopter | assassination | usa president | based on novel or book | ambush | espionage | politics | drug trafficking | mercenary | coast guard | car bomb | caravan | sequel | cali colombia | covert operation | drug cartel | shootout | explosion | jack ryan | dea agent | ex military | political thriller | political cover-up | bogota, colombia | intelligence service | cia analyst | fbi director | panama city, panama","[""Action"",""Drama"",""Thriller""]",Phillip Noyce,Harrison Ford,Harrison Ford | Willem Dafoe | Joaquim de Almeida,,"Agent Jack Ryan becomes acting Deputy Director of Intelligence for the CIA when Admiral Greer is diagnosed with cancer. When an American businessman, and friend of the president, is murdered on his yacht, Ryan starts discovering links between the man and drug dealers. As former CIA agent John Clark is sent to Colombia to kill drug cartel kingpins in retaliation, Ryan must fight through multiple cover-ups to figure out what happened and who's responsible.",,
V0967,The Sum of All Fears,2002,2002,124,6.4,1796,,,4614,PG-13,,"central intelligence agency (cia) | usa president | based on novel or book | atomic bomb | spy | cold war | intelligence | chechnya | intelligence agency | nuclear explosion | terrorism | jack ryan | ex military | russian president | baltimore, maryland | cia analyst | intelligence analyst | arms inspection | imminent threat","[""Thriller"",""Action"",""Drama""]",Phil Alden Robinson,Ben Affleck,Ben Affleck | Morgan Freeman | James Cromwell,,"When the president of Russia suddenly dies, a man whose politics are virtually unknown succeeds him. The change in political leaders sparks paranoia among American CIA officials, so CIA director Bill Cabot recruits a young analyst to supply insight and advice on the situation. Then the unthinkable happens: a nuclear bomb explodes in a U.S. city, and America is quick to blame the Russians.",,
V0968,The Hunt for Red October,1990,1990,135,7.383,3402,,,1669,PG-13,The Jack Ryan Collection,based on novel or book | submarine | cold war | intelligence | u.s. navy | defection | jack ryan | ex military | 1980s | political thriller | nuclear submarine | soviet/russian navy | intelligence service | suspenseful | awestruck | exhilarated | cia analyst | russian submarine | intelligence analyst,"[""Action"",""Adventure"",""Thriller""]",John McTiernan,Sean Connery,Sean Connery | Alec Baldwin | Scott Glenn,,"A new technologically-superior Soviet nuclear sub, the Red October, is heading for the U.S. coast under the command of Captain Marko Ramius. The American government thinks Ramius is planning to attack. Lone CIA analyst Jack Ryan has a different idea: he thinks Ramius is planning to defect, but he has only a few hours to find him and prove it - because the entire Russian naval and air commands are trying to find Ramius, too. The hunt is on!",,
V0969,Abduction,2011,2011,106,5.854,2919,,,59965,PG-13,,"central intelligence agency (cia) | therapist | training | website | on the run | hospital | train | love interest | explosion | teenage boy | high school student | missing person | secret past | baseball stadium | hand to hand combat | pittsburgh, pennsylvania | special agent | school project | assassination team | secrets","[""Thriller"",""Action"",""Mystery""]",John Singleton,Taylor Lautner,Taylor Lautner | Lily Collins | Alfred Molina,,"For many years, Nathan Harper has had the uneasy feeling that life with his family isn't quite what it seems. As he draws closer to uncovering the truth, he is hunted by assassins, forcing him to flee with his neighbor, Karen, the only person he can trust.",,
V0970,Alice in Wonderland,2010,2010,108,6.635,14278,,,12155,PG,Alice in Wonderland Collection,based on novel or book | queen | psychotic | fantasy world | taunting | live action remake | based on young adult novel | mischievous | absurd | dramatic | incredulous | amused | euphoric,"[""Family"",""Fantasy"",""Adventure""]",Tim Burton,Mia Wasikowska,Mia Wasikowska | Johnny Depp | Anne Hathaway,,"Alice, now 19 years old, returns to the whimsical world she first entered as a child and embarks on a journey to discover her true destiny.",,
V0971,Alien,1979,1979,117,8.165,15388,,,348,R,Alien Collection,android | spacecraft | space marine | biology | dystopia | countdown | space suit | beheading | space travel | cowardice | alien | space | female protagonist | parasite | space opera | cosmos,"[""Horror"",""Science Fiction""]",Ridley Scott,Tom Skerritt,Tom Skerritt | Sigourney Weaver | Veronica Cartwright,,"During its return to the earth, commercial spaceship Nostromo intercepts a distress signal from a distant planet. When a three-member team of the crew discovers a chamber containing thousands of eggs on the planet, a creature inside one of the eggs attacks an explorer. The entire crew is unaware of the impending nightmare set to descend upon them when the alien parasite planted inside its unfortunate host is birthed.",,
V0972,All the Money in the World,2017,2017,132,6.477,2303,,,446791,R,,"based on novel or book | rome, italy | kidnapping | 1970s | based on true story | wealth | ransom demand","[""Crime"",""History"",""Thriller""]",Ridley Scott,Michelle Williams,Michelle Williams | Mark Wahlberg | Christopher Plummer,,The story of the kidnapping of 16-year-old John Paul Getty III and the desperate attempt by his devoted mother to convince his billionaire grandfather Jean Paul Getty to pay the ransom.,,
V0973,American Psycho,2000,2000,102,7.406,11439,,,1359,R,American Psycho Collection,new york city | based on novel or book | businessman | psychopath | dark comedy | satire | wall street | serial killer | chainsaw | big city | psychological thriller | character study | white collar | harvard business school | voice imitation | 1980s | american businessman | bloody | ambiguity | psychological horror | horror | baffled,"[""Thriller"",""Drama"",""Crime""]",Mary Harron,Christian Bale,Christian Bale | Justin Theroux | Josh Lucas,,"A wealthy New York investment banking executive hides his alternate psychopathic ego from his co-workers and friends as he escalates deeper into his illogical, gratuitous fantasies.",,
V0974,Annabelle Comes Home,2019,2019,106,6.4,3614,,,521029,R,Annabelle Collection,supernatural | babysitter | priest | doll | creepy doll | jump scare | possessed doll | supernatural power | the conjuring universe,"[""Horror""]",Gary Dauberman,Mckenna Grace,Mckenna Grace | Madison Iseman | Katie Sarife,,"Determined to keep Annabelle from wreaking more havoc, demonologists Ed and Lorraine Warren bring the possessed doll to the locked artifacts room in their home, placing her “safely” behind sacred glass and enlisting a priest’s holy blessing. But an unholy night of horror awaits as Annabelle awakens the evil spirits in the room, who all set their sights on a new target—the Warrens' ten-year-old daughter, Judy, and her friends.",,
V0975,Apollo 13,1995,1995,140,7.45,5552,,,568,PG,,"rescue | florida | race against time | moon | nasa | spaceman | based on true story | houston, texas | survival | space | disaster | explosion | astronaut | hypothermia | apollo program | lunar mission | spacecraft accident","[""Drama"",""History""]",Ron Howard,Tom Hanks,Tom Hanks | Bill Paxton | Kevin Bacon,,"The true story of technical troubles that scuttle the Apollo 13 lunar mission in 1970, risking the lives of astronaut Jim Lovell and his crew, with the failed journey turning into a thrilling saga of heroism. Drifting more than 200,000 miles from Earth, the astronauts work furiously with the ground crew to avert tragedy.",,
V0976,Arthur,2011,2011,110,5.548,751,,,49012,PG-13,,new york city | chauffeur | nanny | romcom | playboy | remake | inheritance | billionaire | nail gun | overbearing mother | man child | drunk | duringcreditsstinger | hopeless | pathetic | derisive | derogatory | disrespectful | enchant,"[""Comedy"",""Romance""]",Jason Winer,Russell Brand,Russell Brand | Helen Mirren | Greta Gerwig,,A drunken playboy stands to lose a wealthy inheritance when he falls for a woman that his family doesn't like.,,
V0977,Atomic Blonde,2017,2017,115,6.4,6358,,,341013,R,,"berlin, germany | undercover agent | undercover | germany | spy | cold war | stasi | bisexuality | vodka | kgb | europe | double agent | based on comic | murder | mi6 | murder investigation | ddr","[""Action"",""Adventure"",""Thriller""]",David Leitch,Charlize Theron,Charlize Theron | James McAvoy | Eddie Marsan,,An undercover MI6 agent is sent to Berlin during the Cold War to investigate the murder of a fellow agent and recover a missing list of double agents.,,
V0978,Back to Black,2024,2024,122,6.69,604,,,998846,R,,biography | addiction | based on true story | alcoholism | mental illness | singer-songwriter | substance abuse | 1980s | 1990s | alcohol problems | 2000s | soul music | 2010s | admiring | comforting,"[""Music"",""History"",""Drama""]",Sam Taylor-Johnson,Marisa Abela,Marisa Abela | Jack O'Connell | Eddie Marsan,,"The extraordinary story of Amy Winehouse’s early rise to fame from her early days in Camden through the making of her groundbreaking album, Back to Black that catapulted Winehouse to global fame. Told through Amy’s eyes and inspired by her deeply personal lyrics, the film explores and embraces the many layers of the iconic artist and the tumultuous love story at the center of one of the most legendary albums of all time.",,
V0979,A Bad Moms Christmas,2017,2017,104,6.317,2125,,,431530,R,Bad Moms Collection,holiday | christmas,"[""Comedy""]",Scott Moore,Mila Kunis,Mila Kunis | Kristen Bell | Kathryn Hahn,,"Amy, Kiki and Carla – three under-appreciated and over-burdened women – rebel against the challenges and expectations of the Super Bowl for mothers: Christmas. And if creating a more perfect holiday for their families wasn’t hard enough, they have to do all of that while hosting and entertaining their own mothers.",,
V0980,Mystic River,2003,,138,7.9,,,tt0327056,,,,,"[""Crime"",""Drama"",""Mystery""]",Clint Eastwood,Sean Penn,,,"The tragic murder of a 19-year-old girl reunites three childhood friends still living in Boston--the victim's gangster father, a detective, and the disturbed man they both suspect of killing her.",,https://m.media-amazon.com/images/M/MV5BMTIzNDUyMjA4MV5BMl5BanBnXkFtZTYwNDc4ODM3._V1_SX300.jpg
