title,year,imdb_id,tmdb_id,runtime_min,plot,poster_url,backdrop_url,genres,moods,keywords,imdb_rating,imdb_votes,rt_score,where_to_watch,languages,countries,collection,tmdb_last_scraped
10 Cloverfield Lane,2016,tt1179933,333371,104,"After a catastrophic car crash, a young woman wakes up in a survivalist's underground bunker, where he claims to have saved her from an apocalyptic attack that has left the outside world uninhabitable.",https://image.tmdb.org/t/p/w500/84Dhwz93vCin6T1PX6ctSvWEuNE.jpg,https://image.tmdb.org/t/p/w780/veGaHYcRHFPEoKfqxKbCEXI8tOT.jpg,Thriller; Science Fiction; Drama; Horror; Sci-Fi,,kidnapping; paranoia; bunker; basement; survivalist; apocalypse; car accident; captive,,,,Amazon Prime Video; fuboTV; MGM+ Amazon Channel; MGM Plus Roku Premium Channel; Philo; Amazon Video (rent); Apple TV (rent); Google Play Movies (rent); YouTube (rent); Fandango At Home (rent); Amazon Video (buy); Apple TV (buy); Google Play Movies (buy); YouTube (buy); Fandango At Home (buy),English,United States of America,,2025-09-25T17:29:16
12 Angry Men,1957,tt0050083,389,97,"The defense and the prosecution have rested and the jury is filing into the jury room to decide if a young Spanish-American is guilty or innocent of murdering his father. What begins as an open and shut case soon becomes a mini-drama of each of the jurors' prejudices and preconceptions about the trial, the accused, and each other.",https://image.tmdb.org/t/p/w500/ow3wq89wM8qd5X7hWKxiRfsFf9C.jpg,https://image.tmdb.org/t/p/w780/bxgTSUenZDHNFerQ1whRKplrMKF.jpg,Drama; Crime,,death penalty; anonymity; court case; court; judge; jurors; father murder; class; heat; innocence; puerto rico; based on play or musical; black and white; courtroom; courtroom drama; dialog driven; persidangan; sidang,,,,fuboTV; MGM+ Amazon Channel; MGM Plus Roku Premium Channel; MGM Plus; Philo; The Roku Channel; Tubi TV; Kanopy; Hoopla; Amazon Video (rent); Apple TV (rent); Google Play Movies (rent); YouTube (rent); Fandango At Home (rent); Spectrum On Demand (rent); Amazon Video (buy); Apple TV (buy); Google Play Movies (buy); YouTube (buy); Fandango At Home (buy),English,United States of America,,2025-09-25T17:29:16
13 Hours: The Secret Soldiers of Benghazi,2016,tt4172430,300671,144,An American Ambassador is killed during an attack at a U.S. compound in Libya as a security team struggles to make sense out of the chaos.,https://image.tmdb.org/t/p/w500/AskDcQ6Sa6jImyt2KDQbgRuPebH.jpg,https://image.tmdb.org/t/p/w780/ayDMYGUNVvXS76wQgFwTiUIDNb5.jpg,War; Action; History; Drama; Thriller; Action | Drama | History | Thriller | War,,central intelligence agency (cia); based on novel or book; libya; assault rifle; grave; mercenary; melancholy; heroism; biography; based on true story; explosion; biting; american abroad; death; blunt; mourning; questioning; angry; aggressive; frantic; grim; reflective; u.s. ambassador; complex; anxious; cautionary; provocative; factual; critical; incredulous; tense; intense; bitter; appreciative; baffled; bewildered; bold; commanding; defiant; dignified; disapproving; disdainful; disheartening; enraged; foreboding; frustrated; harsh; informative; scathing; sincere; sympathetic; tragic; wry,,,,Amazon Prime Video; fuboTV; MGM+ Amazon Channel; MGM Plus Roku Premium Channel; Philo; Amazon Prime Video with Ads; Amazon Video (rent); Apple TV (rent); Google Play Movies (rent); YouTube (rent); Fandango At Home (rent); Plex (rent); Amazon Video (buy); Apple TV (buy); Google Play Movies (buy); YouTube (buy); Fandango At Home (buy),Arabic; English,United States of America; Malta,,2025-09-25T17:29:17
1917,2019,tt8579674,530915,119,"At the height of the First World War, two young British soldiers must cross enemy territory and deliver a message that will stop a deadly attack on hundreds of soldiers.",https://image.tmdb.org/t/p/w500/iZf0KyrE25z1sage4SYFLCCrMi9.jpg,https://image.tmdb.org/t/p/w780/2lBOQK06tltt8SQaswgb8d657Mv.jpg,War; History; Thriller; Drama | History | Thriller | War,,race against time; world war i; british army; soldier; real time; trenches; 1910s; trench warfare; no man's land,,,,Netflix; Netflix Standard with Ads; Amazon Video (rent); Apple TV (rent); Google Play Movies (rent); YouTube (rent); Fandango At Home (rent); Spectrum On Demand (rent); Amazon Video (buy); Apple TV (buy); Google Play Movies (buy); YouTube (buy); Fandango At Home (buy),English; French; German,India; Spain; United Kingdom; United States of America,,2025-09-25T17:29:17
2001: A Space Odyssey,1968,tt0062622,62,149,"Humanity finds a mysterious object buried beneath the lunar surface and sets off to find its origins with the help of HAL 9000, the world's most advanced super computer.",https://image.tmdb.org/t/p/w500/ve72VxNqjGM69Uky4WTo2bK6rfq.jpg,https://image.tmdb.org/t/p/w780/w5IDXtifKntw0ajv2co7jFlTQDM.jpg,Science Fiction; Mystery; Adventure; Adventure | Mystery | Science Fiction,,man vs machine; moon; jupiter; artificial intelligence (a.i.); based on novel or book; technology; super computer; space travel; space mission; moon base; astronaut; evolution; monolith; space station; space opera; complex; 2000s; dreary; ai rebellion; tense; audacious; baffled; excited,,,,HBO Max; HBO Max Amazon Channel; Cinemax Amazon Channel; TCM; Cinemax Apple TV Channel; Amazon Video (rent); Apple TV (rent); Google Play Movies (rent); YouTube (rent); Fandango At Home (rent); Spectrum On Demand (rent); Amazon Video (buy); Apple TV (buy); Google Play Movies (buy); YouTube (buy); Fandango At Home (buy),English; Russian,United Kingdom; United States of America,The Space Odyssey Series,2025-09-25T17:29:17
21 & Over,2013,tt1711425,107811,93,"Brilliant student Jeff Chang has the most important interview of his life tomorrow.  But today is still his birthday, what starts off as a casual celebration with friends evolves into a night of debauchery that risks to derail his life plan.",https://image.tmdb.org/t/p/w500/ruPRsaWpSbHv2085k1bO2HbSAUV.jpg,https://image.tmdb.org/t/p/w780/bGePh6CyZIzrueokpvyijWeBZ4X.jpg,Comedy,,alcohol; birthday; friends; debauchery,,,,Amazon Prime Video; Amazon Prime Video with Ads; Plex; Plex Channel; Amazon Video (rent); Apple TV (rent); Google Play Movies (rent); YouTube (rent); Fandango At Home (rent); Amazon Video (buy); Apple TV (buy); Google Play Movies (buy); YouTube (buy); Fandango At Home (buy),English,United States of America,,2025-09-25T17:29:18
21 Bridges,2019,tt8688634,535292,99,"An embattled NYPD detective, is thrust into a citywide manhunt for a pair of cop killers after uncovering a massive and unexpected conspiracy. As the night unfolds, lines become blurred on who he is pursuing, and who is in pursuit of him.",https://image.tmdb.org/t/p/w500/kDlmrGZROewneCoSwPjKx6Qfown.jpg,https://image.tmdb.org/t/p/w780/y2M6OULGs8EO7G6mNgMEUBR3FJl.jpg,Crime; Action; Drama; Action | Crime | Drama,,new york city; hostage; subway; detective; shootout; police officer killed; nypd; one night; neo-noir; manhunt; intense; awestruck; vibrant,,,,YouTube TV; TNT; TBS; tru TV; Amazon Video (rent); Apple TV (rent); Google Play Movies (rent); YouTube (rent); Fandango At Home (rent); Spectrum On Demand (rent); Amazon Video (buy); Apple TV (buy); Google Play Movies (buy); YouTube (buy); Fandango At Home (buy),English,United States of America; China,,2025-09-25T17:29:18
21 Grams,2003,tt0315733,470,124,"Paul Rivers, an ailing mathematician lovelessly married to an English émigré; Christina Peck, an upper-middle-class suburban housewife and mother of two girls; and Jack Jordan, a born-again ex-con, are brought together by a terrible accident that changes their lives.",https://image.tmdb.org/t/p/w500/wZ0l6or5juuVWqDkLEgaghs4f9l.jpg,https://image.tmdb.org/t/p/w780/5SgrtPH6kBmmHao0PofxpvOYfWC.jpg,Drama; Crime; Thriller; Crime | Drama | Thriller,,life and death; rage and hate; transplantation; faith; suicide attempt; loss of loved one; widow; ex-detainee; new mexico; sadness; car crash; multiple storylines,,,,Amazon Video (rent); Apple TV (rent); Google Play Movies (rent); YouTube (rent); Fandango At Home (rent); Amazon Video (buy); Apple TV (buy); Google Play Movies (buy); YouTube (buy); Fandango At Home (buy),English,United States of America,,2025-09-25T17:29:18
21 Jump Street,2012,tt1232829,64688,109,"When cops Schmidt and Jenko join the secret Jump Street unit, they use their youthful appearances to go undercover as high school students. They trade in their guns and badges for backpacks, and set out to shut down a dangerous drug ring. But, as time goes on, Schmidt and Jenko discover that high school is nothing like it was just a few years earlier -- and, what's more, they must again confront the teenage terror and anxiety they thought they had left behind.",https://image.tmdb.org/t/p/w500/8v3Sqv9UcIUC4ebmpKWROqPBINZ.jpg,https://image.tmdb.org/t/p/w780/lxCUDgZ54myV7goBrkpFoHRt9Ms.jpg,Action; Comedy; Crime; Action | Comedy | Crime,,drug dealer; high school; investigation; nerd; male friendship; parody; jock; crude humor; undercover cop; high school student; police academy; buddy cop; buddy comedy; duringcreditsstinger; high school rivalry; bicycle cop; based on tv series; cops; party drugs; high school classmates,,,,Peacock Premium; YouTube TV; TNT; TBS; tru TV; Peacock Premium Plus; Amazon Video (rent); Apple TV (rent); Google Play Movies (rent); YouTube (rent); Fandango At Home (rent); Spectrum On Demand (rent); Amazon Video (buy); Apple TV (buy); Google Play Movies (buy); YouTube (buy); Fandango At Home (buy),English,United States of America,Jump Street Collection,2025-09-25T17:29:19
22 Jump Street,2014,tt2294449,187017,112,"After making their way through high school (twice), big changes are in store for officers Schmidt and Jenko when they go deep undercover at a local college. But when Jenko meets a kindred spirit on the football team, and Schmidt infiltrates the bohemian art major scene, they begin to question their partnership. Now they don't have to just crack the case - they have to figure out if they can have a mature relationship. If these two overgrown adolescents can grow from freshmen into real men, college might be the best thing that ever happened to them.",https://image.tmdb.org/t/p/w500/850chzYHYbT3IISl6Q7dbBuFP2B.jpg,https://image.tmdb.org/t/p/w780/5fiqJTC391BU5qv90Tj9Xd1TyEt.jpg,Crime; Comedy; Action; Action | Comedy | Crime,,drug dealer; sarcasm; college; male friendship; sequel; undercover cop; buddy cop; buddy comedy; aftercreditsstinger; duringcreditsstinger; based on tv series,,,,Peacock Premium; YouTube TV; TNT; TBS; tru TV; Peacock Premium Plus; Amazon Video (rent); Apple TV (rent); Google Play Movies (rent); YouTube (rent); Fandango At Home (rent); Spectrum On Demand (rent); Amazon Video (buy); Apple TV (buy); Google Play Movies (buy); YouTube (buy); Fandango At Home (buy),English,United States of America,Jump Street Collection,2025-09-25T17:29:19
300,2007,tt0416449,1271,116,"Based on Frank Miller's graphic novel, ""300"" is very loosely based the 480 B.C. Battle of Thermopylae, where the King of Sparta led his army against the advancing Persians; the battle is said to have inspired all of Greece to band together against the Persians, and helped usher in the world's first democracy.",https://image.tmdb.org/t/p/w500/h7Lcio0c9ohxPhSZg42eTlKIVVY.jpg,https://image.tmdb.org/t/p/w780/lgBZlJ1LHQel5nneNQMoesmvc7l.jpg,Action; Adventure; War; Action | Adventure | War,,epic; army; narration; gore; based on true story; based on comic; sword fight; massacre; ancient world; based on graphic novel; ancient greece; warrior; ancient warfare; sparta greece; 5th century bc; war; bloody death; sparta; spartans; battle of thermopylae; god king; battle axe; amused; audacious,,,,Amazon Video (rent); Apple TV (rent); Google Play Movies (rent); YouTube (rent); Fandango At Home (rent); Spectrum On Demand (rent); Plex (rent); Amazon Video (buy); Apple TV (buy); Google Play Movies (buy); YouTube (buy); Fandango At Home (buy),English,United States of America,300 Collection,2025-09-25T17:29:19
300: Rise of an Empire,2014,tt1253863,53182,102,"Greek general Themistocles attempts to unite all of Greece by leading the charge that will change the course of the war. Themistocles faces the massive invading Persian forces led by mortal-turned-god, Xerxes and Artemesia, the vengeful commander of the Persian navy.",https://image.tmdb.org/t/p/w500/wYDdWN1McB1Sio4z1dPSkb40Z78.jpg,https://image.tmdb.org/t/p/w780/chjkfyo57JexWo1YeIZRMk8wA4m.jpg,Action; Drama; War; Action | Drama | War,,based on comic; sword fight; soldier; massacre; slow motion; based on graphic novel; ancient greece; duringcreditsstinger; sea battle; hand to hand combat; naval warfare; ancient warfare; sparta greece; warriors; 5th century bc; athenian; sword and sandal; god king; sword and shield,,,,Amazon Video (rent); Apple TV (rent); Google Play Movies (rent); YouTube (rent); Fandango At Home (rent); Spectrum On Demand (rent); Amazon Video (buy); Apple TV (buy); Google Play Movies (buy); YouTube (buy); Fandango At Home (buy),English,Bulgaria; United States of America,300 Collection,2025-09-25T17:29:20
3:10 to Yuma,1957,tt0050086,14168,92,"Dan Evans, a small time farmer, is hired to escort Ben Wade, a dangerous outlaw, to Yuma. As Evans and Wade wait for the 3:10 train to Yuma, Wade's gang is racing to free him.",https://image.tmdb.org/t/p/w500/emYeJVZrpl2WfndJlhbls1e7lzQ.jpg,https://image.tmdb.org/t/p/w780/7B26BW9ec2atiGwCkJJZ5POR4wC.jpg,Western; Drama; Thriller; Drama | Thriller | Western,,hotel; small town; arizona; hunger; ranch; outlaw; shootout; black and white; train; bandit; stagecoach; based on short story; drought; 19th century,,,,Amazon Video (rent); Apple TV (rent); Google Play Movies (rent); YouTube (rent); Fandango At Home (rent); Amazon Video (buy); Apple TV (buy); Google Play Movies (buy); YouTube (buy); Fandango At Home (buy),English,United States of America,,2025-09-25T17:29:20
47 Meters Down,2017,tt2932536,403119,89,"Two sisters on Mexican vacation are trapped in a shark observation cage at the bottom of the ocean, with oxygen running low and great whites circling nearby, they have less than an hour of air left to figure out how to get to the surface.",https://image.tmdb.org/t/p/w500/2IgdRUTdHyoI3nFORcnnYEKOGIH.jpg,https://image.tmdb.org/t/p/w780/5JIdbM1SPymEge4f0pMy23Zj26m.jpg,Horror; Thriller,,sibling relationship; diving; shark attack; cage; creature; shark; trapped underwater,,,,Netflix; Amazon Prime Video; Netflix Standard with Ads; Amazon Prime Video with Ads; Amazon Video (rent); Apple TV (rent); Google Play Movies (rent); YouTube (rent); Fandango At Home (rent); Spectrum On Demand (rent); Plex (rent); Amazon Video (buy); Apple TV (buy); Google Play Movies (buy); YouTube (buy); Fandango At Home (buy),English; Spanish,Dominican Republic; United Kingdom; United States of America,47 Meters Down Collection,2025-09-25T17:29:20
47 Ronin,2013,tt1335975,64686,119,"Kai—an outcast—joins Oishi, the leader of 47 outcast samurai.  Together they seek vengeance upon the treacherous overlord who killed their master and banished their kind.  To restore honour to their homeland, the warriors embark upon a quest that challenges them with a series of trials that would destroy ordinary warriors.",https://image.tmdb.org/t/p/w500/xDHnmcroujCRG0ysYQaiswjbyHd.jpg,https://image.tmdb.org/t/p/w780/nyt0jlofZyjhRqiQkEp0cdoKaS3.jpg,Drama; Action; Fantasy; Action | Drama | Fantasy,,suicide; japan; samurai; based on true story; revenge; samurai sword; ronin; shogun; half breed; aggressive; vindictive,,,,Netflix; Starz Apple TV Channel; Netflix Standard with Ads; Amazon Video (rent); Apple TV (rent); Google Play Movies (rent); YouTube (rent); Fandango At Home (rent); Amazon Video (buy); Apple TV (buy); Google Play Movies (buy); YouTube (buy); Fandango At Home (buy),English; Japanese,Japan; United States of America; United Kingdom,47 Ronin Collection,2025-09-25T17:29:20
A Christmas Story,2019,tt10326928,606117,93,"Kat is an aspiring singer-songwriter who dreams of making it big. However, her dreams are stalled by her reality: a conniving and cruel stepfamily  and a demoralizing job working as a singing elf at billionaire Terrence Wintergarden’s Santa Land.",https://image.tmdb.org/t/p/w500/ozBX0u5caaJFli9AssqJmARb5R.jpg,https://image.tmdb.org/t/p/w780/9O79JFP9C2DY8eQ653A2gDcrwkx.jpg,Romance; Music; Comedy; Fantasy; Comedy | Fantasy | Music | Romance,,musical; christmas; christmas songs; cinderella,,,,Amazon Video (rent); Apple TV (rent); Google Play Movies (rent); YouTube (rent); Fandango At Home (rent); Amazon Video (buy); Apple TV (buy); Google Play Movies (buy); YouTube (buy); Fandango At Home (buy),English; French; Spanish,Canada; United States of America,Cinderella Story Collection,2025-09-25T17:29:21
A Cure for Wellness,2017,tt4731136,340837,146,"An ambitious young executive is sent to retrieve his company's CEO from an idyllic but mysterious ""wellness center"" at a remote location in the Swiss Alps but soon suspects that the spa's miraculous treatments are not what they seem.",https://image.tmdb.org/t/p/w500/8QWJtne0pTsNoJ86KE993aQYTLW.jpg,https://image.tmdb.org/t/p/w780/uXx9wjfJEzLlfqB8GW67SYBrhVT.jpg,Horror; Mystery; Science Fiction; Horror | Mystery | Science Fiction,,darkness; therapist; switzerland; mountain; wellness; employee; health; patient; spa; drugs; remote; swiss alps; treatment; cure; accident; wellness center; institute; incertitude; lovecraftian; bitter; derogatory; frustrated,,,,Cinemax Amazon Channel; Cinemax Apple TV Channel; Amazon Video (rent); Apple TV (rent); Google Play Movies (rent); YouTube (rent); Fandango At Home (rent); Amazon Video (buy); Apple TV (buy); Google Play Movies (buy); YouTube (buy); Fandango At Home (buy),English; German,United States of America,,2025-09-25T17:29:21
A Date With Judy,1948,tt0040271,96252,113,"Best friends Judy and Carol compete for the affection of an older man during their high school dance. As Carol tries to rekindle Judy's relationship with Carol's bumbling brother, Oogie, Judy suspects that her father is having an affair with a beautiful dance instructor. The two girls team up to expose Judy's father -- who is only taking innocent dance lessons.",https://image.tmdb.org/t/p/w500/akvjD6n3AGT4QzMvtaIi7vgHYky.jpg,https://image.tmdb.org/t/p/w780/7xGE3qlzQWrPwsKFw0u5p5N6G5m.jpg,Music; Comedy; Romance; Comedy | Music | Romance,,musical,,,,Amazon Video (rent); Apple TV (rent); Google Play Movies (rent); YouTube (rent); Fandango At Home (rent); Amazon Video (buy); Apple TV (buy); Google Play Movies (buy); YouTube (buy); Fandango At Home (buy),English,United States of America,,2025-09-25T17:29:21
A Ghost Story,1990,tt0100625,9050,104,"In this installment of a phenomenal saga of the super natural, four young people are caught in a tug-o-war of evil between an Imperial Wizard and a corrupt General. Outrageous special effects galore.",https://image.tmdb.org/t/p/w500/nPvTSZKh2OIq41g0kDw1BhBz2rw.jpg,https://image.tmdb.org/t/p/w780/9c7riUPW9E8HhybB2In62yzPdLE.jpg,Fantasy; Action; Comedy; Action | Comedy | Fantasy,,escape; rebel; minister; uprising; imperial court; spirit; demon,,,,Tubi TV; Shout! Factory TV; Plex; Plex Channel; Amazon Video (rent); Apple TV (rent); Google Play Movies (rent); YouTube (rent); Fandango At Home (rent); Amazon Video (buy); Apple TV (buy); Google Play Movies (buy); YouTube (buy); Fandango At Home (buy),Cantonese; Mandarin,Hong Kong,A Chinese Ghost Story Collection,2025-09-25T17:29:22
A Glitch in the Matrix,2021,tt9847360,696109,108,"Are we in fact living in a simulation? This is the question postulated, wrestled with, and ultimately argued for through archival footage, compelling interviews with real people shrouded in digital avatars, and a collection of cases from some of our most iconoclastic figures in contemporary culture.",https://image.tmdb.org/t/p/w500/bn0BLVadmvzq6MmJ0n97MLxGpNQ.jpg,https://image.tmdb.org/t/p/w780/5nxDn3mrdmeUHJOZi1Wfqya8Vji.jpg,Documentary,,,,,,Dox Amazon Channel; Magnolia Selects Amazon Channel; Kanopy; Hoopla; Plex Channel; Amazon Video (rent); Apple TV (rent); Google Play Movies (rent); YouTube (rent); Fandango At Home (rent); Amazon Video (buy); Apple TV (buy); Google Play Movies (buy); YouTube (buy); Fandango At Home (buy),English,United States of America,,2025-09-25T17:29:22
A Good Day to Die Hard,2013,tt1606378,47964,98,"Iconoclastic, take-no-prisoners cop John McClane, finds himself for the first time on foreign soil after traveling to Moscow to help his wayward son Jack - unaware that Jack is really a highly-trained CIA operative out to stop a nuclear weapons heist. With the Russian underworld in pursuit, and battling a countdown to war, the two McClanes discover that their opposing methods make them unstoppable heroes.",https://image.tmdb.org/t/p/w500/qJ0csDXAVFMsNn0cRcjy6W6PxAK.jpg,https://image.tmdb.org/t/p/w780/wFUkS5cnMf3I8ysIPWzIXpTsuR7.jpg,Action; Thriller; Action | Thriller,,central intelligence agency (cia); undercover agent; escape; bomb; plutonium; sequel; shootout; police detective; courthouse; safe house; nuclear weapons; undercover operation; father son reunion; rogue; chernobyl; action hero; father son conflict; father son relationship; high octane; comforting; cia agent,,,,Amazon Video (rent); Apple TV (rent); Google Play Movies (rent); YouTube (rent); Fandango At Home (rent); Amazon Video (buy); Apple TV (buy); Google Play Movies (buy); YouTube (buy); Fandango At Home (buy),English; Russian,United States of America,Die Hard Collection,2025-09-25T17:29:22
A Haunting in Venice,2023,tt22687790,945729,104,"Celebrated sleuth Hercule Poirot, now retired and living in self-imposed exile in Venice, reluctantly attends a Halloween séance at a decaying, haunted palazzo. When one of the guests is murdered, the detective is thrust into a sinister world of shadows and secrets.",https://image.tmdb.org/t/p/w500/l6iwxT0NbVw6QiF08YTIuTnXS82.jpg,https://image.tmdb.org/t/p/w780/qB9wshRySHgN2MibLOlsW6YalqD.jpg,Mystery; Thriller; Crime; Crime | Mystery | Thriller,,"based on novel or book; venice, italy; loss of loved one; detective; medium; grief; whodunit; investigator; guilt; novelist; post world war ii; murder investigation; ghost; séance; mysterious; murder mystery; spiritism; halloween night; palazzo; retired detective",,,,Hulu; Amazon Video (rent); Apple TV (rent); Google Play Movies (rent); YouTube (rent); Fandango At Home (rent); Amazon Video (buy); Apple TV (buy); Google Play Movies (buy); YouTube (buy); Fandango At Home (buy),English; French; Italian; Latin; Spanish,United Kingdom; United States of America,Hercule Poirot (Kenneth Branagh) Collection,2025-09-25T17:29:23
A Knight's Tale,2001,tt0183790,9476,133,"William Thatcher, a knight's peasant apprentice, gets a chance at glory when the knight dies suddenly mid-tournament. Posing as a knight himself, William won't stop until he's crowned tournament champion—assuming matters of the heart don't get in the way.",https://image.tmdb.org/t/p/w500/srb1XnrlDZHcdpjBKqUu4qAzxKU.jpg,https://image.tmdb.org/t/p/w780/qyzo6IgQ5qRjN9aO8ZikFtf4Ybq.jpg,Adventure; Drama; Romance; Action; Action | Adventure | Drama | Romance,,"london, england; poetry; rivalry; sword fight; knight; tournament; duel; torture; writer; impostor; church; game; jousting; medieval; aftercreditsstinger",,,,Amazon Video (rent); Apple TV (rent); Google Play Movies (rent); YouTube (rent); Fandango At Home (rent); Spectrum On Demand (rent); Amazon Video (buy); Apple TV (buy); Google Play Movies (buy); YouTube (buy); Fandango At Home (buy),English,United States of America,,2025-09-25T17:29:23
A League of Their Own,1992,tt0104694,11287,128,"As America's stock of athletic young men is depleted during World War II, a professional all-female baseball league springs up in the Midwest, funded by publicity-hungry candy maker Walter Harvey. Competitive sisters Dottie Hinson and Kit Keller spar with each other, scout Ernie Capadino and grumpy has-been coach Jimmy Dugan on their way to fame.",https://image.tmdb.org/t/p/w500/7xpFXAOjgzFPE3vyVerFGfrXhFK.jpg,https://image.tmdb.org/t/p/w780/kb2FuXGruaPA6ErjOpcifpCyPyY.jpg,Comedy; Drama; Comedy | Drama,,sports; baseball; world war ii; baseball player; female athlete; home front; woman director; 1940s,,,,Starz Apple TV Channel; Starz Roku Premium Channel; Starz; Philo; Starz Amazon Channel; Amazon Video (rent); Apple TV (rent); Google Play Movies (rent); YouTube (rent); Fandango At Home (rent); Spectrum On Demand (rent); Amazon Video (buy); Apple TV (buy); Google Play Movies (buy); YouTube (buy); Fandango At Home (buy),English,United States of America,,2025-09-25T17:29:23
A Quiet Place,2018,tt6644200,447332,91,A family is forced to live in silence while hiding from creatures that hunt by sound.,https://image.tmdb.org/t/p/w500/nAU74GmpUk7t5iklEp3bufwDq4n.jpg,https://image.tmdb.org/t/p/w780/nIrDm42dy5PaXtUAzUfPmxM4mQm.jpg,Horror; Drama; Science Fiction; Drama | Horror | Science Fiction,,pregnancy; fireworks; deaf; post-apocalyptic future; alien life-form; child in peril; creature; alien invasion; parenting; survival horror; human vs alien; sign languages,,,,fuboTV; Paramount Plus; Paramount+ Amazon Channel; Paramount+ Roku Premium Channel; YouTube TV; FXNow; Amazon Video (rent); Apple TV (rent); Google Play Movies (rent); YouTube (rent); Fandango At Home (rent); Plex (rent); Amazon Video (buy); Apple TV (buy); Google Play Movies (buy); YouTube (buy); Fandango At Home (buy),English,United States of America,A Quiet Place Collection,2025-09-25T17:29:23
A Simple Favor,2018,tt7040874,484247,117,"Stephanie, a dedicated mother and popular vlogger, befriends Emily, a mysterious upper-class woman whose son Nicky attends the same school as Miles, Stephanie's son. When Emily asks her to pick Nicky up from school and then disappears, Stephanie undertakes an investigation that will dive deep into Emily's cloudy past.",https://image.tmdb.org/t/p/w500/aIYsjQM0piKc0ibPBCTWv3sqshj.jpg,https://image.tmdb.org/t/p/w780/nb1s8r6MhDcPyMjx3sjw9rFsEP5.jpg,Thriller; Comedy; Mystery; Comedy | Crime | Thriller,,small town; based on novel or book; widow; dark comedy; female friendship; life insurance; best friend; single mother; biting; missing person; shocking; satirical; vlogger; pathetic; hilarious; audacious; bold,,,,Hulu; Amazon Video (rent); Apple TV (rent); Google Play Movies (rent); YouTube (rent); Fandango At Home (rent); Spectrum On Demand (rent); Plex (rent); Amazon Video (buy); Apple TV (buy); Google Play Movies (buy); YouTube (buy); Fandango At Home (buy),English,Canada; United States of America,A Simple Favor Collection,2025-09-25T17:29:24
A Star Is Born,2018,tt1517451,332562,136,"Seasoned musician Jackson Maine discovers — and falls in love with — struggling artist Ally. She has just about given up on her dream to make it big as a singer — until Jack coaxes her into the spotlight. But even as Ally's career takes off, the personal side of their relationship is breaking down, as Jack fights an ongoing battle with his own internal demons.",https://image.tmdb.org/t/p/w500/wrFpXMNBRj2PBiN4Z5kix51XaIZ.jpg,https://image.tmdb.org/t/p/w780/dDYpjrwh1wNVQk0rEpc9P81wQt4.jpg,Music; Drama; Romance,,concert; country music; waitress; pop star; self-destruction; talent; addiction; death of father; alcoholism; remake; aspiring singer; singer; fame; tinnitus; falling in love; insecurity; alcoholic; death of mother; aspiration; death of parent; showbiz; emotional vulnerability; hearing impaired; brother brother relationship; romantic; admiring,,,,Netflix; Netflix Standard with Ads; Amazon Video (rent); Apple TV (rent); Google Play Movies (rent); YouTube (rent); Fandango At Home (rent); Spectrum On Demand (rent); Plex (rent); Amazon Video (buy); Apple TV (buy); Google Play Movies (buy); YouTube (buy); Fandango At Home (buy),English,United States of America,,2025-09-25T17:29:24
A Walk Among the Tombstones,2014,tt0365907,169917,114,Private investigator Matthew Scudder is hired by a drug kingpin to find out who kidnapped and murdered his wife.,https://image.tmdb.org/t/p/w500/euPgyPsiNFp6gOBB7nUFxvN5ZaY.jpg,https://image.tmdb.org/t/p/w780/k23FPWl97XKpJ1oTaDyADzxWxs6.jpg,Crime; Drama; Mystery; Thriller; Crime | Drama | Mystery | Thriller,,new york city; based on novel or book; murder; private investigator; mafia; drugs; alcoholic; kingpin; wife murder; 1990s,,,,Peacock Premium; Peacock Premium Plus; Amazon Video (rent); Apple TV (rent); Google Play Movies (rent); YouTube (rent); Fandango At Home (rent); Amazon Video (buy); Apple TV (buy); Google Play Movies (buy); YouTube (buy); Fandango At Home (buy),English,United States of America,,2025-09-25T17:29:24
Abraham Lincoln: Vampire Hunter,2012,tt1611224,72331,105,"President Lincoln's mother is killed by a supernatural creature, which fuels his passion to crush vampires and their slave-owning helpers.",https://image.tmdb.org/t/p/w500/qv8deK0ZmutAuEpejruQKApIy6r.jpg,https://image.tmdb.org/t/p/w780/ei4bXNp4hBrfUEvWkp7usnQeGQP.jpg,Action; Fantasy; Horror; Action | Fantasy | Horror,,usa president; vampire; supernatural; steam locomotive; american civil war; slave owner; 19th century; abraham lincoln; axe,,,,Amazon Video (rent); Apple TV (rent); Google Play Movies (rent); YouTube (rent); Fandango At Home (rent); Amazon Video (buy); Apple TV (buy); Google Play Movies (buy); YouTube (buy); Fandango At Home (buy),English,Russia; United States of America,,2025-09-25T17:29:25
Ad Astra,2019,tt2935510,419704,123,"The near future, a time when both hope and hardships drive humanity to look to the stars and beyond. While a mysterious phenomenon menaces to destroy life on planet Earth, astronaut Roy McBride undertakes a mission across the immensity of space and its many perils to uncover the truth about a lost expedition that decades before boldly faced emptiness and silence in search of the unknown.",https://image.tmdb.org/t/p/w500/xBHvZcjRiWyobQ9kxBhO6B2dtRI.jpg,https://image.tmdb.org/t/p/w780/AeDS2MKGFy6QcjgWbJBde0Ga6Hd.jpg,Science Fiction; Drama; Drama | Science Fiction,,moon; planet mars; loss of loved one; astronaut; moon colony; solar system; solitude; spacewalk; father son relationship; near future; planet neptune; space walk,,,,fuboTV; YouTube TV; FXNow; Amazon Video (rent); Apple TV (rent); Google Play Movies (rent); YouTube (rent); Amazon Video (buy); Apple TV (buy); Google Play Movies (buy); YouTube (buy); Fandango At Home (buy),English; Norwegian,Brazil; China; United States of America,,2025-09-25T17:29:25
Admission,2013,tt1814621,144340,107,"Straitlaced Princeton University admissions officer Portia Nathan is caught off-guard when she makes a recruiting visit to an alternative high school overseen by her former classmate, the freewheeling John Pressman. Pressman has surmised that Jeremiah, his gifted yet very unconventional student, might well be the son that Portia secretly gave up for adoption many years ago.",https://image.tmdb.org/t/p/w500/f3HoCikJxypRtLJptBwvs7L7etE.jpg,https://image.tmdb.org/t/p/w780/xcPdPDl8ihjIDQW6XxnQvABEvyp.jpg,Comedy; Drama; Romance; Comedy | Drama | Romance,,adoption; princeton university; wedding; admissions; romantic dramedy; college admissions,,,,Amazon Video (rent); Apple TV (rent); Google Play Movies (rent); YouTube (rent); Fandango At Home (rent); Amazon Video (buy); Apple TV (buy); Google Play Movies (buy); YouTube (buy); Fandango At Home (buy),English,United States of America,,2025-09-25T17:29:25
Alien: Covenant,2017,tt2316204,126889,122,"The crew of the colony ship Covenant, bound for a remote planet on the far side of the galaxy, discovers what they think is an uncharted paradise but is actually a dark, dangerous world.",https://image.tmdb.org/t/p/w500/zecMELPbU5YMQpC81Z8ImaaXuf9.jpg,https://image.tmdb.org/t/p/w780/2qluV8y79LnBBHaMpwewCjQ1Htk.jpg,Horror; Science Fiction; Thriller; Horror | Science Fiction | Thriller,,android; spacecraft; experiment; space travel; infection; engineer; alien life-form; sequel; alien; space; creature; robot; scientist; genocide; creation; paranoid; acid; alien technology; genetic mutation; suspenseful; tense,,,,Hulu; HBO Max; HBO Max Amazon Channel; Amazon Video (rent); Apple TV (rent); Google Play Movies (rent); YouTube (rent); Fandango At Home (rent); Amazon Video (buy); Apple TV (buy); Google Play Movies (buy); YouTube (buy); Fandango At Home (buy),English; German,United States of America,Prometheus Collection,2025-09-25T17:29:26
Aliens,1986,tt0090605,679,137,"Ripley, the sole survivor of the Nostromo's deadly encounter with the monstrous Alien, returns to Earth after drifting through space in hypersleep for 57 years. Although her story is initially met with skepticism, she agrees to accompany a team of Colonial Marines back to LV-426.",https://image.tmdb.org/t/p/w500/r1x5JGpyqZU8PYhbs4UcrO1Xb6x.jpg,https://image.tmdb.org/t/p/w780/jMBpJFRtrtIXymer93XLavPwI3P.jpg,Action; Thriller; Science Fiction; Action | Science Fiction | Thriller,,android; space marine; extraterrestrial technology; spaceman; space travel; settler; colony; cryogenics; vacuum; space colony; warrior woman; alien; space; female protagonist; creature; desolate; female hero; aggressive; desolate planet; critical; hilarious; sinister; assertive; commanding; empathetic; exhilarated,,,,Hulu; Amazon Video (rent); Apple TV (rent); Google Play Movies (rent); YouTube (rent); Fandango At Home (rent); Spectrum On Demand (rent); Amazon Video (buy); Apple TV (buy); Google Play Movies (buy); YouTube (buy); Fandango At Home (buy),English,United States of America,Alien Collection,2025-09-25T17:29:26
American Hustle,2013,tt1800241,168672,138,"A conman and his seductive partner are forced to work for a wild FBI agent, who pushes them into a world of Jersey power-brokers and the Mafia.",https://image.tmdb.org/t/p/w500/z6O1KDhfWDTm5ZBr6Ovr0eg8LqO.jpg,https://image.tmdb.org/t/p/w780/7cJ8oTVNwnVy8Enr2g8OHv8j3OB.jpg,Drama; Crime; Crime | Drama,,new jersey; 1970s; fbi; mayor; con artist; mobster; scam; hair; century; intense; assertive; dubious,,,,Amazon Video (rent); Apple TV (rent); Google Play Movies (rent); YouTube (rent); Fandango At Home (rent); Spectrum On Demand (rent); Amazon Video (buy); Apple TV (buy); Google Play Movies (buy); YouTube (buy); Fandango At Home (buy),English,United States of America,,2025-09-25T17:29:26
American Pie,1999,tt0163651,2105,95,"At a high-school party, four friends find that losing their collective virginity isn't as easy as they had thought. But they still believe that they need to do so before college. To motivate themselves, they enter a pact to all ""score"" by their senior prom.",https://image.tmdb.org/t/p/w500/5P68by2Thn8wHAziyWGEw2O7hco.jpg,https://image.tmdb.org/t/p/w780/zoRWvvZEoYvnESG30ubQ9fWhrdk.jpg,Comedy; Romance; Comedy | Romance,,innocence; graduation; loss of virginity; coming of age; high school student; pie; teen comedy; teenage sexuality; exchange student; sex comedy; voyeurism; virginity; laxative; prom night; teenager,,,,Netflix; Netflix Standard with Ads; Amazon Video (rent); Apple TV (rent); Google Play Movies (rent); YouTube (rent); Fandango At Home (rent); Spectrum On Demand (rent); Amazon Video (buy); Apple TV (buy); Google Play Movies (buy); YouTube (buy); Fandango At Home (buy),English,United States of America,American Pie Collection,2025-09-25T17:29:27
Anchorman 2: The Legend Continues,2013,tt1229340,109443,119,"With the 70s behind him, San Diego's top rated newsman, Ron Burgundy, returns to take New York's first 24-hour news channel by storm.",https://image.tmdb.org/t/p/w500/BAdmxMdCqzjs6hx3KuEtnoWP8d.jpg,https://image.tmdb.org/t/p/w780/hYY7wC3vuwSmoRdcMalVMjPC0a0.jpg,Comedy,,journalism; language; mustache; gang warfare; aftercreditsstinger; news spoof; news; tv news anchor; cable news,,,,Paramount Plus; Paramount+ Amazon Channel; Paramount+ Roku Premium Channel; Hoopla; Amazon Video (rent); Apple TV (rent); Google Play Movies (rent); YouTube (rent); Fandango At Home (rent); Plex (rent); Amazon Video (buy); Apple TV (buy); Google Play Movies (buy); YouTube (buy); Fandango At Home (buy),English,United States of America,Anchorman Collection,2025-09-25T17:29:27
Angel Heart,1987,tt0092563,635,113,"A down-and-out Brooklyn detective is hired to track down a singer on an odyssey that will take him through the desperate streets of Harlem, the smoke-filled jazz clubs of New Orleans, and the swamps of Louisiana and its seedy underworld of voodoo.",https://image.tmdb.org/t/p/w500/h5v3wjJQNB7q2RntEnKDLhKtTFE.jpg,https://image.tmdb.org/t/p/w780/viDonz5uLmengw9RUAh3Rf65dQG.jpg,Horror; Mystery; Horror | Mystery,,"new york city; amnesia; heart; southern usa; voodoo; detective; drug addiction; new orleans, louisiana; investigation; neurosis; sanatorium; surrealism; satanist; sale of soul; pact with the devil; times square; satan; flashback; murder; vision; soul selling; psychological thriller; church; drugs; devil; incest; private detective; missing person; mephistopheles; satanic ritual; beelzebub; devil worship; faustian pact; beating heart; never aging; ceiling fan; occult detective",,,,fuboTV; Paramount Plus; Paramount+ Amazon Channel; Paramount+ Roku Premium Channel; Kanopy; Hoopla; Amazon Video (rent); Apple TV (rent); Google Play Movies (rent); YouTube (rent); Fandango At Home (rent); Amazon Video (buy); Apple TV (buy); Google Play Movies (buy); YouTube (buy); Fandango At Home (buy),English; French,Canada; United Kingdom; United States of America,,2025-09-25T17:29:27
Anna,2013,tt1715336,227700,99,"A man with the ability to enter peoples' memories takes on the case of a brilliant, troubled sixteen-year-old girl to determine whether she is a sociopath or a victim of trauma.",https://image.tmdb.org/t/p/w500/sgMGvWai7E1Ryf9IvB5m0ILS7hl.jpg,https://image.tmdb.org/t/p/w780/8I501BcjoSm9yZjb7RupSBWRiBg.jpg,Thriller; Drama; Drama | Thriller,,trauma; teenage girl; psychic; memories; accessibility; enter someone's mind,,,,Amazon Prime Video; FlixFling; Amazon Prime Video with Ads; Midnight Pulp Amazon Channel; The Roku Channel; Fandango at Home Free; Tubi TV; Pluto TV; Amazon Prime Video Free with Ads; YouTube Free; Hoopla; Plex; Plex Channel; Fawesome; Amazon Video (rent); Amazon Video (buy),English,Canada; France; Spain; United Kingdom; United States of America,,2025-09-25T17:29:28
Annabelle,2014,tt3322940,250546,99,A couple begins to experience terrifying supernatural occurrences involving a vintage doll shortly after their home is invaded by satanic cultists.,https://image.tmdb.org/t/p/w500/yLsuU2P2SpDYFwtZQ7dtfVAf6TE.jpg,https://image.tmdb.org/t/p/w780/eLPXcqgJPCEOf2cMwyTEXejRhrC.jpg,Horror,,prequel; evil doll; killer doll; spirit; demon; spin off; doll; demonic possession; ghost; killer toys; toy comes to life; the conjuring universe,,,,HBO Max; HBO Max Amazon Channel; Amazon Video (rent); Apple TV (rent); Google Play Movies (rent); YouTube (rent); Fandango At Home (rent); Plex (rent); Amazon Video (buy); Apple TV (buy); Google Play Movies (buy); YouTube (buy); Fandango At Home (buy),English,United States of America,Annabelle Collection,2025-09-25T17:29:28
Annabelle: Creation,2017,tt5140878,396422,110,"Several years after the tragic death of their little girl, a doll maker and his wife welcome a nun and several girls from a shuttered orphanage into their home, soon becoming the target of the doll maker's possessed creation—Annabelle.",https://image.tmdb.org/t/p/w500/tb86j8jVCVsdZnzf8I6cIi65IeM.jpg,https://image.tmdb.org/t/p/w780/o8u0NyEigCEaZHBdCYTRfXR8U4i.jpg,Horror,,prequel; evil doll; demon; spin off; demonic possession; ghost; aftercreditsstinger; duringcreditsstinger; the conjuring universe,,,,HBO Max; Amazon Video (rent); Apple TV (rent); Google Play Movies (rent); YouTube (rent); Fandango At Home (rent); Spectrum On Demand (rent); Plex (rent); Amazon Video (buy); Apple TV (buy); Google Play Movies (buy); YouTube (buy); Fandango At Home (buy),Spanish; English,United States of America,Annabelle Collection,2025-09-25T17:29:28
Annihilation,2018,tt2798920,300668,115,"A biologist signs up for a dangerous, secret expedition into a mysterious zone where the laws of nature don't apply.",https://image.tmdb.org/t/p/w500/4YRplSk6BhH6PRuE9gfyw9byUJ6.jpg,https://image.tmdb.org/t/p/w780/9trZvBr44UGedUOiGo3jgSUw13e.jpg,Science Fiction; Horror; Horror | Science Fiction,,depression; florida; quarantine; coma; based on novel or book; mutation; self-destruction; professor; dna; expedition; transformation; alligator; hybrid; swamp; meteor; grief; physicist; cancer; memory loss; psychologist; scientist; paramedic; missing person; mourning; beast; geologist; biologist; unusual phenomena; speculative; meditative; compound; missing husband; fauna; mysterious life form; flora; dreary; lovecraftian; absurd; ambiguous,,,,Paramount Plus; Paramount+ Amazon Channel; Paramount+ Roku Premium Channel; Kanopy; Amazon Video (rent); Apple TV (rent); Google Play Movies (rent); YouTube (rent); Fandango At Home (rent); Spectrum On Demand (rent); Plex (rent); Amazon Video (buy); Apple TV (buy); Google Play Movies (buy); YouTube (buy); Fandango At Home (buy),English,United Kingdom; United States of America,,2025-09-25T17:29:28
Antebellum,2020,tt10065694,627290,105,Successful author Veronica finds herself trapped in a horrifying reality and must uncover the mind-bending mystery before it's too late.,https://image.tmdb.org/t/p/w500/irkse1FMm9dWemwlxKJ7RINT9Iy.jpg,https://image.tmdb.org/t/p/w780/vSZOMuSfXScuxExCtxZsDIFDQCI.jpg,Horror,,civil war; strong woman; kidnapping; slavery; racism; reenactment; psychotic; hard; shocking; hostile; white supremacists; philosophical; antebellum south; authoritarian; awestruck; empathetic; enchant; enthusiastic; exhilarated; frightened; ghoulish; harsh; horrified,,,,fuboTV; YouTube TV; Amazon Video (rent); Apple TV (rent); Google Play Movies (rent); YouTube (rent); Fandango At Home (rent); Amazon Video (buy); Apple TV (buy); Google Play Movies (buy); YouTube (buy); Fandango At Home (buy),English,United States of America,,2025-09-25T17:29:29
Apocalypse Now (Final Cut),1979,tt0078788,28,147,"At the height of the Vietnam war, Captain Benjamin Willard is sent on a dangerous mission that, officially, ""does not exist, nor will it ever exist."" His goal is to locate - and eliminate - a mysterious Green Beret Colonel named Walter Kurtz, who has been leading his personal army on illegal guerrilla missions into enemy territory.",https://image.tmdb.org/t/p/w500/gQB8Y5RCMkv2zwzFHbUJX3kAhvA.jpg,https://image.tmdb.org/t/p/w780/9Qs9oyn4iE8QtQjGZ0Hp2WyYNXT.jpg,Drama; War; Drama | War,,guerrilla warfare; epic; vietnam war; journalist; mission; vietnam; vietcong; central intelligence agency (cia); cambodia; army; drug abuse; based on novel or book; secret mission; insanity; surrealism; tribe; green beret; jungle; descent into madness; brutality; riverboat; military; macabre; anti war; absurd; awestruck; commanding; distressing,,,,Fandango at Home Free; Amazon Video (rent); Apple TV (rent); Google Play Movies (rent); YouTube (rent); Fandango At Home (rent); Amazon Video (buy); Apple TV (buy); Google Play Movies (buy); YouTube (buy); Fandango At Home (buy),Khmer; English; French; Vietnamese,United States of America,,2025-09-25T17:29:29
Aquaman,2018,tt8457394,513736,77,"Aquaman must battle foes in the air, on land and in the depths of the Seven Seas, along with some help from The Justice League, to save the day.",https://image.tmdb.org/t/p/w500/vVTZLKNIkI7HyPeoFbPE3edAWaa.jpg,https://image.tmdb.org/t/p/w780/5LCwGrZM0GtpRZdSnTSX63AYuFG.jpg,Animation; Family; Action; Comedy; Adventure; Fantasy,,,,,,Amazon Video (rent); Apple TV (rent); Google Play Movies (rent); YouTube (rent); Fandango At Home (rent); Spectrum On Demand (rent); Amazon Video (buy); Apple TV (buy); Google Play Movies (buy); YouTube (buy); Fandango At Home (buy),English,United States of America,LEGO DC Comics Super Heroes Collection,2025-09-25T17:29:29
Arrival,2016,tt2543164,329865,116,"Taking place after alien crafts land around the world, an expert linguist is recruited by the military to determine whether they come in peace or are a threat.",https://image.tmdb.org/t/p/w500/x2FJsf1ElAgr63Y3PNPtJrcmpoe.jpg,https://image.tmdb.org/t/p/w780/hNCqkXbWd40eftqSdjq8TmV7Mqr.jpg,Drama; Science Fiction; Mystery; Drama | Mystery | Science Fiction,,spacecraft; extraterrestrial technology; loss; time; alien; language; female protagonist; scientist; heartbreak; based on short story; alien contact; military; alien language; linguist; first contact; communication; linguistics; time-manipulation; determinism; time manipulation,,,,Paramount Plus; Paramount+ Amazon Channel; Paramount+ Roku Premium Channel; Kanopy; Hoopla; Amazon Video (rent); Apple TV (rent); Google Play Movies (rent); YouTube (rent); Fandango At Home (rent); Plex (rent); Amazon Video (buy); Apple TV (buy); Google Play Movies (buy); YouTube (buy); Fandango At Home (buy),Mandarin; English; Russian,United States of America,,2025-09-25T17:29:30
Arthur Christmas,2011,tt1430607,51052,97,"For hundreds of years, the Claus family has delegated the title ""Santa"" to a chosen few of its members, which can be passed down upon retirement. Each Christmas, Santa and his vast army of highly trained elves produce gifts and distribute them around the world in a one-night high-tech operation. However, when one of 600 million children to receive a gift from Santa on Christmas Eve is missed, it is deemed ‘acceptable’ to all but one—Arthur Claus, the current Santa’s misfit son deemed ineligible for the title, who executes an unauthorised rookie mission to get the last present halfway around the globe before dawn on Christmas morning.",https://image.tmdb.org/t/p/w500/brELZkSbkLrcCXJ0xt5hQUMXhut.jpg,https://image.tmdb.org/t/p/w780/vFuKWgYAKzqp9jKPbVR9ZRoX824.jpg,Drama; Animation; Family; Comedy; Animation | Comedy | Drama | Family,,sleigh; elves; holiday; assistant; santa claus; wish; reindeer; family; north pole; high tech; clumsiness; duringcreditsstinger; letter to santa claus; woman director; christmas; father son relationship; brother brother relationship,,,,Amazon Video (rent); Apple TV (rent); Fandango At Home (rent); Spectrum On Demand (rent); Amazon Video (buy); Apple TV (buy); Google Play Movies (buy); YouTube (buy); Fandango At Home (buy),English; Spanish,United Kingdom; United States of America,,2025-09-25T17:29:30
"As Above, So Below",2014,tt2870612,256274,93,"When a team of explorers ventures into the uncharted maze of bones that lies beneath the streets of Paris, they embark on a journey into madness and terror.",https://image.tmdb.org/t/p/w500/oJZSajKLJkoTOzSZQN2ZwRnPwHZ.jpg,https://image.tmdb.org/t/p/w780/w2IVckABEbAZOhuuLcQRHdyI6uk.jpg,Horror; Thriller; Horror | Thriller,,"treasure; paris, france; loss of loved one; catacombs; female protagonist; scientist; archaeologist; subjective camera; found footage; adventurer; archeology; female archeologist; philosopher's stone",,,,Amazon Video (rent); Apple TV (rent); Google Play Movies (rent); YouTube (rent); Fandango At Home (rent); Amazon Video (buy); Apple TV (buy); Google Play Movies (buy); YouTube (buy); Fandango At Home (buy),English,United States of America,,2025-09-25T17:29:30
Austin Powers In Goldmember,2002,tt0295178,818,94,"The world's most shagadelic spy continues his fight against Dr. Evil. This time, the diabolical doctor and his clone, Mini-Me, team up with a new foe—'70s kingpin Goldmember. While pursuing the team of villains to stop them from world domination, Austin gets help from his dad and an old girlfriend.",https://image.tmdb.org/t/p/w500/n8V61f1v7idya4WJzGEJNoIp9iL.jpg,https://image.tmdb.org/t/p/w780/kuPpElzfYnzsCye0hF8EbJSrvwo.jpg,Comedy; Crime; Science Fiction; Comedy | Crime | Science Fiction,,gold; helicopter; sibling relationship; saving the world; submarine; asteroid; undercover; submachine gun; clone; spy; journey in the past; car journey; nightclub; laser; sumo ringer; family history; time travel; conciliation; clowning; overweight man; belgium; parody; james bond spoof; duringcreditsstinger,,,,Amazon Video (rent); Apple TV (rent); Google Play Movies (rent); YouTube (rent); Fandango At Home (rent); Spectrum On Demand (rent); Amazon Video (buy); Apple TV (buy); Google Play Movies (buy); YouTube (buy); Fandango At Home (buy),English; Japanese; German; French,United States of America,Austin Powers Collection,2025-09-25T17:29:31
Austin Powers: International Man of Mystery,1997,tt0118655,816,89,"As a swinging fashion photographer by day and a groovy British superagent by night, Austin Powers is the '60s' most shagadelic spy. But can he stop megalomaniac Dr. Evil after the bald villain freezes himself and unthaws in the '90s? With the help of sexy sidekick Vanessa Kensington, he just might.",https://image.tmdb.org/t/p/w500/5uD4dxNX8JKFjWKYMHyOsqhi5pN.jpg,https://image.tmdb.org/t/p/w780/3tSCdgdUpXmkpHtAoQJgTt1LSI0.jpg,Science Fiction; Comedy; Crime; Comedy | Crime | Science Fiction,,android; telescope; airplane; undercover; missile; spy; group therapy; time travel; penthouse apartment; judo; trapdoor; clowning; secret agent; parody; las vegas; swinging; james bond spoof; swinging 60s; duringcreditsstinger; celebratory; farcical,,,,Amazon Video (rent); Apple TV (rent); Google Play Movies (rent); YouTube (rent); Fandango At Home (rent); Amazon Video (buy); Apple TV (buy); Google Play Movies (buy); YouTube (buy); Fandango At Home (buy),English,Germany; United States of America,Austin Powers Collection,2025-09-25T17:29:31
Avengers: Age of Ultron,2015,tt2395427,99861,141,"When Tony Stark tries to jumpstart a dormant peacekeeping program, things go awry and Earth’s Mightiest Heroes are put to the ultimate test as the fate of the planet hangs in the balance. As the villainous Ultron emerges, it is up to The Avengers to stop him from enacting his terrible plans, and soon uneasy alliances and unexpected action pave the way for an epic and unique global adventure.",https://image.tmdb.org/t/p/w500/4ssDuvEDkSArWEdyBl2X5EHvYKU.jpg,https://image.tmdb.org/t/p/w780/kIBK5SKwgqIIuRKhhWrJn3XkbPq.jpg,Action; Adventure; Science Fiction; Action | Adventure | Science Fiction,,artificial intelligence (a.i.); saving the world; superhero; based on comic; sequel; vision; superhero team; creator; super villain; duringcreditsstinger; marvel cinematic universe (mcu); fictitious country; evil robot; good versus evil,,,,Disney Plus; Starz Apple TV Channel; Amazon Video (rent); Apple TV (rent); Google Play Movies (rent); YouTube (rent); Fandango At Home (rent); Amazon Video (buy); Apple TV (buy); Google Play Movies (buy); YouTube (buy); Fandango At Home (buy),English,United States of America,The Avengers Collection,2025-09-25T17:29:31
Avengers: Endgame,2019,tt4154796,299534,181,"After the devastating events of Avengers: Infinity War, the universe is in ruins due to the efforts of the Mad Titan, Thanos. With the help of remaining allies, the Avengers must assemble once more in order to undo Thanos' actions and restore order to the universe once and for all, no matter what consequences may be in store.",https://image.tmdb.org/t/p/w500/ulzhLuWrPK07P1YkdWQLZnQh1JL.jpg,https://image.tmdb.org/t/p/w780/7RyHsO4yDXtBv1zUU3mTpHeQ0d5.jpg,Adventure; Science Fiction; Action; Action | Adventure | Science Fiction,,superhero; time travel; space travel; time machine; based on comic; sequel; alien invasion; superhero team; marvel cinematic universe (mcu); alternate timeline; father daughter relationship; sister sister relationship; awestruck; powerful; vibrant,,,,Disney Plus; TNT; TBS; tru TV; Amazon Video (rent); Apple TV (rent); Google Play Movies (rent); YouTube (rent); Amazon Video (buy); Apple TV (buy); Google Play Movies (buy); YouTube (buy); Fandango At Home (buy),English; Japanese; Xhosa,United States of America,The Avengers Collection,2025-09-25T17:29:31
Baby Driver,2017,tt3890160,339403,113,"After being coerced into working for a crime boss, a young getaway driver finds himself taking part in a heist doomed to fail.",https://image.tmdb.org/t/p/w500/tYzFuYXmT8LOYASlFCkaPiAFAl0.jpg,https://image.tmdb.org/t/p/w780/oVD3ClJBoomSQHtnJPAlMfes8YD.jpg,Action; Crime; Action | Crime,,robbery; waitress; atlanta; crime boss; romance; heist; getaway car; on the run; shootout; bank robbery; getaway driver; sign languages; armed robbery; hearing impaired; joyful; urgent,,,,YouTube TV; Amazon Prime Video Free with Ads; Amazon Video (rent); Apple TV (rent); Google Play Movies (rent); YouTube (rent); Fandango At Home (rent); Spectrum On Demand (rent); Amazon Video (buy); Apple TV (buy); Google Play Movies (buy); YouTube (buy); Fandango At Home (buy),English,United Kingdom; United States of America,Baby Driver Collection,2025-09-25T17:29:32
Back to the Future,1985,tt0088763,105,116,"Eighties teenager Marty McFly is accidentally sent back in time to 1955, inadvertently disrupting his parents' first meeting and attracting his mother's romantic interest. Marty must repair the damage to history by rekindling his parents' romance and - with the help of his eccentric inventor friend Doc Brown - return to 1985.",https://image.tmdb.org/t/p/w500/vN5B5WgYscRGcQpVhHl6p9DDTP0.jpg,https://image.tmdb.org/t/p/w780/yz8QL8WFD8yj0LA5zIlNOgcHvZK.jpg,Adventure; Comedy; Science Fiction; Adventure | Comedy | Science Fiction,,flying car; race against time; clock tower; car race; lightning; guitar; inventor; journey in the past; invention; time travel; bullying; mad scientist; love; fish out of water; terrorism; teenage love; destiny; hidden identity; teenage life; changing the past or future; 1950s; suspenseful; admiring,,,,Amazon Video (rent); Apple TV (rent); Google Play Movies (rent); YouTube (rent); Fandango At Home (rent); Spectrum On Demand (rent); Amazon Video (buy); Apple TV (buy); Google Play Movies (buy); YouTube (buy); Fandango At Home (buy),English,United States of America,Back to the Future Collection,2025-09-25T17:29:32
Back to the Future Part II,1989,tt0096874,165,108,"Marty and Doc are at it again as the time-traveling duo head to 2015 to nip some McFly family woes in the bud. But things go awry thanks to bully Biff Tannen and a pesky sports almanac. In a last-ditch attempt to set things straight, Marty finds himself bound for 1955 and face to face with his teenage parents -- again.",https://image.tmdb.org/t/p/w500/YBawEsTkUZBDajKbd5LiHkmMGf.jpg,https://image.tmdb.org/t/p/w780/skQN2UMQKQnOTmwplcYMx6ZF4jS.jpg,Adventure; Comedy; Science Fiction; Adventure | Comedy | Science Fiction,,flying car; skateboarding; car race; lightning; guitar; inventor; time travel; diner; car crash; sequel; alternate history; thunderstorm; nostalgic; tunnel; high school dance; hoverboard; 2010s; playful; suspenseful; enthusiastic; exhilarated; optimistic,,,,Amazon Video (rent); Apple TV (rent); Google Play Movies (rent); YouTube (rent); Fandango At Home (rent); Spectrum On Demand (rent); Amazon Video (buy); Apple TV (buy); Google Play Movies (buy); YouTube (buy); Fandango At Home (buy),English,United States of America,Back to the Future Collection,2025-09-25T17:29:32
Back to the Future Part III,1990,tt0099088,196,119,"The final installment finds Marty digging the trusty DeLorean out of a mineshaft and looking for Doc in the Wild West of 1885. But when their time machine breaks down, the travelers are stranded in a land of spurs. More problems arise when Doc falls for pretty schoolteacher Clara Clayton, and Marty tangles with Buford Tannen.",https://image.tmdb.org/t/p/w500/crzoVQnMzIrRfHtQw0tLBirNfVg.jpg,https://image.tmdb.org/t/p/w780/vKp3NvqBkcjHkCHSGi6EbcP7g4J.jpg,Adventure; Comedy; Science Fiction; Adventure | Comedy | Science Fiction,,california; saloon; sports car; inventor; horseback riding; indian territory; locomotive; time travel; native american; mad scientist; sequel; outlaw; shootout; gunfight; train; wild west; cavalry; nostalgic; 1950s; hoverboard; playful; suspenseful; enthusiastic; exhilarated; optimistic,,,,Amazon Video (rent); Apple TV (rent); Google Play Movies (rent); YouTube (rent); Fandango At Home (rent); Amazon Video (buy); Apple TV (buy); Google Play Movies (buy); YouTube (buy); Fandango At Home (buy),English,United States of America,Back to the Future Collection,2025-09-25T17:29:33
Bad Words,2013,tt2170299,209403,89,"Forty-year-old misanthrope, Guy Trilby, enters the National Golden Quill Spelling Bee through a loophole in the rules.",https://image.tmdb.org/t/p/w500/hZo399sszo6QxEPOmqJiq5NhQeU.jpg,https://image.tmdb.org/t/p/w780/8k4RMVFTGQugzNPSnQUYiiuccf9.jpg,Comedy,,competition; satire; spelling bee; unlikely friendship; anger issues,,,,Amazon Video (rent); Apple TV (rent); Google Play Movies (rent); YouTube (rent); Fandango At Home (rent); Amazon Video (buy); Apple TV (buy); Google Play Movies (buy); YouTube (buy); Fandango At Home (buy),English,United States of America,,2025-09-25T17:29:33
Barbie,2023,tt1517268,346698,114,"Barbie and Ken are having the time of their lives in the colorful and seemingly perfect world of Barbie Land. However, when they get a chance to go to the real world, they soon discover the joys and perils of living among humans.",https://image.tmdb.org/t/p/w500/iuFNMS8U5cb6xfzi51Dbkovj7vM.jpg,https://image.tmdb.org/t/p/w780/ctMserH8g2SeOAnCw5gFjdQF8mo.jpg,Comedy; Adventure; Adventure | Comedy,,feminism; satire; patriarchy; based on toy; female protagonist; doll; fantasy world; motherhood; existentialism; woman director; mother daughter relationship; gender discrimination; secret world; audacious; sarcastic; sympathetic; matel,,,,HBO Max; HBO Max Amazon Channel; YouTube TV; Cinemax Amazon Channel; Cinemax Apple TV Channel; Amazon Video (rent); Apple TV (rent); Google Play Movies (rent); YouTube (rent); Fandango At Home (rent); Spectrum On Demand (rent); Plex (rent); Amazon Video (buy); Apple TV (buy); Google Play Movies (buy); YouTube (buy); Fandango At Home (buy),English,United Kingdom; United States of America,,2025-09-25T17:29:33
Basic Instinct,1992,tt0103772,402,128,"Catherine, a novelist with an insatiable sexual appetite, becomes a prime suspect when her boyfriend is brutally murdered -- a crime she had described in her latest story.",https://image.tmdb.org/t/p/w500/76Ts0yoHk8kVQj9MMnoMixhRWoh.jpg,https://image.tmdb.org/t/p/w780/plWyKqUIenzqFjMrs1gu7Gjygfq.jpg,Thriller; Mystery; Mystery | Thriller,,"dying and death; california; jealousy; sexual obsession; police; san francisco, california; sadism; psychopath; detective; eroticism; bisexuality; suspicion of murder; lover; striptease; celebrity; femme fatale; sociopath; dead; neo-noir; erotic thriller; manipulative woman; book writing; killed during sex; american giallo",,,,fuboTV; Paramount Plus; Paramount+ Amazon Channel; Paramount+ Roku Premium Channel; Kanopy; Amazon Video (rent); Apple TV (rent); Google Play Movies (rent); YouTube (rent); Fandango At Home (rent); Spectrum On Demand (rent); Amazon Video (buy); Apple TV (buy); Google Play Movies (buy); YouTube (buy); Fandango At Home (buy),English,United States of America; France,Basic Instinct Collection,2025-09-25T17:29:34
Batman,1989,tt0096895,268,126,"Having witnessed his parents' brutal murder as a child, millionaire philanthropist Bruce Wayne fights crime in Gotham City disguised as Batman, a costumed hero who strikes fear into the hearts of villains. But when a deformed madman known as 'The Joker' seizes control of Gotham's criminal underworld, Batman must face his most ruthless nemesis ever while protecting both his identity and his love interest, reporter Vicki Vale.",https://image.tmdb.org/t/p/w500/cij4dd21v2Rk2YtUQbV5kW69WB2.jpg,https://image.tmdb.org/t/p/w780/2va32apQP97gvUxaMnL5wYt4CRB.jpg,Fantasy; Action; Crime; Action | Crime | Fantasy,,dual identity; double life; chemical; crime fighter; superhero; villain; based on comic; vigilante; mobster; organized crime; criminal; super power; madness; vigilantism; cautionary; good versus evil,,,,HBO Max; HBO Max Amazon Channel; Amazon Video (rent); Apple TV (rent); Google Play Movies (rent); YouTube (rent); Fandango At Home (rent); Spectrum On Demand (rent); Plex (rent); Amazon Video (buy); Apple TV (buy); Google Play Movies (buy); YouTube (buy); Fandango At Home (buy),English; French,United States of America,Batman Collection,2025-09-25T17:29:34
Batman Begins,2005,tt0372784,272,140,"Driven by tragedy, billionaire Bruce Wayne dedicates his life to uncovering and defeating the corruption that plagues his home, Gotham City.  Unable to work within the system, he instead creates a new identity, a symbol of fear for the criminal underworld - The Batman.",https://image.tmdb.org/t/p/w500/sPX89Td70IDDjVr85jdSBb4rWGr.jpg,https://image.tmdb.org/t/p/w780/ew5FcYiRhTYNJAkxoVPMNlCOdVn.jpg,Drama; Crime; Action; Action | Crime | Drama,,martial arts; undercover; loss of loved one; secret identity; crime fighter; superhero; based on comic; rivalry; ninja; vigilante; tragic hero; super power; haunted by the past; evil doctor; master villain; unfulfilled love; inspirational,,,,HBO Max; HBO Max Amazon Channel; Amazon Video (rent); Apple TV (rent); Google Play Movies (rent); YouTube (rent); Fandango At Home (rent); Plex (rent); Amazon Video (buy); Apple TV (buy); Google Play Movies (buy); YouTube (buy); Fandango At Home (buy),English; Urdu; Mandarin,United Kingdom; United States of America,The Dark Knight Collection,2025-09-25T17:29:34
Batman Returns,1992,tt0103776,364,126,"The monstrous Penguin, who dwells in the sewers beneath Gotham, joins up with corrupt mayoral candidate Max Shreck to topple the Batman once and for all. But when Shreck's timid assistant Selina Kyle finds out, and Shreck tries to kill her, she's transformed into the sexy Catwoman. She teams up with the Penguin and Shreck to destroy Batman, but sparks fly unexpectedly when she confronts the caped crusader.",https://image.tmdb.org/t/p/w500/jKBjeXM7iBBV9UkUcOXx3m7FSHY.jpg,https://image.tmdb.org/t/p/w780/moYfd709S8xnb8Od2yeG5VBt9Bp.jpg,Action; Fantasy; Action | Fantasy,,double life; corruption; darkness; crime fighter; superhero; hallucination; villain; christmas tree; based on comic; revenge; vigilante; dark hero; super power; super villain; deformed; bird cage; evil circus; christmas; good versus evil,,,,HBO Max; HBO Max Amazon Channel; Amazon Video (rent); Apple TV (rent); Google Play Movies (rent); YouTube (rent); Fandango At Home (rent); Spectrum On Demand (rent); Plex (rent); Amazon Video (buy); Apple TV (buy); Google Play Movies (buy); YouTube (buy); Fandango At Home (buy),English,United States of America,Batman Collection,2025-09-25T17:29:35
Battleship,2012,tt1440129,44833,131,"When mankind beams a radio signal into space, a reply comes from ‘Planet G’, in the form of several alien crafts that splash down in the waters off Hawaii. Lieutenant Alex Hopper is a weapons officer assigned to the USS John Paul Jones, part of an international naval coalition which becomes the world's last hope for survival as they engage the hostile alien force of unimaginable strength. While taking on the invaders, Hopper must also try to live up to the potential that his brother, and his fiancée's father—an Admiral—expect of him.",https://image.tmdb.org/t/p/w500/9b0Im7SfedHiajTwzSL9zGyBI7M.jpg,https://image.tmdb.org/t/p/w780/3Ad20vujLsS73PcL2sLnY651Yby.jpg,Thriller; Action; Adventure; Science Fiction; Action | Adventure | Science Fiction | Thriller,,fight; u.s. navy; mind reading; hong kong; football (soccer); scientist; fictional war; naval; armada; battleship; naval combat; jds myoko; lost communication; taser; buoy; communications expert; joint chiefs of staff; crash landing; jet fighter pilot; navy lieutenant; permission to marry; aftercreditsstinger; naval warfare; uss missouri; based on board game,,,,Netflix; Netflix Standard with Ads; Amazon Video (rent); Apple TV (rent); Google Play Movies (rent); YouTube (rent); Fandango At Home (rent); Amazon Video (buy); Apple TV (buy); Google Play Movies (buy); YouTube (buy); Fandango At Home (buy),English; Japanese,Japan; United States of America,,2025-09-25T17:29:35
Baywatch,2017,tt1469304,339846,116,"Devoted lifeguard Mitch Buchannon butts heads with a brash new recruit. Together, they uncover a local criminal plot that threatens the future of the Bay.",https://image.tmdb.org/t/p/w500/6HE4xd8zloDqmjMZuhUCCw2UcY1.jpg,https://image.tmdb.org/t/p/w780/6QmX2BDVr1hIOIPHqnxvp1C1ZZp.jpg,Comedy; Action; Crime; Action | Comedy | Crime,,drug dealer; sea; beach; yacht; life-saver; lifeguard; rookie; vigilantism,,,,Amazon Video (rent); Apple TV (rent); Google Play Movies (rent); YouTube (rent); Fandango At Home (rent); Amazon Video (buy); Apple TV (buy); Google Play Movies (buy); YouTube (buy); Fandango At Home (buy),English,United States of America,,2025-09-25T17:29:35
Beauty and the Beast,2017,tt2771200,321612,129,A live-action adaptation of Disney's version of the classic tale of a cursed prince and a beautiful young woman who helps him break the spell.,https://image.tmdb.org/t/p/w500/hKegSKIDep2ewJWPUQD7u0KqFIp.jpg,https://image.tmdb.org/t/p/w780/uU1Mt4JWhDvl4vKb3AfxNsorkoM.jpg,Family; Fantasy; Romance; Adventure,,france; magic; fairy tale; transformation; cartoon; castle; musical; remake; curse; creature; 18th century; beast; live action and animation; live action remake; fairy-tale adaptation,,,,Disney Plus; Amazon Video (rent); Apple TV (rent); Google Play Movies (rent); YouTube (rent); Fandango At Home (rent); Amazon Video (buy); Apple TV (buy); Google Play Movies (buy); YouTube (buy); Fandango At Home (buy),English; French,United States of America,,2025-09-25T17:29:35
Behind Enemy Lines,2001,tt0159273,8007,106,"While flying a routine reconnaissance mission over Bosnia, fighter pilot Lt. Chris Burnett photographs something he wasn't supposed to see and gets shot down behind enemy lines, where he must outrun an army led by a ruthless Serbian general. With time running out and a deadly tracker on his trail, Burnett's commanding officer, Admiral Reigart, decides to risk his career and launch a renegade rescue mission to save his life.",https://image.tmdb.org/t/p/w500/fZReMWU3zszvaktDUqOoWCzHssZ.jpg,https://image.tmdb.org/t/p/w780/dDysbNQipEnh2xFr8o3MPmjDkfg.jpg,Action; Drama; Thriller; War; Action | Drama | Thriller | War,,sniper; war crimes; bosnia and herzegovina; rescue mission; u.s. navy; based on true story; north atlantic treaty organization (nato); naval officer; bosnian war (1992-95); serbian; atrocity; combat; behind enemy lines; jet fighter pilot; mine field; hunted; jet crash; aircraft carrier; reconnaissance; mass grave; marines; enemy territory; naval flight officer; navy pilot; running for one's life; no fly zone,,,,Amazon Prime Video; YouTube TV; Amazon Prime Video with Ads; Amazon Video (rent); Apple TV (rent); Google Play Movies (rent); YouTube (rent); Fandango At Home (rent); Amazon Video (buy); Apple TV (buy); Google Play Movies (buy); YouTube (buy); Fandango At Home (buy),Czech; English; Spanish; Serbo-Croatian,United States of America,Behind Enemy Lines Collection,2025-09-25T17:29:36
Beverly Hills Cop,1984,tt0086960,90,105,"Fast-talking, quick-thinking Detroit street cop Axel Foley has bent more than a few rules and regs in his time, but when his best friend is murdered, he heads to sunny Beverly Hills to work the case like only he can.",https://image.tmdb.org/t/p/w500/eBJEvKkhQ0tUt1dBAcTEYW6kCle.jpg,https://image.tmdb.org/t/p/w780/tKi5HYDSuxP4I26fxyF2UVvAtLa.jpg,Comedy; Crime; Action; Action | Comedy | Crime,,"showdown; drug smuggling; undercover; cocaine; strip club; gunfight; mansion; los angeles, california; foot chase; art gallery; detroit, michigan; warehouse; childhood friends; murder investigation; beverly hills; black cop; buddy cop; buddy comedy; country club; maverick cop; narcotics detective; damsel in distress; bar fight; bearer bonds; mischievous; detective comedy; food delivery; absurd; hilarious",,,,AMC Plus Apple TV Channel; AMC+ Amazon Channel; AMC+ Roku Premium Channel; YouTube TV; AMC; Philo; Tubi TV; Kanopy; Hoopla; Amazon Video (rent); Apple TV (rent); Google Play Movies (rent); YouTube (rent); Fandango At Home (rent); Spectrum On Demand (rent); Amazon Video (buy); Apple TV (buy); Google Play Movies (buy); YouTube (buy); Fandango At Home (buy),English,United States of America,Beverly Hills Cop Collection,2025-09-25T17:29:36
Big Eyes,2014,tt1126590,87093,106,"In the late 1950s and early '60s, artist Walter Keane achieves unbelievable fame and success with portraits of saucer-eyed waifs. However, no one realizes that his wife, Margaret, is the real painter behind the brush. Although Margaret is horrified to learn that Walter is passing off her work as his own, she is too meek to protest too loudly. It isn't until the Keanes' marriage comes to an end and a lawsuit follows that the truth finally comes to light.",https://image.tmdb.org/t/p/w500/203HAjJcLMl7xThcTqZx4zmEGcV.jpg,https://image.tmdb.org/t/p/w780/zJeYB7rX1kg5kVmzB0kxbvxmYOl.jpg,Drama,,"husband wife relationship; court case; hawaii; painting; artist; biography; based on true story; honolulu, hawaii; jehovah's witness; 1950s; 1960s",,,,Cinemax Amazon Channel; Cinemax Apple TV Channel; Plex Channel; Amazon Video (rent); Apple TV (rent); Google Play Movies (rent); YouTube (rent); Fandango At Home (rent); Amazon Video (buy); Apple TV (buy); Google Play Movies (buy); YouTube (buy); Fandango At Home (buy),Italian; English; French,United States of America,,2025-09-25T17:29:36
Big Hero 6,2014,tt2245084,177572,102,"A special bond develops between plus-sized inflatable robot Baymax, and prodigy Hiro Hamada, who team up with a group of friends to form a band of high-tech heroes.",https://image.tmdb.org/t/p/w500/2mxS4wUimwlLmI1xp6QW6NSU361.jpg,https://image.tmdb.org/t/p/w780/4s2d3xdyqotiVNHTlTlJjrr3q0H.jpg,Adventure; Family; Animation; Action; Comedy; Action | Adventure | Animation | Comedy | Family,,"friendship; martial arts; hero; sibling relationship; san francisco, california; superhero; talent; cartoon; villain; based on comic; coming of age; revenge; tokyo, japan; best friend; another dimension; robot; east asian lead; boy genius; super villain; aftercreditsstinger; villain arrested; supervillain; moral dilemma; teen superhero; dead brother; hopeful",,,,Disney Plus; Amazon Video (rent); Apple TV (rent); Google Play Movies (rent); YouTube (rent); Fandango At Home (rent); Amazon Video (buy); Apple TV (buy); Google Play Movies (buy); YouTube (buy); Fandango At Home (buy),English,United States of America,,2025-09-25T17:29:37
Big Trouble In Little China,1986,tt0090728,6978,100,"Truck driver Jack Burton gets embroiled in a supernatural battle when his best friend Wang Chi's green-eyed fiancée is kidnapped by henchmen of the sorcerer Lo Pan, who must marry a girl with green eyes in order to return to the human realm.",https://image.tmdb.org/t/p/w500/aeGy6SZua7eFXEZP9zAvrLkkbI2.jpg,https://image.tmdb.org/t/p/w780/mAxA5ltgqNXLXlm7PO5XrWSo9U1.jpg,Action; Comedy; Fantasy; Adventure; Action | Adventure | Comedy | Fantasy,,"martial arts; kung fu; magic; san francisco, california; kidnapping; chinatown; mercenary; mythology; truck driver; adventurer; 1980s; fantasy; absurd; amused; awestruck; exhilarated",,,,Amazon Video (rent); Apple TV (rent); Google Play Movies (rent); YouTube (rent); Fandango At Home (rent); Amazon Video (buy); Apple TV (buy); Google Play Movies (buy); YouTube (buy); Fandango At Home (buy),English; Cantonese,United States of America,,2025-09-25T17:29:37
Birdman,2015,tt5130912,435092,13,"A portrait of Robert, a troubled but poetic soul struggling with his purgatorial existence in a hackney scrapyard.",https://image.tmdb.org/t/p/w500/9n0u3Ee7OUjgeyF5kIwahxkf4xm.jpg,https://image.tmdb.org/t/p/w780/xVIHZXRFnImt0z88PWsUNH9EPq7.jpg,Documentary,,short film,,,,,English,United Kingdom,,2025-09-25T17:29:37
Birds of Prey and the Fantabulous Emancipation of One Harley Quinn,2020,tt7713068,495764,109,"Harley Quinn joins forces with a singer, an assassin and a police detective to help a young girl who had a hit placed on her after she stole a rare diamond from a crime lord.",https://image.tmdb.org/t/p/w500/h4VB6m0RwcicVEZvzftYZyKXs6K.jpg,https://image.tmdb.org/t/p/w780/uozb2VeD87YmhoUP1RrGWfzuCrr.jpg,Action; Crime; Action | Crime,,police; pickpocket; chase; psychopath; superhero; nightclub; gang leader; based on comic; breaking the fourth wall; betrayal; vigilante; mobster; organized crime; shootout; female protagonist; orphan; criminal; police officer; police detective; spin off; death of family; crime family; female police officer; woman director; hand to hand combat; vigilantism; dc extended universe (dceu); supernatural power; betrayal of trust; vigilante justice; grand; hilarious; amused; audacious,,,,HBO Max; HBO Max Amazon Channel; YouTube TV; Cinemax Amazon Channel; TNT; TBS; tru TV; Cinemax Apple TV Channel; Amazon Video (rent); Apple TV (rent); Google Play Movies (rent); YouTube (rent); Fandango At Home (rent); Plex (rent); Amazon Video (buy); Apple TV (buy); Google Play Movies (buy); YouTube (buy); Fandango At Home (buy),English,United States of America,,2025-09-25T17:29:38
Black Mass,2015,tt1355683,261023,123,"The true story of Whitey Bulger, the brother of a state senator and the most infamous violent criminal in the history of South Boston, who became an FBI informant to take down a Mafia family invading his turf.",https://image.tmdb.org/t/p/w500/zfwciv4LIJkNQsfuhYGv0Nkiweg.jpg,https://image.tmdb.org/t/p/w780/QOD3qMHtj7DlxN1W6jemFVyxlV.jpg,Drama; Crime; History; Crime | Drama | History,,"prostitute; corruption; boston, massachusetts; gangster; fbi; senator; based on true story; irish mob; beaten to death; pay phone; murder; organized crime; extortion; brutality; informant; illness; 1980s",,,,Amazon Video (rent); Apple TV (rent); Google Play Movies (rent); YouTube (rent); Fandango At Home (rent); Amazon Video (buy); Apple TV (buy); Google Play Movies (buy); YouTube (buy); Fandango At Home (buy),English,United Kingdom; United States of America,,2025-09-25T17:29:38
Black Swan,2010,tt0947798,44214,109,"The story of Nina, a ballerina in a New York City ballet company whose life, like all those in her profession, is completely consumed with dance. She lives with her retired ballerina mother Erica who zealously supports her daughter's professional ambition. When artistic director Thomas Leroy decides to replace prima ballerina Beth MacIntyre for the opening production of their new season, Swan Lake, Nina is his first choice.",https://image.tmdb.org/t/p/w500/viWheBd44bouiLCHgNMvahLThqx.jpg,https://image.tmdb.org/t/p/w780/qxTw8OKJLRX1Xb5nR5CcIDnLKoq.jpg,Drama; Thriller; Horror; Drama | Horror | Thriller,,new york city; dancing; dancer; nightmare; competition; obsession; insanity; paranoia; hallucination; ballet dancer; ballet; female protagonist; psychological thriller; fear; heartbreak; mental illness; madness; reality vs fantasy; swan lake; ballerina; stage performance; mysterious; aggressive; self-harm; complex; mother daughter relationship; self destructiveness; theater; provocative; suspenseful; intense; pointe shoes; ambiguous; antagonistic; distressing; exhilarated; frightened,,,,Hulu; Amazon Video (rent); Apple TV (rent); Google Play Movies (rent); YouTube (rent); Fandango At Home (rent); Amazon Video (buy); Apple TV (buy); Google Play Movies (buy); YouTube (buy); Fandango At Home (buy),English; French; Italian,United States of America,,2025-09-25T17:29:38
Blackhat,2015,tt2717822,201088,133,"Nicholas Hathaway, a furloughed convict, and his American and Chinese partners hunt a high-level cybercrime network from Chicago to Los Angeles to Hong Kong to Jakarta. As Hathaway closes in, the stakes become personal as he discovers that the attack on a Chinese nuclear power plant was just the beginning.",https://image.tmdb.org/t/p/w500/7zu6HPnKPjNA7NuR4DGRdaH0PdX.jpg,https://image.tmdb.org/t/p/w780/1u7TuvR5mSUz2xRQhz01i75IwdT.jpg,Crime; Thriller; Action; Action | Crime | Thriller,,race against time; computer; hacker; computer virus; technology; anti hero; nuclear power plant; national security agency (nsa); malaysia; betrayal; fugitive; on the run; conspiracy; shootout; hacking; terrorism; cat and mouse; one against many; terrorist plot; stock exchange; cybercrime; cyber terrorism; chinese military; cyber thriller,,,,Amazon Prime Video; Amazon Prime Video with Ads; Amazon Video (rent); Apple TV (rent); Google Play Movies (rent); YouTube (rent); Fandango At Home (rent); Amazon Video (buy); Apple TV (buy); Google Play Movies (buy); YouTube (buy); Fandango At Home (buy),Mandarin; German; Spanish; English; Italian; Indonesian; Cantonese,United States of America,,2025-09-25T17:29:39
Blair Witch,1999,tt0185937,2667,81,"In October of 1994 three student filmmakers disappeared in the woods near Burkittsville, Maryland, while shooting a documentary. A year later their footage was found.",https://image.tmdb.org/t/p/w500/9050VGrYjYrEjpOvDZVAngLbg1f.jpg,https://image.tmdb.org/t/p/w780/xpTHHojJnJQgavgMw5OQYUzuNIU.jpg,Horror; Mystery; Horror | Mystery,,witch; legend; camping; map; supernatural; wilderness; forest; maryland; paranormal; friends; survival; urban legend; fear; witchcraft; evil; found footage; videotape; hopeless; lost in the woods; mokumentary,,,,fuboTV; NBC; Plex Channel; Amazon Video (rent); Google Play Movies (rent); YouTube (rent); Fandango At Home (rent); Spectrum On Demand (rent); Amazon Video (buy); Apple TV (buy); Google Play Movies (buy); YouTube (buy); Fandango At Home (buy),English,United States of America,Blair Witch Collection,2025-09-25T17:29:39
Blockers,2018,tt2531344,437557,102,"When three parents discover that each of their daughters have a pact to lose their virginity at prom, they launch a covert one-night operation to stop the teens from sealing the deal.",https://image.tmdb.org/t/p/w500/uvlUQXg0AlpGzKukO11K7QtW3Yu.jpg,https://image.tmdb.org/t/p/w780/bStCGzVYFrKxtOyThKkqgI8gjgE.jpg,Comedy,,parent child relationship; loss of virginity; house party; prom; teenage girl; teen comedy; teenage sexuality; woman director; prom night; mid-life crisis; teenager,,,,Amazon Video (rent); Apple TV (rent); Google Play Movies (rent); YouTube (rent); Fandango At Home (rent); Spectrum On Demand (rent); Amazon Video (buy); Apple TV (buy); Google Play Movies (buy); YouTube (buy); Fandango At Home (buy),English,China; Japan; United States of America,,2025-09-25T17:29:39
Blow,2001,tt0221027,4133,124,"A boy named George Jung grows up in a struggling family in the 1950's. His mother nags at her husband as he is trying to make a living for the family. It is finally revealed that George's father cannot make a living and the family goes bankrupt. George does not want the same thing to happen to him, and his friend Tuna, in the 1960's, suggests that he deal marijuana. He is a big hit in California in the 1960's, yet he goes to jail, where he finds out about the wonders of cocaine. As a result, when released, he gets rich by bringing cocaine to America. However, he soon pays the price.",https://image.tmdb.org/t/p/w500/yYZFVfk8aeMP4GxBSU9MTvqs9mJ.jpg,https://image.tmdb.org/t/p/w780/v3ClsT59peXyGJ4XuDvIQAPwcZy.jpg,Crime; Drama; Crime | Drama,,drug smuggling; war on drugs; drug trafficking; 1970s; drug addiction; rise and fall; cautionary; factual; dramatic; suspenseful; intense,,,,Netflix; Netflix Standard with Ads; Amazon Video (rent); Apple TV (rent); Google Play Movies (rent); YouTube (rent); Fandango At Home (rent); Amazon Video (buy); Apple TV (buy); Google Play Movies (buy); YouTube (buy); Fandango At Home (buy),English,United States of America,,2025-09-25T17:29:39
Bohemian Rhapsody,2018,tt1727824,424694,135,"Singer Freddie Mercury, guitarist Brian May, drummer Roger Taylor and bass guitarist John Deacon take the music world by storm when they form the rock 'n' roll band Queen in 1970. Hit songs become instant classics. When Mercury's increasingly wild lifestyle starts to spiral out of control, Queen soon faces its greatest challenge yet – finding a way to keep the band together amid the success and excess.",https://image.tmdb.org/t/p/w500/lHu1wtNaczFPGFDTrjCSzeLPTKN.jpg,https://image.tmdb.org/t/p/w780/7mmXWuBeNJiBO0NIOUWOuFve4Tb.jpg,Music; Drama; Drama | Music,,"london, england; aids; musician; 1970s; biography; based on true story; singer; hiv; male homosexuality; fame; rock band; lgbt; 1980s; wonder; gay theme",,,,fuboTV; YouTube TV; FXNow; Amazon Video (rent); Apple TV (rent); Google Play Movies (rent); YouTube (rent); Fandango At Home (rent); Amazon Video (buy); Apple TV (buy); Google Play Movies (buy); YouTube (buy); Fandango At Home (buy),English,United Kingdom; United States of America,,2025-09-25T17:29:40
Bombshell,2019,tt0023825,43601,96,"A glamorous film star rebels against the studio, her pushy press agent and a family of hangers-on.",https://image.tmdb.org/t/p/w500/dFWEo4b1kxu997TFetFDjk1RwJm.jpg,https://image.tmdb.org/t/p/w780/6o06tJsEqLziirSSuJt3Vk5y2KZ.jpg,Comedy; Romance; Comedy | Romance,,newspaper; publicity; paparazzi; celebrity; hollywood; screwball comedy; pre-code; movie star; press agent; tabloid reporter; publicity stunt; old hollywood; blonde bombshell; publicity agent,,,,Amazon Video (rent); Apple TV (rent); Google Play Movies (rent); YouTube (rent); Fandango At Home (rent); Amazon Video (buy); Apple TV (buy); Google Play Movies (buy); YouTube (buy); Fandango At Home (buy),English,United States of America,,2025-09-25T17:29:40
Book Club,2023,tt18260564,1010826,89,"Eight horror-loving friends fight for their lives when a killer clown who seems to know the grim secret they share begins to pick them off, one by one.",https://image.tmdb.org/t/p/w500/zZH0sAUV0nfEEDBUdWBMLjs2XnN.jpg,https://image.tmdb.org/t/p/w780/vFO8UEsVyVbtRPWIDOwZ28MZzbs.jpg,Horror; Thriller; Horror | Thriller,,based on novel or book; slasher; killer clown,,,,Netflix; Netflix Standard with Ads,Spanish,Spain,,2025-09-25T17:29:40
Boyhood,2014,tt1065073,85350,166,"The film tells a story of a divorced couple trying to raise their young son. The story follows the boy for twelve years, from first grade at age 6 through 12th grade at age 17-18, and examines his relationship with his parents as he grows.",https://image.tmdb.org/t/p/w500/2BvtvDUyxiMJ4dmKfiQf4qdOHQN.jpg,https://image.tmdb.org/t/p/w780/Ac2s9RJEi1ZeaQopoLsqlsmWQmx.jpg,Drama,,high school; family's daily life; college; urban life; coming of age; growing up; domestic abuse; parenting; divorce; family; nostalgic; divorced parents; abusive husband; teenager,,,,Hulu; AMC Plus Apple TV Channel; AMC+ Amazon Channel; AMC+; Criterion Channel; Philo; MUBI; MUBI Amazon Channel; Pluto TV; Kanopy; Plex; Plex Channel; Amazon Video (rent); Apple TV (rent); Google Play Movies (rent); YouTube (rent); Fandango At Home (rent); Amazon Video (buy); Apple TV (buy); Google Play Movies (buy); YouTube (buy); Fandango At Home (buy),Spanish; English,United States of America,,2025-09-25T17:29:41
Brahms: The Boy II,2020,tt9173418,555974,86,"After a family moves into the Heelshire Mansion, their young son soon makes friends with a life-like doll called Brahms.",https://image.tmdb.org/t/p/w500/swTC1DSZcvdxTOzmAKrtoUUPiDW.jpg,https://image.tmdb.org/t/p/w780/jeiVmutYPZyQRSYk7OvyWENGIrA.jpg,Horror; Mystery; Thriller; Horror | Mystery | Thriller,,country house; murder; mansion; home invasion; doll,,,,Amazon Video (rent); Fandango At Home (rent); Amazon Video (buy); Fandango At Home (buy),Spanish; English,Australia; Canada; China; United States of America,The Boy Collection,2025-09-25T17:29:41
Braveheart,1995,tt0112573,197,177,"Enraged at the slaughter of Murron, his new bride and childhood love, Scottish warrior William Wallace slays a platoon of the local English lord's soldiers. This leads the village to revolt and, eventually, the entire country to rise up against English rule.",https://image.tmdb.org/t/p/w500/or1gBugydmjToAEq7OZY0owwFk.jpg,https://image.tmdb.org/t/p/w780/8lBcqakI3F19NWkXdqE0M8W76b9.jpg,Action; Drama; History; War; Action | Drama | History | War,,epic; england; scotland; loss of loved one; idealism; based on true story; medieval; war; grand; intense,,,,fuboTV; MGM+ Amazon Channel; Starz Apple TV Channel; MGM Plus Roku Premium Channel; YouTube TV; MGM Plus; Philo; Amazon Video (rent); Apple TV (rent); Google Play Movies (rent); YouTube (rent); Fandango At Home (rent); Spectrum On Demand (rent); Amazon Video (buy); Apple TV (buy); Google Play Movies (buy); YouTube (buy); Fandango At Home (buy),English; French; Latin; Gaelic,United States of America,Braveheart Collection,2025-09-25T17:29:41
Breakfast At Tiffany's,1961,tt0054698,164,115,"Holly Golightly is an eccentric New York City playgirl determined to marry a Brazilian millionaire. But when young writer Paul Varjak moves into her apartment building, her past threatens to get in their way.",https://image.tmdb.org/t/p/w500/79xm4gXw4l7A5D0XukUOJRocFYQ.jpg,https://image.tmdb.org/t/p/w780/jXZ2tyJl44yKvh22I6ooQwU5rFM.jpg,Comedy; Romance; Drama; Comedy | Drama | Romance,,new york city; love of one's life; broken engagement; cat; store window; cigarette; free spirit; writer; millionaire; jewelry store; gold digger; older woman younger man relationship; kept man; rich woman; best friends; yellowface; romantic; amused,,,,Kanopy; Hoopla; Amazon Video (rent); Apple TV (rent); Google Play Movies (rent); YouTube (rent); Fandango At Home (rent); Amazon Video (buy); Apple TV (buy); Google Play Movies (buy); YouTube (buy); Fandango At Home (buy),English; Portuguese,United States of America,,2025-09-25T17:29:42
Bridge of Spies,2015,tt3682448,296098,141,"During the Cold War, the Soviet Union captures U.S. pilot Francis Gary Powers after shooting down his U-2 spy plane. Sentenced to 10 years in prison, Powers' only hope is New York lawyer James Donovan, recruited by a CIA operative to negotiate his release. Donovan boards a plane to Berlin, hoping to win the young man's freedom through a prisoner exchange. If all goes well, the Russians would get Rudolf Abel, the convicted spy who Donovan defended in court.",https://image.tmdb.org/t/p/w500/fmOOjHAQzxr0c1sfcY4qkiSRBH6.jpg,https://image.tmdb.org/t/p/w780/ncWUcY7ihZ2co7vqUCHqwF6t9us.jpg,Thriller; Drama; Drama | Thriller,,central intelligence agency (cia); spy; cold war; soviet union; pilot; lawyer; american; courtroom; russian spy; legal drama,,,,fuboTV; Amazon Video (rent); Apple TV (rent); Google Play Movies (rent); YouTube (rent); Fandango At Home (rent); Amazon Video (buy); Apple TV (buy); Google Play Movies (buy); YouTube (buy); Fandango At Home (buy),Russian; English; German,India; United States of America; Germany,,2025-09-25T17:29:42
Brightburn,2019,tt7752126,531309,91,"What if a child from another world crash-landed on Earth, but instead of becoming a hero to mankind, he proved to be something far more sinister?",https://image.tmdb.org/t/p/w500/sJWwkYc9ajwnPRSkqj8Aue5JbKz.jpg,https://image.tmdb.org/t/p/w780/uHEI6v8ApQusjbaRZ8o7WcLYeWb.jpg,Horror; Science Fiction; Horror | Mystery | Science Fiction | Thriller,,"husband wife relationship; countryside; child murder; country life; kansas, usa; super power; super villain; father son relationship; mother son relationship",,,,fuboTV; Peacock Premium; Starz Apple TV Channel; NBC; USA Network; Peacock Premium Plus; Amazon Video (rent); Apple TV (rent); Google Play Movies (rent); YouTube (rent); Fandango At Home (rent); Amazon Video (buy); Apple TV (buy); Google Play Movies (buy); YouTube (buy); Fandango At Home (buy),English,United States of America,,2025-09-25T17:29:42
Bros,2022,tt9731598,614939,115,Two emotionally unavailable men attempt a relationship.,https://image.tmdb.org/t/p/w500/6iFBzZ3LjmlE83pHok03Z9QPkAB.jpg,https://image.tmdb.org/t/p/w780/mezKuuKtAKPENnAVlT3TghkMACv.jpg,Comedy; Romance; Comedy | Romance,,chocolate; screenwriter; museum; romcom; lgbt; emotional vulnerability; gay pride; pride parade; investment banker; gay romance; emotional breakdown; gay theme; gay relationship,,,,Peacock Premium; Starz Apple TV Channel; YouTube TV; Peacock Premium Plus; Fandango at Home Free; Amazon Video (rent); Apple TV (rent); Google Play Movies (rent); YouTube (rent); Fandango At Home (rent); Spectrum On Demand (rent); Amazon Video (buy); Apple TV (buy); Google Play Movies (buy); YouTube (buy); Fandango At Home (buy),English,United States of America,,2025-09-25T17:29:42
Bullet Train,2025,tt33452974,1276073,137,"When panic erupts on a Tokyo-bound bullet train that will explode if it slows below 100 kph, authorities race against time to save everyone on board.",https://image.tmdb.org/t/p/w500/jmzxlDBwgvRbpPJzNQwizyn9UEn.jpg,https://image.tmdb.org/t/p/w780/Zes06xI18u47pblwRGTtqRm0R8.jpg,Action; Thriller; Crime; Drama; Action | Crime | Drama | Thriller,,japan; police; bomb; remake; train; criminal; reboot; based on movie; frantic; high speed; didactic; gloomy; shinkansen,,,,Netflix; Netflix Standard with Ads,Japanese,Japan,,2025-09-25T17:29:43
Bumblebee,2018,tt4701182,424783,113,"On the run in the year 1987, Bumblebee finds refuge in a junkyard in a small Californian beach town. Charlie, on the cusp of turning 18 and trying to find her place in the world, discovers Bumblebee, battle-scarred and broken.  When Charlie revives him, she quickly learns this is no ordinary yellow VW bug.",https://image.tmdb.org/t/p/w500/fw02ONlDhrYjTSZV8XO6hhU3ds3.jpg,https://image.tmdb.org/t/p/w780/hMANgfPHR1tRObNp2oPiOi9mMlz.jpg,Action; Adventure; Science Fiction; Action | Adventure | Science Fiction,,technology; based on toy; robot; spin off; duringcreditsstinger; 1980s; adoring,,,,fuboTV; Paramount Plus; Paramount+ Amazon Channel; Paramount+ Roku Premium Channel; YouTube TV; FXNow; Amazon Video (rent); Apple TV (rent); Google Play Movies (rent); YouTube (rent); Fandango At Home (rent); Plex (rent); Amazon Video (buy); Apple TV (buy); Google Play Movies (buy); YouTube (buy); Fandango At Home (buy),English,China; United States of America,,2025-09-25T17:29:43
Buried,2010,tt1462758,26388,95,Paul is a U.S. truck driver working in Iraq. After an attack by a group of Iraqis he wakes to find he is buried alive inside a coffin. With only a lighter and a cell phone it's a race against time to escape this claustrophobic death trap.,https://image.tmdb.org/t/p/w500/splPNB0vAoNlb8l5WYxz2E3FK2G.jpg,https://image.tmdb.org/t/p/w780/3GrCggVsUD3DT6UyyuB5Xdx3Sma.jpg,Drama; Thriller; Mystery; Drama | Mystery | Thriller,,race against time; isolation; coffin; buried alive; survival; terrorism; cell phone; desert; survival horror; aftercreditsstinger; captivity; confined,,,,Amazon Prime Video; fuboTV; Amazon Prime Video with Ads; MovieSphere+ Amazon Channel; Fandango at Home Free; Tubi TV; Amazon Prime Video Free with Ads; Plex; Plex Channel; Amazon Video (rent); Google Play Movies (rent); YouTube (rent); Fandango At Home (rent); Amazon Video (buy); Apple TV (buy); Google Play Movies (buy); YouTube (buy); Fandango At Home (buy),English,France; Spain; United States of America,,2025-09-25T17:29:43
Cadillac Records,2008,tt1042877,14299,109,"The story of sex, violence, race and rock and roll in 1950s Chicago, and the exciting but turbulent lives of some of America's musical legends, including Muddy Waters, Leonard Chess, Little Walter, Howlin' Wolf, Etta James and Chuck Berry.",https://image.tmdb.org/t/p/w500/u2GtllItFwaXMLj4uCeKYt9wf4l.jpg,https://image.tmdb.org/t/p/w780/ubgl0v0crnOGYPGkR2hhIwv7Chm.jpg,Drama; History; Music; Drama | History | Music,,"chicago, illinois; woman director; music",,,,Amazon Video (rent); Apple TV (rent); Google Play Movies (rent); YouTube (rent); Fandango At Home (rent); Spectrum On Demand (rent); Amazon Video (buy); Apple TV (buy); Google Play Movies (buy); YouTube (buy); Fandango At Home (buy),English,United States of America,,2025-09-25T17:29:44
Call Me By Your Name,2017,tt5726616,398818,132,"In the summer of 1983, a 17-year-old Elio spends his days in his family's villa in Italy. One day Oliver, a graduate student, arrives to assist Elio's father, a professor of Greco-Roman culture. Soon, Elio and Oliver discover a summer that will alter their lives forever.",https://image.tmdb.org/t/p/w500/mZ4gBdfkhP9tvLH1DO4m4HYtiyi.jpg,https://image.tmdb.org/t/p/w780/zvOJawrnmgK0sL293mOXOdLvTXQ.jpg,Romance; Drama; Drama | Romance,,based on novel or book; upper class; italy; swimming pool; coming of age; love; breaking the fourth wall; summer; teenage boy; masturbation; first love; lgbt; jewish family; 1980s; gay theme,,,,Hulu; Tubi TV; Amazon Video (rent); Apple TV (rent); Google Play Movies (rent); YouTube (rent); Fandango At Home (rent); Amazon Video (buy); Apple TV (buy); Google Play Movies (buy); YouTube (buy); Fandango At Home (buy),French; English; Italian,Brazil; France; Italy; United States of America,Call Me by Your Name Collection,2025-09-25T17:29:44
Captain America: Civil War,2016,tt3498820,271110,147,"Following the events of Age of Ultron, the collective governments of the world pass an act designed to regulate all superhuman activity. This polarizes opinion amongst the Avengers, causing two factions to side with Iron Man or Captain America, which causes an epic battle between former allies.",https://image.tmdb.org/t/p/w500/rAGiXaUfPzY7CDEyNKUofk3Kw2e.jpg,https://image.tmdb.org/t/p/w780/wdwcOBMkt3zmPQuEMxB3FUtMio2.jpg,Adventure; Action; Science Fiction; Action | Adventure | Science Fiction,,superhero; based on comic; sequel; super soldier; aftercreditsstinger; duringcreditsstinger; marvel cinematic universe (mcu); superhero teamup,,,,Disney Plus; Amazon Video (rent); Apple TV (rent); Google Play Movies (rent); YouTube (rent); Fandango At Home (rent); Amazon Video (buy); Apple TV (buy); Google Play Movies (buy); YouTube (buy); Fandango At Home (buy),Romanian; English; German; Russian,United States of America,Captain America Collection,2025-09-25T17:29:44
Captain America: The Winter Soldier,2014,tt1843866,100402,136,"After the cataclysmic events in New York with The Avengers, Steve Rogers, aka Captain America is living quietly in Washington, D.C. and trying to adjust to the modern world. But when a S.H.I.E.L.D. colleague comes under attack, Steve becomes embroiled in a web of intrigue that threatens to put the world at risk. Joining forces with the Black Widow, Captain America struggles to expose the ever-widening conspiracy while fighting off professional assassins sent to silence him at every turn. When the full scope of the villainous plot is revealed, Captain America and the Black Widow enlist the help of a new ally, the Falcon. However, they soon find themselves up against an unexpected and formidable enemy—the Winter Soldier.",https://image.tmdb.org/t/p/w500/tVFRpFw3xTedgPGqxW0AOI8Qhh0.jpg,https://image.tmdb.org/t/p/w780/1RWLMyC9KcFfcaoViMiJGSSZzzr.jpg,Action; Adventure; Science Fiction; Action | Adventure | Science Fiction,,"washington dc, usa; superhero; shield; based on comic; aftercreditsstinger; duringcreditsstinger; marvel cinematic universe (mcu); political thriller",,,,Disney Plus; Starz Apple TV Channel; Amazon Video (rent); Apple TV (rent); Google Play Movies (rent); YouTube (rent); Fandango At Home (rent); Amazon Video (buy); Apple TV (buy); Google Play Movies (buy); YouTube (buy); Fandango At Home (buy),English,United States of America,Captain America Collection,2025-09-25T17:29:45
Captain Marvel,2019,tt4154664,299537,124,"The story follows Carol Danvers as she becomes one of the universe’s most powerful heroes when Earth is caught in the middle of a galactic war between two alien races. Set in the 1990s, Captain Marvel is an all-new adventure from a previously unseen period in the history of the Marvel Cinematic Universe.",https://image.tmdb.org/t/p/w500/AtsgWhDnHTq68L0lLsUrCnM7TjG.jpg,https://image.tmdb.org/t/p/w780/qAzYK4YPSWDc7aa4R43LcwRIAyb.jpg,Action; Adventure; Science Fiction; Action | Adventure | Science Fiction,,superhero; based on comic; alien invasion; super power; female hero; nostalgic; aftercreditsstinger; duringcreditsstinger; marvel cinematic universe (mcu); woman director; 1990s; alien technology; joyful,,,,Disney Plus; Amazon Video (rent); Apple TV (rent); Google Play Movies (rent); YouTube (rent); Fandango At Home (rent); Amazon Video (buy); Apple TV (buy); Google Play Movies (buy); YouTube (buy); Fandango At Home (buy),English,United States of America,Captain Marvel Collection,2025-09-25T17:29:45
Captain Phillips,2013,tt1535109,109424,134,"The true story of Captain Richard Phillips and the 2009 hijacking by Somali pirates of the US-flagged MV Maersk Alabama, the first American cargo ship to be hijacked in two hundred years.",https://image.tmdb.org/t/p/w500/2x8ida0rHokUv80Ah4eBNb2eXas.jpg,https://image.tmdb.org/t/p/w780/ihdFypo7MyfJvDSjK7Sbnsjhu8H.jpg,Action; Drama; Thriller; Action | Drama | Thriller,,ship; africa; fisherman; hijacking; somalia; poverty; pirate; terrorism; commando; hijack; cargo ship; ship hijacking; somali; set in africa,,,,Netflix; fuboTV; Amazon Video (rent); Apple TV (rent); Google Play Movies (rent); YouTube (rent); Fandango At Home (rent); Amazon Video (buy); Apple TV (buy); Google Play Movies (buy); YouTube (buy); Fandango At Home (buy),English; Somali,United States of America,,2025-09-25T17:29:45
Captive,2020,tt8273104,759213,89,"A teenage runaway who’s trapped by a delusional man, pretends to be his daughter in order to escape.",https://image.tmdb.org/t/p/w500/8ofszdXTti3my1RGvyruu3rl9Hc.jpg,https://image.tmdb.org/t/p/w780/tINu5EWHiQfMDPxEbVOKUqvlOon.jpg,Thriller; Horror; Horror | Thriller,,kidnapping; twist; family relationships; survival; psychological thriller; captive; trapped; psychotic; delusional; absurd,,,,The Roku Channel; Fandango at Home Free; Tubi TV; Amazon Video (rent); Apple TV (rent); Google Play Movies (rent); YouTube (rent); Fandango At Home (rent); Amazon Video (buy); Apple TV (buy); Google Play Movies (buy); YouTube (buy); Fandango At Home (buy),English,United States of America,,2025-09-25T17:29:46
Casablanca,1943,tt0034583,289,103,"In Casablanca, Morocco in December 1941, a cynical American expatriate meets a former lover, with unforeseen complications.",https://image.tmdb.org/t/p/w500/oyGRZVIthHJjc98ekKpeWpDh8Ws.jpg,https://image.tmdb.org/t/p/w780/87wqeMeUeMRLjsE1IWNKJcPlpuC.jpg,Drama; Romance; Drama | Romance,,"corruption; nazi; escape; love triangle; resistance; spy; patriotism; casablanca, morocco; vichy regime; visa; nationalism; world war ii; morocco; film noir; war",,,,HBO Max; HBO Max Amazon Channel; Cinemax Amazon Channel; Cinemax Apple TV Channel; Amazon Video (rent); Apple TV (rent); Google Play Movies (rent); YouTube (rent); Fandango At Home (rent); Spectrum On Demand (rent); Amazon Video (buy); Apple TV (buy); Google Play Movies (buy); YouTube (buy); Fandango At Home (buy),German; French; Italian; English,United States of America,,2025-09-25T17:29:46
Casino,1995,tt0112641,524,179,"In early-1970s Las Vegas, Sam ""Ace"" Rothstein gets tapped by his bosses to head the Tangiers Casino. At first, he's a great success in the job, but over the years, problems with his loose-cannon enforcer Nicky Santoro, his ex-hustler wife Ginger, her con-artist ex Lester Diamond and a handful of corrupt politicians put Sam in ever-increasing danger.",https://image.tmdb.org/t/p/w500/gziIkUSnYuj9ChCi8qOu2ZunpSC.jpg,https://image.tmdb.org/t/p/w780/iZGiMD0p1M2AOmzKknFo5bkuz94.jpg,Crime; Drama; Crime | Drama,,drug abuse; casino; based on novel or book; poker; italian american; gambling; 1970s; fbi; pimp; greed; cocaine; overdose; marriage; car bomb; rise and fall; money; murder; organized crime; mafia; jewish american; las vegas; desert; safe deposit box; 1980s; dramatic; brutal violence; fbi surveillance,,,,Amazon Prime Video; Amazon Prime Video with Ads; Amazon Video (rent); Apple TV (rent); Google Play Movies (rent); YouTube (rent); Fandango At Home (rent); Spectrum On Demand (rent); Amazon Video (buy); Apple TV (buy); Google Play Movies (buy); YouTube (buy); Fandango At Home (buy),English,France; United States of America,,2025-09-25T17:29:46
Cast Away,2000,tt0162222,8358,143,"Chuck Noland, a top international manager for FedEx, and Kelly, a Ph.D. student, are in love and heading towards marriage. Then Chuck's plane to Malaysia crashes at sea during a terrible storm. He's the only survivor, and finds himself marooned on a desolate island. With no way to escape, Chuck must find ways to survive in his new home.",https://image.tmdb.org/t/p/w500/7lLJgKnAicAcR5UEuo8xhSMj18w.jpg,https://image.tmdb.org/t/p/w780/ioqaIhJSkwa9DGRHGtOOUTiGRs2.jpg,Adventure; Drama; Adventure | Drama,,exotic island; suicide attempt; volleyball; survival; loneliness; airplane crash; deserted island; tropical island; intense; bold; melodramatic,,,,fuboTV; YouTube TV; Amazon Video (rent); Apple TV (rent); Google Play Movies (rent); YouTube (rent); Fandango At Home (rent); Amazon Video (buy); Apple TV (buy); Google Play Movies (buy); YouTube (buy); Fandango At Home (buy),Russian; English,United States of America,,2025-09-25T17:29:46
Chaos Walking,2021,tt2076822,412656,109,"Two unlikely companions embark on a perilous adventure through the badlands of an unexplored planet as they try to escape a dangerous and disorienting reality, where all inner thoughts are seen and heard by everyone.",https://image.tmdb.org/t/p/w500/xAYGdGBGptNkisXRpmhZSry6SPF.jpg,https://image.tmdb.org/t/p/w780/ovggmAOu1IbPGTQE8lg4lBasNC7.jpg,Fantasy; Science Fiction; Adventure; Adventure | Fantasy | Science Fiction,,based on novel or book; dystopia; post-apocalyptic future; unassuming; based on young adult novel; derisive,,,,fuboTV; FXNow; Amazon Video (rent); Apple TV (rent); Google Play Movies (rent); YouTube (rent); Fandango At Home (rent); Amazon Video (buy); Apple TV (buy); Google Play Movies (buy); YouTube (buy); Fandango At Home (buy),English,United States of America; Canada; Hong Kong; Luxembourg,,2025-09-25T17:29:47
Charlie and the Chocolate Factory,2005,tt0367594,118,115,"A young boy wins a tour through the most magnificent chocolate factory in the world, led by the world's most unusual candy maker.",https://image.tmdb.org/t/p/w500/iKP6wg3c6COUe8gYutoGG7qcPnO.jpg,https://image.tmdb.org/t/p/w780/bSvUW4JQ6g4QiKvwejcfcPRd4Ke.jpg,Adventure; Comedy; Family; Fantasy; Adventure | Comedy | Family | Fantasy,,"factory worker; london, england; based on novel or book; chocolate; candy; overweight child; parent child relationship; grandparent grandchild relationship; teacher; tragedy; dark fantasy; gothic romance; candy bar",,,,Netflix; HBO Max; HBO Max Amazon Channel; Netflix Standard with Ads; Amazon Video (rent); Apple TV (rent); Google Play Movies (rent); YouTube (rent); Fandango At Home (rent); Spectrum On Demand (rent); Plex (rent); Amazon Video (buy); Apple TV (buy); Google Play Movies (buy); YouTube (buy); Fandango At Home (buy),English,United Kingdom; United States of America,,2025-09-25T17:29:47
Charlie's Angels,2003,tt0305357,9471,106,"The Angels are charged with finding a pair of missing rings that are encoded with the personal information of members of the Witness Protection Program. As informants are killed, the ladies target a rogue agent who might be responsible.",https://image.tmdb.org/t/p/w500/n4cdJ0Wqxb7C0HmZbcaC4eYnkIf.jpg,https://image.tmdb.org/t/p/w780/aAGfDzwn3rzJVaa7sfcJ987URzl.jpg,Action; Adventure; Comedy; Action | Adventure | Comedy,,"martial arts; robbery; undercover agent; spy; secret identity; villainess; secret agent; organized crime; los angeles, california; heroine; nostalgic; spy hero; based on tv series; provocative; dramatic; hilarious; admiring; adoring; vibrant",,,,Amazon Video (rent); Apple TV (rent); Google Play Movies (rent); YouTube (rent); Fandango At Home (rent); Spectrum On Demand (rent); Amazon Video (buy); Apple TV (buy); Google Play Movies (buy); YouTube (buy); Fandango At Home (buy),English; Mandarin; Spanish,United States of America; Brazil,Charlie's Angels Collection,2025-09-25T17:29:47
Chef,2014,tt2883512,212778,114,"When Chef Carl Casper suddenly quits his job at a prominent Los Angeles restaurant after refusing to compromise his creative integrity for its controlling owner, he is left to figure out what's next. Finding himself in Miami, he teams up with his ex-wife, his friend and his son to launch a food truck. Taking to the road, Chef Carl goes back to his roots to reignite his passion for the kitchen -- and zest for life and love.",https://image.tmdb.org/t/p/w500/hyp8EXDmO4dSC8V6Q5jU7gD1kcg.jpg,https://image.tmdb.org/t/p/w780/g34ZNDt4iFYAddb8pyO2LhhSAMA.jpg,Comedy,,parent child relationship; affectation; restaurant owner; road trip; food; chef; ex-husband ex-wife relationship; semi autobiographical; twitter; social media; duringcreditsstinger; food truck; gastronomia,,,,Amazon Prime Video; Starz Apple TV Channel; Amazon Prime Video with Ads; Kanopy; Fawesome; Amazon Video (rent); Apple TV (rent); Google Play Movies (rent); YouTube (rent); Fandango At Home (rent); Amazon Video (buy); Apple TV (buy); Google Play Movies (buy); YouTube (buy); Fandango At Home (buy),Spanish; English,United States of America,,2025-09-25T17:29:48
Chicago,2002,tt0299658,1574,113,Murderesses Velma Kelly and Roxie Hart find themselves on death row together and fight for the fame that will keep them from the gallows in 1920s Chicago.,https://image.tmdb.org/t/p/w500/3ED8cWCXY9zkx77Sd0N5qMbsdDP.jpg,https://image.tmdb.org/t/p/w780/euxYhuuJjChU755u2YHj0ZPjww3.jpg,Comedy; Crime; Drama; Comedy | Crime | Drama,,"chicago, illinois; gallows; musical; based on play or musical; jail; lawyer; execution; noose; hanging; prison matron; jazz age; 1920s; death by hanging; public execution; execution by hanging; hanged woman",,,,Paramount Plus; Paramount+ Amazon Channel; Paramount+ Roku Premium Channel; Amazon Video (rent); Apple TV (rent); Google Play Movies (rent); YouTube (rent); Fandango At Home (rent); Spectrum On Demand (rent); Amazon Video (buy); Apple TV (buy); Google Play Movies (buy); YouTube (buy); Fandango At Home (buy),Hungarian; English,United States of America,,2025-09-25T17:29:48
Child's Play,1972,tt0068369,82465,100,"At an exclusive boys' school, a new gym teacher is drawn into a feud between two older instructors, and he discovers that everything at the school is not quite as staid, tranquil and harmless as it seems.",https://image.tmdb.org/t/p/w500/wVj20650r9QPgfM9YIYNkMkZ3iH.jpg,https://image.tmdb.org/t/p/w780/nELEBktXi7wpAi1dS2P2kXFHDtq.jpg,Drama; Mystery; Thriller; Drama | Mystery | Thriller,,boarding school; school teacher; boys' school,,,,fuboTV; MGM+ Amazon Channel; MGM Plus Roku Premium Channel; MGM Plus; Philo; Amazon Video (rent); Apple TV (rent); Google Play Movies (rent); YouTube (rent); Fandango At Home (rent); Amazon Video (buy); Apple TV (buy); Google Play Movies (buy); YouTube (buy); Fandango At Home (buy),English,United States of America,,2025-09-25T17:29:48
Christine,1958,tt0051477,4956,100,"Vienna, 1906. A passionate love story develops between Franz Lobheiner and the young Christine. Lobheiner is, however, currently seeing the married Baroness von Eggersdorf. Upon learning of his wife's infidelity, the Baron von Eggersdorf provokes a duel with Lobheiner. But the former is no longer a real threat to the Baron. Lobheiner is now passionately in love with Christine. How will this love quartet end?",https://image.tmdb.org/t/p/w500/mGCJpRSp3XKKZqqsm8TXCNjZfDX.jpg,https://image.tmdb.org/t/p/w780/5mFXaQUsTdvPIJiHglFriHDQ9Dt.jpg,Drama; Romance; Drama | Romance,,"lieutenant; vienna, austria; opera singer; turn of the century",,,,,French,France; Italy,,2025-09-25T17:29:49
Christmas With the Kranks,2004,tt0388419,13673,99,"When their only daughter Blair leaves the family nest, Luther and Nora Krank decide to book an island cruise to beat the yuletide blues and just skip the holidays. But their decision to boycott tradition has the whole neighborhood in an uproar, and when Blair calls on Christmas Eve to announce a surprise visit with her new fiancée, the Kranks have just twelve hours to perform a miracle and pull themselves and their neighbors together to throw the best celebration ever!",https://image.tmdb.org/t/p/w500/q866vL3KhAjbkZH1enT7AoxmRHx.jpg,https://image.tmdb.org/t/p/w780/lcFar2tdF9Lir12R0K3Dvw6uABu.jpg,Comedy; Family; Comedy | Family,,"chicago, illinois; husband wife relationship; based on novel or book; holiday; christmas party; christmas tree; christmas; sentimental; hilarious; celebratory; joyful",,,,Netflix; Kanopy; Hoopla; Amazon Video (rent); Apple TV (rent); Google Play Movies (rent); YouTube (rent); Fandango At Home (rent); Spectrum On Demand (rent); Amazon Video (buy); Apple TV (buy); Google Play Movies (buy); YouTube (buy); Fandango At Home (buy),Spanish; English,United States of America,,2025-09-25T17:29:49
Clerks,1994,tt0109445,2292,92,"Convenience and video store clerks Dante and Randal are sharp-witted, potty-mouthed and bored out of their minds. So in between needling customers, the counter jockeys play hockey on the roof, visit a funeral home and deal with their love lives.",https://image.tmdb.org/t/p/w500/9IiSgiq4h4siTIS9H3o4nZ3h5L9.jpg,https://image.tmdb.org/t/p/w780/sjfbZVKRGh84lNxhqvuhdvovh18.jpg,Comedy,,salesclerk; work; new jersey; loser; male friendship; junk food; black and white; video store; aftercreditsstinger; day in a life; workplace comedy; convenience store; wry,,,,Kanopy; Hoopla; Amazon Video (rent); Apple TV (rent); Google Play Movies (rent); YouTube (rent); Fandango At Home (rent); Amazon Video (buy); Apple TV (buy); Google Play Movies (buy); YouTube (buy); Fandango At Home (buy),English,United States of America,Clerks Collection,2025-09-25T17:29:49
Clue,2022,tt23379618,938442,75,"Murder and blackmail are on the menu when six mysterious guests assemble for a dinner party at Boddy Manor. Was it Mrs. Peacock in the study with the knife? Or Colonel Mustard in the library with the wrench? Based on the cult 1985 Paramount movie and inspired by the classic Hasbro game, this farce-meets-murder-mystery is bloody good fun.",https://image.tmdb.org/t/p/w500/o9oVfFGNiQeWpqF6PHSodirh97y.jpg,,Mystery; Comedy; Comedy | Mystery,,clue; murder mystery; based on board game,,,,,English,United States of America,,2025-09-25T17:29:50
Clueless,1995,tt0112697,9603,97,"Shallow, rich and socially successful Cher is at the top of her Beverly Hills high school's pecking scale. Seeing herself as a matchmaker, Cher first coaxes two teachers into dating each other. Emboldened by her success, she decides to give hopelessly klutzy new student Tai a makeover. When Tai becomes more popular than she is, Cher realizes that her disapproving ex-stepbrother was right about how misguided she was -- and falls for him.",https://image.tmdb.org/t/p/w500/8AwVTcgpTnmeOs4TdTWqcFDXEsA.jpg,https://image.tmdb.org/t/p/w780/65d0MccsiRSPTVicregKQL8owoo.jpg,Comedy; Romance; Comedy | Romance,,puberty; high school; based on novel or book; make a match; spoiled child; coming of age; matchmaking; conflict; wedding; high school friends; makeover; woman director; popular girl; matchmaker; gay theme; match making,,,,Netflix; Hulu; fuboTV; Paramount Plus; Paramount+ Amazon Channel; Paramount+ Roku Premium Channel; Netflix Standard with Ads; Tubi TV; Kanopy; Hoopla; Amazon Video (rent); Apple TV (rent); Google Play Movies (rent); YouTube (rent); Fandango At Home (rent); FlixFling (rent); Spectrum On Demand (rent); Plex (rent); Amazon Video (buy); Apple TV (buy); Google Play Movies (buy); YouTube (buy); Fandango At Home (buy),Spanish; English,United States of America,,2025-09-25T17:29:50
Colossal,2017,tt4680182,339967,109,A woman discovers that severe catastrophic events are somehow connected to the mental breakdown from which she's suffering.,https://image.tmdb.org/t/p/w500/4VOyofBd1pexblxtDZYtYIk7NI4.jpg,https://image.tmdb.org/t/p/w780/jfnTuPMeksH5tnh9U4y6kRhz18s.jpg,Drama; Fantasy; Science Fiction; Drama | Fantasy | Science Fiction,,"new york city; small town; monster; mental breakdown; creature; loss of job; alcoholic; psychotic; childhood friends; kaiju; catastrophe; angry; aggressive; seoul, south korea; antagonistic; callous; disgusted; mean spirited",,,,Tubi TV; Kanopy; Plex Channel; Amazon Video (rent); Apple TV (rent); Google Play Movies (rent); YouTube (rent); Fandango At Home (rent); Amazon Video (buy); Apple TV (buy); Google Play Movies (buy); YouTube (buy); Fandango At Home (buy),English; Korean,Canada; South Korea; Spain; United States of America,,2025-09-25T17:29:50
Constantine,2005,tt0360486,561,121,"John Constantine has literally been to Hell and back. When he teams up with a policewoman to solve the mysterious suicide of her twin sister, their investigation takes them through the world of demons and angels that exists beneath the landscape of contemporary Los Angeles.",https://image.tmdb.org/t/p/w500/vPYgvd2MwHlxTamAOjwVQp4qs1W.jpg,https://image.tmdb.org/t/p/w780/26OvB15pqk3eiKJG8LrXDVzO7Mw.jpg,Fantasy; Action; Horror; Action | Fantasy | Horror,,self sacrifice; angel; christianity; confession; superhero; supernatural; exorcism; archangel gabriel; holy water; redemption; based on comic; lucifer; demon; occult; aftercreditsstinger; mysticism; supernatural power; good versus evil; conceited; defiant; occult detective,,,,Amazon Video (rent); Apple TV (rent); Google Play Movies (rent); YouTube (rent); Fandango At Home (rent); Spectrum On Demand (rent); Amazon Video (buy); Apple TV (buy); Google Play Movies (buy); YouTube (buy); Fandango At Home (buy),Spanish; English; Tagalog; Latin,Germany; United States of America,Constantine Collection,2025-09-25T17:29:50
Contagion,2011,tt1598778,39538,106,"As an epidemic of a lethal airborne virus - that kills within days - rapidly grows, the worldwide medical community races to find a cure and control the panic that spreads faster than the virus itself.",https://image.tmdb.org/t/p/w500/qL0IooP0bjXy0KXl9KEyPo22ll0.jpg,https://image.tmdb.org/t/p/w780/bdmyvEdrmnj7J3RWaKXEOwYggRv.jpg,Drama; Thriller; Science Fiction; Drama | Science Fiction | Thriller,,quarantine; saving the world; mutation; infection; terminal illness; outbreak; disease; vaccine; lethal virus; scientist; epidemic; prophetic; virus; pandemic; medical drama,,,,AMC+ Amazon Channel; AMC+ Roku Premium Channel; Philo; Amazon Video (rent); Apple TV (rent); Google Play Movies (rent); YouTube (rent); Fandango At Home (rent); Plex (rent); Amazon Video (buy); Apple TV (buy); Google Play Movies (buy); YouTube (buy); Fandango At Home (buy),English; Cantonese; Mandarin,United States of America; United Arab Emirates,,2025-09-25T17:29:51
Contraband,2012,tt1524137,77866,109,"When his brother-in-law runs afoul of a drug lord, family man Chris Farraday turns to a skill he abandoned long ago—smuggling—to repay the debt. But the job goes wrong, and Farraday finds himself wanted by cops, crooks and killers alike.",https://image.tmdb.org/t/p/w500/dNNjyZQ0zVtmPa74nJE63Kn0xEx.jpg,https://image.tmdb.org/t/p/w780/3se6YngJYOQ8rpbp7ZeNcnSKmmM.jpg,Thriller; Action; Drama; Crime; Action | Crime | Drama | Thriller,,smuggling (contraband); head wound; criminal; security guard,,,,Starz Apple TV Channel; Amazon Video (rent); Apple TV (rent); Google Play Movies (rent); YouTube (rent); Fandango At Home (rent); Amazon Video (buy); Apple TV (buy); Google Play Movies (buy); YouTube (buy); Fandango At Home (buy),English,Iceland; United Kingdom; United States of America,,2025-09-25T17:29:51
Cool Hand Luke,1967,tt0061512,903,127,"When petty criminal Luke Jackson is sentenced to two years in a Florida prison farm, he doesn't play by the rules of either the sadistic warden or the yard's resident heavy, Dragline, who ends up admiring the new guy's unbreakable will. Luke's bravado, even in the face of repeated stints in the prison's dreaded solitary confinement cell, ""the box,"" make him a rebel hero to his fellow convicts and a thorn in the side of the prison officers.",https://image.tmdb.org/t/p/w500/4ykzTiHKLamh3eZJ8orVICtU2Jp.jpg,https://image.tmdb.org/t/p/w780/9TDi0FPOSAePfVLZXAUgFZhiMLf.jpg,Drama; Crime; Action | Crime | Drama,,prison; dying and death; florida; based on novel or book; escape; loss of loved one; rebel; harassment; imprisonment; barbed wire; death; prison farm,,,,Amazon Video (rent); Apple TV (rent); Google Play Movies (rent); YouTube (rent); Fandango At Home (rent); Spectrum On Demand (rent); Amazon Video (buy); Apple TV (buy); Google Play Movies (buy); YouTube (buy); Fandango At Home (buy),English,United States of America,,2025-09-25T17:29:51
Countdown,2019,tt10039344,599975,90,"A young nurse downloads an app that tells her she only has three days to live. With time ticking away and a mysterious figure haunting her, she must find a way to save her life before time runs out.",https://image.tmdb.org/t/p/w500/5TQ0kM41vWFWFAPbZGitOxDysZU.jpg,https://image.tmdb.org/t/p/w780/vb9luxoqiCogWxyeZoveTANa8P6.jpg,Horror; Thriller; Horror | Thriller,,nurse; countdown; supernatural; religion; phone terror; devil; duringcreditsstinger; mysterious; sinister,,,,YouTube TV; TNT; TBS; Amazon Video (rent); Google Play Movies (rent); YouTube (rent); Fandango At Home (rent); Amazon Video (buy); Google Play Movies (buy); YouTube (buy); Fandango At Home (buy),English; Latin,United States of America,,2025-09-25T17:29:52
Cowboys & Aliens,2011,tt0409847,49849,119,"A stranger stumbles into the desert town of Absolution with no memory of his past and a futuristic shackle around his wrist. With the help of mysterious beauty Ella and the iron-fisted Colonel Dolarhyde, he finds himself leading an unlikely posse of cowboys, outlaws, and Apache warriors against a common enemy from beyond this world in an epic showdown for survival.",https://image.tmdb.org/t/p/w500/9uZsGCP4rvOHVGCpMpYq5gNCuNI.jpg,https://image.tmdb.org/t/p/w780/sGXCYMzr1sCnGNVuRpB2TOWPWDA.jpg,Action; Science Fiction; Thriller; Western; Action | Science Fiction | Thriller | Western,,spacecraft; sheriff; robbery; escape; arizona; laser; apache nation; native american; based on comic; alien; outlaw; ufo; gunfight; creature; alien invasion; 19th century,,,,Amazon Video (rent); Apple TV (rent); Google Play Movies (rent); YouTube (rent); Fandango At Home (rent); Spectrum On Demand (rent); Amazon Video (buy); Apple TV (buy); Google Play Movies (buy); YouTube (buy); Fandango At Home (buy),English,India; United States of America,,2025-09-25T17:29:52
Crank,2006,tt0479884,1948,88,"Chev Chelios, a hit man wanting to go straight, lets his latest target slip away. Then he awakes the next morning to a phone call that informs him he has been poisoned and has only an hour to live unless he keeps adrenaline coursing through his body while he searches for an antidote.",https://image.tmdb.org/t/p/w500/rsKmhnvzJezjwC1Ud2Hh37oNpdQ.jpg,https://image.tmdb.org/t/p/w780/6EX31EmX6lo0SPZB93Ls2ReBfbd.jpg,Action; Thriller; Crime; Action | Crime | Thriller,,assassin; helicopter; hitman; poison; adrenaline; fistfight; swimming pool; revenge; shootout; motorcycle; drugs; cell phone; pharmacy; defibrillation; hospital gown; emergency room; aftercreditsstinger; sweatshop; epinephrine; desperate; forceful,,,,MovieSphere+ Amazon Channel; Tubi TV; Amazon Video (rent); Apple TV (rent); Google Play Movies (rent); YouTube (rent); Fandango At Home (rent); Plex (rent); Amazon Video (buy); Apple TV (buy); Google Play Movies (buy); YouTube (buy); Fandango At Home (buy),English; Spanish; Korean,United States of America,Crank Collection,2025-09-25T17:29:52
Crank: High Voltage,2009,tt1121931,15092,96,Chelios faces a Chinese mobster who has stolen his nearly indestructible heart and replaced it with a battery-powered ticker that requires regular jolts of electricity to keep working.,https://image.tmdb.org/t/p/w500/tzTC4EEvF0OPL63frEiogxL2T8M.jpg,https://image.tmdb.org/t/p/w780/oTbIfHSLNxi9ihV6SG4K6jZ2PvM.jpg,Action; Thriller; Crime; Action | Crime | Thriller,,prostitute; heart; horse race; cigarette; electric shock; strip club; sequel; flashback; tourette syndrome; gang; shootout; mansion; foot chase; surgery; taser; duringcreditsstinger; absurdism; ultraviolence,,,,MovieSphere+ Amazon Channel; Tubi TV; Kanopy; Plex; Plex Channel; Fawesome; Amazon Video (rent); Apple TV (rent); Google Play Movies (rent); YouTube (rent); Fandango At Home (rent); Amazon Video (buy); Apple TV (buy); Google Play Movies (buy); YouTube (buy); Fandango At Home (buy),English,United States of America,Crank Collection,2025-09-25T17:29:53
Crash,1996,tt0115964,884,100,"After getting into a serious car accident, a TV director discovers an underground sub-culture of scarred, omnisexual car-crash victims, and he begins to use car accidents and the raw sexual energy they produce to try to rejuvenate his sex life with his wife.",https://image.tmdb.org/t/p/w500/gpai5oUFyFGLHOCsYTvVMqlbY7A.jpg,https://image.tmdb.org/t/p/w780/vQNknPEVSAui6IL6eUlDBPfUzcW.jpg,Thriller; Drama; Drama | Thriller,,dying and death; adultery; husband wife relationship; based on novel or book; sexual obsession; pain; sadism; sexuality; obsession; fetish; eroticism; car journey; fetishism; wound; masochism; deceived husband; cult; hospital; car accident; car wreck; anti-social behaviour; romantic; symphoriphilia,,,,,English,Canada; United Kingdom,,2025-09-25T17:29:53
Crawl,2019,tt8364368,511987,87,"When a huge hurricane hits her hometown in Florida, Haley ignores evacuation orders to look for her father. After finding him badly wounded, both are trapped by the flood. With virtually no time to escape the storm, they discover that rising water levels are the least of their problems.",https://image.tmdb.org/t/p/w500/4WH6AZd473lRZ3hUp8TYiv2LfZW.jpg,https://image.tmdb.org/t/p/w780/yG0iksOxpsbZo3fwAGRxpxHQTcZ.jpg,Horror; Thriller; Action; Horror | Thriller,,florida; hurricane; animal attack; alligator; creature; flood; animal horror; crawlspace; father daughter relationship,,,,Paramount Plus; Paramount+ Amazon Channel; Paramount+ Roku Premium Channel; YouTube TV; Tubi TV; Amazon Video (rent); Apple TV (rent); Google Play Movies (rent); YouTube (rent); Fandango At Home (rent); Plex (rent); Amazon Video (buy); Apple TV (buy); Google Play Movies (buy); YouTube (buy); Fandango At Home (buy),English,Canada; Serbia; United States of America,Crawl Collection,2025-09-25T17:29:53
Criminal,2016,tt3014866,302156,113,"CIA Agent Bill Pope is on a mission to track down a shadowy hacker named 'The Dutchman'. When he gets mysteriously killed, an experimental procedure transfers his memories into a dangerous ex-convict. When he wakes up Pope's memories, his mission is to eliminate The Dutchman before the hacker launches ICBMs and starts World War III.",https://image.tmdb.org/t/p/w500/hn6HmGTopbbxv4Myy2IwGWxViFP.jpg,https://image.tmdb.org/t/p/w780/sKJOOzIR5oMiCeXC7gBxXgIDz9p.jpg,Action; Crime; Science Fiction; Action | Crime | Science Fiction,,mission; central intelligence agency (cia); robbery; prisoner; undercover; london underground; memory; terrorism; brutality; convict; interrogation; implant; manhunt,,,,HBO Max; HBO Max Amazon Channel; Amazon Video (rent); Google Play Movies (rent); YouTube (rent); Fandango At Home (rent); Amazon Video (buy); Apple TV (buy); Google Play Movies (buy); YouTube (buy); Fandango At Home (buy),English,Bulgaria; France; United Kingdom; United States of America,,2025-09-25T17:29:53
Crimson Peak,2015,tt2554274,201085,119,"In the aftermath of a family tragedy, an aspiring author is torn between love for her childhood friend and the temptation of a mysterious outsider. Trying to escape the ghosts of her past, she is swept away to a house that breathes, bleeds… and remembers.",https://image.tmdb.org/t/p/w500/f9TOb5anVwZeSbYjU1qNxPk3KUk.jpg,https://image.tmdb.org/t/p/w780/5UOa2OzSiVmXaAL7XH1mVg3Rs0m.jpg,Horror; Mystery; Romance; Drama | Horror | Mystery | Romance | Thriller,,psychopath; poison; haunted house; mining; murder; gothic; incest; ghost; old mansion; gothic romance; brutal murder; dramatic; suspenseful; comforting; ghoulish,,,,Amazon Prime Video; Amazon Prime Video with Ads; Amazon Video (rent); Apple TV (rent); Google Play Movies (rent); YouTube (rent); Fandango At Home (rent); Amazon Video (buy); Apple TV (buy); Google Play Movies (buy); YouTube (buy); Fandango At Home (buy),English,United States of America; Mexico,,2025-09-25T17:29:54
"Crouching Tiger, Hidden Dragon",2000,tt0190332,146,120,"Two warriors in pursuit of a stolen sword and a notorious fugitive are led to an impetuous, physically-skilled, teenage nobleman's daughter, who is at a crossroads in her life.",https://image.tmdb.org/t/p/w500/iNDVBFNz4XyYzM9Lwip6atSTFqf.jpg,https://image.tmdb.org/t/p/w780/nSm9cij9VRrGDoZoS16CPnX0FqK.jpg,Adventure; Drama; Action; Romance; Action | Adventure | Drama | Romance,,martial arts; kung fu; based on novel or book; flying; taskmaster; sword; tiger; villainess; mountain; comb; fistfight; sword fight; thief; revenge; theft; historical; female martial artist; 18th century; wuxia; warrior; bamboo; tavern fight; action hero; qing dynasty; whimsical,,,,Amazon Video (rent); Apple TV (rent); Google Play Movies (rent); YouTube (rent); Fandango At Home (rent); Spectrum On Demand (rent); Amazon Video (buy); Apple TV (buy); Google Play Movies (buy); YouTube (buy); Fandango At Home (buy),Mandarin,Hong Kong; Taiwan; United States of America; China,"Crouching Tiger, Hidden Dragon Collection",2025-09-25T17:29:54
Crypto,2019,tt8563452,567733,105,A young agent is tasked with investigating a tangled web of corruption and fraud in New York.,https://image.tmdb.org/t/p/w500/fzTvnA3buXsjdmjrYRDozKBFF78.jpg,https://image.tmdb.org/t/p/w780/4XT591GqHTqnhjSPaxlU79CclyP.jpg,Thriller; Crime; Drama; Crime | Drama | Thriller,,small town; hacker; bratva (russian mafia); money laundering; banking; wall street; iraq war veteran; money; hacking; farming; financial; bitcoin; crypto-currencies; finance,,,,Amazon Prime Video; Philo; Amazon Prime Video with Ads; MovieSphere+ Amazon Channel; Fandango at Home Free; Amazon Prime Video Free with Ads; Plex; Plex Channel; Fawesome; Amazon Video (rent); Apple TV (rent); Google Play Movies (rent); YouTube (rent); Fandango At Home (rent); Amazon Video (buy); Apple TV (buy); Google Play Movies (buy); YouTube (buy); Fandango At Home (buy),English,United States of America,,2025-09-25T17:29:54
Cujo,1983,tt0085382,10489,93,"A friendly St. Bernard named ""Cujo"" contracts rabies and conducts a reign of terror on a small American town.",https://image.tmdb.org/t/p/w500/uNBt2YxrQdyOjnm2rDQ5QiCmQ0K.jpg,https://image.tmdb.org/t/p/w780/jvqiz71IFBGhbqUF43JABAbJaG6.jpg,Horror; Thriller; Horror | Thriller,,based on novel or book; animal attack; cadillac; dam; corpse; dog; rabies; rabid dog; rabbit hole; trapped in car; mad dog; pets; animal horror; saint bernard dog; suspenseful; amused,,,,Kanopy; Hoopla; Amazon Video (rent); Apple TV (rent); Google Play Movies (rent); YouTube (rent); Fandango At Home (rent); Amazon Video (buy); Apple TV (buy); Google Play Movies (buy); YouTube (buy); Fandango At Home (buy),English,United States of America,,2025-09-25T17:29:55
Daddy's Home,2015,tt1528854,274167,96,"The story of a mild-mannered radio executive who strives to become the best stepdad ever to his wife's two children, but complications ensue when their freewheeling, freeloading real father arrives, forcing stepdad to compete for the affection of the kids.",https://image.tmdb.org/t/p/w500/fB9lALk9zKsMYWvf0bJSkJN219Z.jpg,https://image.tmdb.org/t/p/w780/4kui3QA55M2ZOmBgoRlrYj5MSlK.jpg,Comedy,,father; family,,,,Netflix; fuboTV; Netflix Standard with Ads; Hoopla; FXNow; Amazon Video (rent); Apple TV (rent); Google Play Movies (rent); YouTube (rent); Fandango At Home (rent); Spectrum On Demand (rent); Amazon Video (buy); Apple TV (buy); Google Play Movies (buy); YouTube (buy); Fandango At Home (buy),English,United States of America,Daddy's Home Collection,2025-09-25T17:29:55
Daddy's Home 2,2017,tt5657846,419680,100,Brad and Dusty must deal with their intrusive fathers during the holidays.,https://image.tmdb.org/t/p/w500/rF2IoKL0IFmumEXQFUuB8LajTYP.jpg,https://image.tmdb.org/t/p/w780/wGQZepzZbZpzZW7a4aTZyAu8huy.jpg,Comedy,,holiday; sequel; christmas; amused; cheerful,,,,Netflix; Paramount Plus; Paramount+ Amazon Channel; Paramount+ Roku Premium Channel; Netflix Standard with Ads; Hoopla; Amazon Video (rent); Apple TV (rent); Google Play Movies (rent); YouTube (rent); Fandango At Home (rent); Plex (rent); Amazon Video (buy); Apple TV (buy); Google Play Movies (buy); YouTube (buy); Fandango At Home (buy),English,United States of America,Daddy's Home Collection,2025-09-25T17:29:55
Dallas Buyers Club,2013,tt0790636,152532,117,"Loosely based on the true-life tale of Ron Woodroof, a drug-taking, women-loving, homophobic man who in 1986 was diagnosed with HIV/AIDS and given thirty days to live.",https://image.tmdb.org/t/p/w500/7Fdh7gUq3plvQqxRbNYhWvDABXA.jpg,https://image.tmdb.org/t/p/w780/sbVKj98cq0FztCukzu47bu0H8o7.jpg,Drama; History; Drama | History,,aids; homophobia; rodeo; texas; biography; dallas texas; based on true story; hiv; drugs; lgbt; treatment; 1980s; trans woman; inspirational; intense; informative,,,,Amazon Video (rent); Apple TV (rent); Google Play Movies (rent); YouTube (rent); Fandango At Home (rent); Spectrum On Demand (rent); Amazon Video (buy); Apple TV (buy); Google Play Movies (buy); YouTube (buy); Fandango At Home (buy),English; Japanese,United States of America,,2025-09-25T17:29:56
Dark Web: Cicada 3301,2021,tt8110246,791469,104,"Genius hacker Connor discovers Cicada 3301, an online treasure hunt that could be a recruiting tool for a secret society. Soon Conner, art-expert friend Avi, and secretive librarian Gwen are dashing from graffiti sites to ancient libraries to uncover real-world clues. But they must outrun aggressive NSA agents, also hot on the trail of Cicada, who want the glory for themselves.",https://image.tmdb.org/t/p/w500/tJlLfuvIBBn5aFoyW1IQWeFHl6v.jpg,https://image.tmdb.org/t/p/w780/sGioislEAt3wZaIeB0pIaxRmKYM.jpg,Thriller; Action; Comedy; Action | Comedy | Thriller,,hacking; online hookup; online mobile game,,,,Amazon Prime Video; Amazon Prime Video with Ads; MovieSphere+ Amazon Channel; Tubi TV; Amazon Prime Video Free with Ads; Fawesome; Amazon Video (rent); Apple TV (rent); Google Play Movies (rent); YouTube (rent); Fandango At Home (rent); Amazon Video (buy); Apple TV (buy); Google Play Movies (buy); YouTube (buy); Fandango At Home (buy),English; Japanese,United States of America,,2025-09-25T17:29:56
Darkest Hour,2017,tt4555426,399404,125,"In May 1940, the fate of World War II hangs on Winston Churchill, who must decide whether to negotiate with Adolf Hitler or fight on knowing that it could mean the end of the British Empire.",https://image.tmdb.org/t/p/w500/xa6G3aKlysQeVg9wOb0dRcIGlWu.jpg,https://image.tmdb.org/t/p/w780/6prkTmEEsB3f9hhKBzUePLe27b2.jpg,Drama; History; Drama | History,,world war ii; biography; based on true story; london underground; british politics; british prime minister; british history; autobiographical; dunkirk; 1940s; winston churchill; based on real person; biographical drama,,,,Amazon Video (rent); Apple TV (rent); Google Play Movies (rent); YouTube (rent); Fandango At Home (rent); Amazon Video (buy); Apple TV (buy); Google Play Movies (buy); YouTube (buy); Fandango At Home (buy),English,United Kingdom; United States of America,,2025-09-25T17:29:56
Dawn of the Planet of the Apes,2014,tt2103281,119450,130,"A group of scientists in San Francisco struggle to stay alive in the aftermath of a plague that is wiping out humanity, while Caesar tries to maintain dominance over his community of intelligent apes.",https://image.tmdb.org/t/p/w500/kScdQEwS9jPEdnO23XjGAtaoRcT.jpg,https://image.tmdb.org/t/p/w780/zlU8BIkgY7E6SMfD3USTWC6bchL.jpg,Science Fiction; Action; Drama; Thriller; Action | Drama | Science Fiction | Thriller,,"san francisco, california; peace; solidarity; gorilla; intelligence; dystopia; horse; post-apocalyptic future; pacifism; animal attack; colony; tank; forest; sequel; woods; anthropomorphism; dam; revenge; betrayal; golden gate bridge; explosion; ape; scientist; orangutan; death; chimpanzee; medical research; primate; dead horse; allegorical; sign languages; virus; plague; assassination attempt; shocking; aggressive; murder by gunshot; contagion; guns; soldiers; 2030s; animal human friendship; war; cgi-live action hybrid; violence against animals; war horse; intense; depressing; bitter; bold; powerful; horse riding",,,,YouTube TV; Amazon Video (rent); Apple TV (rent); Google Play Movies (rent); YouTube (rent); Fandango At Home (rent); Amazon Video (buy); Apple TV (buy); Google Play Movies (buy); YouTube (buy); Fandango At Home (buy),English,United Kingdom; United States of America,Planet of the Apes (Reboot) Collection,2025-09-25T17:29:57
Deadpool,2016,tt1431045,293660,108,"The origin story of former Special Forces operative turned mercenary Wade Wilson, who, after being subjected to a rogue experiment that leaves him with accelerated healing powers, adopts the alter ego Deadpool. Armed with his new abilities and a dark, twisted sense of humor, Deadpool hunts down the man who nearly destroyed his life.",https://image.tmdb.org/t/p/w500/3E53WEZJqP6aM84D8CckXx4pIHw.jpg,https://image.tmdb.org/t/p/w780/en971MEXui9diirXlogOrPKmsEn.jpg,Action; Adventure; Comedy; Action | Adventure | Comedy,,superhero; anti hero; mercenary; based on comic; aftercreditsstinger; duringcreditsstinger,,,,Disney Plus; YouTube TV; Amazon Video (rent); Apple TV (rent); Google Play Movies (rent); YouTube (rent); Fandango At Home (rent); Spectrum On Demand (rent); Amazon Video (buy); Apple TV (buy); Google Play Movies (buy); YouTube (buy); Fandango At Home (buy),English,United States of America,Deadpool Collection,2025-09-25T17:29:57
Deadpool & Wolverine,2024,tt6263850,533535,128,"A listless Wade Wilson toils away in civilian life with his days as the morally flexible mercenary, Deadpool, behind him. But when his homeworld faces an existential threat, Wade must reluctantly suit-up again with an even more reluctant Wolverine.",https://image.tmdb.org/t/p/w500/8cdWjvZQUExUUTzyp4t6EDMubfO.jpg,https://image.tmdb.org/t/p/w780/yDHYTfA3R0jFYba16jBB1ef8oIt.jpg,Action; Comedy; Science Fiction; Action | Comedy | Science Fiction,,hero; superhero; anti hero; mutant; breaking the fourth wall; aftercreditsstinger; duringcreditsstinger; marvel cinematic universe (mcu); mutants; superhero teamup,,,,Disney Plus; Amazon Video (rent); Apple TV (rent); Google Play Movies (rent); YouTube (rent); Fandango At Home (rent); Amazon Video (buy); Apple TV (buy); Google Play Movies (buy); YouTube (buy); Fandango At Home (buy),English,United States of America,Deadpool Collection,2025-09-25T17:29:57
Death Becomes Her,1992,tt0104070,9374,104,"Madeline is married to Ernest, who was once her arch-rival Helen's fiancé. After recovering from a mental breakdown, Helen vows to kill Madeline and steal back Ernest. Unfortunately for everyone, the introduction of a magic potion causes things to be a great deal more complicated than a mere murder plot.",https://image.tmdb.org/t/p/w500/kkWxyyyWFK5KNk9WVwQuGEC9H9H.jpg,https://image.tmdb.org/t/p/w780/vDFhaKEMKPIUePtQH2nOwSHfgPy.jpg,Comedy; Fantasy; Horror; Comedy | Fantasy | Horror,,jealousy; immortality; beauty; rivalry; potion; drinking; body horror,,,,Amazon Prime Video; Amazon Prime Video with Ads; Amazon Video (rent); Apple TV (rent); Google Play Movies (rent); YouTube (rent); Fandango At Home (rent); Spectrum On Demand (rent); Amazon Video (buy); Apple TV (buy); Google Play Movies (buy); YouTube (buy); Fandango At Home (buy),English,United States of America,,2025-09-25T17:29:57
Death Race 2,2010,tt1500491,51620,100,"In the world's most dangerous prison, a new game is born: Death Race. The rules of this adrenaline-fueled blood sport are simple, drive or die. When repentant convict Carl Lucas discovers there's a price on his head, his only hope is to survive a twisted race against an army of hardened criminals and tricked-out cars.",https://image.tmdb.org/t/p/w500/80mBFNVvak2bA9TJN1MD0yM7Lfi.jpg,https://image.tmdb.org/t/p/w780/3hnTZNtn17IGQlgZSvOC8v0hW2b.jpg,Action; Thriller; Science Fiction; Action | Science Fiction | Thriller,,virgin; car race; dystopia; parachute; bikini; street race; prequel; chinese; silencer; rapist; car fire; triad; death game,,,,Amazon Video (rent); Apple TV (rent); Google Play Movies (rent); YouTube (rent); Fandango At Home (rent); Amazon Video (buy); Apple TV (buy); Google Play Movies (buy); YouTube (buy); Fandango At Home (buy),English,South Africa; Germany,Death Race Collection,2025-09-25T17:29:58
Deep Impact,1998,tt0120647,8656,121,"A seven-mile-wide space rock is hurtling toward Earth, threatening to obliterate the planet. Now, it's up to the president of the United States to save the world. He appoints a tough-as-nails veteran astronaut to lead a joint American-Russian crew into space to destroy the comet before impact. Meanwhile, an enterprising reporter uses her smarts to uncover the scoop of the century.",https://image.tmdb.org/t/p/w500/a3vQS7JKqlOb3MdVJHuTCP9s7Mg.jpg,https://image.tmdb.org/t/p/w780/pWmJBkdb0EMb3PSd2f9wjza0krb.jpg,Action; Drama; Science Fiction; Action | Drama | Science Fiction,,usa president; nasa; natural disaster; space mission; comet; tsunami; astronomer; astronaut; meteorologist; tidal wave; woman director; disaster movie,,,,Hoopla; Amazon Video (rent); Apple TV (rent); Google Play Movies (rent); YouTube (rent); Fandango At Home (rent); Spectrum On Demand (rent); Plex (rent); Amazon Video (buy); Apple TV (buy); Google Play Movies (buy); YouTube (buy); Fandango At Home (buy),English,United States of America,,2025-09-25T17:29:58
Deepwater Horizon,2016,tt1860357,296524,107,"A story set on the offshore drilling rig Deepwater Horizon, which exploded during April 2010 and created the worst oil spill in U.S. history.",https://image.tmdb.org/t/p/w500/jgBIYCZACe3iaS9TL2XzVGkO5p5.jpg,https://image.tmdb.org/t/p/w780/fRT76SSQzAuZljogpsWyKphUxYX.jpg,Drama; Action; Action | Drama,,rescue; sea; post-traumatic stress disorder (ptsd); based on true story; disaster; explosion; oil spill; trapped; oil rig; disaster movie; gulf of mexico; bp; intense; melodramatic,,,,HBO Max; HBO Max Amazon Channel; Cinemax Amazon Channel; Cinemax Apple TV Channel; Amazon Video (rent); Google Play Movies (rent); YouTube (rent); Fandango At Home (rent); Amazon Video (buy); Apple TV (buy); Google Play Movies (buy); YouTube (buy); Fandango At Home (buy),English,Hong Kong; United States of America,,2025-09-25T17:29:58
Deliver Us from Evil,1971,tt0066040,61683,102,"Anne and Lore, neighbors and best friends, barely into their teens, board at a convent school where they have taken a vow to sin and to serve Satan. Anne keeps a secret diary, they read a salacious novel, they get a classmate in trouble, they spy on the nuns, they set aside their communion wafers; they make a pact of devotion.",https://image.tmdb.org/t/p/w500/gPm3D4yYqPHkVTezY7BdQN7Cu5K.jpg,https://image.tmdb.org/t/p/w780/umkXwhFMB6CliyJFh9LbC2Le0po.jpg,Horror; Drama; Drama | Horror,,nun; seduction; satanism; vacation; summer; convent school; evil,,,,,French,France,,2025-09-25T17:29:59
Despicable Me 2,2013,tt1690953,93456,98,Gru is recruited by the Anti-Villain League to help deal with a powerful new super criminal.,https://image.tmdb.org/t/p/w500/oyMPJJZoOpLHgJoFPUOn6DgkbWJ.jpg,https://image.tmdb.org/t/p/w780/fOipappvgVtUbbHOtmCkHzcwJjC.jpg,Animation; Comedy; Family; Animation | Comedy | Family,,parent child relationship; villain; adoptive father; secret agent; bakery; sequel; falling in love; family; single father; audition; female agent; duringcreditsstinger; first date; supervillain; masked supervillain; illumination; absurd; hilarious; amused; brisk,,,,Netflix; Netflix Standard with Ads; Amazon Video (rent); Apple TV (rent); Google Play Movies (rent); YouTube (rent); Fandango At Home (rent); Spectrum On Demand (rent); Amazon Video (buy); Apple TV (buy); Google Play Movies (buy); YouTube (buy); Fandango At Home (buy),English; Spanish,United States of America,Despicable Me Collection,2025-09-25T17:29:59
Die Another Day,2002,tt0246460,36669,133,"James Bond is sent to investigate the connection between a North Korean terrorist and a diamond mogul, who is funding the development of an international space weapon.",https://image.tmdb.org/t/p/w500/bZmGqOhMhaLn8AoFMvFDct4tbrL.jpg,https://image.tmdb.org/t/p/w780/ibJEhfV4CudcL3iaUgvhkBrfMCO.jpg,Adventure; Action; Thriller; Action | Adventure | Thriller,,"post-traumatic stress disorder (ptsd); espionage; spy; demonstration; fencing; laser; satellite; iceland; sequel; hong kong; torture; mi6; british spy; british secret service; havana, cuba; captured; u.s. secret service agent; publicist; space based weapon; adrenaline junkie; dmz; north korea; spycraft; james bond; prisoner exchange; conflict diamonds",,,,Amazon Video (rent); Apple TV (rent); Google Play Movies (rent); YouTube (rent); Fandango At Home (rent); Plex (rent); Amazon Video (buy); Apple TV (buy); Google Play Movies (buy); YouTube (buy); Fandango At Home (buy),English; Korean; Cantonese; German; Spanish; Icelandic; Italian,United Kingdom,James Bond Collection,2025-09-25T17:29:59
Die Hard,1988,tt0095016,562,132,"NYPD cop John McClane's plan to reconcile with his estranged wife is thrown for a serious loop when, minutes after he arrives at her offices Christmas Party, the entire building is overtaken by a group of terrorists. With little help from the LAPD, wisecracking McClane sets out to single-handedly rescue the hostages and bring the bad guys down.",https://image.tmdb.org/t/p/w500/aJCpHDC6RoGz7d1Fzayl019xnxX.jpg,https://image.tmdb.org/t/p/w780/rahJyvdMruvqUmSLWRQKYS57mx8.jpg,Action; Thriller; Action | Thriller,,"husband wife relationship; based on novel or book; s.w.a.t.; fbi; christmas party; vault; heist; murder; shootout; los angeles, california; terrorism; one man army; explosion; police officer; hostage negotiator; one night; lapd; aggressive; christmas; 1980s; action hero; german; hostages; heist thriller; patrol officer; furious; high octane; intense; commanding; defiant; euphoric",,,,Amazon Prime Video; AMC Plus Apple TV Channel; AMC+ Amazon Channel; AMC+; YouTube TV; AMC; Philo; Amazon Prime Video with Ads; Amazon Video (rent); Apple TV (rent); Google Play Movies (rent); YouTube (rent); Fandango At Home (rent); Amazon Video (buy); Apple TV (buy); Google Play Movies (buy); YouTube (buy); Fandango At Home (buy),English; German; Italian,United States of America,Die Hard Collection,2025-09-25T17:30:00
Die Hard 2: Die Harder,1990,tt0099423,1573,124,"One year after his heroics in Los Angeles, John McClane is an off-duty cop who is the wrong guy in the wrong place at the wrong time. On a snowy Christmas Eve, as he waits for his wife's plane to land at Washington Dulles International Airport, terrorists take over the air traffic control system in a plot to free a South American army general and drug smuggler being flown into the US to face drug charges. It's now up to McClane to take on the terrorists, while coping with an inept airport police chief, an uncooperative anti-terrorist squad, and the life of his wife and everyone else trapped in planes circling overhead.",https://image.tmdb.org/t/p/w500/lDFO7D4MdbhjOwaPwe18QG69Rt0.jpg,https://image.tmdb.org/t/p/w780/cDtefl7KGnKrDziEUXetMnztvqr.jpg,Action; Thriller; Action | Thriller,,helicopter; airport; based on novel or book; ambush; cop; sequel; snow; shootout; terrorism; explosion; church; commando; news reporter; air traffic control; virginia; terrorist plot; christmas; snowmobile; action hero; plane crash; christmas eve; tense; airplanes; airport police; rogue military; xmas eve,,,,AMC Plus Apple TV Channel; AMC+ Amazon Channel; AMC+ Roku Premium Channel; AMC+; YouTube TV; AMC; Philo; Amazon Video (rent); Apple TV (rent); Google Play Movies (rent); YouTube (rent); Fandango At Home (rent); Amazon Video (buy); Apple TV (buy); Google Play Movies (buy); YouTube (buy); Fandango At Home (buy),English; Spanish,United States of America,Die Hard Collection,2025-09-25T17:30:00
Die Hard: With a Vengeance,1995,tt0112864,1572,128,"New York detective John McClane is back and kicking bad-guy butt in the third installment of this action-packed series, which finds him teaming with civilian Zeus Carver to prevent the loss of innocent lives. McClane thought he'd seen it all, until a genius named Simon engages McClane, his new ""partner"" -- and his beloved city -- in a deadly game that demands their concentration.",https://image.tmdb.org/t/p/w500/buqmCdFQEWwEpL3agGgg2GVjN2d.jpg,https://image.tmdb.org/t/p/w780/fBvSfLetWlAMevQVHa0nBDV1Fon.jpg,Action; Thriller; Action | Thriller,,"new york city; taxi; gold; helicopter; robbery; police; bomb; riddle; detective; fbi; sequel; flashback; revenge; shootout; explosion; nypd; cargo ship; wild goose chase; simon says; dump truck; harlem, new york city; aqueduct; bomb threat; action hero; deadly game; federal reserve bank; nyc subway",,,,AMC Plus Apple TV Channel; AMC+ Amazon Channel; AMC+ Roku Premium Channel; AMC+; AMC; Philo; Amazon Video (rent); Apple TV (rent); Google Play Movies (rent); YouTube (rent); Fandango At Home (rent); Amazon Video (buy); Apple TV (buy); Google Play Movies (buy); YouTube (buy); Fandango At Home (buy),English; German; Romanian,United States of America,Die Hard Collection,2025-09-25T17:30:00
Dirty Dancing,2017,tt5262792,444902,130,"Spending the summer at a Catskills resort with her family, Frances ""Baby"" Houseman falls in love with the camp's dance instructor, Johnny Castle, and nothing is ever the same for anyone in the Houseman family.",https://image.tmdb.org/t/p/w500/ySL7B4FgYZR5xFBWc7c7lssuCN9.jpg,https://image.tmdb.org/t/p/w780/jyf7bNJs4CpZMwoeyo3RbbVtA9r.jpg,Drama; Romance; Drama | Romance,,musical; remake; catskills; 1960s; re-imagining,,,,Tubi TV; The CW; Hoopla; Google Play Movies (buy); YouTube (buy); Fandango At Home (buy),English,United States of America,,2025-09-25T17:30:00
Divergent,2014,tt1840309,157350,139,"In a world divided into factions based on personality types, Tris learns that she's been classified as Divergent and won't fit in. When she discovers a plot to destroy Divergents, Tris and the mysterious Four must find out what makes Divergents dangerous before it's too late.",https://image.tmdb.org/t/p/w500/aNh4Q3iuPKDMPi2SL7GgOpiLukX.jpg,https://image.tmdb.org/t/p/w780/bgkFOoXEQMRjKkCvgoj7smdGbuh.jpg,Action; Adventure; Science Fiction; Action | Adventure | Science Fiction,,future; based on novel or book; dystopia; futuristic; individuality; alternative reality; caste system; based on young adult novel,,,,AMC Plus Apple TV Channel; AMC+ Amazon Channel; Philo; MovieSphere+ Amazon Channel; Amazon Video (rent); Apple TV (rent); Google Play Movies (rent); YouTube (rent); Plex (rent); Amazon Video (buy); Apple TV (buy); Google Play Movies (buy); YouTube (buy); Fandango At Home (buy),English,United States of America,Divergent Collection,2025-09-25T17:30:01
Django Unchained,2012,tt1853728,68718,165,"With the help of a German bounty hunter, a freed slave sets out to rescue his wife from a brutal Mississippi plantation owner.",https://image.tmdb.org/t/p/w500/7oWY8VDWW7thTzWh3OKYRkWUlD5.jpg,https://image.tmdb.org/t/p/w780/n2eUT4zQA2yYcKOgAFidgOyiFoH.jpg,Drama; Western; Drama | Western,,rescue; friendship; bounty hunter; texas; slavery; plantation; rivalry; revenge; shootout; racism; kindness; dentist; django; slave trade; aftercreditsstinger; black slave; agreement; 19th century; chattanooga; german; cotton plantation; plantation owner; old west; western; 1850s; mississippi,,,,Peacock Premium; Peacock Premium Plus; Amazon Video (rent); Google Play Movies (rent); YouTube (rent); Fandango At Home (rent); Spectrum On Demand (rent); Plex (rent); Amazon Video (buy); Google Play Movies (buy); YouTube (buy); Fandango At Home (buy),English; French; German,United States of America,,2025-09-25T17:30:01
Doctor Sleep,2002,tt0286594,20321,108,"While treating a policewoman for smoking, hypnotherapist Michael Strother has a telepathic vision of a young girl floating beneath the surface of a stream. The escaped victim of a ritualistic serial killer, the girl has become mute, and Michael is called upon by Scotland Yard to unlock the secrets she holds in order to catch a man who believes he has discovered the key to immortality.",https://image.tmdb.org/t/p/w500/eBRcmhQakzeYPU6AWLP1DtAoLtC.jpg,https://image.tmdb.org/t/p/w780/ahrY6isV4vfPUzpIF0CO96pjuMw.jpg,Crime; Horror; Thriller; Mystery; Crime | Horror | Mystery | Thriller,,"london, england; psychology",,,,DistroTV,French; English,United Kingdom; France,,2025-09-25T17:30:01
Doctor Strange,2016,tt1211837,284052,115,"After his career is destroyed, a brilliant but arrogant surgeon gets a new lease on life when a sorcerer takes him under her wing and trains him to defend the world against evil.",https://image.tmdb.org/t/p/w500/uGBVj3bEbCoZbDjjl9wTxcygko1.jpg,https://image.tmdb.org/t/p/w780/aL53oMdZKZRJRH8txH07DLuleF9.jpg,Fantasy; Adventure; Action,,magic; superhero; training; time; based on comic; sorcerer; doctor; neurosurgeon; injury; wizard; aftercreditsstinger; duringcreditsstinger; marvel cinematic universe (mcu); suspenseful,,,,Disney Plus; Amazon Video (rent); Apple TV (rent); Google Play Movies (rent); YouTube (rent); Fandango At Home (rent); Amazon Video (buy); Apple TV (buy); Google Play Movies (buy); YouTube (buy); Fandango At Home (buy),English,United States of America,Doctor Strange Collection,2025-09-25T17:30:02
Dolittle,2020,tt6673612,448119,101,"After losing his wife seven years earlier, the eccentric Dr. John Dolittle, famed doctor and veterinarian of Queen Victoria’s England, hermits himself away behind the high walls of Dolittle Manor with only his menagerie of exotic animals for company. But when the young queen falls gravely ill, a reluctant Dolittle is forced to set sail on an epic adventure to a mythical island in search of a cure, regaining his wit and courage as he crosses old adversaries and discovers wondrous creatures.",https://image.tmdb.org/t/p/w500/uoplwswBDy7gsOyrbGuKyPFoPCs.jpg,https://image.tmdb.org/t/p/w780/xcUf6yIheo78btFqihlRLftdR3M.jpg,Family; Comedy; Fantasy; Adventure; Adventure | Comedy | Family | Fantasy,,ship; island; based on novel or book; victorian england; doctor; based on children's book; animals; veterinary; talking to animals; voyage,,,,fuboTV; Peacock Premium; NBC; Peacock Premium Plus; Amazon Video (rent); Apple TV (rent); Google Play Movies (rent); YouTube (rent); Fandango At Home (rent); Amazon Video (buy); Apple TV (buy); Google Play Movies (buy); YouTube (buy); Fandango At Home (buy),English; French,China; United States of America,,2025-09-25T17:30:02
Don Jon,2013,tt2229499,138697,90,"A New Jersey guy dedicated to his family, friends, and church, develops unrealistic expectations from watching porn and works to find happiness and intimacy with his potential true love.",https://image.tmdb.org/t/p/w500/uh8bwvgGXeUKzdL4oSul9zxyTcd.jpg,https://image.tmdb.org/t/p/w780/4QBI1pdjr2hH1fgC8NqwZZnWNso.jpg,Romance; Comedy; Drama; Comedy | Drama | Romance,,pornography; new jersey; sex addiction; sexual fantasy; internet porn; male masturbation; masturbation; exercise; blunt; true love; assertive; audacious,,,,Kanopy; Plex Channel; Amazon Video (rent); Apple TV (rent); Google Play Movies (rent); YouTube (rent); Fandango At Home (rent); Amazon Video (buy); Apple TV (buy); Google Play Movies (buy); YouTube (buy); Fandango At Home (buy),English,United States of America,,2025-09-25T17:30:02
Downsizing,2017,tt1389072,301337,135,A kindly occupational therapist undergoes a new procedure to be shrunken to four inches tall so that he and his wife can help save the planet and afford a nice lifestyle at the same time.,https://image.tmdb.org/t/p/w500/5bNzInSSAXfr0MFlHfb4IoQePVx.jpg,https://image.tmdb.org/t/p/w780/rtr0l61RxLPkmZHbZj0WFlGx5G5.jpg,Drama; Science Fiction; Comedy; Comedy | Drama | Science Fiction,,future; computer; therapist; married couple; shrinking; crowd; speculative; meditative; caucasian; thoughtful; reflective; pc; procedure; loving; inspirational; grand; provocative; direct; dramatic; sentimental; awestruck; bold; dignified; euphoric; exhilarated; hopeful; powerful,,,,Kanopy; Hoopla; Amazon Video (rent); Apple TV (rent); Google Play Movies (rent); YouTube (rent); Fandango At Home (rent); Spectrum On Demand (rent); Amazon Video (buy); Apple TV (buy); Google Play Movies (buy); YouTube (buy); Fandango At Home (buy),Norwegian; English; Spanish; Vietnamese; Icelandic,United States of America,,2025-09-25T17:30:03
Dr. Seuss' Horton Hears a Who!,2008,tt0451079,12222,86,"The classic and beloved story from Dr. Seuss is now a CG animated film from 20th Century Fox Animation, the makers of the Ice Age films. An imaginative elephant named Horton (Jim Carrey) hears a faint cry for help coming from a tiny speck of dust floating through the air. Horton suspects there may be life on that speck and despite a surrounding community, which thinks he has lost his mind, he is determined to save the tiny particle! Jim Carrey and Steve Carell lead an all-star cast in bringing this wonderful family picture to life!",https://image.tmdb.org/t/p/w500/6k47Z3A5zI2rxubTMwiLyIqQLLr.jpg,https://image.tmdb.org/t/p/w780/Nfwmdxl2EDvVVE4An18Lio6tSx.jpg,Animation; Comedy; Family; Adventure; Fantasy; Adventure | Animation | Comedy | Family | Fantasy,,rescue; elephant; jungle; who; cartoon elephant,,,,Freeform; Amazon Video (rent); Apple TV (rent); Google Play Movies (rent); YouTube (rent); Fandango At Home (rent); Amazon Video (buy); Apple TV (buy); Google Play Movies (buy); YouTube (buy); Fandango At Home (buy),English,United States of America,,2025-09-25T17:30:03
Dr. Seuss' How the Grinch Stole Christmas,1966,tt0060345,13377,25,"Bitter and hateful, the Grinch is irritated at the thought of a nearby village having a happy time celebrating Christmas. Disguised as Santa Claus, with his dog made to look like a reindeer, he decides to raid the village to steal all the Christmas things.",https://image.tmdb.org/t/p/w500/7ir0iRuPK9OEuH569cp0nF5CJce.jpg,https://image.tmdb.org/t/p/w780/1Q5b34cge5nClCpamxf3HkU18W1.jpg,Animation; Family; Comedy; Animation | Comedy | Family,,sleigh; monster; based on novel or book; heart; holiday; obsession; santa claus; materialism; christmas tree; surrealism; affection; snow; dog; christmas,,,,Peacock Premium; Peacock Premium Plus; Amazon Video (rent); Apple TV (rent); Google Play Movies (rent); YouTube (rent); Fandango At Home (rent); Plex (rent); Amazon Video (buy); Apple TV (buy); Google Play Movies (buy); YouTube (buy); Fandango At Home (buy),English,United States of America,,2025-09-25T17:30:03
Dr. Seuss' the Lorax,2012,tt1482459,73723,86,"A 12-year-old boy searches for the one thing that will enable him to win the affection of the girl of his dreams. To find it he must discover the story of the Lorax, the grumpy yet charming creature who fights to protect his world.",https://image.tmdb.org/t/p/w500/tePFnZFw5JvjwjQjaKkqDPNMLPU.jpg,https://image.tmdb.org/t/p/w780/71FjlP0qZPc1iymcHf8u5vXfH50.jpg,Animation; Family; Animation | Family,,aftermath; tree; villain; musical; family business; money; tragic villain; consumerism; air; based on children's book; animal killing; walled city; reforestation; tree cutting; mad family; clothes factory; meme; social; abused child; illumination; singing animals; fish trio; biggering; unless,,,,Peacock Premium; Peacock Premium Plus; Amazon Video (rent); Apple TV (rent); Google Play Movies (rent); YouTube (rent); Fandango At Home (rent); FlixFling (rent); Spectrum On Demand (rent); Amazon Video (buy); Apple TV (buy); Google Play Movies (buy); YouTube (buy); Fandango At Home (buy),English,United States of America; Japan,,2025-09-25T17:30:04
Dracula Untold,2014,tt0829150,49017,92,"Vlad Tepes is a great hero, but when he learns the Sultan is preparing for battle and needs to form an army of 1,000 boys, he vows to find a way to protect his family. Vlad turns to dark forces in order to get the power to destroy his enemies and agrees to go from hero to monster as he's turned into the mythological vampire, Dracula.",https://image.tmdb.org/t/p/w500/xJJFZ7tYASyQ7rNOLTrb2JpDc7A.jpg,https://image.tmdb.org/t/p/w780/f02FFv77Rh62633YEjimv7C6JM3.jpg,Horror; Action; Fantasy; Action | Fantasy | Horror,,hero; monster; vampire; bite; bravery; supernatural; prince; heroism; battle; 15th century; ottoman empire; dracula; dramatic; intense,,,,Netflix; Netflix Standard with Ads; Amazon Video (rent); Apple TV (rent); Google Play Movies (rent); YouTube (rent); Fandango At Home (rent); Amazon Video (buy); Apple TV (buy); Google Play Movies (buy); YouTube (buy); Fandango At Home (buy),English,United States of America,,2025-09-25T17:30:04
Dredd,2012,tt1343727,49049,95,"In the future, America is a dystopian wasteland. The latest scourge is Ma-Ma, a prostitute-turned-drug pusher with a dangerous new drug and aims to take over the city. The only possibility of stopping her is an elite group of urban police called Judges, who combine the duties of judge, jury and executioner to deliver a brutal brand of swift justice. But even the top-ranking Judge, Dredd, discovers that taking down Ma-Ma isn’t as easy as it seems in this explosive adaptation of the hugely popular comic series.",https://image.tmdb.org/t/p/w500/wLx65gtGVnUFCxceHWGszcruCZj.jpg,https://image.tmdb.org/t/p/w780/yeF9ewBnFp9d5nqdHMic4IAOqrs.jpg,Action; Science Fiction; Action | Science Fiction,,metropolis; corruption; police; judge; gangster; crime fighter; dystopia; post-apocalyptic future; executive case; based on comic; futuristic; survival; cyberpunk; criminal; justice; drug lord; based on graphic novel; female villain,,,,HBO Max; HBO Max Amazon Channel; Cinemax Amazon Channel; Cinemax Apple TV Channel; Amazon Video (rent); Apple TV (rent); Google Play Movies (rent); YouTube (rent); Fandango At Home (rent); Plex (rent); Amazon Video (buy); Apple TV (buy); Google Play Movies (buy); YouTube (buy); Fandango At Home (buy),English,South Africa; United Kingdom; United States of America; India,,2025-09-25T17:30:04
Drinking Buddies,2013,tt2265398,172533,90,"Weekend trips, office parties, late night conversations, drinking on the job, marriage pressure, biological clocks, holding eye contact a second too long… you know what makes the line between “friends” and “more than friends” really blurry? Beer.",https://image.tmdb.org/t/p/w500/iunbsMWtkwfrtRzU7hdCHhPjjJf.jpg,https://image.tmdb.org/t/p/w780/d8CHsjcTWV7HylrAXdR9UtY3HFG.jpg,Romance; Drama; Comedy; Comedy | Drama | Romance,,co-workers relationship; relationship; mumblecore; independent film,,,,HBO Max; HBO Max Amazon Channel; Kanopy; Hoopla; Plex Channel; Amazon Video (rent); Apple TV (rent); Google Play Movies (rent); YouTube (rent); Fandango At Home (rent); FlixFling (rent); Amazon Video (buy); Apple TV (buy); Google Play Movies (buy); YouTube (buy); Fandango At Home (buy); FlixFling (buy),English,United States of America,,2025-09-25T17:30:04
Drugstore Cowboy,1989,tt0097240,476,102,"Portland, Oregon, 1971. Bob Hughes is the charismatic leader of a peculiar quartet, formed by his wife, Dianne, and another couple, Rick and Nadine, who skillfully steal from drugstores and hospital medicine cabinets in order to appease their insatiable need for drugs. But neither fun nor luck last forever.",https://image.tmdb.org/t/p/w500/2bQXK39axyedUL6DE1pzdMYgAw1.jpg,https://image.tmdb.org/t/p/w780/zf52xLEyao2xcVnpThmzW2Xl0aj.jpg,Drama; Crime; Crime | Drama,,"drug abuse; support group; 1970s; drug addiction; junkie; portland, oregon; drugstore; group therapy; melancholy; drug stealing; burglars; opioid use disorder; hopeful; tragic",,,,fuboTV; BFI Player Amazon Channel; The Roku Channel; Fandango at Home Free; Tubi TV; Kanopy; Hoopla; Plex; Plex Channel; Amazon Video (rent); Apple TV (rent); Google Play Movies (rent); YouTube (rent); Fandango At Home (rent); Amazon Video (buy); Apple TV (buy); Google Play Movies (buy); YouTube (buy); Fandango At Home (buy),English,United States of America,,2025-09-25T17:30:05
Due Date,2010,tt1231583,41733,95,"Peter Highman must scramble across the US in five days to be present for the birth of his first child. He gets off to a bad start when his wallet and luggage are stolen, and put on the 'no-fly' list. Peter embarks on a terrifying journey when he accepts a ride from an actor.",https://image.tmdb.org/t/p/w500/sBxWS09pOOyXZ0dcnqfqqCAQGan.jpg,https://image.tmdb.org/t/p/w780/naV4PO7ftzNThYKGX44F8vRY2z3.jpg,Comedy; Drama; Comedy | Drama,,highway; slacker; hitchhiker; wallet; sunglasses; rest stop; vicodin; waffle,,,,Amazon Video (rent); Apple TV (rent); Google Play Movies (rent); YouTube (rent); Fandango At Home (rent); Amazon Video (buy); Apple TV (buy); Google Play Movies (buy); YouTube (buy); Fandango At Home (buy),English; Spanish,United States of America,,2025-09-25T17:30:05
Dumb Money,2023,tt13957560,792293,105,"Vlogger Keith Gill sinks his life savings into GameStop stock and posts about it. When social media starts blowing up, so do his life and the lives of everyone following him. As a stock tip becomes a movement, everyone gets rich—until the billionaires fight back, and both sides find their worlds turned upside down.",https://image.tmdb.org/t/p/w500/e9u7luSxFKOZgPTB9XHFnPArGdP.jpg,https://image.tmdb.org/t/p/w780/dTOQaHP4PjDXU2JwDF6UYqGqRT0.jpg,History; Comedy; Drama; Comedy | Drama | History,,"massachusetts; manipulation of the media; based on true story; securities, stocks and bonds; stock price; social media; stock market; meditative; dramedy; philosophical; investing; investment; stockholder; stock swindle; insider trading; vlogger; brother brother relationship; internet scam; social media influencer; finance trading; inspirational; critical; internet personality; intense; gamestop; audacious; bold; compassionate; defiant; dignified; earnest; instructive; powerful; urgent; 2020s",,,,Hulu; fuboTV; Amazon Video (rent); Apple TV (rent); Google Play Movies (rent); YouTube (rent); Fandango At Home (rent); Amazon Video (buy); Apple TV (buy); Google Play Movies (buy); YouTube (buy); Fandango At Home (buy),Spanish; English,United States of America,,2025-09-25T17:30:05
Dumb and Dumber To,2014,tt2096672,100042,110,"20 years since their first adventure, Lloyd and Harry go on a road trip to find Harry's newly discovered daughter, who was given up for adoption.",https://image.tmdb.org/t/p/w500/cvEi0xV7TUkabJGuzulhvbMjrHi.jpg,https://image.tmdb.org/t/p/w780/vaAMTyj02s649dCWfGcOs8GDWg7.jpg,Comedy,,friendship; road trip; sequel; buddy comedy; aftercreditsstinger; duringcreditsstinger,,,,Amazon Video (rent); Apple TV (rent); Google Play Movies (rent); YouTube (rent); Fandango At Home (rent); Amazon Video (buy); Apple TV (buy); Google Play Movies (buy); YouTube (buy); Fandango At Home (buy),English,United States of America; Japan,Dumb and Dumber Collection,2025-09-25T17:30:06
Dune,2021,tt1160419,438631,155,"Paul Atreides, a brilliant and gifted young man born into a great destiny beyond his understanding, must travel to the most dangerous planet in the universe to ensure the future of his family and his people. As malevolent forces explode into conflict over the planet's exclusive supply of the most precious resource in existence-a commodity capable of unlocking humanity's greatest potential-only those who can conquer their fear will survive.",https://image.tmdb.org/t/p/w500/d5NXSklXo0qyIYkgV94XAgMIckC.jpg,https://image.tmdb.org/t/p/w780/zRKQW58MBEY078AxkHxEJzUskCl.jpg,Science Fiction; Adventure; Adventure | Science Fiction,,empire; future; epic; army; based on novel or book; prophecy; dystopia; emperor; sand; spice; hallucinogen; treason; baron; revenge; premonition; betrayal; space; water shortage; creature; desert; knife fight; destiny; giant worm; space opera; sand dune; messiah; mother son relationship; giant creature; grand; intense; audacious; profecia,,,,HBO Max; Amazon Video (rent); Apple TV (rent); Google Play Movies (rent); YouTube (rent); Fandango At Home (rent); Plex (rent); Amazon Video (buy); Apple TV (buy); Google Play Movies (buy); YouTube (buy); Fandango At Home (buy),Mandarin; English,United States of America,Dune Collection,2025-09-25T17:30:06
Dungeons & Dragons Honor Among Thieves,2023,tt2906216,493529,134,"A charming thief and a band of unlikely adventurers undertake an epic heist to retrieve a lost relic, but things go dangerously awry when they run afoul of the wrong people.",https://image.tmdb.org/t/p/w500/v7UF7ypAqjsFZFdjksjQ7IUpXdn.jpg,https://image.tmdb.org/t/p/w780/AdBXP8e6K3FYdDrMx3Wr6WZqCYF.jpg,Adventure; Fantasy; Comedy; Adventure | Comedy | Fantasy,,platonic love; gang of thieves; dragon; role playing game; heist gone wrong; wizard; duringcreditsstinger; father daughter relationship; wizardry; hilarious,,,,Paramount Plus; Paramount+ Amazon Channel; Paramount+ Roku Premium Channel; Amazon Video (rent); Apple TV (rent); Google Play Movies (rent); YouTube (rent); Fandango At Home (rent); Spectrum On Demand (rent); Amazon Video (buy); Apple TV (buy); Google Play Movies (buy); YouTube (buy); Fandango At Home (buy),English,Canada; United States of America,,2025-09-25T17:30:06
Duplex,2003,tt0266489,7288,89,"When a young couple buys their dream home, they have no idea what the sweet little old lady upstairs is going to put them through!",https://image.tmdb.org/t/p/w500/rGw6I9TsgRIaBHa5JMg6MpARxjw.jpg,https://image.tmdb.org/t/p/w780/peQaGE36oX0ClMj1xOPPzQxF1MM.jpg,Comedy,,dark comedy; new home; neighbor neighbor relationship,,,,Kanopy; Hoopla; Amazon Video (rent); Apple TV (rent); Google Play Movies (rent); YouTube (rent); Fandango At Home (rent); Amazon Video (buy); Apple TV (buy); Google Play Movies (buy); YouTube (buy); Fandango At Home (buy),English,Germany; United States of America,,2025-09-25T17:30:07
E.T. The Extra-Terrestrial,1982,tt0083866,601,115,"An alien is left behind on Earth and saved by the 10-year-old Elliott who decides to keep him hidden in his home. While a task force hunts for the extra-terrestrial, Elliott, his brother, and his little sister Gertie form an emotional bond with their new friend, and try to help him find his way home.",https://image.tmdb.org/t/p/w500/an0nD6uq6byfxXCfk6lQBzdL2J1.jpg,https://image.tmdb.org/t/p/w780/mXLVA0YL6tcXi6SJSuAh9ONXFj5.jpg,Science Fiction; Adventure; Family; Fantasy; Adventure | Family | Fantasy | Science Fiction,,farewell; space marine; operation; flying saucer; nasa; homesickness; loss of loved one; extraterrestrial technology; prosecution; riding a bicycle; halloween; finger; flowerpot; alien; single; single mother; hopeful; joyful,,,,Netflix; Netflix Standard with Ads; Amazon Video (rent); Apple TV (rent); Google Play Movies (rent); YouTube (rent); Fandango At Home (rent); Amazon Video (buy); Apple TV (buy); Google Play Movies (buy); YouTube (buy); Fandango At Home (buy),English,United States of America,,2025-09-25T17:30:07
ELLIS,2015,tt5109770,449911,17,"A young father is forced to share custody of his daughters with his ex-wife, whose new boyfriend has a history of sexual assault.",https://image.tmdb.org/t/p/w500/oI0pgBEDDRFkkPLjNbS8ZEzKOGZ.jpg,,Drama,,,,,,,,,,2025-09-25T17:30:07
Earth Girls Are Easy,1988,tt0097257,2210,100,"In this musical comedy, Valerie is dealing with her philandering fiancé, Ted, when she finds that a trio of aliens have crashed their spaceship into her swimming pool. Once the furry beings are shaved at her girlfriend's salon, the women discover three handsome men underneath. After absorbing the native culture via television, the spacemen are ready to hit the dating scene in 1980s Los Angeles.",https://image.tmdb.org/t/p/w500/pO9Edq8mgp9kD3N6EkCGYLnIVaA.jpg,https://image.tmdb.org/t/p/w780/6qQZ54iVgQWOFaVWss77yHy8YHu.jpg,Comedy; Science Fiction; Music; Romance; Comedy | Music | Romance | Science Fiction,,spacecraft; dancing; dreams; police; musical; romcom; bikini; swimming pool; romance; alien; beauty salon; hospital; makeover; nosy neighbor; discotheque; valley girl,,,,Amazon Prime Video; Amazon Prime Video with Ads; The Roku Channel; Fandango at Home Free; Tubi TV; YouTube Free; Kanopy; Hoopla; Plex; Plex Channel; Amazon Video (rent); Apple TV (rent); Google Play Movies (rent); YouTube (rent); Fandango At Home (rent); Amazon Video (buy); Apple TV (buy); Google Play Movies (buy); YouTube (buy); Fandango At Home (buy),English,United Kingdom; United States of America,,2025-09-25T17:30:08
Earth: One Amazing Day,2017,tt6238896,464593,93,"An astonishing journey revealing the awesome power of the natural world. Over the course of one single day, we track the sun from the highest mountains to the remotest islands to exotic jungles.",https://image.tmdb.org/t/p/w500/wUt2efBP0Ar8PR7WyakSA2azX0w.jpg,https://image.tmdb.org/t/p/w780/zAarcAlr0coEpea8d95KHfJYgDA.jpg,Documentary; Family; Adventure; Adventure | Documentary | Family,,earth; animals; nature,,,,Google Play Movies (rent); YouTube (rent); Google Play Movies (buy); YouTube (buy),Mandarin; English,China; United Kingdom,,2025-09-25T17:30:08
Easy A,2010,tt1282140,37735,93,"Olive, an average high school student, sees her below-the-radar existence turn around overnight once she decides to use the school's gossip grapevine to advance her social standing. Now her classmates are turning against her and the school board is becoming concerned, including her favorite teacher and the distracted guidance counselor. With the support of her hilariously idiosyncratic parents and a little help from a long-time crush, Olive attempts to take on her notorious new identity and crush the rumor mill once and for all.",https://image.tmdb.org/t/p/w500/v5f1qO6NJnxWgONgkYg21TW39DT.jpg,https://image.tmdb.org/t/p/w780/30rvmoEBqovm723agDJ3QddWXcY.jpg,Comedy,,high school; small town; lie; loss of virginity; coming of age; teen movie; school; female protagonist; high school student; teen comedy; intelligent; duringcreditsstinger; small town girl; rumor; teen drama; pretend relationship; gay friend; teenager,,,,Hulu; YouTube TV; Amazon Video (rent); Apple TV (rent); Google Play Movies (rent); YouTube (rent); Fandango At Home (rent); Amazon Video (buy); Apple TV (buy); Google Play Movies (buy); YouTube (buy); Fandango At Home (buy),English,United States of America,,2025-09-25T17:30:08
Edward Scissorhands,1990,tt0099487,162,105,A small suburban town receives a visit from a castaway unfinished science experiment named Edward.,https://image.tmdb.org/t/p/w500/e0FqKFvGPdQNWG8tF9cZBtev9Em.jpg,https://image.tmdb.org/t/p/w780/uNLIMPxknsV4n3IAEDpS1iqF5dm.jpg,Fantasy; Drama; Romance; Drama | Fantasy | Romance,,underdog; small town; unsociability; inventor; hairdresser; isolation; scissors; burglar; love at first sight; fairy tale; sadness; symbolism; castle; alone; flashback; tragic love; snow; gothic; told in flashback; christmas horror; christmas; artificial; hair salon; signs & wonders; wonder; love story; goth; frankenstein; introspective; topiary; sentimental; awestruck; cliché; compassionate; earnest; gentle; suburban gothic,,,,Disney Plus; Amazon Video (rent); Apple TV (rent); Google Play Movies (rent); YouTube (rent); Fandango At Home (rent); Amazon Video (buy); Apple TV (buy); Google Play Movies (buy); YouTube (buy); Fandango At Home (buy),English,United States of America,,2025-09-25T17:30:09
Elvis,2022,tt3704428,614934,159,"The life story of Elvis Presley as seen through the complicated relationship with his enigmatic manager, Colonel Tom Parker.",https://image.tmdb.org/t/p/w500/qBOKWqAFbveZ4ryjJJwbie6tXkQ.jpg,https://image.tmdb.org/t/p/w780/rLo9T9jEg67UZPq3midjLnTUYYi.jpg,Drama; Music; History; Drama | History | Music,,rock 'n' roll; biography; based on true story; singer; music business; 1950s; apathetic; disdainful,,,,Amazon Video (rent); Apple TV (rent); Google Play Movies (rent); YouTube (rent); Fandango At Home (rent); Spectrum On Demand (rent); Plex (rent); Amazon Video (buy); Apple TV (buy); Google Play Movies (buy); YouTube (buy); Fandango At Home (buy),English,Australia; United States of America,,2025-09-25T17:30:09
Ender's Game,2013,tt1731141,80274,114,"Based on the classic novel by Orson Scott Card, Ender's Game is the story of the Earth's most gifted children training to defend their homeplanet in the space wars of the future.",https://image.tmdb.org/t/p/w500/vmd3CNeG2B9FXsit61oc7oxabej.jpg,https://image.tmdb.org/t/p/w780/zWvOs6lepfOI0dPa1ANVcdbkBuY.jpg,Science Fiction; Action; Adventure; Action | Adventure | Science Fiction,,based on novel or book; fight; starship; intolerance; war strategy; chosen one; earth; child prodigy; futuristic; space; alien invasion; universe; military school; adventurer; morality tale; based on young adult novel; boy group; starships; complicated; disheartening; frustrated,,,,YouTube TV; MovieSphere+ Amazon Channel; Plex; Plex Channel; Amazon Video (rent); Apple TV (rent); Google Play Movies (rent); YouTube (rent); Spectrum On Demand (rent); Amazon Video (buy); Apple TV (buy); Google Play Movies (buy); YouTube (buy),English,United States of America,,2025-09-25T17:30:09
Endless Love,1981,tt0082329,19114,116,"As their romance unfolds, Jade and David's growing love for one another becomes the scorn of Jade's father. However, when Jade's grades begin to drop, her father forbids the young couple from seeing each other for 30 days. Driven insane with frustration and desire, David attempts to reverse the decision, with catastrophic results.",https://image.tmdb.org/t/p/w500/eAU5kEn3n2PROao46iqs0w57Tqr.jpg,https://image.tmdb.org/t/p/w780/2TgNJKANT9DPENJZf6GHqqRf0QP.jpg,Romance; Drama; Drama | Romance,,shocking; cautionary; wistful; dramatic; adoring; enchant,,,,MovieSphere+ Amazon Channel; Tubi TV; Hoopla; Amazon Video (rent); Apple TV (rent); Google Play Movies (rent); YouTube (rent); Fandango At Home (rent); Amazon Video (buy); Apple TV (buy); Google Play Movies (buy); YouTube (buy); Fandango At Home (buy),English,United States of America,,2025-09-25T17:30:09
Endless Love,2014,tt2318092,483488,300,"μ's →NEXT LoveLive! 2014 ~ENDLESS PARADE~ is a DVD/Blu-Ray disc of μ's live concert that took place in Saitama Super Arena on February 8th and 9th, 2014. Day One was split into three parts and released separately coupled with the 2nd, 4th and 6th TV Anime 2 Blu-ray Volumes, while the DVD and Blu-ray for Day 2 was released on July 23, 2014. This was their first concert to be live-streamed not just in cinemas across Japan, but also to cinemas in other countries.",https://image.tmdb.org/t/p/w500/ljFanlzziYjn7MSxpQCjMcSRHJu.jpg,https://image.tmdb.org/t/p/w780/oFsrBGbJWUEQFuMbHtfHnGpedkg.jpg,Music; Drama; Romance; Mystery,,,,,,,Japanese,Japan,μ's Live Collection,2025-09-25T17:30:10
Erin Brockovich,2000,tt0195685,462,131,"A twice-divorced mother of three who sees an injustice, takes on the bad guy and wins -- with a little help from her push-up bra. Erin goes to work for an attorney and comes across medical records describing illnesses clustered in one nearby town. She starts investigating and soon exposes a monumental cover-up.",https://image.tmdb.org/t/p/w500/jEMvWBWVjndZT0vJnLrRWi9ajea.jpg,https://image.tmdb.org/t/p/w780/3HmLKhahTxX2ALTWlagr92pZrU7.jpg,Drama,,biography; based on true story; single mother; water pollution; environmental law; legal drama; corporate negligence,,,,Amazon Video (rent); Apple TV (rent); Google Play Movies (rent); YouTube (rent); Fandango At Home (rent); FlixFling (rent); Spectrum On Demand (rent); Amazon Video (buy); Apple TV (buy); Google Play Movies (buy); YouTube (buy); Fandango At Home (buy),English,United States of America,,2025-09-25T17:30:10
Escape Plan,2013,tt1211956,107846,115,"Ray Breslin is the world's foremost authority on structural security. After analyzing every high security prison and learning a vast array of survival skills so he can design escape-proof prisons, his skills are put to the test. He's framed and incarcerated in a master prison he designed himself. He needs to escape and find the person who put him behind bars.",https://image.tmdb.org/t/p/w500/qOZPLflxDqKogu9v9hYw3lolxGs.jpg,https://image.tmdb.org/t/p/w780/ix9WYBqQ2xSZCgyeQ1vVdrbaFa4.jpg,Action; Thriller; Action | Thriller,,ship; prison warden; prison escape; escape artist; maximum security prison,,,,Amazon Prime Video; YouTube TV; Amazon Prime Video with Ads; MovieSphere+ Amazon Channel; Plex Channel; Amazon Video (rent); Apple TV (rent); Google Play Movies (rent); YouTube (rent); Fandango At Home (rent); Plex (rent); Amazon Video (buy); Apple TV (buy); Google Play Movies (buy); YouTube (buy); Fandango At Home (buy),English; German; Arabic; Urdu,United Kingdom; United States of America,Escape Plan Collection,2025-09-25T17:30:10
Escape Room,2017,tt5748392,431259,90,Four friends who partake in a popular Los Angeles escape room find themselves stuck with a demonically possessed killer. They have less than an hour to solve the puzzles needed to escape the room alive.,https://image.tmdb.org/t/p/w500/dCthgwsV0AXIMqliQL6njAWf7Sb.jpg,https://image.tmdb.org/t/p/w780/1e5GyqXhpgfKZFI8lgAknJYKgQU.jpg,Horror; Thriller; Fantasy; Fantasy | Horror | Thriller,,escape room; death game,,,,fuboTV; Fandango at Home Free; Tubi TV; Hoopla; Plex; Plex Channel; Fawesome; Amazon Video (rent); Fandango At Home (rent); Amazon Video (buy); Fandango At Home (buy),Arabic; English,United States of America,,2025-09-25T17:30:11
Escape Room: Tournament of Champions,2021,tt9844522,585216,88,"Six people unwittingly find themselves locked in another series of escape rooms, slowly uncovering what they have in common to survive... and discovering they've all played the games before.",https://image.tmdb.org/t/p/w500/jGYJyPzVgrVV2bgClI9uvEZgVLE.jpg,https://image.tmdb.org/t/p/w780/qo9tN87uTsbXnaAob6aa7U33ayb.jpg,Horror; Thriller; Mystery; Horror | Mystery | Thriller,,sequel; no escape; escape room; death game,,,,Starz Apple TV Channel; Starz; Philo; Starz Amazon Channel; Amazon Video (rent); Apple TV (rent); Google Play Movies (rent); YouTube (rent); Fandango At Home (rent); Amazon Video (buy); Apple TV (buy); Google Play Movies (buy); YouTube (buy); Fandango At Home (buy),English,United States of America,Escape Room Collection,2025-09-25T17:30:11
Eternal Sunshine of the Spotless Mind,2004,tt0338013,38,108,"Joel Barish, heartbroken that his girlfriend underwent a procedure to erase him from her memory, decides to do the same. However, as he watches his memories of her fade away, he realises that he still loves her, and may be too late to correct his mistake.",https://image.tmdb.org/t/p/w500/5MwkWH9tYHv3mV9OdYTMR5qreIz.jpg,https://image.tmdb.org/t/p/w780/744ybMaYRry1IQKoDakMc4GEU4L.jpg,Science Fiction; Drama; Romance; Drama | Romance | Science Fiction,,new york city; regret; jealousy; deja vu; amnesia; dreams; operation; relationship problems; love; memory; brainwashing; relationship; heartbreak; nonlinear timeline; 2000s; memory manipulation,,,,Amazon Video (rent); Apple TV (rent); Google Play Movies (rent); YouTube (rent); Fandango At Home (rent); FlixFling (rent); Spectrum On Demand (rent); Amazon Video (buy); Apple TV (buy); Google Play Movies (buy); YouTube (buy); Fandango At Home (buy),English,United States of America,,2025-09-25T17:30:11
Everything Everywhere All at Once,2022,tt6710474,545611,140,"An aging Chinese immigrant is swept up in an insane adventure, where she alone can save what's important to her by connecting with the lives she could have led in other universes.",https://image.tmdb.org/t/p/w500/u68AjlvlutfEIcpmbYpKcdi09ut.jpg,https://image.tmdb.org/t/p/w780/ss0Os3uWJfQAENILHZUdX8Tt1OC.jpg,Action; Adventure; Science Fiction; Action | Adventure | Science Fiction,,mother; martial arts; kung fu; philosophy; generations conflict; chinese woman; surrealism; laundromat; chinese; east asian lead; divorce; family; lgbt; hot dog; asian woman; chinese immigrant; imaginative; mother daughter relationship; action comedy; asian american; intergenerational trauma; internal revenue service; interdimensional travel; absurd; dramatic; bold; excited; 瞬息全宇宙,,,,Amazon Video (rent); Apple TV (rent); Google Play Movies (rent); YouTube (rent); Fandango At Home (rent); Spectrum On Demand (rent); Plex (rent); Amazon Video (buy); Apple TV (buy); Google Play Movies (buy); YouTube (buy); Fandango At Home (buy),Cantonese; Mandarin; English,United States of America,,2025-09-25T17:30:12
Evil Dead 2,1992,tt0203132,44836,97,A female projectionist is haunted by the image of a small boy while a killer prowls the city. The projectionist's relationship with her attractive and successful reporter friend drives the plot deeper into insanity.,https://image.tmdb.org/t/p/w500/6qE1ONotur97ktwMvthcUDs5eLk.jpg,https://image.tmdb.org/t/p/w780/b7hIDmuXZNB46yJjsynAxqjrodx.jpg,Horror; Thriller; Horror | Thriller,,,,,,Amazon Prime Video; AMC Plus Apple TV Channel; AMC+ Amazon Channel; AMC+; Philo; Shudder; Shudder Amazon Channel; Eternal Family; Shudder Apple TV Channel; Amazon Prime Video with Ads; Tubi TV; Amazon Prime Video Free with Ads; Hoopla; FlixHouse; Amazon Video (rent); Google Play Movies (rent); YouTube (rent); Amazon Video (buy); Google Play Movies (buy); YouTube (buy),Japanese,Japan,Evil Dead Trap Collection,2025-09-25T17:30:12
Ex Machina,2007,tt1043842,13981,105,"As members of ESWAT, the elite forces serving Olympus, Deunan and Briaereos are deployed anywhere trouble strikes. Olympus finds itself under a stealth attack - cyborg terrorism, deadly nanotech zealots, and rioting citizens are just some of the threats that Deunan must contend with as she fights to save Olympus!",https://image.tmdb.org/t/p/w500/mxhr2e2Xky4cQ96NpI24xc2GUPn.jpg,https://image.tmdb.org/t/p/w780/5jbIVp6dwGoVovMSXqJfCOGfryP.jpg,Animation; Action; Thriller; Science Fiction; Action | Animation | Science Fiction | Thriller,,future; cyborg; mecha; cyberpunk; terrorism; based on manga; adult animation; anime,,,,,Japanese,Japan; United States of America,Appleseed Collection,2025-09-25T17:30:12
Eye In the Sky,2015,tt2057392,333352,102,"A UK-based military officer in command of a top secret drone operation to capture terrorists in Kenya discovers the targets are planning a suicide bombing and the mission escalates from “capture” to “kill.” As American pilot Steve Watts is about to engage, a nine-year old girl enters the kill zone, triggering an international dispute reaching the highest levels of US and British government over the moral, political, and personal implications of modern warfare.",https://image.tmdb.org/t/p/w500/xMY2XbaRtmto9LXwo83wnYRKN2U.jpg,https://image.tmdb.org/t/p/w780/6HRo6TUVcb0x9Rzq3h8rURvZMzf.jpg,Drama; Thriller; War; Drama | Thriller | War,,drone; terrorism; duringcreditsstinger; us military; air force base; combat drone,,,,Cinemax Amazon Channel; Cinemax Apple TV Channel; Kanopy; Hoopla; Amazon Video (rent); Apple TV (rent); Google Play Movies (rent); YouTube (rent); Fandango At Home (rent); Amazon Video (buy); Apple TV (buy); Google Play Movies (buy); YouTube (buy); Fandango At Home (buy),Somali; English,United Kingdom,,2025-09-25T17:30:12
Fantastic Beasts and Where to Find Them,2016,tt3183660,259316,133,"In 1926, Newt Scamander arrives at the Magical Congress of the United States of America with a magically expanded briefcase, which houses a number of dangerous creatures and their habitats. When the creatures escape from the briefcase, it sends the American wizarding authorities after Newt, and threatens to strain even further the state of magical and non-magical relations.",https://image.tmdb.org/t/p/w500/h6NYfVUyM6CDURtZSnBpz647Ldd.jpg,https://image.tmdb.org/t/p/w780/8Qsr8pvDL3s1jNZQ4HK1d1Xlvnh.jpg,Fantasy; Adventure; Adventure | Fantasy,,witch; new york city; robbery; escape; teleportation; magic; suitcase; mistake; spin off; subway station; wizard; goblin; magical creature; 1920s; based on young adult novel,,,,HBO Max; HBO Max Amazon Channel; Amazon Video (rent); Apple TV (rent); Google Play Movies (rent); YouTube (rent); Fandango At Home (rent); Spectrum On Demand (rent); Plex (rent); Amazon Video (buy); Apple TV (buy); Google Play Movies (buy); YouTube (buy); Fandango At Home (buy),English,United Kingdom; United States of America,Fantastic Beasts Collection,2025-09-25T17:30:13
Fantastic Beasts: The Crimes of Grindelwald,2018,tt4123430,338952,134,"Gellert Grindelwald has escaped imprisonment and has begun gathering followers to his cause—elevating wizards above all non-magical beings. The only one capable of putting a stop to him is the wizard he once called his closest friend, Albus Dumbledore. However, Dumbledore will need to seek help from the wizard who had thwarted Grindelwald once before, his former student Newt Scamander, who agrees to help, unaware of the dangers that lie ahead. Lines are drawn as love and loyalty are tested, even among the truest friends and family, in an increasingly divided wizarding world.",https://image.tmdb.org/t/p/w500/fMMrl8fD9gRCFJvsx0SuFwkEOop.jpg,https://image.tmdb.org/t/p/w780/qrtRKRzoNkf5vemO9tJ2Y4DrHxQ.jpg,Fantasy; Adventure; Adventure | Fantasy,,"witch; new york city; paris, france; magic; school of witchcraft; sequel; prison escape; old flame; wizard; magical creature; 1920s; based on young adult novel; good versus evil; dark magic; follower",,,,HBO Max; HBO Max Amazon Channel; Amazon Video (rent); Apple TV (rent); Google Play Movies (rent); YouTube (rent); Fandango At Home (rent); Spectrum On Demand (rent); Plex (rent); Amazon Video (buy); Apple TV (buy); Google Play Movies (buy); YouTube (buy); Fandango At Home (buy),English; French,United Kingdom; United States of America,Fantastic Beasts Collection,2025-09-25T17:30:13
Fantastic Beasts: The Secrets of Dumbledore,2022,tt4123432,338953,142,"Professor Albus Dumbledore knows the powerful, dark wizard Gellert Grindelwald is moving to seize control of the wizarding world. Unable to stop him alone, he entrusts magizoologist Newt Scamander to lead an intrepid team of wizards and witches. They soon encounter an array of old and new beasts as they clash with Grindelwald's growing legion of followers.",https://image.tmdb.org/t/p/w500/3c5GNLB4yRSLBby0trHoA1DSQxQ.jpg,https://image.tmdb.org/t/p/w780/zGLHX92Gk96O1DJvLil7ObJTbaL.jpg,Fantasy; Adventure; Fantasy | Adventure,,"prison; witch; berlin, germany; magic; election campaign; affectation; curse; bhutan; lgbt; fantasy world; wizard; magical creature; 1930s; based on young adult novel; good versus evil; amused; powerful",,,,HBO Max; HBO Max Amazon Channel; Amazon Video (rent); Apple TV (rent); Google Play Movies (rent); YouTube (rent); Fandango At Home (rent); Spectrum On Demand (rent); Plex (rent); Amazon Video (buy); Apple TV (buy); Google Play Movies (buy); YouTube (buy); Fandango At Home (buy),English,United Kingdom; United States of America,Fantastic Beasts Collection,2025-09-25T17:30:13
Fear of Rain,2021,tt10037014,599281,109,"A teenage girl living with schizophrenia begins to suspect her neighbor has kidnapped a child. Her parents try desperately to help her live a normal life, without exposing their own tragic secrets, and the only person who believes her is Caleb – a boy she isn’t even sure exists.",https://image.tmdb.org/t/p/w500/5hmaACPJfI2M0v38DeltW3dSggT.jpg,https://image.tmdb.org/t/p/w780/vxZaw8C5w4XlYEPtptzKJ7lBIFH.jpg,Thriller; Horror; Drama; Drama | Horror | Thriller,,kidnapping; neighbor; fear; mental illness; hearing voices,,,,Amazon Prime Video; fuboTV; Amazon Prime Video with Ads; MovieSphere+ Amazon Channel; Amazon Prime Video Free with Ads; Plex Channel; Amazon Video (rent); Apple TV (rent); Google Play Movies (rent); YouTube (rent); Fandango At Home (rent); Amazon Video (buy); Apple TV (buy); Google Play Movies (buy); YouTube (buy); Fandango At Home (buy),English,United States of America,,2025-09-25T17:30:14
Ferris Bueller's Day Off,1986,tt0091042,9377,103,"After high school slacker Ferris Bueller successfully fakes an illness in order to skip school for the day, he goes on a series of adventures throughout Chicago with his girlfriend Sloane and best friend Cameron, all the while trying to outwit his wily school principal and fed-up sister.",https://image.tmdb.org/t/p/w500/9LTQNCvoLsKXP0LtaKAaYVtRaQL.jpg,https://image.tmdb.org/t/p/w780/leehjwM57DKJ79XMUll4oAF0kin.jpg,Comedy,,"chicago, illinois; high school; independence; coming of age; caper; breaking the fourth wall; teen movie; fantasy sequence; car theft; skipping school; aftercreditsstinger; duringcreditsstinger; truancy; day in a life; 1980s; irreverent; teenager; optimistic; sincere",,,,Netflix; AMC Plus Apple TV Channel; AMC+ Amazon Channel; AMC+ Roku Premium Channel; AMC+; AMC; Philo; Kanopy; Hoopla; Amazon Video (rent); Apple TV (rent); Google Play Movies (rent); YouTube (rent); Fandango At Home (rent); FlixFling (rent); Plex (rent); Amazon Video (buy); Apple TV (buy); Google Play Movies (buy); YouTube (buy); Fandango At Home (buy),English,United States of America,,2025-09-25T17:30:14
Fiddler On the Roof,1971,tt0067093,14811,181,"In a pre-revolutionary Russia, a poor Jewish milkman struggles with the challenges of a changing world as his daughters fall in love and antisemitism grows.",https://image.tmdb.org/t/p/w500/v65PHx7Q6Jx0anyNeUOX07SJic9.jpg,https://image.tmdb.org/t/p/w780/rqnOgJWvlURkcOWfGqiACvkTAqG.jpg,Drama; Romance; Drama | Romance,,dreams; parent child relationship; tradition; musical; based on play or musical; pogrom; milkman; russian orthodox church; judaism; tavern; constable; suitor; breaking the fourth wall; russian soldier; elopement; fiddler; 1900s,,,,Amazon Prime Video; Amazon Prime Video with Ads; Kanopy; Hoopla; Amazon Video (rent); Apple TV (rent); Google Play Movies (rent); YouTube (rent); Fandango At Home (rent); Amazon Video (buy); Apple TV (buy); Google Play Movies (buy); YouTube (buy); Fandango At Home (buy),Russian; Hebrew; English,United States of America,,2025-09-25T17:30:14
Fifty Shades Darker,2017,tt4465564,341174,118,"When a wounded Christian Grey tries to entice a cautious Ana Steele back into his life, she demands a new arrangement before she will give him another chance. As the two begin to build trust and find stability, shadowy figures from Christian’s past start to circle the couple, determined to destroy their hopes for a future together.",https://image.tmdb.org/t/p/w500/w3qa274gvca9t8pkUoG8nfQgTU3.jpg,https://image.tmdb.org/t/p/w780/16aJtXO6lObbBUr11IvkjB1QD1f.jpg,Drama; Romance; Drama | Romance,,based on novel or book; boat; eroticism; kiss; sequel; bdsm; dreary,,,,Starz Apple TV Channel; Starz Roku Premium Channel; Starz; Philo; Starz Amazon Channel; Apple TV (rent); Google Play Movies (rent); YouTube (rent); Fandango At Home (rent); Apple TV (buy); Google Play Movies (buy); YouTube (buy); Fandango At Home (buy),English,Japan; United States of America,Fifty Shades Collection,2025-09-25T17:30:15
Fifty Shades Freed,2018,tt4477536,337167,105,"Believing they have left behind shadowy figures from their past, newlyweds Christian and Ana fully embrace an inextricable connection and shared life of luxury. But just as she steps into her role as Mrs. Grey and he relaxes into an unfamiliar stability, new threats could jeopardize their happy ending before it even begins.",https://image.tmdb.org/t/p/w500/jjPJ4s3DWZZvI4vw8Xfi4Vqa1Q8.jpg,https://image.tmdb.org/t/p/w780/9ywA15OAiwjSTvg3cBs9B7kOCBF.jpg,Drama; Romance; Drama | Romance,,based on novel or book; eroticism; sequel; bdsm,,,,Starz Apple TV Channel; Starz Roku Premium Channel; Starz; Philo; Starz Amazon Channel; Apple TV (rent); Google Play Movies (rent); YouTube (rent); Fandango At Home (rent); Amazon Video (buy); Apple TV (buy); Google Play Movies (buy); YouTube (buy); Fandango At Home (buy),English,United States of America,Fifty Shades Collection,2025-09-25T17:30:15
Fifty Shades of Grey,2015,tt2322441,216015,125,"When college senior Anastasia Steele steps in for her sick roommate to interview prominent businessman Christian Grey for their campus paper, little does she realize the path her life will take. Christian, as enigmatic as he is rich and powerful, finds himself strangely drawn to Ana, and she to him. Though sexually inexperienced, Ana plunges headlong into an affair -- and learns that Christian's true sexual proclivities push the boundaries of pain and pleasure.",https://image.tmdb.org/t/p/w500/63kGofUkt1Mx0SIL4XI4Z5AoSgt.jpg,https://image.tmdb.org/t/p/w780/7IGKrY1f1KfwMipx9wZC4NRgIdF.jpg,Drama; Romance; Thriller; Drama | Romance | Thriller,,bad smell; based on novel or book; eroticism; perversion; spanking; billionaire; rich; bdsm; woman director; baffled,,,,Starz Apple TV Channel; Starz Roku Premium Channel; Starz; Philo; Starz Amazon Channel; Amazon Video (rent); Apple TV (rent); Google Play Movies (rent); YouTube (rent); Fandango At Home (rent); Spectrum On Demand (rent); Amazon Video (buy); Apple TV (buy); Google Play Movies (buy); YouTube (buy); Fandango At Home (buy),English,United States of America,Fifty Shades Collection,2025-09-25T17:30:15
Fight Club,1999,tt0137523,550,139,"A ticking-time-bomb insomniac and a slippery soap salesman channel primal male aggression into a shocking new form of therapy. Their concept catches on, with underground ""fight clubs"" forming in every town, until an eccentric gets in the way and ignites an out-of-control spiral toward oblivion.",https://image.tmdb.org/t/p/w500/pB8BM7pdSp6B6Ih7QZ4DrQ3PmJK.jpg,https://image.tmdb.org/t/p/w780/hZkgoQYus5vegHoetLkCJzb17zJ.jpg,Drama; Thriller,,dual identity; rage and hate; based on novel or book; nihilism; fight; support group; dystopia; insomnia; alter ego; breaking the fourth wall; split personality; quitting a job; dissociative identity disorder; self destructiveness,,,,fuboTV; HBO Max; HBO Max Amazon Channel; Apple TV (rent); Google Play Movies (rent); YouTube (rent); Fandango At Home (rent); Amazon Video (buy); Apple TV (buy); Google Play Movies (buy); YouTube (buy); Fandango At Home (buy),English,Germany; United States of America,,2025-09-25T17:30:16
Final Destination,2000,tt0195714,9532,98,"After a teenager has a terrifying vision of him and his friends dying in a plane crash, he prevents the accident only to have Death hunt them down, one by one.",https://image.tmdb.org/t/p/w500/1mXhlQMnlfvJ2frxTjZSQNnA9Vp.jpg,https://image.tmdb.org/t/p/w780/7isarjYDEKZ5t1CgcvbuqEUby8P.jpg,Horror,,airport; time travel; omen; premonition; airplane accident; airplane crash; corpse; death; macabre; near-death experience; desperate; cheating death; supernatural horror; cliché; teen scream; deaths,,,,HBO Max; YouTube TV; Amazon Video (rent); Apple TV (rent); Google Play Movies (rent); YouTube (rent); Fandango At Home (rent); Spectrum On Demand (rent); Plex (rent); Amazon Video (buy); Apple TV (buy); Google Play Movies (buy); YouTube (buy); Fandango At Home (buy),English; French,United States of America,Final Destination Collection,2025-09-25T17:30:16
Final Destination 2,2003,tt0309593,9358,90,"When Kimberly has a violent premonition of a highway pileup she blocks the freeway, keeping a few others meant to die, safe...Or are they? The survivors mysteriously start dying and it's up to Kimberly to stop it before she's next.",https://image.tmdb.org/t/p/w500/dg6Tf98InieJSClSKQJTQevYWmB.jpg,https://image.tmdb.org/t/p/w780/tKnmfO5lAyu8hpTZMyMaI4lhZpJ.jpg,Horror; Mystery; Horror | Mystery,,ambulance; car crash; premonition; vision; hospital; death; macabre; cheating death; supernatural horror; horror; excited; teen scream; deaths,,,,HBO Max; HBO Max Amazon Channel; YouTube TV; Amazon Video (rent); Apple TV (rent); Google Play Movies (rent); YouTube (rent); Fandango At Home (rent); Spectrum On Demand (rent); Plex (rent); Amazon Video (buy); Apple TV (buy); Google Play Movies (buy); YouTube (buy); Fandango At Home (buy),English,United States of America,Final Destination Collection,2025-09-25T17:30:16
Final Destination 3,2006,tt0414982,9286,92,"High school senior Wendy's premonition of a deadly rollercoaster ride saves her life and a lucky few, but not from death itself — which seeks out those who escaped their fate.",https://image.tmdb.org/t/p/w500/p7ARuNKUGPGvkBiDtIDvAzYzonX.jpg,https://image.tmdb.org/t/p/w780/nSV1NIAK0Sp5dM1oiobtqbJ8Jrv.jpg,Horror; Mystery; Horror | Mystery,,dying and death; stroke of fate; beheading; omen; premonition; burned alive; fate; death; roller coaster / rollercoaster; cheating death; emo; supernatural horror; amusement parks; suspenseful; horror; teens; teen scream; deaths; supernatural slasher,,,,HBO Max; HBO Max Amazon Channel; YouTube TV; Amazon Video (rent); Apple TV (rent); Google Play Movies (rent); YouTube (rent); Fandango At Home (rent); Plex (rent); Amazon Video (buy); Apple TV (buy); Google Play Movies (buy); YouTube (buy); Fandango At Home (buy),English; Russian,United States of America,Final Destination Collection,2025-09-25T17:30:16
Final Destination 5,2011,tt1622979,55779,91,"Death is just as omnipresent as ever, and is unleashed after one man’s premonition saves a group of coworkers from a terrifying suspension bridge collapse. But this group of unsuspecting souls was never supposed to survive, and, in a terrifying race against time, the ill-fated group frantically tries to discover a way to escape Death’s sinister agenda.",https://image.tmdb.org/t/p/w500/Akx1Po4ZLetOWfYJhQf75tbhTtK.jpg,https://image.tmdb.org/t/p/w780/5cG2XcylxUIclQsGPBKTtfoqcBV.jpg,Horror; Mystery; Horror | Mystery,,premonition; accidental death; crash; end is here; death; duringcreditsstinger; cheating death; suspension bridge; supernatural horror; 3d; horror; twist ending; teen scream,,,,HBO Max; HBO Max Amazon Channel; Amazon Video (rent); Apple TV (rent); Google Play Movies (rent); YouTube (rent); Fandango At Home (rent); Spectrum On Demand (rent); Plex (rent); Amazon Video (buy); Apple TV (buy); Google Play Movies (buy); YouTube (buy); Fandango At Home (buy),English; Cantonese,United States of America,Final Destination Collection,2025-09-25T17:30:17
Finding Nemo,2003,tt0266543,12,100,"Nemo, an adventurous young clownfish, is unexpectedly taken from his Great Barrier Reef home to a dentist's office aquarium. It's up to his worrisome father Marlin and a friendly but forgetful fish Dory to bring Nemo home -- meeting vegetarian sharks, surfer dude turtles, hypnotic jellyfish, hungry seagulls, and more along the way.",https://image.tmdb.org/t/p/w500/eHuGQ10FUzK1mdOY69wF5pGgEf5.jpg,https://image.tmdb.org/t/p/w780/eCynaAOgYYiw5yN5lBwz3IxqvaW.jpg,Animation; Family; Animation | Family,,"fish; sydney, australia; parent child relationship; anthropomorphism; harbor; underwater; shark; pelican; fish tank; great barrier reef; sea turtle; missing child; aftercreditsstinger; duringcreditsstinger; short-term memory loss; clownfish; father son reunion; protective father; tense",,,,Disney Plus; Amazon Video (rent); Apple TV (rent); Google Play Movies (rent); YouTube (rent); Fandango At Home (rent); Amazon Video (buy); Apple TV (buy); Google Play Movies (buy); YouTube (buy); Fandango At Home (buy),English,United States of America,Finding Nemo Collection,2025-09-25T17:30:17
First Man,2018,tt1213641,369972,141,"A look at the life of the astronaut, Neil Armstrong, and the legendary space mission that led him to become the first man to walk on the Moon on July 20, 1969.",https://image.tmdb.org/t/p/w500/i91mfvFcPPlaegcbOyjGgiWfZzh.jpg,https://image.tmdb.org/t/p/w780/jrudoaXcoLyHRPdolyOGemXgPEs.jpg,History; Drama; Drama | History,,moon; based on novel or book; sacrifice; nasa; wife; obsession; space travel; space mission; biography; engineer; based on true story; moon landing; space; cancer; astronaut; historical event; death of daughter; compromise; test pilot; 1960s; apollo program; america,,,,Amazon Video (rent); Apple TV (rent); Google Play Movies (rent); YouTube (rent); Fandango At Home (rent); Amazon Video (buy); Apple TV (buy); Google Play Movies (buy); YouTube (buy); Fandango At Home (buy),English,United States of America,,2025-09-25T17:30:17
Five Feet Apart,2019,tt6472976,527641,116,"Seventeen-year-old Stella spends most of her time in the hospital as a cystic fibrosis patient. Her life is full of routines, boundaries and self-control — all of which get put to the test when she meets Will, an impossibly charming teen who has the same illness. There's an instant flirtation, though restrictions dictate that they must maintain a safe distance between them. As their connection intensifies, so does the temptation to throw the rules out the window and embrace that attraction.",https://image.tmdb.org/t/p/w500/kreTuJBkUjVWePRfhHZuYfhNE1T.jpg,https://image.tmdb.org/t/p/w780/27ZkYMWynuK2qiDP6awc3MsCaOs.jpg,Romance; Drama; Drama | Romance,,forbidden love; terminal illness; hospital; best friend; falling in love; cystic fibrosis; star crossed lovers; first date; true love; teenager; dramatic; sentimental; romantic; melodramatic,,,,Amazon Video (rent); Apple TV (rent); Google Play Movies (rent); YouTube (rent); Fandango At Home (rent); Plex (rent); Amazon Video (buy); Apple TV (buy); Google Play Movies (buy); YouTube (buy); Fandango At Home (buy),English; French; Spanish,United States of America,,2025-09-25T17:30:18
Flight,2012,tt1907668,87502,138,"Commercial airline pilot Whip Whitaker has a problem with drugs and alcohol, though so far he's managed to complete his flights safely. His luck runs out when a disastrous mechanical malfunction sends his plane hurtling toward the ground. Whip pulls off a miraculous crash-landing that results in only six lives lost. Shaken to the core, Whip vows to get sober -- but when the crash investigation exposes his addiction, he finds himself in an even worse situation.",https://image.tmdb.org/t/p/w500/1AjXgBM2lkpG3FLQO0f6AK3Bi1e.jpg,https://image.tmdb.org/t/p/w780/bQMRePvke0SruzXuDmx9v8vqNWW.jpg,Drama,,airplane; confession; investigation; pilot; emergency landing; flight; alcoholism; f word; hangover; airplane accident; airplane crash; syringe; denial; baseball stadium; perjury; national transportation safety board; flying upside down; narcissist; relapse; substance abuse; hard; cautionary; inspirational; dramatic,,,,Starz Apple TV Channel; Starz Roku Premium Channel; Starz; Philo; Starz Amazon Channel; Kanopy; Amazon Video (rent); Apple TV (rent); Google Play Movies (rent); YouTube (rent); Fandango At Home (rent); Spectrum On Demand (rent); Plex (rent); Amazon Video (buy); Apple TV (buy); Google Play Movies (buy); YouTube (buy); Fandango At Home (buy),English,United States of America,,2025-09-25T17:30:18
Flightplan,2005,tt0408790,9315,98,"Flying at 40,000 feet in a state-of-the art aircraft that she helped design, Kyle Pratt's 6-year-old daughter Julia vanishes without a trace. Or did she? No one on the plane believes Julia was ever onboard. And now Kyle, desperate and alone, can only count on her own wits to unravel the mystery and save her daughter.",https://image.tmdb.org/t/p/w500/oNjZFzbe7PfF3TxztNHDkinOPyB.jpg,https://image.tmdb.org/t/p/w780/59vrJSluVcM4bs9nnGMYnXX569o.jpg,Thriller; Drama; Mystery; Drama | Mystery | Thriller,,"berlin, germany; airplane; loss of loved one; baby-snatching; flight; missing child; flight attendant; missing daughter",,,,Amazon Video (rent); Apple TV (rent); Google Play Movies (rent); YouTube (rent); Fandango At Home (rent); Amazon Video (buy); Apple TV (buy); Google Play Movies (buy); YouTube (buy); Fandango At Home (buy),Arabic; German; English; French; Italian; Japanese,United States of America,,2025-09-25T17:30:18
Forrest Gump,1994,tt0109830,13,142,"A man with a low IQ has accomplished great things in his life and been present during significant historic events—in each case, far exceeding what anyone imagined he could do. But despite all he has achieved, his one true love eludes him.",https://image.tmdb.org/t/p/w500/arw2vcBveWOVZr6pxd9XTd1TdQa.jpg,https://image.tmdb.org/t/p/w780/67HggiWaP9ZLv5sPYmyRV37yAJM.jpg,Comedy; Drama; Romance; Comedy | Drama | Romance,,"new year's eve; vietnam war; vietnam veteran; mentally disabled; friendship; usa president; washington dc, usa; post-traumatic stress disorder (ptsd); waitress; based on novel or book; hippie; single parent; parent child relationship; optimism; 1970s; drug addiction; autism; alabama; affectation; black panther party; bus stop; family relationships; chameleon; single mother; cynical; blunt; military; anti war protest; 1960s; college american football; mother son relationship; america; arrogant; cliché; disapproving; feel-good",,,,Hulu; Kanopy; Hoopla; Amazon Video (rent); Apple TV (rent); Google Play Movies (rent); YouTube (rent); Fandango At Home (rent); Spectrum On Demand (rent); Plex (rent); Amazon Video (buy); Apple TV (buy); Google Play Movies (buy); YouTube (buy); Fandango At Home (buy),English,United States of America,,2025-09-25T17:30:19
Freaky,2020,tt10919380,551804,102,"A mystical, ancient dagger causes a notorious serial killer to magically switch bodies with a 17-year-old girl.",https://image.tmdb.org/t/p/w500/8xC6QSyxrpm0D5A6iyHNemEWBVe.jpg,https://image.tmdb.org/t/p/w780/lVbPO7RjsMWoUwH1ISRbZNbg62s.jpg,Horror; Comedy; Fantasy; Thriller; Comedy | Horror,,high school; gore; murder; serial killer; chainsaw; body-swap; high school student; dead father; stabbed,,,,Amazon Prime Video Free with Ads; Amazon Video (rent); Apple TV (rent); Google Play Movies (rent); YouTube (rent); Fandango At Home (rent); FlixFling (rent); Spectrum On Demand (rent); Amazon Video (buy); Apple TV (buy); Google Play Movies (buy); YouTube (buy); Fandango At Home (buy),English; Spanish,United States of America,,2025-09-25T17:30:19
Free Guy,2021,tt6264654,550988,115,"A bank teller discovers he is actually a background player in an open-world video game, and decides to become the hero of his own story. Now, in a world where there are no limits, he is determined to be the guy who saves his world his way before it's too late.",https://image.tmdb.org/t/p/w500/6PFJrMvoQwBxQITLYHj09VeJ37q.jpg,https://image.tmdb.org/t/p/w780/rOJb0yQOCny0bPjg8bCLw8DyAD7.jpg,Comedy; Adventure; Science Fiction; Adventure | Comedy | Science Fiction,,hero; artificial intelligence (a.i.); video game; virtual reality; gun; code; gamer; bank robbery; bank teller; programmer; mmorpg; heroic; lighthearted; vrmmo,,,,Disney Plus; fuboTV; YouTube TV; FXNow; Amazon Video (rent); Apple TV (rent); Google Play Movies (rent); YouTube (rent); Amazon Video (buy); Apple TV (buy); Google Play Movies (buy); YouTube (buy); Fandango At Home (buy),English,United States of America,Free Guy Collection,2025-09-25T17:30:19
Free State of Jones,2016,tt1124037,316152,140,"In 1863, Mississippi farmer Newt Knight serves as a medic for the Confederate Army. Opposed to slavery, Knight would rather help the wounded than fight the Union. After his nephew dies in battle, Newt returns home to Jones County to safeguard his family but is soon branded an outlaw deserter. Forced to flee, he finds refuge with a group of runaway slaves hiding out in the swamps. Forging an alliance with the slaves and other farmers, Knight leads a rebellion that would forever change history.",https://image.tmdb.org/t/p/w500/fTB6p9QwPRKIuK5LtB5CZXlkx5b.jpg,https://image.tmdb.org/t/p/w780/crVDxx9KgNW7Bm1wyXqBYpzG2TS.jpg,Action; Drama; History; War; Action | Drama | History | War,,slavery; american civil war,,,,Amazon Prime Video Free with Ads; Plex Channel; Fawesome; Amazon Video (rent); Google Play Movies (rent); YouTube (rent); Fandango At Home (rent); Amazon Video (buy); Google Play Movies (buy); YouTube (buy); Fandango At Home (buy),English,China; South Korea; United States of America,,2025-09-25T17:30:19
Friday the 13th,1980,tt0080761,4488,95,Camp counselors are stalked and murdered by an unknown assailant while trying to reopen a summer camp that was the site of a child's drowning.,https://image.tmdb.org/t/p/w500/uGGpnWHOmWTARVN9wbC1nPxNgps.jpg,https://image.tmdb.org/t/p/w780/16zzKM5vDxnYiqG6Tg6wOkOLSmj.jpg,Horror,,lake; new jersey; drowning; summer camp; sadism; villain; woods; revenge; murder; stalking; serial killer; cabin; camp; slasher; summer; series of murders; 1950s; teenager,,,,Paramount Plus; Paramount+ Amazon Channel; Kanopy; Fawesome; Amazon Video (rent); Apple TV (rent); Google Play Movies (rent); YouTube (rent); Fandango At Home (rent); Plex (rent); Amazon Video (buy); Apple TV (buy); Google Play Movies (buy); YouTube (buy); Fandango At Home (buy),English,United States of America,Friday the 13th Collection,2025-09-25T17:30:20
Friday the 13th Part 2,1981,tt0082418,9725,86,"Five years after the horrible bloodbath at Camp Crystal Lake, new counselors roam the area, not sensing the ominous lurking presence that proves that the grisly legend is real.",https://image.tmdb.org/t/p/w500/92rGctBMTv4uaSlIBVnhz01kRWL.jpg,https://image.tmdb.org/t/p/w780/80emEEa0svrT0YJDZLgLUu85ttp.jpg,Horror; Thriller; Horror | Thriller,,new jersey; summer camp; psychopath; sequel; woods; mysterious man; revenge; serial killer; slasher; summer; massacre; series of murders; death of mother; teenager,,,,Paramount Plus; Paramount+ Amazon Channel; Paramount+ Roku Premium Channel; Hoopla; Amazon Video (rent); Apple TV (rent); Google Play Movies (rent); YouTube (rent); Fandango At Home (rent); Plex (rent); Amazon Video (buy); Apple TV (buy); Google Play Movies (buy); YouTube (buy); Fandango At Home (buy),English,United States of America,Friday the 13th Collection,2025-09-25T17:30:20
Friday the 13th Part 3: The Memoriam Documentary,2017,tt3756302,498334,40,"Take a look behind the scenes of Friday the 13th Part 3D with host, Paul Kratka, in this insightful fan driven documentary featuring untold stories and interviews with several franchise favorites, never-before-seen location footage and set photography, as well as a touching look back on the life of Richard Brooker.",https://image.tmdb.org/t/p/w500/9FgJl616OIQ7D7r81dhNnlw2G2A.jpg,,Documentary,,,,,,,English,,,2025-09-25T17:30:20
Friday the 13th: The Final Chapter,1984,tt0087298,9730,91,"After his revival in a hospital morgue, Jason fixes his vengeful attention on the Jarvis family and a group of hitherto carefree teenagers.",https://image.tmdb.org/t/p/w500/1J7zudfR3VLPwAf9lK5YPfSu0n6.jpg,https://image.tmdb.org/t/p/w780/2bbEE2aLu47unsPJwS57UZW0YF4.jpg,Horror; Thriller; Horror | Thriller,,lake; new jersey; sadism; psychopath; morgue; resurrection; sequel; woods; slaughter; serial killer; slasher; series of murders; hitchhiking; supernatural horror; absurd; amused; ghoulish,,,,Paramount Plus; Paramount+ Amazon Channel; Paramount+ Roku Premium Channel; Amazon Video (rent); Apple TV (rent); Google Play Movies (rent); YouTube (rent); Fandango At Home (rent); Spectrum On Demand (rent); Plex (rent); Amazon Video (buy); Apple TV (buy); Google Play Movies (buy); YouTube (buy); Fandango At Home (buy),English,United States of America,Friday the 13th Collection,2025-09-25T17:30:21
Frozen,2010,tt1323045,44363,93,"When three skiers find themselves stranded on a chair lift at a New England ski resort that has closed for the next week, they are forced to make life or death choices that prove to be more perilous than staying put and freezing to death.",https://image.tmdb.org/t/p/w500/2J3URUnDrIpNvh0uVqINQvr4HhW.jpg,https://image.tmdb.org/t/p/w780/vD1yKObsRS2cvpmtuaCaMhr4zxe.jpg,Thriller,,cold; wolf; mountain; animal attack; girlfriend; stranded; snow; best friend; boyfriend; ski resort; ski lift; eaten alive; hypothermia; frostbite; cable car; eaten by animal; skier; stuck; wolves; life or death; natural horror,,,,Amazon Prime Video; fuboTV; Amazon Prime Video with Ads; MovieSphere+ Amazon Channel; The Roku Channel; Fandango at Home Free; Tubi TV; Amazon Prime Video Free with Ads; Hoopla; Plex; Plex Channel; Amazon Video (rent); Apple TV (rent); Google Play Movies (rent); YouTube (rent); Fandango At Home (rent); Amazon Video (buy); Apple TV (buy); Google Play Movies (buy); YouTube (buy); Fandango At Home (buy),English,United States of America,,2025-09-25T17:30:21
Frozen II,2019,tt4520988,330457,103,"Elsa, Anna, Kristoff and Olaf head far into the forest to learn the truth about an ancient mystery of their kingdom.",https://image.tmdb.org/t/p/w500/mINJaa34MtknCYl5AjtNJzWj8cD.jpg,https://image.tmdb.org/t/p/w780/AoSZyb37ljMAxw0RdeQEBHKtgcc.jpg,Family; Animation; Adventure; Comedy; Fantasy; Adventure | Animation | Comedy | Family | Fantasy,,princess; magic; kingdom; winter; queen; castle; musical; sequel; dam; spirit; aftercreditsstinger; frozen; personification; thoughtful; mother daughter relationship; compassionate,,,,Disney Plus; Amazon Video (rent); Apple TV (rent); Google Play Movies (rent); YouTube (rent); Amazon Video (buy); Apple TV (buy); Google Play Movies (buy); YouTube (buy); Fandango At Home (buy),English,United States of America,Frozen Collection,2025-09-25T17:30:21
Furiosa: A Mad Max Saga,2024,tt12037194,786892,149,"As the world falls, young Furiosa is snatched from the Green Place of Many Mothers into the hands of a great biker horde led by the warlord Dementus. Sweeping through the wasteland, they encounter the citadel presided over by Immortan Joe. The two tyrants wage war for dominance, and Furiosa must survive many trials as she puts together the means to find her way home.",https://image.tmdb.org/t/p/w500/iADOJ8Zymht2JPMoy3R7xceZprc.jpg,https://image.tmdb.org/t/p/w780/wNAhuOZ3Zf84jCIlrcI6JhgmY5q.jpg,Action; Science Fiction; Adventure; Action | Adventure | Science Fiction,,chase; post-apocalyptic future; warlord; prequel; wasteland; spin off; struggle for survival; desert; tyrant; tyranny; masculinity; grim; revenge murderer; mother daughter relationship; anxious; child abduction; car; bold; brisk,,,,HBO Max; HBO Max Amazon Channel; Amazon Video (rent); Apple TV (rent); Google Play Movies (rent); YouTube (rent); Fandango At Home (rent); Spectrum On Demand (rent); Amazon Video (buy); Apple TV (buy); Google Play Movies (buy); YouTube (buy); Fandango At Home (buy),English; Venda,Australia; United States of America,Mad Max Collection,2025-09-25T17:30:22
G.I. Joe: Retaliation,2013,tt1583421,72559,110,"Framed for crimes against the country, the G.I. Joe team is terminated by Presidential order. This forces the G.I. Joes into not only fighting their mortal enemy Cobra; they are forced to contend with threats from within the government that jeopardize their very existence.",https://image.tmdb.org/t/p/w500/nZKk8XA0VrvRSdMQvBAF5Nzniwo.jpg,https://image.tmdb.org/t/p/w780/r1917G5vqOWmSXvuKHeLU0SI6Dc.jpg,Action; Science Fiction; Adventure; Thriller; Action | Adventure | Science Fiction | Thriller,,rescue; assassin; technology; missile; warhead; president; conspiracy; explosion; battle; surveillance; cobra,,,,Paramount Plus; Paramount+ Amazon Channel; Hoopla; Amazon Video (rent); Apple TV (rent); Google Play Movies (rent); YouTube (rent); Fandango At Home (rent); Spectrum On Demand (rent); Plex (rent); Amazon Video (buy); Apple TV (buy); Google Play Movies (buy); YouTube (buy); Fandango At Home (buy),English,Canada; United States of America,G.I. Joe (Live-Action) Collection,2025-09-25T17:30:22
G.I. Joe: The Rise of Cobra,2009,tt1046173,14869,118,"From the Egyptian desert to deep below the polar ice caps, the elite G.I. JOE team uses the latest in next-generation spy and military equipment to fight the corrupt arms dealer Destro and the growing threat of the mysterious Cobra organization to prevent them from plunging the world into chaos.",https://image.tmdb.org/t/p/w500/wEr0FAAKPjlZ63i2WuuB2ge8OWv.jpg,https://image.tmdb.org/t/p/w780/vBV2nF3yqYrskq2y1bSSuAuGqcz.jpg,Adventure; Action; Thriller; Science Fiction; Action | Adventure | Science Fiction | Thriller,,government; technology; hostage; laser; warhead; president; revenge; murder; attack; terrorism; explosion; scientist; evil; cobra; 2020s,,,,Paramount Plus; Paramount+ Amazon Channel; Paramount+ Roku Premium Channel; Hoopla; Amazon Video (rent); Apple TV (rent); Google Play Movies (rent); YouTube (rent); Fandango At Home (rent); Amazon Video (buy); Apple TV (buy); Google Play Movies (buy); YouTube (buy); Fandango At Home (buy),English; French; Gaelic,United States of America; Czech Republic,G.I. Joe (Live-Action) Collection,2025-09-25T17:30:22
Gemini Man,2019,tt1025100,453405,117,"Henry Brogan is an elite 51-year-old assassin who's ready to call it quits after completing his 72nd job. His plans get turned upside down when he becomes the target of a mysterious operative who can seemingly predict his every move. To his horror, Brogan soon learns that the man who's trying to kill him is a younger, faster, cloned version of himself.",https://image.tmdb.org/t/p/w500/uTALxjQU8e1lhmNjP9nnJ3t2pRU.jpg,https://image.tmdb.org/t/p/w780/hZJLBaTca4ZBsogOOmr8dR7aO5L.jpg,Science Fiction; Action; Adventure; Thriller; Action | Adventure | Science Fiction | Thriller,,hitman; human clone,,,,Amazon Video (rent); Apple TV (rent); Google Play Movies (rent); YouTube (rent); Fandango At Home (rent); Plex (rent); Amazon Video (buy); Apple TV (buy); Google Play Movies (buy); YouTube (buy); Fandango At Home (buy),English,United States of America; China; Colombia,,2025-09-25T17:30:23
Gentlemen Prefer Blondes,1953,tt0045810,759,91,"Lorelei Lee is a beautiful showgirl engaged to be married to the wealthy Gus Esmond, much to the disapproval of Gus' rich father, Esmond Sr., who thinks that Lorelei is just after his money. When Lorelei goes on a cruise accompanied only by her best friend, Dorothy Shaw, Esmond Sr. hires Ernie Malone, a private detective, to follow her and report any questionable behavior that would disqualify her from the marriage.",https://image.tmdb.org/t/p/w500/fDozhst5HVJJcd3BM8ZOsKniO7Q.jpg,https://image.tmdb.org/t/p/w780/2clBxxclZJ4OK1xzhmCCXHEfy3r.jpg,Comedy; Romance; Comedy | Romance,,"robbery; paris, france; diamond; parent child relationship; jewelry; revue girls; double wedding; musical; millionaire; showgirl; gold digger; sea cruise; 1950s; dumb blonde",,,,Amazon Video (rent); Apple TV (rent); Google Play Movies (rent); YouTube (rent); Fandango At Home (rent); Amazon Video (buy); Apple TV (buy); Google Play Movies (buy); YouTube (buy); Fandango At Home (buy),English; French,United States of America,,2025-09-25T17:30:23
Geostorm,2017,tt1981128,274855,109,"After an unprecedented series of natural disasters threatened the planet, the world's leaders came together to create an intricate network of satellites to control the global climate and keep everyone safe. But now, something has gone wrong: the system built to protect Earth is attacking it, and it becomes a race against the clock to uncover the real threat before a worldwide geostorm wipes out everything and everyone along with it.",https://image.tmdb.org/t/p/w500/nrsx0jEaBgXq4PWo7SooSnYJTv.jpg,https://image.tmdb.org/t/p/w780/vIEuJiIZN9EclAJDmD49F2zUzuX.jpg,Action; Science Fiction; Thriller; Action | Science Fiction | Thriller,,future; artificial intelligence (a.i.); weather manipulation; end of the world; murder; space; conspiracy; disaster; apocalypse; storm; space station; space shuttle; catastrophe; disaster movie; global threat; environmental disaster; overpopulated world,,,,fuboTV; Paramount Plus; Paramount+ Amazon Channel; Paramount+ Roku Premium Channel; Amazon Video (rent); Apple TV (rent); Google Play Movies (rent); YouTube (rent); Fandango At Home (rent); Spectrum On Demand (rent); Amazon Video (buy); Apple TV (buy); Google Play Movies (buy); YouTube (buy); Fandango At Home (buy),English,Hong Kong; United States of America,,2025-09-25T17:30:23
Get Him to the Greek,2010,tt1226229,32823,109,"Pinnacle records has the perfect plan to get their sinking company back on track: a comeback concert in LA featuring Aldous Snow, a fading rockstar who has dropped off the radar in recent years. Record company intern Aaron Green is faced with the monumental task of bringing his idol, out of control rock star Aldous Snow, back to LA for his comeback show.",https://image.tmdb.org/t/p/w500/6g0li87w8LIK77QRUtOkQkM6bD7.jpg,https://image.tmdb.org/t/p/w780/99XKAb7zFAKDogB0DYl87bA9Hi1.jpg,Adventure; Comedy; Music; Adventure | Comedy | Music,,"london, england; concert; musician; los angeles, california; aftercreditsstinger; irreverent",,,,Amazon Video (rent); Apple TV (rent); Google Play Movies (rent); YouTube (rent); Fandango At Home (rent); Amazon Video (buy); Apple TV (buy); Google Play Movies (buy); YouTube (buy); Fandango At Home (buy),English,United States of America,,2025-09-25T17:30:23
Get Out,2017,tt5052448,419430,104,"Chris and his girlfriend Rose go upstate to visit her parents for the weekend. At first, Chris reads the family's overly accommodating behavior as nervous attempts to deal with their daughter's interracial relationship, but as the weekend progresses, a series of increasingly disturbing discoveries lead him to a truth that he never could have imagined.",https://image.tmdb.org/t/p/w500/tFXcEccSQMf3lfhfXKSU9iRBpa3.jpg,https://image.tmdb.org/t/p/w780/bBQHALHRAaaORlPNXv7fNcRXYdx.jpg,Mystery; Thriller; Horror; Horror | Mystery | Thriller,,kidnapping; externally controlled action; manipulation; dark comedy; hypnosis; parents-in-law; satire; racist; revenge; interracial relationship; disappearance; racism; psychological thriller; biting; neurosurgeon; missing person; stereotype; brain surgery; satirical; race-conscious,,,,HBO Max; HBO Max Amazon Channel; Amazon Video (rent); Apple TV (rent); Google Play Movies (rent); YouTube (rent); Fandango At Home (rent); Spectrum On Demand (rent); Amazon Video (buy); Apple TV (buy); Google Play Movies (buy); YouTube (buy); Fandango At Home (buy),English,United States of America,,2025-09-25T17:30:24
Ghost,1990,tt0099653,251,126,"After a young man is murdered, his spirit stays behind to warn his lover of impending danger, with the help of a reluctant psychic.",https://image.tmdb.org/t/p/w500/w9RaPHov8oM5cnzeE27isnFMsvS.jpg,https://image.tmdb.org/t/p/w780/6nLdSON3ErniBZTXWG7WRqs5jGz.jpg,Fantasy; Drama; Thriller; Mystery; Romance; Drama | Fantasy | Mystery | Romance | Thriller,,fortune teller; corruption; soulmates; afterlife; money transfer; money laundering; pottery; hell; heaven; love; murder; death; ghost; power of love; spiritism; everlasting love; soulmate,,,,Kanopy; Hoopla; Amazon Video (rent); Apple TV (rent); Google Play Movies (rent); YouTube (rent); Fandango At Home (rent); Spectrum On Demand (rent); Plex (rent); Amazon Video (buy); Apple TV (buy); Google Play Movies (buy); YouTube (buy); Fandango At Home (buy),English,United States of America,,2025-09-25T17:30:24
Ghost in the Shell,1995,tt0113568,9323,83,"In the year 2029, the barriers of our world have been broken down by the net and by cybernetics, but this brings new vulnerability to humans in the form of brain-hacking. When a highly-wanted hacker known as 'The Puppetmaster' begins involving them in politics, Section 9, a group of cybernetically enhanced cops, are called in to investigate and stop the Puppetmaster.",https://image.tmdb.org/t/p/w500/9gC88zYUBARRSThcG93MvW14sqx.jpg,https://image.tmdb.org/t/p/w780/gTRXgigmgKpeJjW07iq686HZyBD.jpg,Action; Animation; Science Fiction; Action | Animation | Science Fiction,,android; man vs machine; artificial intelligence (a.i.); computer virus; cyborg; dystopia; implantat; fugitive; female protagonist; cyberpunk; based on manga; adult animation; tech noir; anime,,,,Criterion Channel; Fandango at Home Free; Tubi TV; Hoopla; Plex; Plex Channel; Amazon Video (rent); Apple TV (rent); Google Play Movies (rent); YouTube (rent); Fandango At Home (rent); Amazon Video (buy); Apple TV (buy); Google Play Movies (buy); YouTube (buy); Fandango At Home (buy),Japanese,Japan; United Kingdom,Ghost in the Shell Collection,2025-09-25T17:30:24
Ghostbusters,1984,tt0087332,620,107,"After losing their academic posts at a prestigious university, a team of parapsychologists goes into business as proton-pack-toting ""ghostbusters"" who exterminate ghouls, hobgoblins and supernatural pests of all stripes. An ad campaign pays off when a knockout cellist hires the squad to purge her swanky digs of demons that appear to be living in her refrigerator.",https://image.tmdb.org/t/p/w500/7E8nLijS9AwwUEPu2oFYOVKhdFA.jpg,https://image.tmdb.org/t/p/w780/c6yfABGVKuB5cjoOwdX4AJMlzUz.jpg,Comedy; Fantasy; Comedy | Fantasy,,new york city; environmental protection agency; library; supernatural; paranormal phenomena; loser; slime; gatekeeper; nerd; giant monster; haunting; hybrid; possession; mythology; horror spoof; paranormal investigation; urban setting; super power; receptionist; blunt; world trade center; ghost; duringcreditsstinger; satirical; ghostbusters; witty; amused; enchant,,,,Paramount Plus; Paramount+ Amazon Channel; YouTube TV; Philo; Amazon Video (rent); Apple TV (rent); Google Play Movies (rent); YouTube (rent); Fandango At Home (rent); Spectrum On Demand (rent); Amazon Video (buy); Apple TV (buy); Google Play Movies (buy); YouTube (buy); Fandango At Home (buy),English,United States of America,Ghostbusters Collection,2025-09-25T17:30:25
Ghostbusters,2016,tt1289401,43074,117,"Following a ghost invasion of Manhattan, paranormal enthusiasts Erin Gilbert and Abby Yates, nuclear engineer Jillian Holtzmann, and subway worker Patty Tolan band together to stop the otherworldly threat.",https://image.tmdb.org/t/p/w500/wJmWliwXIgZOCCVOcGRBhce7xPS.jpg,https://image.tmdb.org/t/p/w780/3ytV2HPGyXUGLoaSfRhqYEwkWnQ.jpg,Action; Fantasy; Comedy,,female friendship; ghost hunting; reboot; ghost,,,,Starz Apple TV Channel; Starz Roku Premium Channel; Starz; Philo; Starz Amazon Channel; Amazon Video (rent); Apple TV (rent); Google Play Movies (rent); YouTube (rent); Fandango At Home (rent); Spectrum On Demand (rent); Amazon Video (buy); Apple TV (buy); Google Play Movies (buy); YouTube (buy); Fandango At Home (buy),English,United States of America,,2025-09-25T17:30:25
Ghostbusters II,1989,tt0097428,2978,108,The discovery of a massive river of ectoplasm and a resurgence of spectral activity allows the staff of Ghostbusters to revive the business.,https://image.tmdb.org/t/p/w500/yObYPMA58DnTMvJooFW7GG6jWAt.jpg,https://image.tmdb.org/t/p/w780/tgHO1DdnaS0xHcRxBHxE4kOQeIm.jpg,Comedy; Fantasy; Comedy | Fantasy,,new year's eve; new york city; painting; supernatural; ghostbuster; paranormal phenomena; slime; mythology; reincarnation; product placement; crude humor; single mother; paranormal investigation; old flame; courtroom; urban setting; book store; chrysler building; ghost; river of slime; revolving door; occult research; ghostbusters; absurd; amused,,,,Paramount Plus; Paramount+ Amazon Channel; Paramount+ Roku Premium Channel; YouTube TV; Amazon Video (rent); Apple TV (rent); Google Play Movies (rent); YouTube (rent); Fandango At Home (rent); Amazon Video (buy); Apple TV (buy); Google Play Movies (buy); YouTube (buy); Fandango At Home (buy),English,United States of America,Ghostbusters Collection,2025-09-25T17:30:25
Ghostbusters: Afterlife,2021,tt4513678,425909,124,"When single mom Callie and her two kids Trevor and Phoebe arrive in a small Oklahoma town, they begin to discover their connection to the original Ghostbusters and the secret legacy their grandfather left behind.",https://image.tmdb.org/t/p/w500/sg4xJaufDiQl7caFEskBtQXfD4x.jpg,https://image.tmdb.org/t/p/w780/EnDlndEvw6Ptpp8HIwmRcSSNKQ.jpg,Fantasy; Comedy; Adventure; Science Fiction; Adventure | Comedy | Fantasy | Science Fiction,,small town; afterlife; ghostbuster; nostalgia; sequel; ghost; nostalgic; aftercreditsstinger; duringcreditsstinger; dead grandfather; ancient evil; otherworldly beings; paranormal events; father absence; ghostbusters; cliché,,,,Starz Apple TV Channel; Starz; Philo; Amazon Video (rent); Apple TV (rent); Google Play Movies (rent); YouTube (rent); Fandango At Home (rent); Spectrum On Demand (rent); Amazon Video (buy); Apple TV (buy); Google Play Movies (buy); YouTube (buy); Fandango At Home (buy),English,Canada; United States of America,Ghostbusters Collection,2025-09-25T17:30:26
Gladiator,1992,tt0104346,16219,101,"Tommy Riley has moved with his dad to Chicago from a 'nice place'. He keeps to himself, goes to school. However, after a street fight he is noticed and quickly falls into the world of illegal underground boxing - where punches can kill.",https://image.tmdb.org/t/p/w500/w0YjBWVfu689txEXZG3xa4Aev3i.jpg,https://image.tmdb.org/t/p/w780/CHTWwOdfHiFWJEBKShPRsqRYIP.jpg,Action; Drama; Action | Drama,,"chicago, illinois; sports; boxer; fistfight; tournament; racial tension; boxing",,,,fuboTV; The Roku Channel; Amazon Video (rent); Apple TV (rent); Google Play Movies (rent); YouTube (rent); Fandango At Home (rent); Amazon Video (buy); Apple TV (buy); Google Play Movies (buy); YouTube (buy); Fandango At Home (buy),English,United States of America,,2025-09-25T17:30:26
Glass,2019,tt6823368,450465,129,"In a series of escalating encounters, former security guard David Dunn uses his supernatural abilities to track Kevin Wendell Crumb, a disturbed man who has twenty-four personalities. Meanwhile, the shadowy presence of Elijah Price emerges as an orchestrator who holds secrets critical to both men.",https://image.tmdb.org/t/p/w500/svIDTNUoajS8dLEo7EosxvyAsgJ.jpg,https://image.tmdb.org/t/p/w780/rzsMWXQ7GaN60wIpg3yf01iBmXy.jpg,Thriller; Drama; Science Fiction; Drama | Science Fiction | Thriller,,"philadelphia, pennsylvania; superhero; villain; sequel; psychiatric hospital; comic book shop; super power; mental illness; multiple personality; dissociative identity disorder; surveillance specialist; wonder",,,,fuboTV; NBC; USA Network; Amazon Video (rent); Apple TV (rent); Google Play Movies (rent); YouTube (rent); Fandango At Home (rent); Amazon Video (buy); Apple TV (buy); Google Play Movies (buy); YouTube (buy); Fandango At Home (buy),English; Spanish,United States of America,,2025-09-25T17:30:26
Glengarry Glen Ross,1992,tt0104348,9504,100,"Times are tough at Premiere Properties. Shelley ""the machine"" Levene and Dave Moss are veteran salesmen, but only Ricky Roma is on a hot streak. The new Glengarry sales leads could turn everything around, but the front office is holding them back until these ""losers"" prove themselves. Then someone decides to take matters into his own hands, stealing the Glengarry leads and leaving everyone wondering who did it.",https://image.tmdb.org/t/p/w500/nGZCeCfNseq1ee3cJLBp0rH0djT.jpg,https://image.tmdb.org/t/p/w780/qukaw3P4MOFNdxjhNpClhT9unr8.jpg,Crime; Drama; Mystery; Crime | Drama | Mystery,,estate agent; robbery; office; shop; betrayal; contest; cowardliness; real estate; aggressive; neo-noir; bleak; desperate; cutthroat; dreary; dialog driven; pressure,,,,Amazon Prime Video; fuboTV; Amazon Prime Video with Ads; Shout! Factory Amazon Channel; The Roku Channel; Fandango at Home Free; Pluto TV; Shout! Factory TV; Kanopy; Hoopla; Plex; Plex Channel; Amazon Video (rent); Apple TV (rent); Google Play Movies (rent); Fandango At Home (rent); Amazon Video (buy); Apple TV (buy); Google Play Movies (buy); Fandango At Home (buy),English,United States of America,,2025-09-25T17:30:27
Gods of Egypt,2016,tt2404233,205584,127,A common thief joins a mythical god on a quest through Egypt.,https://image.tmdb.org/t/p/w500/hzH7fwaTyQNITLo40Hu3R7cVMqv.jpg,https://image.tmdb.org/t/p/w780/pl2zr5efo9Dz1fi2gpsslGwEQm.jpg,Action; Adventure; Fantasy; Action | Adventure | Fantasy,,rescue; egypt; fight; nile; mythology; god; thief; desert; ancient egypt; egyptian mythology; myth,,,,Netflix; Netflix Standard with Ads; Amazon Video (buy); Apple TV (buy); Google Play Movies (buy); YouTube (buy); Fandango At Home (buy),English,Australia; Hong Kong; United States of America,,2025-09-25T17:30:27
Godzilla,2014,tt0831387,124905,123,"Ford Brody, a Navy bomb expert, has just reunited with his family in San Francisco when he is forced to go to Japan to help his estranged father, Joe. Soon, both men are swept up in an escalating crisis when an ancient alpha predator arises from the sea to combat malevolent adversaries that threaten the survival of humanity. The creatures leave colossal destruction in their wake, as they make their way toward their final battleground: San Francisco.",https://image.tmdb.org/t/p/w500/zokD6uxR2iWfYM3Y84yGJvnNTK7.jpg,https://image.tmdb.org/t/p/w780/zCjZfevPFBbOh2SAx2syIBHSqEI.jpg,Action; Drama; Science Fiction; Sci-Fi; Adventure,,"japan; monster; san francisco, california; hawaii; giant monster; tsunami; remake; prehistoric creature; golden gate bridge; dinosaur; kaiju; honolulu, hawaii; disaster movie; global threat; animal horror; godzilla",,,,Amazon Video (rent); Apple TV (rent); Google Play Movies (rent); YouTube (rent); Fandango At Home (rent); Spectrum On Demand (rent); Plex (rent); Amazon Video (buy); Apple TV (buy); Google Play Movies (buy); YouTube (buy); Fandango At Home (buy),English; Japanese; Tagalog,United States of America,Godzilla Collection,2025-09-25T17:30:27
GoldenEye,1995,tt0113189,710,130,"When a powerful satellite system falls into the hands of Alec Trevelyan, AKA Agent 006, a former ally-turned-enemy, only James Bond can save the world from a dangerous space weapon that -- in one short pulse -- could destroy the earth! As Bond squares off against his former compatriot, he also battles Xenia Onatopp, an assassin who uses pleasure as her ultimate weapon.",https://image.tmdb.org/t/p/w500/z0ljRnNxIO7CRBhLEO0DvLgAFPR.jpg,https://image.tmdb.org/t/p/w780/vm7yMg7YiYisMSeO3mUC5NUKbSB.jpg,Adventure; Action; Thriller; Action | Adventure | Thriller,,"computer virus; cuba; falsely accused; secret intelligence service; secret identity; secret base; kgb; satellite; special car; cossack; electromagnetic pulse; time bomb; st. petersburg, russia; red army",,,,Amazon Video (rent); Apple TV (rent); Google Play Movies (rent); Fandango At Home (rent); Spectrum On Demand (rent); Plex (rent); Amazon Video (buy); Apple TV (buy); Google Play Movies (buy); Fandango At Home (buy),English; Russian; Spanish,United Kingdom,James Bond Collection,2025-09-25T17:30:27
Gone Girl,2014,tt2267998,210577,149,"With his wife's disappearance having become the focus of an intense media circus, a man sees the spotlight turned on him when it's suspected that he may not be innocent.",https://image.tmdb.org/t/p/w500/ts996lKsxvjkO2yiYG0ht4qAicO.jpg,https://image.tmdb.org/t/p/w780/1ufic9NSdolkgNkQSAVjlVp0uqn.jpg,Mystery; Thriller; Drama; Drama | Mystery | Thriller,,infidelity; based on novel or book; wife; marriage crisis; investigation; disappearance; psychological thriller; whodunit; blunt; missing person; psychotic; search party; criminal lawyer; detached; murder suspect; missing wife; satirical; perspective; manipulative woman; playful; killed during sex; irreverent; antagonistic; audacious; wry,,,,fuboTV; MGM+ Amazon Channel; MGM Plus Roku Premium Channel; MGM Plus; Philo; Amazon Video (rent); Apple TV (rent); Google Play Movies (rent); YouTube (rent); Fandango At Home (rent); Amazon Video (buy); Apple TV (buy); Google Play Movies (buy); YouTube (buy); Fandango At Home (buy),English,United States of America,,2025-09-25T17:30:28
Good Will Hunting,1997,tt0119217,489,127,"Headstrong yet aimless, Will Hunting has a genius-level IQ but chooses to work as a janitor at MIT. When he secretly solves highly difficult graduate-level math problems, his talents are discovered by Professor Gerald Lambeau, who decides to help the misguided youth reach his potential. When Will is arrested for attacking a police officer, Professor Lambeau makes a deal to get leniency for him if he gets court-ordered therapy. Eventually, therapist Dr. Sean Maguire helps Will confront the demons that are holding him back.",https://image.tmdb.org/t/p/w500/z2FnLKpFi1HPO7BEJxdkv6hpJSU.jpg,https://image.tmdb.org/t/p/w780/oLsts7ct0NVkdYpx5rZg10MG6zh.jpg,Drama,,"boston, massachusetts; mathematics; genius; male friendship; flashback; psychologist; janitor; dating; courtroom; group of friends; southie; college professor; prodigy; math genius; foster kid; fear of change; abused as a child; massachusetts institute of technology (mit); math professor",,,,MGM Plus; Amazon Video (rent); Apple TV (rent); Google Play Movies (rent); YouTube (rent); Fandango At Home (rent); Spectrum On Demand (rent); Amazon Video (buy); Apple TV (buy); Google Play Movies (buy); YouTube (buy); Fandango At Home (buy),English,United States of America,,2025-09-25T17:30:28
Goosebumps 2,2018,tt5664636,442062,90,"Be careful what you wish for. With their after school junk business, best friends Sonny and Sam hope to find treasure in other people’s trash. But when cleaning out the old Stine house, they open a locked book that frees a supernatural nightmare – Slappy! Now, with the help of Sonny’s sister Sarah, they’re in a race against time to get the sinister dummy and all the creatures he’s brought to life back into the pages before he unleashes total pandemonium!",https://image.tmdb.org/t/p/w500/t2wy38iiMpB8WsgJi3lYeDnGh2H.jpg,https://image.tmdb.org/t/p/w780/h5BvesqaxL7V3vl1CmaR8waGyiM.jpg,Comedy; Fantasy; Horror; Comedy | Fantasy | Horror,,halloween; sequel; based on children's book; glasses; horror for children; ventriloquist's dummy,,,,Amazon Video (rent); Apple TV (rent); Google Play Movies (rent); YouTube (rent); Fandango At Home (rent); Spectrum On Demand (rent); Amazon Video (buy); Apple TV (buy); Google Play Movies (buy); YouTube (buy); Fandango At Home (buy),English,United Kingdom; United States of America,Goosebumps Collection,2025-09-25T17:30:28
Gran Turismo: Based on a True Story,2023,tt4495098,980489,135,The ultimate wish-fulfillment tale of a teenage Gran Turismo player whose gaming skills won him a series of Nissan competitions to become an actual professional racecar driver.,https://image.tmdb.org/t/p/w500/51tqzRtKMMZEYUpSYkrUE7v9ehm.jpg,https://image.tmdb.org/t/p/w780/xFYpUmB01nswPgbzi8EOCT1ZYFu.jpg,Adventure; Action; Drama; Action | Adventure | Drama,,sports; based on true story; racing; based on video game; nostalgic; duringcreditsstinger; inspirational; joyous; powerful; vibrant,,,,Hulu; fuboTV; Amazon Video (rent); Apple TV (rent); Google Play Movies (rent); YouTube (rent); Fandango At Home (rent); Spectrum On Demand (rent); Amazon Video (buy); Apple TV (buy); Google Play Movies (buy); YouTube (buy); Fandango At Home (buy),English,United States of America,,2025-09-25T17:30:29
Gravity,2013,tt1454468,49047,91,"Dr. Ryan Stone, a brilliant medical engineer, is on her first Shuttle mission, with veteran astronaut Matt Kowalsky in command of his last flight before retiring. But on a seemingly routine spacewalk, disaster strikes. The Shuttle is destroyed, leaving Stone and Kowalsky completely alone-tethered to nothing but each other and spiraling out into the blackness of space. The deafening silence tells them they have lost any link to Earth and any chance for rescue. As fear turns to panic, every gulp of air eats away at what little oxygen is left. But the only way home may be to go further out into the terrifying expanse of space.",https://image.tmdb.org/t/p/w500/kZ2nZw8D681aphje8NJi8EfbL1U.jpg,https://image.tmdb.org/t/p/w780/npFPqZeHlEPOlLEpykP6kuSsi6v.jpg,Science Fiction; Thriller; Drama; Drama | Science Fiction | Thriller,,space mission; melancholy; loss; space; astronaut; space station; trapped in space; reflective; tense; awestruck; hopeful,,,,Amazon Video (rent); Apple TV (rent); Google Play Movies (rent); YouTube (rent); Fandango At Home (rent); Spectrum On Demand (rent); Amazon Video (buy); Apple TV (buy); Google Play Movies (buy); YouTube (buy); Fandango At Home (buy),English,United Kingdom; United States of America,,2025-09-25T17:30:29
Grease,1978,tt0077631,621,110,"Australian good girl Sandy and greaser Danny fell in love over the summer. But when they unexpectedly discover they're now in the same high school, will they be able to rekindle their romance despite their eccentric friends?",https://image.tmdb.org/t/p/w500/2rM7fQKpb7cs1Iq7IBqub9LFDzJ.jpg,https://image.tmdb.org/t/p/w780/pdhDFmVQSA0f5i5IL0gpWROjgZ5.jpg,Romance; Comedy; Comedy | Romance,,australia; high school; flying car; california; jealousy; street gang; cheerleader; dance competition; carnival; musical; based on play or musical; rivalry; high school graduation; high school friends; tv show in film; gossip; makeover; clique; greaser; school dance; animated credits; pep rally; wrong side of the tracks; mooning; opposites attract; letterman jacket; girl gang; track and field; summer romance; 1950s; sweethearts; street racing; west side story; goody two shoes; rival gang; going steady; two-faced,,,,fuboTV; Freeform; Kanopy; Hoopla; Amazon Video (rent); Apple TV (rent); Google Play Movies (rent); YouTube (rent); Fandango At Home (rent); Plex (rent); Amazon Video (buy); Apple TV (buy); Google Play Movies (buy); YouTube (buy); Fandango At Home (buy),English,United States of America; United Kingdom,Grease Collection,2025-09-25T17:30:29
Green Room,2016,tt4062536,313922,95,A punk rock band is forced to fight for survival after witnessing an act of violence at a skinhead bar.,https://image.tmdb.org/t/p/w500/evZicaR7nXe4LiD9G6QYTorcJGO.jpg,https://image.tmdb.org/t/p/w780/qRjahAq8JVoJBT2x18x2A01kxZT.jpg,Horror; Crime; Thriller; Crime | Horror | Thriller,,"neo-nazism; swastika; escape; killing; heroin; self-defense; machete; gore; punk rock; oregon, usa; cover-up; sociopath; survival; murder; tension; dead body; rock music; pitbull; hard to kill; thug; brutality; drugs; witness to murder; punk band; fire extinguisher; music tour; white supremacists; killer dog; eaten by animal; murder by gunshot; mic stand; guns; stabbed; brutal murder",,,,Darkroom; Amazon Video (rent); Apple TV (rent); Google Play Movies (rent); YouTube (rent); Fandango At Home (rent); Amazon Video (buy); Apple TV (buy); Google Play Movies (buy); YouTube (buy); Fandango At Home (buy),German; English,United States of America,,2025-09-25T17:30:30
Gremlins,1984,tt0087363,927,106,"After receiving an exotic small animal as a Christmas gift, a young man inadvertently breaks three important rules concerning his new pet, which unleashes a horde of malevolently mischievous creatures on a small town.",https://image.tmdb.org/t/p/w500/6m0F7fsXjQvUbCZrPWcJNrjvIui.jpg,https://image.tmdb.org/t/p/w780/5UX6M0aEphiW6Xmy5rpYX75glbo.jpg,Fantasy; Horror; Comedy; Comedy | Fantasy | Horror,,small town; monster; holiday; department store; pet; human animal relationship; bars and restaurants; sunlight; salesperson; midnight; fur; gremlin; banking; ymca; puppet; puppetry; chainsaw; christmas; pets; absurd; hilarious; whimsical; enchant; joyful,,,,Amazon Video (rent); Apple TV (rent); Google Play Movies (rent); YouTube (rent); Fandango At Home (rent); Spectrum On Demand (rent); Amazon Video (buy); Apple TV (buy); Google Play Movies (buy); YouTube (buy); Fandango At Home (buy),English; Spanish,United States of America,The Gremlins Collection,2025-09-25T17:30:30
Groundhog Day,1993,tt0107048,137,101,"A narcissistic TV weatherman, along with his attractive-but-distant producer, and his mawkish cameraman, is sent to report on Groundhog Day in the small town of Punxsutawney, where he finds himself repeating the same day over and over.",https://image.tmdb.org/t/p/w500/gCgt1WARPZaXnq523ySQEUKinCs.jpg,https://image.tmdb.org/t/p/w780/ttBydD0SynC0TMkW3AcnmsySkLp.jpg,Romance; Fantasy; Drama; Comedy; Comedy | Drama | Fantasy | Romance,,"deja vu; groundhog; weather forecast; telecaster; pennsylvania, usa; alarm clock; winter; time warp; holiday; time loop; magic realism; existentialism; groundhog day; february; comforting",,,,Netflix; fuboTV; Amazon Video (rent); Apple TV (rent); Google Play Movies (rent); YouTube (rent); Fandango At Home (rent); Spectrum On Demand (rent); Amazon Video (buy); Apple TV (buy); Google Play Movies (buy); YouTube (buy); Fandango At Home (buy),English; French; Italian,United States of America,,2025-09-25T17:30:30
Guardians of the Galaxy,2014,tt2015381,118340,121,"Light years from Earth, 26 years after being abducted, Peter Quill finds himself the prime target of a manhunt after discovering an orb wanted by Ronan the Accuser.",https://image.tmdb.org/t/p/w500/r7vmZjiyZw9rpJMQJdXpjgiCOk9.jpg,https://image.tmdb.org/t/p/w780/uLtVbjvS1O7gXL8lUOwsFOH4man.jpg,Action; Science Fiction; Adventure; Action | Adventure | Science Fiction,,spacecraft; based on comic; space; orphan; adventurer; aftercreditsstinger; duringcreditsstinger; marvel cinematic universe (mcu),,,,Disney Plus; fuboTV; Starz Apple TV Channel; FXNow; Amazon Video (rent); Apple TV (rent); Google Play Movies (rent); YouTube (rent); Fandango At Home (rent); Amazon Video (buy); Apple TV (buy); Google Play Movies (buy); YouTube (buy); Fandango At Home (buy),English,United States of America,Guardians of the Galaxy Collection,2025-09-25T17:30:31
Guardians of the Galaxy Vol. 2,2017,tt3896198,283995,137,The Guardians must fight to keep their newfound family together as they unravel the mysteries of Peter Quill's true parentage.,https://image.tmdb.org/t/p/w500/y4MBh0EjBlMuOzv9axM4qJlmhzz.jpg,https://image.tmdb.org/t/p/w780/aJn9XeesqsrSLKcHfHP4u5985hn.jpg,Science Fiction; Adventure; Action; Action | Adventure | Science Fiction,,superhero; based on comic; sequel; misfit; space; aftercreditsstinger; duringcreditsstinger; marvel cinematic universe (mcu); egotistical,,,,Disney Plus; Amazon Video (rent); Apple TV (rent); Google Play Movies (rent); YouTube (rent); Fandango At Home (rent); Amazon Video (buy); Apple TV (buy); Google Play Movies (buy); YouTube (buy); Fandango At Home (buy),English,United States of America,Guardians of the Galaxy Collection,2025-09-25T17:30:31
Guardians of the Galaxy Vol. 3,2023,tt6791350,447365,150,"Peter Quill, still reeling from the loss of Gamora, must rally his team around him to defend the universe along with protecting one of their own. A mission that, if not completed successfully, could quite possibly lead to the end of the Guardians as we know them.",https://image.tmdb.org/t/p/w500/r2J02Z2OpNTctfOSN1Ydgii51I3.jpg,https://image.tmdb.org/t/p/w780/5YZbUmjbMa3ClvSW1Wj3D6XGolb.jpg,Science Fiction; Adventure; Action; Comedy; Action | Adventure | Comedy | Science Fiction,,hero; superhero; melancholy; mad scientist; based on comic; sequel; superhero team; space opera; raccoon; aftercreditsstinger; duringcreditsstinger; marvel cinematic universe (mcu); hopeless; cosmic; outer space; chosen family; lighthearted; hilarious; cheerful; disheartening; empathetic; enthusiastic; euphoric; hopeful; straightforward; sympathetic,,,,Disney Plus; fuboTV; Amazon Video (rent); Apple TV (rent); Google Play Movies (rent); YouTube (rent); Fandango At Home (rent); Amazon Video (buy); Apple TV (buy); Google Play Movies (buy); YouTube (buy); Fandango At Home (buy),English,United States of America,Guardians of the Galaxy Collection,2025-09-25T17:30:31
Hacksaw Ridge,2016,tt2119532,324786,139,"WWII American Army Medic Desmond T. Doss, who served during the Battle of Okinawa, refuses to kill people and becomes the first Conscientious Objector in American history to receive the Congressional Medal of Honor.",https://image.tmdb.org/t/p/w500/wuz8TjCIWR2EVVMuEfBnQ1vuGS3.jpg,https://image.tmdb.org/t/p/w780/vDKRMZGFTKP9nQolzeSB1rB1w6p.jpg,Drama; History; War; Drama | History | War,,japan; hero; world war ii; abusive father; affectation; pacifism; bible; gore; vegetarian; biography; based on true story; okinawa; conscientious objector; religion; soldier; alcoholic; war hero; pacifist; medic; us military; battle of okinawa; congressional medal of honor; amused; combat medic; weaponless; seventh-day adventists,,,,Amazon Video (rent); Google Play Movies (rent); YouTube (rent); Amazon Video (buy); Apple TV (buy); Google Play Movies (buy); YouTube (buy); Fandango At Home (buy),Japanese; English,Australia; United Kingdom; United States of America; China,,2025-09-25T17:30:31
"Hail, Caesar!",2016,tt0475290,270487,106,"When a Hollywood star mysteriously disappears in the middle of filming, the studio sends their fixer to get him back.",https://image.tmdb.org/t/p/w500/ozY79UvbYvJUWFg2UCM1CDQ7rBl.jpg,https://image.tmdb.org/t/p/w780/jxI45ITLNFz8Alxye7mMpLy9BEE.jpg,Comedy; Crime; Drama; Comedy | Crime | Drama | Mystery,,journalist; ransom; cat; kidnapping; ancient rome; film in film; disappearance; hollywood; whodunit; period drama; filmmaking; movie star; 1950s; old hollywood; farcical; frustrated,,,,Starz Apple TV Channel; Amazon Video (rent); Apple TV (rent); Google Play Movies (rent); YouTube (rent); Fandango At Home (rent); Amazon Video (buy); Apple TV (buy); Google Play Movies (buy); YouTube (buy); Fandango At Home (buy),English,United Kingdom; United States of America,,2025-09-25T17:30:32
Hall Pass,2011,tt0480687,48988,105,"When best buds Rick and Fred begin to show signs of restlessness at home, their wives take a bold approach to revitalize their marriages, they grant the guys a 'hall pass'—one week of freedom to do whatever they want. At first, it seems like a dream come true, but they quickly discover that their expectations of the single life—and themselves—are completely and hilariously out of sync with reality.",https://image.tmdb.org/t/p/w500/eol3uD6whQKOKCmmhF7z39fq2Pe.jpg,https://image.tmdb.org/t/p/w780/zqoWOXXLUNr0MUl5cih0m8lNm4I.jpg,Comedy; Romance; Comedy | Romance,,husband wife relationship; freedom; marriage; daydream; friends; aftercreditsstinger; duringcreditsstinger,,,,Amazon Video (rent); Apple TV (rent); Google Play Movies (rent); YouTube (rent); Fandango At Home (rent); Amazon Video (buy); Apple TV (buy); Google Play Movies (buy); YouTube (buy); Fandango At Home (buy),English,United States of America,,2025-09-25T17:30:32
Halloween,2018,tt1502407,1400676,0,"Laurie Strode confronts her long-time foe, Michael Myers, the masked figure who has haunted her since she narrowly escaped his killing spree on Halloween night four decades ago.",https://image.tmdb.org/t/p/w500/6GN0q5kDTlBe4OE7ftuCvlLlrbM.jpg,https://image.tmdb.org/t/p/w780/cvARJtqipTpbE36I9BAQkuhdQYO.jpg,Documentary; Family; Drama; Horror; Crime,,,,,,,French,France,,2025-09-25T17:30:32
Halloween Kills (Extended Cut),2021,tt10665338,610253,105,"Michael manages to free himself from Laurie Strode's trap to resume his ritual bloodbath. As she fights for her life from injuries from their last encounter, she inspires her daughter Karen, her granddaughter Allyson, and all of Haddonfield to rise up against the unstoppable monster.",https://image.tmdb.org/t/p/w500/4CclCDyQXBBgz62Qtp3CoflQE5g.jpg,https://image.tmdb.org/t/p/w780/fuuZFPc8x6gQ8mLGoBp9vrmcQMT.jpg,Horror; Thriller; Horror | Thriller,,halloween; sequel; murder; vigilante; serial killer; hospital; slasher; murderer; killer; house fire; crime spree; vigilantism; escaped killer; murder spree; vigilante justice; holiday horror,,,,Amazon Video (rent); Apple TV (rent); Google Play Movies (rent); YouTube (rent); Fandango At Home (rent); Spectrum On Demand (rent); Amazon Video (buy); Apple TV (buy); Google Play Movies (buy); YouTube (buy); Fandango At Home (buy),English,United States of America,Halloween Collection,2025-09-25T17:30:33
Hancock,2008,tt0448157,8960,92,"Hancock is a down-and-out superhero who's forced to employ a PR expert to help repair his image when the public grows weary of all the damage he's inflicted during his lifesaving heroics. The agent's idea of imprisoning the antihero to make the world miss him proves successful, but will Hancock stick to his new sense of purpose or slip back into old habits?",https://image.tmdb.org/t/p/w500/7DyuV2G0hLEqHeueDfOqhZ2DVut.jpg,https://image.tmdb.org/t/p/w780/qndvrOXGyoOxkhc12SqfLi9Hr31.jpg,Fantasy; Action; Action | Fantasy,,"love of one's life; flying; alcohol; advertising expert; superhero; pokies; forbidden love; lovers; invulnerability; affection; alcoholism; los angeles, california; duringcreditsstinger; desperate",,,,Amazon Video (rent); Apple TV (rent); Google Play Movies (rent); YouTube (rent); Fandango At Home (rent); Amazon Video (buy); Apple TV (buy); Google Play Movies (buy); YouTube (buy); Fandango At Home (buy),English; French; Japanese; Vietnamese,United States of America,,2025-09-25T17:30:33
Hansel & Gretel,2013,tt1460002,117150,49,Hansel and Gretel is the tale of a brother and sister who are abandoned in a forest and are capture by a wicked witch.,https://image.tmdb.org/t/p/w500/qRs2MXV20SoWdn7pvMxx0TpNePT.jpg,,Family; Animation; Adventure; Adventure | Animation | Family,,,,,,,English,Australia,,2025-09-25T17:30:33
Hansel & Gretel: Witch Hunters,2013,tt1428538,60304,88,"After getting a taste for blood as children, Hansel and Gretel have become the ultimate vigilantes, hell-bent on retribution. Now, unbeknownst to them, Hansel and Gretel have become the hunted, and must face an evil far greater than witches... their past.",https://image.tmdb.org/t/p/w500/j343Rpj3WeNvP0SV80zveve70io.jpg,https://image.tmdb.org/t/p/w780/mJSe5dxKu8Sq0GfdjdWVqdGvzfV.jpg,Fantasy; Horror; Action; Action | Fantasy | Horror,,witch; gun; witch burning; black magic; troll; steampunk; witchcraft; evil; witch hunt; evil witch; based on fairy tale; duringcreditsstinger; nude swimming; child abduction; blood moon,,,,Paramount Plus; Paramount+ Amazon Channel; Paramount+ Roku Premium Channel; Amazon Video (rent); Apple TV (rent); Google Play Movies (rent); YouTube (rent); Fandango At Home (rent); Amazon Video (buy); Apple TV (buy); Google Play Movies (buy); YouTube (buy); Fandango At Home (buy),English,United States of America; Germany,,2025-09-25T17:30:34
Happy Death Day,2017,tt5308322,440021,97,"Caught in a bizarre and terrifying time warp, college student Tree finds herself repeatedly reliving the day of her murder, ultimately realizing that she must identify the killer and the reason for her death before her chances of survival run out.",https://image.tmdb.org/t/p/w500/cTaEIUYTt52ooq9quVbAQ7NpGwo.jpg,https://image.tmdb.org/t/p/w780/cx3tDVqovnE75mB0n3pxlmpzmc4.jpg,Comedy; Horror; Mystery; Comedy | Horror | Mystery,,college; murder; time loop; slasher; young adult; college student; stabbed to death; appreciative; vibrant,,,,fuboTV; NBC; USA Network; Amazon Video (rent); Apple TV (rent); Google Play Movies (rent); YouTube (rent); Fandango At Home (rent); Amazon Video (buy); Apple TV (buy); Google Play Movies (buy); YouTube (buy); Fandango At Home (buy),English,United States of America,Happy Death Day Collection,2025-09-25T17:30:34
Happy Death Day 2U,2019,tt8155288,512196,100,"Collegian Tree Gelbman wakes up in horror to learn that she's stuck in a parallel universe. Her boyfriend Carter is now with someone else, and her friends and fellow students seem to be completely different versions of themselves. When Tree discovers that Carter's roommate has been altering time, she finds herself once again the target of a masked killer. When the psychopath starts to go after her inner circle, Tree soon realizes that she must die over and over again to save everyone.",https://image.tmdb.org/t/p/w500/4tdnePOkOOzwuGPEOAHp8UA4vqx.jpg,https://image.tmdb.org/t/p/w780/dhNJHBDacrZjSPtwaiwp3idpzxU.jpg,Comedy; Horror; Science Fiction; Comedy | Horror | Science Fiction,,psychopath; college; sequel; murder; time loop; slasher; university; aftercreditsstinger; stabbed to death,,,,fuboTV; Amazon Video (rent); Apple TV (rent); Google Play Movies (rent); YouTube (rent); Fandango At Home (rent); Spectrum On Demand (rent); Amazon Video (buy); Apple TV (buy); Google Play Movies (buy); YouTube (buy); Fandango At Home (buy),English,United States of America; Japan,Happy Death Day Collection,2025-09-25T17:30:34
Hardcore Henry,2015,tt3072482,325348,96,"Henry, a newly resurrected cyborg who must save his wife/creator from the clutches of a psychotic tyrant with telekinetic powers, AKAN, and his army of mercenaries. Fighting alongside Henry is Jimmy, who is Henry's only hope to make it through the day. Hardcore Henry takes place over the course of one day, in Moscow, Russia.",https://image.tmdb.org/t/p/w500/ik1uZyiMSxF9HqrgRKUNfMCfr3z.jpg,https://image.tmdb.org/t/p/w780/agxzi8QIXWnZgLxwHck8wdjfYk7.jpg,Action; Adventure; Science Fiction; Action | Adventure | Science Fiction,,"martial arts; cyborg; gore; murder; found footage; levitation; terrorist group; moscow, russia; first person view; good versus evil; experimental film",,,,Plex Channel; Amazon Video (rent); Apple TV (rent); Fandango At Home (rent); Amazon Video (buy); Apple TV (buy); Fandango At Home (buy),English; Russian,Russia; China; United States of America,,2025-09-25T17:30:35
Harold & Kumar Go to White Castle,2004,tt0366551,11282,88,"Nerdy accountant Harold and his irrepressible friend, Kumar, get stoned watching television and find themselves utterly bewitched by a commercial for White Castle. Convinced there must be one nearby, the two set out on a late-night odyssey that takes them deep into New Jersey. Somehow, the boys manage to run afoul of rednecks, cops and even a car-stealing Neil Patrick Harris before getting anywhere near their beloved sliders.",https://image.tmdb.org/t/p/w500/5vO7R4xYlDipTp8gzfRbWegO8eb.jpg,https://image.tmdb.org/t/p/w780/dzloVSv0FGM8fs4L5w9yV60p0PT.jpg,Comedy; Adventure; Adventure | Comedy,,"sibling relationship; new jersey; amsterdam, netherlands; road trip; cannabis; pot smoking; marijuana; police chase; east asian lead; buddy; stoner; fast food; one night; buddy comedy; munchies; crop circle; rich parents; car siren; blood spurting",,,,Amazon Video (rent); Apple TV (rent); Google Play Movies (rent); YouTube (rent); Fandango At Home (rent); Spectrum On Demand (rent); Amazon Video (buy); Apple TV (buy); Google Play Movies (buy); YouTube (buy); Fandango At Home (buy),English; Hindi,United States of America,Harold & Kumar Collection,2025-09-25T17:30:35
Harry Potter and the Chamber of Secrets,2002,tt0295297,672,161,"Cars fly, trees fight back, and a mysterious house-elf comes to warn Harry Potter at the start of his second year at Hogwarts. Adventure and danger await when bloody writing on a wall announces: The Chamber Of Secrets Has Been Opened. To save Hogwarts will require all of Harry, Ron and Hermione’s magical abilities and courage.",https://image.tmdb.org/t/p/w500/sdEOH0992YZ0QSxgXNIGLq1ToUi.jpg,https://image.tmdb.org/t/p/w780/xACx8htL9Ubz1qGe0gU2ggHonxV.jpg,Adventure; Fantasy; Adventure | Fantasy,,witch; flying car; elves; magic; sword; diary; child hero; school of witchcraft; giant spider; black magic; giant snake; ghost; child driving car; wizard; aftercreditsstinger; christmas; based on young adult novel,,,,HBO Max; HBO Max Amazon Channel; Peacock Premium; Peacock Premium Plus; Amazon Video (rent); Apple TV (rent); Google Play Movies (rent); YouTube (rent); Fandango At Home (rent); Spectrum On Demand (rent); Plex (rent); Amazon Video (buy); Apple TV (buy); Google Play Movies (buy); YouTube (buy); Fandango At Home (buy),English,United Kingdom; United States of America; Germany,Harry Potter Collection,2025-09-25T17:30:35
Harry Potter and the Deathly Hallows – Part 1,2010,tt0926084,12444,146,"Harry, Ron and Hermione walk away from their last year at Hogwarts to find and destroy the remaining Horcruxes, putting an end to Voldemort's bid for immortality. But with Harry's beloved Dumbledore dead and Voldemort's unscrupulous Death Eaters on the loose, the world is more dangerous than ever.",https://image.tmdb.org/t/p/w500/iGoXIpQb7Pot00EEdwpwPajheZ5.jpg,https://image.tmdb.org/t/p/w780/AqLcLsGGTzAjm3pCCq0CZCQrp6m.jpg,Adventure; Fantasy; Adventure | Fantasy,,"witch; friendship; london, england; corruption; escape; teleportation; isolation; magic; bravery; radio; road trip; shelter; tension; attack; werewolf; ghost; road movie; wizard; christmas; based on young adult novel",,,,HBO Max; HBO Max Amazon Channel; Peacock Premium; Peacock Premium Plus; Amazon Video (rent); Apple TV (rent); Google Play Movies (rent); YouTube (rent); Fandango At Home (rent); Spectrum On Demand (rent); Plex (rent); Amazon Video (buy); Apple TV (buy); Google Play Movies (buy); YouTube (buy); Fandango At Home (buy),English,United Kingdom; United States of America,Harry Potter Collection,2025-09-25T17:30:35
"Harry Potter and the Deathly Hallows, Part 2",2011,tt1201607,12445,130,"Harry, Ron and Hermione continue their quest to vanquish the evil Voldemort once and for all. Just as things begin to look hopeless for the young wizards, Harry discovers a trio of magical objects that endow him with powers to rival Voldemort's formidable skills.",https://image.tmdb.org/t/p/w500/c54HpQmuwXjHq2C9wmoACjxoom3.jpg,https://image.tmdb.org/t/p/w780/n5A7brJCjejceZmHyujwUTVgQNC.jpg,Fantasy; Adventure; Adventure | Fantasy,,witch; dying and death; saving the world; self sacrifice; magic; school of witchcraft; sorcerer; school; battle; ghost; wizard; teenage hero; christmas; based on young adult novel; good versus evil,,,,HBO Max; HBO Max Amazon Channel; Peacock Premium; Peacock Premium Plus; Amazon Video (rent); Apple TV (rent); Google Play Movies (rent); YouTube (rent); Fandango At Home (rent); Spectrum On Demand (rent); Plex (rent); Amazon Video (buy); Apple TV (buy); Google Play Movies (buy); YouTube (buy); Fandango At Home (buy),English,United Kingdom; United States of America,Harry Potter Collection,2025-09-25T17:30:36
Harry Potter and the Goblet of Fire,2005,tt0330373,674,157,"When Harry Potter's name emerges from the Goblet of Fire, he becomes a competitor in a grueling battle for glory among three wizarding schools—the Triwizard Tournament. But since Harry never submitted his name for the Tournament, who did? Now Harry must confront a deadly dragon, fierce water demons and an enchanted maze only to find himself in the cruel grasp of He Who Must Not Be Named.",https://image.tmdb.org/t/p/w500/fECBtHlr0RB3foNHDiCBXeg9Bv9.jpg,https://image.tmdb.org/t/p/w780/8f9dnOtpArDrOMEylpSN9Sc6fuz.jpg,Adventure; Fantasy; Adventure | Fantasy,,witch; dying and death; based on novel or book; magic; boarding school; world cup; maze; mermaid; school of witchcraft; black magic; chosen one; sequel; vision; school; tournament; dragon; ghost; wizard; teenage hero; christmas; based on young adult novel,,,,HBO Max; HBO Max Amazon Channel; Peacock Premium; Peacock Premium Plus; Amazon Video (rent); Apple TV (rent); Google Play Movies (rent); YouTube (rent); Fandango At Home (rent); Spectrum On Demand (rent); Plex (rent); Amazon Video (buy); Apple TV (buy); Google Play Movies (buy); YouTube (buy); Fandango At Home (buy),English; French,United Kingdom; United States of America,Harry Potter Collection,2025-09-25T17:30:36
Harry Potter and the Half-Blood Prince,2009,tt0417741,767,153,"As Lord Voldemort tightens his grip on both the Muggle and wizarding worlds, Hogwarts is no longer a safe haven. Harry suspects perils may even lie within the castle, but Dumbledore is more intent upon preparing him for the final battle fast approaching. Together they work to find the key to unlock Voldemorts defenses and to this end, Dumbledore recruits his old friend and colleague Horace Slughorn, whom he believes holds crucial information. Even as the decisive showdown looms, romance blossoms for Harry, Ron, Hermione and their classmates. Love is in the air, but danger lies ahead and Hogwarts may never be the same again.",https://image.tmdb.org/t/p/w500/z7uo9zmQdQwU5ZJHFpv2Upl30i1.jpg,https://image.tmdb.org/t/p/w780/urDWNffjwmNi5IQaezw9GwqkUXa.jpg,Adventure; Fantasy; Adventure | Fantasy,,"witch; dying and death; london, england; magic; school of witchcraft; sequel; apparition; curse; teenage crush; school; werewolf; teenage love; luck; ghost; wizard; secret past; christmas; based on young adult novel",,,,HBO Max; HBO Max Amazon Channel; Peacock Premium; Peacock Premium Plus; Amazon Video (rent); Apple TV (rent); Google Play Movies (rent); YouTube (rent); Fandango At Home (rent); Spectrum On Demand (rent); Plex (rent); Amazon Video (buy); Apple TV (buy); Google Play Movies (buy); YouTube (buy); Fandango At Home (buy),English,United Kingdom; United States of America,Harry Potter Collection,2025-09-25T17:30:36
Harry Potter and the Order of the Phoenix,2007,tt0373889,675,138,"Returning for his fifth year of study at Hogwarts, Harry is stunned to find that his warnings about the return of Lord Voldemort have been ignored. Left with no choice, Harry takes matters into his own hands, training a small group of students to defend themselves against the dark arts.",https://image.tmdb.org/t/p/w500/5aOyriWkPec0zUDxmHFP9qMmBaj.jpg,https://image.tmdb.org/t/p/w780/82a7AGF081PzFfoM8GAVGMvZNYK.jpg,Adventure; Fantasy; Adventure | Fantasy,,witch; dying and death; court; magic; prophecy; loss of loved one; professor; supernatural; child hero; school of witchcraft; black magic; sorcery; occult; ghost; wizard; christmas; scholar; mystical land; ministry; based on young adult novel; joyous,,,,HBO Max; HBO Max Amazon Channel; Peacock Premium; Peacock Premium Plus; Amazon Video (rent); Apple TV (rent); Google Play Movies (rent); YouTube (rent); Fandango At Home (rent); Spectrum On Demand (rent); Plex (rent); Amazon Video (buy); Apple TV (buy); Google Play Movies (buy); YouTube (buy); Fandango At Home (buy),English,United Kingdom; United States of America,Harry Potter Collection,2025-09-25T17:30:37
Harry Potter and the Prisoner of Azkaban,2004,tt0304141,673,141,"Year three at Hogwarts means new fun and challenges as Harry learns the delicate art of approaching a Hippogriff, transforming shape-shifting Boggarts into hilarity and even turning back time. But the term also brings danger: soul-sucking Dementors hover over the school, an ally of the accursed He-Who-Cannot-Be-Named lurks within the castle walls, and fearsome wizard Sirius Black escapes Azkaban. And Harry will confront them all.",https://image.tmdb.org/t/p/w500/aWxwnYoe8p2d2fcxOqtvAtJ72Rw.jpg,https://image.tmdb.org/t/p/w780/vbk5CfaAHOjQPSAcYm6AoRRz2Af.jpg,Adventure; Fantasy; Adventure | Fantasy,,witch; school friend; friendship; flying; magic; bus; traitor; child hero; school of witchcraft; black magic; time travel; school; best friend; werewolf; muggle; ghost; wizard; aftercreditsstinger; magical creature; night bus; teenage life; christmas; school class; based on young adult novel; magic spell; enchant,,,,HBO Max; HBO Max Amazon Channel; Peacock Premium; Peacock Premium Plus; Amazon Video (rent); Apple TV (rent); Google Play Movies (rent); YouTube (rent); Fandango At Home (rent); Spectrum On Demand (rent); Plex (rent); Amazon Video (buy); Apple TV (buy); Google Play Movies (buy); YouTube (buy); Fandango At Home (buy),English,United Kingdom; United States of America,Harry Potter Collection,2025-09-25T17:30:37
Harry Potter and the Sorcerer's Stone,2001,tt0241527,671,152,"Harry Potter has lived under the stairs at his aunt and uncle's house his whole life. But on his 11th birthday, he learns he's a powerful wizard—with a place waiting for him at the Hogwarts School of Witchcraft and Wizardry. As he learns to harness his newfound powers with the help of the school's kindly headmaster, Harry uncovers the truth about his parents' deaths—and about the villain who's to blame.",https://image.tmdb.org/t/p/w500/wuMc08IPKEatf9rnMNXvIDxqP4W.jpg,https://image.tmdb.org/t/p/w780/bfh9Z3Ghz4FOJAfLOAhmc3ccnHU.jpg,Adventure; Fantasy; Adventure | Fantasy,,"witch; school friend; friendship; london, england; based on novel or book; magic; boarding school; male friendship; child hero; school of witchcraft; chosen one; bullying; school; ghost; fantasy world; wizard; pre-teen; children's adventure; based on young adult novel; found family; owl; male female friendship",,,,HBO Max; Peacock Premium; Peacock Premium Plus; NBC; Amazon Video (rent); Apple TV (rent); Google Play Movies (rent); YouTube (rent); Fandango At Home (rent); Spectrum On Demand (rent); Plex (rent); Amazon Video (buy); Apple TV (buy); Google Play Movies (buy); YouTube (buy); Fandango At Home (buy),English,United Kingdom; United States of America,Harry Potter Collection,2025-09-25T17:30:37
He's Just Not That Into You,2009,tt1001508,10184,129,"Have you ever sat by the phone wondering why he said he would call, but didn't, or you can't figure out why she doesn't want to sleep with you anymore, or why your relationship just isn't going to the next level... they're just not that into you. Gigi just wants a man who says he'll call—and does—while Alex advises her to stop waiting by the phone. Beth wants a proposal after years of a committed relationship with her boyfriend, Neil, who sees nothing  wrong with the status quo. Janine's not sure if she can trust her husband, Ben, who can't quite trust himself around Anna. Anna can't decide between the sexy married guy, or her straightforward, no-sparks standby, Conor, who can't get over the fact that he can't have her. And Mary, who's found an entire network of loving, supportive men, just needs to find one who's straight.",https://image.tmdb.org/t/p/w500/jip2ap24Y6JxEgzVRyNqyYssnyR.jpg,https://image.tmdb.org/t/p/w780/jZkkch6yrP1tVVfEU2uqwej9rBM.jpg,Comedy; Romance; Drama; Comedy | Drama | Romance,,"friendship; based on novel or book; married couple; relationship problems; relationship; extramarital affair; duringcreditsstinger; dating woes; single woman; interpersonal relationships; baltimore, maryland",,,,HBO Max; HBO Max Amazon Channel; Cinemax Amazon Channel; Cinemax Apple TV Channel; Amazon Video (rent); Apple TV (rent); Google Play Movies (rent); YouTube (rent); Fandango At Home (rent); Spectrum On Demand (rent); Amazon Video (buy); Apple TV (buy); Google Play Movies (buy); YouTube (buy); Fandango At Home (buy),English,United States of America,,2025-09-25T17:30:38
Hellboy,2004,tt0167190,1487,122,"In the final days of World War II, the Nazis attempt to use black magic to aid their dying cause. The Allies raid the camp where the ceremony is taking place, but not before they summon a baby demon who is rescued by Allied forces and dubbed ""Hellboy"". Sixty years later, Hellboy serves the cause of good rather than evil as an agent in the Bureau of Paranormal Research & Defense, along with Abe Sapien - a merman with psychic powers, and Liz Sherman - a woman with pyrokinesis, protecting America against dark forces.",https://image.tmdb.org/t/p/w500/21hS8mD8uxBVvf8xVYR30LbbmPO.jpg,https://image.tmdb.org/t/p/w780/qdTUAwQKQ9n7PfZeVJzs7sOP8S8.jpg,Fantasy; Action; Action | Fantasy,,nazi; sacrifice; superhero; paranormal phenomena; black magic; adoptive father; based on comic; steampunk; narration from grave; apocalypse; demon; supernatural creature; monolith; occult; super strength; father figure; reanimated corpse; duringcreditsstinger; other dimension; lovecraftian; psychic powers; pyrokinesis; occult detective,,,,Philo; Kanopy; Hoopla; Amazon Video (rent); Apple TV (rent); Google Play Movies (rent); YouTube (rent); Fandango At Home (rent); Spectrum On Demand (rent); Amazon Video (buy); Apple TV (buy); Google Play Movies (buy); YouTube (buy); Fandango At Home (buy),Russian; English,Czech Republic; United States of America,Hellboy Collection,2025-09-25T17:30:38
Her,2013,tt1798709,152601,126,"In the not so distant future, Theodore, a lonely writer, purchases a newly developed operating system designed to meet the user's every need. To Theodore's surprise, a romantic relationship develops between him and his operating system. This unconventional love story blends science fiction and romance in a sweet tale that explores the nature of love and the ways that technology isolates and connects us all.",https://image.tmdb.org/t/p/w500/eCOtqtfvn7mxGl6nfmq4b1exJRc.jpg,https://image.tmdb.org/t/p/w780/zxttikp0SNEtF4vWsg70Vs6McFi.jpg,Romance; Science Fiction; Drama; Sci-Fi,,"future; artificial intelligence (a.i.); computer; satire; love; loneliness; transhumanism; los angeles, california; heartbreak; semi autobiographical; speculative; singularity; near future; serene; intimate; provocative; dramatic; comforting; melodramatic; operating system; soulmate",,,,Amazon Video (rent); Apple TV (rent); Google Play Movies (rent); YouTube (rent); Fandango At Home (rent); Spectrum On Demand (rent); Amazon Video (buy); Apple TV (buy); Google Play Movies (buy); YouTube (buy); Fandango At Home (buy),English,United States of America,,2025-09-25T17:30:38
Hercules,2014,tt1267297,184315,98,"When a new enemy threatens the innocent, Hercules must lead his fearless team of warriors in a battle against overwhelming odds.",https://image.tmdb.org/t/p/w500/5X3VOy9lD44VclKsWTi8gHZGjhL.jpg,https://image.tmdb.org/t/p/w780/xjeVjhPcT8QibtmFaGCf6B1lvyv.jpg,Action; Adventure; Fantasy,,killing; mercenary; past; based on comic; battle; ancient greece; hercules; peplum; warrior; sagen; 4th century bc,,,,Amazon Prime Video; Amazon Prime Video with Ads; The Roku Channel; Tubi TV; Kanopy; Hoopla; Amazon Video (rent); Apple TV (rent); Google Play Movies (rent); YouTube (rent); Fandango At Home (rent); Spectrum On Demand (rent); Plex (rent); Amazon Video (buy); Apple TV (buy); Google Play Movies (buy); YouTube (buy); Fandango At Home (buy),English,United States of America,,2025-09-25T17:30:39
Hereditary,2018,tt7784604,493922,128,"Following the death of the Leigh family matriarch, Annie and her children uncover disturbing secrets about their heritage. Their daily lives are not only impacted, but they also become entangled in a chilling fate from which they cannot escape, driving them to the brink of madness.",https://image.tmdb.org/t/p/w500/4GFPuL14eXi66V96xBWY73Y9PfR.jpg,https://image.tmdb.org/t/p/w780/gJbTXKNTL6O7r7PzF6ZRkJGBlPp.jpg,Horror; Mystery; Thriller; Horror | Mystery | Thriller,,daughter; funeral; loss of loved one; ritual; supernatural; affectation; possession; cult; dysfunctional family; murder; family drama; fear; demon; attic; evil; ritual murder; demonic possession; satanic ritual; dollhouse; satanic cult; séance; matriarch; miniatures; anxious; coven; didactic; cheerful,,,,Amazon Video (rent); Apple TV (rent); Google Play Movies (rent); YouTube (rent); Fandango At Home (rent); Amazon Video (buy); Apple TV (buy); Google Play Movies (buy); YouTube (buy); Fandango At Home (buy),English,United States of America; United Kingdom,,2025-09-25T17:30:39
Hidden Figures,2016,tt4846340,381284,127,"The untold story of Katherine G. Johnson, Dorothy Vaughan and Mary Jackson – brilliant African-American women working at NASA and serving as the brains behind one of the greatest operations in history – the launch of astronaut John Glenn into orbit. The visionary trio crossed all gender and race lines to inspire generations to dream big.",https://image.tmdb.org/t/p/w500/9lfz2W2uGjyow3am00rsPJ8iOyq.jpg,https://image.tmdb.org/t/p/w780/rfkIeCaIHhN3K5wjJJqKmfUjYp8.jpg,Drama; History; Drama | History,,nasa; mathematics; sexism; biography; racial segregation; racism; historical fiction; scientist; space race; discrimination; 1960s; space program; african american history; apologetic; arrogant; authoritarian; callous; condescending; disrespectful; earnest; frustrated,,,,Disney Plus; fuboTV; Freeform; Amazon Video (rent); Apple TV (rent); Google Play Movies (rent); YouTube (rent); Fandango At Home (rent); Amazon Video (buy); Apple TV (buy); Google Play Movies (buy); YouTube (buy); Fandango At Home (buy),English,United States of America,,2025-09-25T17:30:39
High Life,2009,tt1143110,29388,80,"It's 1983, and hopeless junkie Dick gets an unwelcome visit from the past - his seriously sleazy former cellmate, Bug, to be precise. Bug requires a crash course in the 80s: different music, different drugs, and machines in walls that dispense money. The latter development gives Dick an idea.",https://image.tmdb.org/t/p/w500/alzUTGTbpA204di5WSIWlBKdjbl.jpg,https://image.tmdb.org/t/p/w780/uq8ZNFJPEwBe64htVakNjTZClyW.jpg,Comedy; Crime; Comedy | Crime,,robbery; drug addiction; addicted; armored car; addiction; morphine; addict; armed robbery,,,,Tubi TV; Hoopla; Amazon Video (rent); Apple TV (rent); Google Play Movies (rent); YouTube (rent); Amazon Video (buy); Apple TV (buy); Google Play Movies (buy); YouTube (buy),English,Canada,,2025-09-25T17:30:39
Hocus Pocus,2022,tt11909878,642885,107,"29 years since the Black Flame Candle was last lit, the 17th-century Sanderson sisters are resurrected, and they are looking for revenge. Now it's up to three high school students to stop the ravenous witches from wreaking a new kind of havoc on Salem before dawn on All Hallow's Eve.",https://image.tmdb.org/t/p/w500/7ze7YNmUaX81ufctGqt0AgHxRtL.jpg,https://image.tmdb.org/t/p/w780/ml8YBTJq7UkALfI022FWscCQuQW.jpg,Fantasy; Comedy; Family; Comedy | Family | Fantasy,,"witch; high school; sibling relationship; halloween; resurrection; sister; sequel; zombie; salem, massachusetts; aftercreditsstinger; duringcreditsstinger",,,,Disney Plus,English,United States of America,Hocus Pocus Collection,2025-09-25T17:30:40
Holiday Inn,1942,tt0034862,13485,101,"Lovely Linda Mason has crooner Jim Hardy head over heels, but suave stepper Ted Hanover wants her for his new dance partner after fickle Lila Dixon gives him the brush. Jim's supper club, Holiday Inn, is the setting for the chase by Hanover and his manager.",https://image.tmdb.org/t/p/w500/7eZzwqLM1w1Mljg60rzB1zr27lu.jpg,https://image.tmdb.org/t/p/w780/4xM4PBZ7hCeMZAQn1pC1Baxmzaq.jpg,Comedy; Drama; Romance; Comedy | Drama | Romance,,new year's eve; dancing; holiday; show business; musical; connecticut; singing; inn; song and dance; blackface; dance team; christmas; romantic rival; white christmas,,,,Amazon Video (rent); Apple TV (rent); Google Play Movies (rent); YouTube (rent); Fandango At Home (rent); Spectrum On Demand (rent); Amazon Video (buy); Apple TV (buy); Google Play Movies (buy); YouTube (buy); Fandango At Home (buy),English,United States of America,,2025-09-25T17:30:40
Holmes & Watson,2012,tt2108535,122191,131,Film based on the characters of the English writer Arthur Conan Doyle. It tells a hypothetical meeting in Madrid between the legendary detective Sherlock Holmes and Jack the Ripper.,https://image.tmdb.org/t/p/w500/w4TJg8msU8qd3YFzvGXOPnZMsle.jpg,https://image.tmdb.org/t/p/w780/gE4b5QpqLvPmrgdoEWwzAjI08Z7.jpg,Drama; Mystery; Thriller; Crime; Crime | Drama | Mystery | Thriller,,,,,,,Spanish,Spain,,2025-09-25T17:30:40
Home Alone,1990,tt0099785,771,103,"Eight-year-old Kevin McCallister makes the most of the situation after his family unwittingly leaves him behind when they go on Christmas vacation. When thieves try to break into his home, he puts up a fight like no other.",https://image.tmdb.org/t/p/w500/i5We88HdO9Nsrv8xLyo4toNsLUM.jpg,https://image.tmdb.org/t/p/w780/ySmjHc3LZd4VmmIa6sgwkMIm6xl.jpg,Comedy; Family; Comedy | Family,,burglar; holiday; home; alone; family relationships; slapstick comedy; little boy; home invasion; precocious child; booby trap; home alone; suburban chicago; mischievous child; aggressive; christmas; kids on their own; child rescue; burglars; cheerful; wet bandits,,,,Disney Plus; Amazon Video (rent); Apple TV (rent); Google Play Movies (rent); YouTube (rent); Fandango At Home (rent); Amazon Video (buy); Apple TV (buy); Google Play Movies (buy); YouTube (buy); Fandango At Home (buy),English; French,United States of America,Home Alone Collection,2025-09-25T17:30:41
Homefront,2013,tt2312718,204082,100,"Phil Broker is a former DEA agent who has gone through a crisis after his action against a biker gang went horribly wrong and it cost the life of his boss' son. He is recently widowed and is left with a 9-years-old daughter, Maddy. He decides to quit the turbulent and demanding life of thrill for Maddy's sake and retires to a small town. His daughter fights off a boy who was bullying her at school and this sets in motion a round of events that end in his direct confrontation with the local Meth drug lord. His past history with the biker gang also enters the arena, making matters more complex. But he has a mission in his mind to protect his daughter and he is ready to pay any cost that it demands.",https://image.tmdb.org/t/p/w500/6pF8D9bDIAmuHgCqGKEfuNWRQam.jpg,https://image.tmdb.org/t/p/w780/kT8orKwz2bmRdHBLnG44yucYtFy.jpg,Action; Thriller; Crime,,drug dealer; daughter; based on novel or book; police; parent child relationship; police operation; ex-cop; bayou; rural area; undercover cop; drug dealing; motorcycle gang; drugs; revenge motive,,,,Amazon Prime Video; FilmBox+; Amazon Prime Video with Ads; Plex Channel; Amazon Video (rent); Apple TV (rent); Google Play Movies (rent); YouTube (rent); Fandango At Home (rent); Amazon Video (buy); Apple TV (buy); Google Play Movies (buy); YouTube (buy); Fandango At Home (buy),English,United States of America,,2025-09-25T17:30:41
Hook,1991,tt0102057,879,142,"The boy who wasn't supposed to grow up—Peter Pan—does just that, becoming a soulless corporate lawyer whose workaholism could cost him his wife and kids. During his trip to see Granny Wendy in London, the vengeful Capt. Hook kidnaps Peter's kids and forces Peter to return to Neverland.",https://image.tmdb.org/t/p/w500/a6rB1lGXoGms7gWxRfJneQmAjNV.jpg,https://image.tmdb.org/t/p/w780/x5VGdEBBGuhA0YRlk6dFFxGcamG.jpg,Adventure; Fantasy; Comedy; Family; Adventure | Comedy | Family | Fantasy,,rescue; daughter; flying; swordplay; sword; fairy tale; memory loss; duel; pirate; hook; hook for a hand; reflective; playful; grand,,,,Amazon Video (rent); Apple TV (rent); Google Play Movies (rent); YouTube (rent); Fandango At Home (rent); Spectrum On Demand (rent); Amazon Video (buy); Apple TV (buy); Google Play Movies (buy); YouTube (buy); Fandango At Home (buy),English,United States of America,,2025-09-25T17:30:41
Horrible Bosses,2011,tt1499658,51540,98,"For Nick, Kurt and Dale, the only thing that would make the daily grind more tolerable would be to grind their intolerable bosses into dust. Quitting is not an option, so, with the benefit of a few-too-many drinks and some dubious advice from a hustling ex-con, the three friends devise a convoluted and seemingly foolproof plan to rid themselves of their respective employers... permanently.",https://image.tmdb.org/t/p/w500/uQkUwgyFHAm0jGQERPG6Z9o9Zbj.jpg,https://image.tmdb.org/t/p/w780/9fkYHcOtaz4cKmlDWw7tqUr5TUt.jpg,Comedy; Crime; Comedy | Crime,,bad boss; employee; death of father; stakeout; questioning; duringcreditsstinger; anxious; egotistical; bold,,,,Netflix; YouTube TV; Netflix Standard with Ads; Amazon Video (rent); Apple TV (rent); Google Play Movies (rent); YouTube (rent); Fandango At Home (rent); Spectrum On Demand (rent); Amazon Video (buy); Apple TV (buy); Google Play Movies (buy); YouTube (buy); Fandango At Home (buy),English,United States of America,Horrible Bosses Collection,2025-09-25T17:30:42
Hot Tub Time Machine 2,2015,tt2637294,243938,93,"After their first adventure with the Hot Tub Time Machine, Lou and Nick are living very well off their ill-gotten gains, while Jacob still cannot rely on Lou to be a positive role model. When an unknown assailant breaks into Lou's mansion and shoots him, Nick and Jacob take him for another trip in the hot tub. They emerge in the year 2025, where they must figure out who shot Lou and prevent it from happening again.",https://image.tmdb.org/t/p/w500/lBroHetSm8RMI8zp7ThpFJsw9E1.jpg,https://image.tmdb.org/t/p/w780/iz0gx0msnS2G2vUcmigSE7aN4CL.jpg,Comedy,,virtual reality; time travel; time machine; hallucinogen; sequel; hot tub; drinking; duringcreditsstinger; binge drinking; change the past,,,,HBO Max; HBO Max Amazon Channel; Amazon Video (rent); Apple TV (rent); Google Play Movies (rent); YouTube (rent); Fandango At Home (rent); Amazon Video (buy); Apple TV (buy); Google Play Movies (buy); YouTube (buy); Fandango At Home (buy),English,United States of America,Hot Tub Time Machine Collection,2025-09-25T17:30:42
House Party,1990,tt0099800,16094,105,"Young Kid has been invited to a party at his friend Play's house. But after a fight at school, Kid's father grounds him. None the less, Kid sneaks out when his father falls asleep. But Kid doesn't know that three of the thugs at school have decided to give him a lesson in behavior.",https://image.tmdb.org/t/p/w500/hmUsEUI7RdgvTznkLCNSOHnjU4O.jpg,https://image.tmdb.org/t/p/w780/9OpLLvTG3lK1tjOHyC0zIw49pRu.jpg,Comedy,,high school; house party; reflective; reminiscent; comforting; farcical,,,,TBS; Amazon Video (rent); Apple TV (rent); Google Play Movies (rent); YouTube (rent); Fandango At Home (rent); Amazon Video (buy); Apple TV (buy); Google Play Movies (buy); YouTube (buy); Fandango At Home (buy),English,United States of America,House Party Collection,2025-09-25T17:30:42
How to Train Your Dragon 2,2014,tt1646971,82702,102,"Five years have passed since Hiccup and Toothless united the dragons and Vikings of Berk. Now, they spend their time charting unmapped territories. During one of their adventures, the pair discover a secret cave that houses hundreds of wild dragons -- and a mysterious dragon rider. Hiccup and Toothless find themselves at the center of a battle to protect Berk from a power-hungry warrior.",https://image.tmdb.org/t/p/w500/d13Uj86LdbDLrfDoHR5aDOFYyJC.jpg,https://image.tmdb.org/t/p/w780/5MnP0h7RcUCeX7gpxMYoMScmfq7.jpg,Fantasy; Action; Adventure; Animation; Comedy; Family; Action | Adventure | Animation | Comedy | Family | Fantasy,,rescue; husband wife relationship; sacrifice; parent child relationship; loss of loved one; affectation; villain; melancholy; vikings (norsemen); sequel; dragon; mourning; nostalgic; warrior; mysterious; philosophical; reflective; mother son relationship; loving; dreary; inspirational; wistful; intimate; understated; dramatic; sentimental; witty; hilarious; intense; sinister; romantic; whimsical; admiring; adoring; amused; apathetic; appreciative; awestruck; bewildered; celebratory; comforting; commanding; compassionate; empathetic; enthusiastic; euphoric; excited; exhilarated; familiar; optimistic; sincere; sympathetic; tragic; vibrant,,,,Hulu; Amazon Video (rent); Apple TV (rent); YouTube (rent); Fandango At Home (rent); Spectrum On Demand (rent); Amazon Video (buy); Apple TV (buy); YouTube (buy); Fandango At Home (buy),English,United States of America,How to Train Your Dragon Collection,2025-09-25T17:30:43
Hugo,2011,tt0970179,44826,126,"Orphaned and alone except for an uncle, Hugo Cabret lives in the walls of a train station in 1930s Paris. Hugo's job is to oil and maintain the station's clocks, but to him, his more important task is to protect a broken automaton and notebook left to him by his late father. Accompanied by the goddaughter of an embittered toy merchant, Hugo embarks on a quest to solve the mystery of the automaton and find a place he can call home.",https://image.tmdb.org/t/p/w500/1dxRq3o3l3bVWNRvvSb7rRf68qp.jpg,https://image.tmdb.org/t/p/w780/Aj81Gu3u1a64qXFOLDuF5gdxyy0.jpg,Adventure; Drama; Family; Adventure | Drama | Family,,"paris, france; based on novel or book; library; clock tower; key; clock; museum; montparnasse; steampunk; orphan; robot; filmmaking; security guard; leg brace; doberman; runaway train; railway station; guard dog; toy maker; mechanical toys; toymaker; ticking clock; based on young adult novel; clockwork; train station; toy; stationmaster; clockmaker; mechanical dolls",,,,Kanopy; Hoopla; Amazon Video (rent); Apple TV (rent); Google Play Movies (rent); YouTube (rent); Fandango At Home (rent); Spectrum On Demand (rent); Amazon Video (buy); Apple TV (buy); Google Play Movies (buy); YouTube (buy); Fandango At Home (buy),English,United Kingdom; United States of America,,2025-09-25T17:30:43
Hustlers,2019,tt5503686,540901,110,A crew of savvy former strip club employees band together to turn the tables on their Wall Street clients.,https://image.tmdb.org/t/p/w500/zBhv8rsLOfpFW2M5b6wW78Uoojs.jpg,https://image.tmdb.org/t/p/w780/jTab4cf4X1dJJVS4F8UOGuesvPd.jpg,Drama; Comedy; Crime; Comedy | Crime | Drama,,"new york city; hustler; wall street; stripper; based on true story; strip club; biting; exotic dancer; stock market crash; economic crisis; reflective; based on magazine, newspaper or article; 2000s; inspired by magazine, newspaper or article; antagonistic",,,,Amazon Video (rent); Apple TV (rent); Google Play Movies (rent); YouTube (rent); Fandango At Home (rent); Amazon Video (buy); Apple TV (buy); Google Play Movies (buy); YouTube (buy); Fandango At Home (buy),English; Spanish; Russian,United States of America,,2025-09-25T17:30:43
"I, Frankenstein",2014,tt1418377,100241,92,"200 years after his shocking creation, Dr. Frankenstein's creature, Adam, still walks the earth. But when he finds himself in the middle of a war over the fate of humanity, Adam discovers he holds the key that could destroy humankind.",https://image.tmdb.org/t/p/w500/a53tIl4k20zCZCNyq73kiXkwWkl.jpg,https://image.tmdb.org/t/p/w780/9ywnF6JCB7RqmZ5OPzoe67LfTv2.jpg,Horror; Thriller; Horror | Thriller,,anti hero; queen; supernatural; prince; based on comic; gargoyle; fighting; demon,,,,fuboTV; Peacock Premium; YouTube TV; NBC; USA Network; Peacock Premium Plus; MovieSphere+ Amazon Channel; The Roku Channel; Fawesome; Amazon Video (rent); Apple TV (rent); Google Play Movies (rent); YouTube (rent); Fandango At Home (rent); Amazon Video (buy); Apple TV (buy); Google Play Movies (buy); YouTube (buy); Fandango At Home (buy),English,Australia; United States of America,,2025-09-25T17:30:43
Ice Age,2002,tt0268380,425,81,"With the impending ice age almost upon them, a mismatched trio of prehistoric critters – Manny the woolly mammoth, Diego the saber-toothed tiger and Sid the giant sloth – find an orphaned infant and decide to return it to its human parents. Along the way, the unlikely allies become friends but, when enemies attack, their quest takes on far nobler aims.",https://image.tmdb.org/t/p/w500/gLhHHZUzeseRXShoDyC4VqLgsNv.jpg,https://image.tmdb.org/t/p/w780/8pwIhymsxfAVjrAE7syDjQULn37.jpg,Animation; Comedy; Family; Adventure; Adventure | Animation | Comedy | Family,,dying and death; human evolution; parent child relationship; squirrel; loss of loved one; mammoth; sloth; villain; stone age; prehistory; prehistoric creature; saber-toothed tiger; cavemen; road movie; neanderthal; prehistoric man; dodo bird; nut; ground sloth; cheerful,,,,Disney Plus; VIX; Amazon Video (rent); Apple TV (rent); Google Play Movies (rent); YouTube (rent); Fandango At Home (rent); Amazon Video (buy); Apple TV (buy); Google Play Movies (buy); YouTube (buy); Fandango At Home (buy),English,United States of America,Ice Age Collection,2025-09-25T17:30:44
Identity Thief,2013,tt2024432,109431,111,"When a mild-mannered businessman learns his identity has been stolen, he hits the road in an attempt to foil the thief -- a trip that puts him in the path of a deceptively harmless-looking woman.",https://image.tmdb.org/t/p/w500/lIliJCGoWT6tEVaDivLpXEf038w.jpg,https://image.tmdb.org/t/p/w780/lDc6JPsXm9ARe9w9PC9qegqYs94.jpg,Comedy; Crime; Comedy | Crime,,prison; bounty hunter; dual identity; police; bathroom; identity; women's prison; thief; money; numbers; locked in bathroom; sock,,,,Amazon Prime Video; Starz Apple TV Channel; Amazon Prime Video with Ads; Amazon Video (rent); Apple TV (rent); Google Play Movies (rent); YouTube (rent); Fandango At Home (rent); Spectrum On Demand (rent); Amazon Video (buy); Apple TV (buy); Google Play Movies (buy); YouTube (buy); Fandango At Home (buy),English,United States of America,,2025-09-25T17:30:44
If I Stay,2014,tt1355630,249164,106,"Mia Hall, a talented young cellist, thought the most difficult decision she would ever have to make would be whether to pursue her musical dreams at prestigious Juilliard or follow her heart to be with the love of her life, Adam, a rock singer/guitarist. However, a car wreck changes everything in an instant, and now Mia's life hangs in the balance. Suspended between life and death, Mia faces a choice that will decide her future.",https://image.tmdb.org/t/p/w500/7Twh8h3Wh7GC9npTAEUThgkxkWL.jpg,https://image.tmdb.org/t/p/w780/gz3rCM34UicmOxRY1T2SgiQZJoS.jpg,Drama,,coma; based on novel or book; musician; teenage girl; car accident; out of body experience; teen drama; based on young adult novel,,,,Amazon Video (rent); Apple TV (rent); Google Play Movies (rent); YouTube (rent); Fandango At Home (rent); Plex (rent); Amazon Video (buy); Apple TV (buy); Google Play Movies (buy); YouTube (buy); Fandango At Home (buy),English,United States of America,,2025-09-25T17:30:44
Immortals,2011,tt1253864,37958,110,"Theseus is a mortal man chosen by Zeus to lead the fight against the ruthless King Hyperion, who is on a rampage across Greece to obtain a weapon that can destroy humanity.",https://image.tmdb.org/t/p/w500/4SPPX5KIyaQ9O8n5rLvvUIiIhpF.jpg,https://image.tmdb.org/t/p/w780/jwggB67hpRqqVw8OHDNTW5Wz7fm.jpg,Fantasy; Action; Drama; Action | Drama | Fantasy,,army; poison; mythology; zeus; sword fight; minotaur; poseidon; spear; bow and arrow; labyrinth; ancient greece; greek god; fantasy; 13th century bc,,,,Starz Apple TV Channel; Starz Roku Premium Channel; Starz; Starz Amazon Channel; Amazon Video (rent); Apple TV (rent); Google Play Movies (rent); YouTube (rent); Fandango At Home (rent); Spectrum On Demand (rent); Amazon Video (buy); Apple TV (buy); Google Play Movies (buy); YouTube (buy); Fandango At Home (buy),Greek; English,United States of America,,2025-09-25T17:30:45
In Time,2011,tt1637688,49530,109,"In the not-too-distant future, the aging gene has been switched off. To avoid overpopulation, time has become the currency and the way people pay for luxuries and necessities. The rich can live forever, while the rest struggle to negotiate for their immortality. A poor young man who suddenly comes into a fortune of time finds himself on the run from a corrupt police force known as the ""time keepers"".",https://image.tmdb.org/t/p/w500/3Mwj2sIONQckOZP3YwsUXF7U5I4.jpg,https://image.tmdb.org/t/p/w780/pxL08w7Eq0vKrQ3mJzYp0VHGaKG.jpg,Action; Thriller; Science Fiction; Action | Science Fiction | Thriller,,future; race against time; immortality; bank; dystopia; time; love; on the run; class differences; biting; cops and robbers; aggressive; rich vs poor; in time; antagonistic; defiant; urgent,,,,HBO Max; HBO Max Amazon Channel; Cinemax Amazon Channel; Cinemax Apple TV Channel; Amazon Video (rent); Apple TV (rent); Google Play Movies (rent); YouTube (rent); Fandango At Home (rent); Amazon Video (buy); Apple TV (buy); Google Play Movies (buy); YouTube (buy); Fandango At Home (buy),English,United States of America,,2025-09-25T17:30:45
Inception,2010,tt1375666,27205,148,"Cobb, a skilled thief who commits corporate espionage by infiltrating the subconscious of his targets is offered a chance to regain his old life as payment for a task considered to be impossible: ""inception"", the implantation of another person's idea into a target's subconscious.",https://image.tmdb.org/t/p/w500/ljsZTbVsrQSqZgWeep2B1QiDKuh.jpg,https://image.tmdb.org/t/p/w780/gqby0RhyehP3uRrzmdyUZ0CgPPe.jpg,Action; Science Fiction; Adventure; Action | Adventure | Science Fiction,,"rescue; mission; dreams; airplane; paris, france; virtual reality; kidnapping; philosophy; spy; allegory; manipulation; car crash; heist; memory; architecture; los angeles, california; dream world; subconscious; dramatic",,,,HBO Max; HBO Max Amazon Channel; Amazon Video (rent); Apple TV (rent); Google Play Movies (rent); YouTube (rent); Fandango At Home (rent); Spectrum On Demand (rent); Plex (rent); Amazon Video (buy); Apple TV (buy); Google Play Movies (buy); YouTube (buy); Fandango At Home (buy),English; French; Japanese; Swahili,United States of America,,2025-09-25T17:30:45
Incredibles 2,2018,tt3606756,260513,118,"Elastigirl springs into action to save the day, while Mr. Incredible faces his greatest challenge yet – taking care of the problems of his three children.",https://image.tmdb.org/t/p/w500/9lFKBtaVIhP7E2Pk0IY1CwTKTMZ.jpg,https://image.tmdb.org/t/p/w780/mabuNsGJgRuCTuGqjFkWe1xdu19.jpg,Action; Adventure; Animation; Family; Action | Adventure | Animation | Family,,married couple; superhero; cartoon; villain; sequel; parenting; family; super power; female villain; supervillain; colorful,,,,Disney Plus; Amazon Video (rent); Apple TV (rent); Google Play Movies (rent); YouTube (rent); Fandango At Home (rent); Amazon Video (buy); Apple TV (buy); Google Play Movies (buy); YouTube (buy); Fandango At Home (buy),English,United States of America,The Incredibles Collection,2025-09-25T17:30:46
Independence Day,1996,tt0116629,602,145,"Strange phenomena surface around the globe. The skies ignite. Terror races through the world's major cities. As these extraordinary events unfold, it becomes increasingly clear that a force of incredible magnitude has arrived. Its mission: total annihilation over the Fourth of July weekend. The last hope to stop the destruction is an unlikely group of people united by fate and unimaginable circumstances.",https://image.tmdb.org/t/p/w500/p0BPQGSPoSa8Ml0DAf2mB2kCU0R.jpg,https://image.tmdb.org/t/p/w780/uw4SnKFZ453Gxmj5XR5Susj8TNo.jpg,Action; Adventure; Science Fiction; Action | Adventure | Science Fiction,,spacecraft; showdown; independence; patriotism; countdown; invasion; alien; ufo; extraterrestrial; creature; battle; alien invasion; world domination; area 51; human vs alien; aggressive; good versus evil; dramatic; suspenseful; assertive; audacious; celebratory; commanding,,,,fuboTV; AMC Plus Apple TV Channel; AMC+ Amazon Channel; AMC+ Roku Premium Channel; YouTube TV; AMC; Philo; Amazon Video (rent); Apple TV (rent); Google Play Movies (rent); YouTube (rent); Fandango At Home (rent); Spectrum On Demand (rent); Amazon Video (buy); Apple TV (buy); Google Play Movies (buy); YouTube (buy); Fandango At Home (buy),English,United States of America,Independence Day Collection,2025-09-25T17:30:46
Independence Day: Resurgence,2016,tt1628841,47933,120,"We always knew they were coming back. Using recovered alien technology, the nations of Earth have collaborated on an immense defense program to protect the planet. But nothing can prepare us for the aliens’ advanced and unprecedented force. Only the ingenuity of a few brave men and women can bring our world back from the brink of extinction.",https://image.tmdb.org/t/p/w500/9S50foUIYGwiNPWOxi1WJF6IPwI.jpg,https://image.tmdb.org/t/p/w780/pgJUufiR3lNlgZmxsTqRk929ucH.jpg,Action; Adventure; Science Fiction; Action | Adventure | Science Fiction,,alien; alien invasion,,,,Amazon Video (rent); Apple TV (rent); Google Play Movies (rent); YouTube (rent); Fandango At Home (rent); Amazon Video (buy); Apple TV (buy); Google Play Movies (buy); YouTube (buy); Fandango At Home (buy),English,United States of America,Independence Day Collection,2025-09-25T17:30:46
Indiana Jones and the Dial of Destiny,2023,tt1462764,335977,155,"Finding himself in a new era, and approaching retirement, Indy wrestles with fitting into a world that seems to have outgrown him. But as the tentacles of an all-too-familiar evil return in the form of an old rival, Indy must don his hat and pick up his whip once more to make sure an ancient and powerful artifact doesn't fall into the wrong hands.",https://image.tmdb.org/t/p/w500/Af4bXE63pVsb2FtbW8uYIyPBadD.jpg,https://image.tmdb.org/t/p/w780/35z8hWuzfFUZQaYog8E9LsXW3iI.jpg,Adventure; Action; Action | Adventure,,treasure hunt; ancient rome; sequel; flashback; knife fight; archaeologist; adventurer; 1960s; nazi germany; action adventure,,,,Disney Plus; Amazon Video (rent); Apple TV (rent); Google Play Movies (rent); YouTube (rent); Fandango At Home (rent); Spectrum On Demand (rent); Amazon Video (buy); Apple TV (buy); Google Play Movies (buy); YouTube (buy); Fandango At Home (buy),English; Arabic; French; German; Spanish,United States of America,Indiana Jones Collection,2025-09-25T17:30:47
Indiana Jones and the Raiders of the Lost Ark,1981,tt0082971,85,115,"When Dr. Indiana Jones – the tweed-suited professor who just happens to be a celebrated archaeologist – is hired by the government to locate the legendary Ark of the Covenant, he finds himself up against the entire Nazi regime.",https://image.tmdb.org/t/p/w500/ceG9VzoRAVGwivFU403Wc3AHRys.jpg,https://image.tmdb.org/t/p/w780/ueDw7djPgKPZfph0vC43aD2EMyF.jpg,Adventure; Action; Action | Adventure,,egypt; treasure; medallion; swastika; saving the world; nepal; himalaya mountain range; cairo; moses; hat; whip; leather jacket; mediterranean; ark of the covenant; ten commandments; nazi; excavation; riddle; treasure hunt; archaeologist; adventurer; archeology; religious history; 1930s; dramatic; excited,,,,Disney Plus; Amazon Video (rent); Apple TV (rent); Google Play Movies (rent); YouTube (rent); Fandango At Home (rent); Spectrum On Demand (rent); Plex (rent); Amazon Video (buy); Apple TV (buy); Google Play Movies (buy); YouTube (buy); Fandango At Home (buy),English; Spanish; German; Hebrew; Arabic; Nepali,United States of America,Indiana Jones Collection,2025-09-25T17:30:47
Indiana Jones and the Temple of Doom,1984,tt0087469,87,118,"After arriving in India, Indiana Jones is asked by a desperate village to find a mystical stone. He agrees – and stumbles upon a secret cult plotting a terrible plan in the catacombs of an ancient palace.",https://image.tmdb.org/t/p/w500/gpdVNUaa4LhRMLfJOPj1AZdhAZ3.jpg,https://image.tmdb.org/t/p/w780/f133nWlU6yUkZqqwcCXCbTEJWHr.jpg,Adventure; Action; Action | Adventure,,treasure; skeleton; wind; elephant; heart; riddle; crocodile; bridge; treasure hunt; torture; india; monkey; archaeologist; conveyor belt; child driving car; mine car; rope bridge; splits; adventurer; archeology; 1930s; exhilarated,,,,Disney Plus; Amazon Video (rent); Apple TV (rent); Google Play Movies (rent); YouTube (rent); Fandango At Home (rent); Spectrum On Demand (rent); Plex (rent); Amazon Video (buy); Apple TV (buy); Google Play Movies (buy); YouTube (buy); Fandango At Home (buy),Mandarin; English; Sinhalese,United States of America,Indiana Jones Collection,2025-09-25T17:30:47
Inferno,2016,tt3062096,207932,121,"After waking up in a hospital with amnesia, professor Robert Langdon and a doctor must race against time to foil a deadly global plot.",https://image.tmdb.org/t/p/w500/cnqvFvjAaV28F1tU7986VVg0WP7.jpg,https://image.tmdb.org/t/p/w780/bYSzeJpAHOBMRNJStaubwWwKI72.jpg,Mystery; Thriller; Action; Action | Mystery | Thriller,,amnesia; based on novel or book; italy; europe; sequel; murder; conspiracy; religion; church; virus; symbology,,,,Amazon Video (rent); Apple TV (rent); Google Play Movies (rent); YouTube (rent); Fandango At Home (rent); Amazon Video (buy); Apple TV (buy); Google Play Movies (buy); YouTube (buy); Fandango At Home (buy),English; French; Italian,United States of America,Robert Langdon Collection,2025-09-25T17:30:47
Inglourious Basterds,2009,tt0361748,16869,153,"In Nazi-occupied France during World War II, a group of Jewish-American soldiers known as ""The Basterds"" are chosen specifically to spread fear throughout the Third Reich by scalping and brutally killing Nazis. The Basterds, lead by Lt. Aldo Raine soon cross paths with a French-Jewish teenage girl who runs a movie theater in Paris which is targeted by the soldiers.",https://image.tmdb.org/t/p/w500/7sfbEnaARXDDhKm0CZ7D7uc2sbo.jpg,https://image.tmdb.org/t/p/w780/hwNtEmmugU5Yd7hpfprNWI0DGIn.jpg,Drama; Thriller; War; Drama | Thriller | War,,"guerrilla warfare; swastika; paris, france; nazi; self sacrifice; sadism; dynamite; mexican standoff; world war ii; jew persecution; masochism; antisemitism; german occupation of france; british politics; revisionist history; adolf hitler; dubious",,,,Netflix; AMC Plus Apple TV Channel; AMC+ Amazon Channel; Philo; Netflix Standard with Ads; MovieSphere+ Amazon Channel; Amazon Video (rent); Apple TV (rent); Google Play Movies (rent); YouTube (rent); Fandango At Home (rent); Plex (rent); Amazon Video (buy); Apple TV (buy); Google Play Movies (buy); YouTube (buy); Fandango At Home (buy),German; English; French; Italian,Germany; United States of America,,2025-09-25T17:30:48
Inherent Vice,2014,tt1791528,171274,149,"In Los Angeles at the turn of the 1970s, drug-fueled detective Larry ""Doc"" Sportello investigates the disappearance of an ex-girlfriend.",https://image.tmdb.org/t/p/w500/hyan5Uc0lGpPuad94DM1pLxneiP.jpg,https://image.tmdb.org/t/p/w780/zwC3N0QQC2OCPDz2UWKNoq5vXm7.jpg,Drama; Mystery; Comedy; Comedy | Drama | Mystery,,"california; based on novel or book; boat; detective; 1970s; ex-girlfriend; surreal; vice; hippie lifestyle; pot smoking; marijuana; private investigator; disappearance; lawyer; los angeles, california; drugs; loan shark; neo-noir; 1960s; heroin cartel",,,,Amazon Prime Video; Amazon Prime Video with Ads; Amazon Video (rent); Apple TV (rent); Google Play Movies (rent); YouTube (rent); Fandango At Home (rent); Spectrum On Demand (rent); Plex (rent); Amazon Video (buy); Apple TV (buy); Google Play Movies (buy); YouTube (buy); Fandango At Home (buy),English,United States of America,,2025-09-25T17:30:48
Inside Out 2,2024,tt22022452,1022789,97,"Teenager Riley's mind headquarters is undergoing a sudden demolition to make room for something entirely unexpected: new Emotions! Joy, Sadness, Anger, Fear and Disgust, who’ve long been running a successful operation by all accounts, aren’t sure how to feel when Anxiety shows up. And it looks like she’s not alone.",https://image.tmdb.org/t/p/w500/vpnVM9B6NMmQpWeZvzLvDESb2QY.jpg,https://image.tmdb.org/t/p/w780/p5ozvmdgsmbWe0H8Xk7Rc8SCwAB.jpg,Animation; Adventure; Comedy; Family; Adventure | Animation | Comedy | Family,,sadness; disgust; sequel; computer animation; teenage girl; fear; anger; envy; aftercreditsstinger; duringcreditsstinger; emotions; embarrasment; anxious; joy; anxiety; cliché,,,,Disney Plus; Amazon Video (rent); Apple TV (rent); Google Play Movies (rent); YouTube (rent); Fandango At Home (rent); Spectrum On Demand (rent); Amazon Video (buy); Apple TV (buy); Google Play Movies (buy); YouTube (buy); Fandango At Home (buy),English,United States of America,Inside Out Collection,2025-09-25T17:30:48
Insidious: The Last Key,2018,tt5726086,406563,103,"Parapsychologist Elise Rainier and her team travel to Five Keys, NM, to investigate a man’s claim of a haunting. Terror soon strikes when Rainier realizes that the house he lives in was her family’s old home.",https://image.tmdb.org/t/p/w500/nb9fc9INMg8kQ8L7sE7XTNsZnUX.jpg,https://image.tmdb.org/t/p/w780/PwI3EfasE9fVuXsmMu9ffJh0Re.jpg,Horror; Thriller; Horror | Thriller,,key; medium; haunted house; prequel; spirit; 1950s; insidious,,,,AMC; Philo; Amazon Video (rent); Apple TV (rent); Google Play Movies (rent); YouTube (rent); Fandango At Home (rent); Amazon Video (buy); Apple TV (buy); Google Play Movies (buy); YouTube (buy); Fandango At Home (buy),English,United States of America,Insidious Collection,2025-09-25T17:30:49
Instant Family,2018,tt7401588,491418,118,"When Pete and Ellie decide to start a family, they stumble into the world of foster care adoption. They hope to take in one small child but when they meet three siblings, including a rebellious 15 year old girl, they find themselves speeding from zero to three kids overnight.",https://image.tmdb.org/t/p/w500/xYV1mODz99w7AjKDSQ7h2mzZhVe.jpg,https://image.tmdb.org/t/p/w780/hgESQ2sK21j22Yode4w99jfwj44.jpg,Comedy; Drama; Comedy | Drama,,court case; social worker; adoption; based on true story; parenting; foster family; amusement park; lgbt; substance abuse; family dog; comforting,,,,YouTube TV; Hoopla; Amazon Video (rent); Apple TV (rent); Google Play Movies (rent); YouTube (rent); Fandango At Home (rent); Plex (rent); Amazon Video (buy); Apple TV (buy); Google Play Movies (buy); YouTube (buy); Fandango At Home (buy),English,United States of America,,2025-09-25T17:30:49
Interstellar,2014,tt0816692,157336,169,The adventures of a group of explorers who make use of a newly discovered wormhole to surpass the limitations on human space travel and conquer the vast distances involved in an interstellar voyage.,https://image.tmdb.org/t/p/w500/gEU2QniE6E77NI6lCU6MxlNBvIx.jpg,https://image.tmdb.org/t/p/w780/vgnoBSVzWAV9sNQUORaDGvDp7wx.jpg,Adventure; Drama; Science Fiction; Adventure | Drama | Science Fiction,,rescue; future; spacecraft; race against time; artificial intelligence (a.i.); nasa; time warp; dystopia; expedition; space travel; wormhole; famine; hibernation; black hole; quantum mechanics; family relationships; space; robot; astronaut; scientist; single father; farmer; space station; space adventure; time paradox; cryonics; father daughter relationship; 2060s; cornfield; time manipulation; euphoric,,,,Paramount Plus; Paramount+ Amazon Channel; Paramount+ Roku Premium Channel; Kanopy; Hoopla; Amazon Video (rent); Google Play Movies (rent); YouTube (rent); Fandango At Home (rent); Spectrum On Demand (rent); Plex (rent); Amazon Video (buy); Google Play Movies (buy); YouTube (buy); Fandango At Home (buy),English,United Kingdom; United States of America,,2025-09-25T17:30:49
Interview With the Vampire: The Vampire Chronicles,1994,tt0110148,628,123,"A vampire relates his epic life story of love, betrayal, loneliness, and dark hunger to an over-curious reporter.",https://image.tmdb.org/t/p/w500/2162lAT2MP36MyJd2sttmj5du5T.jpg,https://image.tmdb.org/t/p/w780/3fChciF2G1wXHsyTfJD9y7uN6Il.jpg,Horror; Drama; Fantasy; Drama | Fantasy | Horror,,"paris, france; based on novel or book; san francisco, california; vampire; bite; new orleans, louisiana; plantation; louisiana; pity; melancholy; child vampire; gothic horror; 18th century; macabre; plague; 19th century; urban gothic; playful; cautionary; reluctant vampire; grand; audacious; exuberant; melodramatic",,,,Amazon Video (rent); Apple TV (rent); Google Play Movies (rent); YouTube (rent); Fandango At Home (rent); Plex (rent); Amazon Video (buy); Apple TV (buy); Google Play Movies (buy); YouTube (buy); Fandango At Home (buy),English; French,United States of America,The Vampire Chronicles Collection,2025-09-25T17:30:50
Iron Man 2,2010,tt1228705,10138,124,"With the world now aware of his dual life as the armored superhero Iron Man, billionaire inventor Tony Stark faces pressure from the government, the press and the public to share his technology with the military. Unwilling to let go of his invention, Stark, with Pepper Potts and James 'Rhodey' Rhodes at his side, must forge new alliances – and confront powerful enemies.",https://image.tmdb.org/t/p/w500/6WBeq4fCfn7AN0o21W9qNcRF2l9.jpg,https://image.tmdb.org/t/p/w780/7lmBufEG7P7Y1HClYK3gCxYrkgS.jpg,Adventure; Action; Science Fiction; Action | Adventure | Science Fiction,,technology; superhero; malibu; based on comic; revenge; aftercreditsstinger; marvel cinematic universe (mcu); break out; irreverent,,,,Disney Plus; Amazon Video (rent); Apple TV (rent); Google Play Movies (rent); YouTube (rent); Fandango At Home (rent); Amazon Video (buy); Apple TV (buy); Google Play Movies (buy); YouTube (buy); Fandango At Home (buy),English; Russian; French,United States of America,Iron Man Collection,2025-09-25T17:30:50
Iron Man 3,2013,tt1300854,68721,130,"When Tony Stark's world is torn apart by a formidable terrorist called the Mandarin, he starts an odyssey of rebuilding and retribution.",https://image.tmdb.org/t/p/w500/qhPtAc1TKbMPqNvcdXSOn9Bn7hZ.jpg,https://image.tmdb.org/t/p/w780/iVped1djsF0tvGkvnHbzsE3ZPTF.jpg,Action; Adventure; Science Fiction; Action | Adventure | Science Fiction,,california; war on terror; superhero; malibu; based on comic; tennessee; billionaire; aftercreditsstinger; marvel cinematic universe (mcu); christmas; america,,,,Disney Plus; Amazon Video (rent); Apple TV (rent); Google Play Movies (rent); YouTube (rent); Fandango At Home (rent); Amazon Video (buy); Apple TV (buy); Google Play Movies (buy); YouTube (buy); Fandango At Home (buy),English,United States of America,Iron Man Collection,2025-09-25T17:30:50
It,2017,tt6529334,662365,0,"Mert, who lives in Istanbul with dreams of becoming a big actor but has failed to achieve success, is a fan of Marlon Brando. One day, a great opportunity arises for him. Mert, who is not in good shape for the audition, will he be able to achieve success?",https://image.tmdb.org/t/p/w500/obgf4HSkIkYZnrjLCKiWTeDwj8p.jpg,,Comedy; Drama; Horror,,,,,,,Turkish,Turkey,,2025-09-25T17:30:50
It Chapter Two,2019,tt7349950,474350,169,"27 years after overcoming the malevolent supernatural entity Pennywise, the former members of the Losers' Club, who have grown up and moved away from Derry, are brought back together by a devastating phone call.",https://image.tmdb.org/t/p/w500/zfE0R94v1E8cuKAerbskfD3VfUt.jpg,https://image.tmdb.org/t/p/w780/6LVSrgm83UYWlrLTCVGmWhFKYO0.jpg,Horror; Thriller; Horror | Thriller,,based on novel or book; clown; carnival; sequel; remake; maine; creature; fear; lgbt; ancient evil; loss of a friend,,,,HBO Max; HBO Max Amazon Channel; Amazon Video (rent); Apple TV (rent); Google Play Movies (rent); YouTube (rent); Fandango At Home (rent); Spectrum On Demand (rent); Plex (rent); Amazon Video (buy); Apple TV (buy); Google Play Movies (buy); YouTube (buy); Fandango At Home (buy),English,United States of America,It Collection,2025-09-25T17:30:51
It Comes at Night,2017,tt4695012,418078,91,"Secure within a desolate home as an unnatural threat terrorizes the world, a man has established a tenuous domestic order with his wife and son, but this will soon be put to test when a desperate young family arrives seeking refuge.",https://image.tmdb.org/t/p/w500/rNKJpFMlOZn5zkzBPZxEJrQn5Km.jpg,https://image.tmdb.org/t/p/w780/6h9pjTsWzaUWuUszHHbeI1JWE1.jpg,Drama; Horror; Mystery; Drama | Horror | Mystery,,fire; nightmare; nihilism; darkness; homicide; door; paranoia; post-apocalyptic future; forest; fear; dog; madness; pandemic; infected; cremation; hopelessness; malevolence; suspenseful,,,,HBO Max; HBO Max Amazon Channel; Cinemax Amazon Channel; Cinemax Apple TV Channel; Amazon Video (rent); Apple TV (rent); Google Play Movies (rent); YouTube (rent); Fandango At Home (rent); Amazon Video (buy); Apple TV (buy); Google Play Movies (buy); YouTube (buy); Fandango At Home (buy),English,United States of America,,2025-09-25T17:30:51
It Follows,2015,tt3235888,270303,101,"When carefree teenager Jay sleeps with her older boyfriend for the first time, she learns that she is the latest recipient of a fatal curse that is passed from victim to victim via sexual intercourse. Death, Jay learns, will creep inexorably toward her as either a friend or a stranger. Jay's friends don't believe her seemingly paranoid ravings, until they too begin to see the phantom assassins and band together to help her defend herself.",https://image.tmdb.org/t/p/w500/iwnQ1JH1wdWrGYkgWySptJ5284A.jpg,https://image.tmdb.org/t/p/w780/ikaRI4yMxKOje5SmOlAhOBUnicL.jpg,Horror; Mystery; Horror | Mystery,,"beach; chase; supernatural; friends; vision; teenage girl; school; detroit, michigan; evil; voyeurism; sexually transmitted disease; young adult; followed; ambiguity; pastiche",,,,HBO Max; HBO Max Amazon Channel; Cinemax Amazon Channel; Cinemax Apple TV Channel; Amazon Video (rent); Apple TV (rent); Google Play Movies (rent); YouTube (rent); Fandango At Home (rent); Amazon Video (buy); Apple TV (buy); Google Play Movies (buy); YouTube (buy); Fandango At Home (buy),English,United States of America,It Follows Collection,2025-09-25T17:30:51
It's Complicated,2009,tt1230414,22897,121,"Ten years after their divorce, Jane and Jake Adler unite for their son's college graduation and unexpectedly end up sleeping together. But Jake is married, and Jane is embarking on a new romance with her architect. Now, she has to sort out her life—just when she thought she had it all figured out.",https://image.tmdb.org/t/p/w500/bmjPrJgrGENFRrERP7lCJ9FGIVB.jpg,https://image.tmdb.org/t/p/w780/vp0Hy2M1Y0cmf8sEhoRBgjxyPYy.jpg,Comedy; Romance; Comedy | Romance,,"new york city; architect; family history; lovers; bakery; marijuana; dating; older man younger woman relationship; love affair; single mother; family; divorcee; ex-husband ex-wife relationship; divorced parents; woman director; divorced couple; santa barbara, california; baker; mature romance; adult children; unresolved issues; cheating husband; secret; new relationship; college graduation",,,,Hulu; Amazon Video (rent); Apple TV (rent); Google Play Movies (rent); YouTube (rent); Fandango At Home (rent); Amazon Video (buy); Apple TV (buy); Google Play Movies (buy); YouTube (buy); Fandango At Home (buy),English; French,Japan; United States of America,,2025-09-25T17:30:52
It's a Wonderful Life,1946,tt0038650,1585,130,"A holiday favourite for generations...  George Bailey has spent his entire life giving to the people of Bedford Falls.  All that prevents rich skinflint Mr. Potter from taking over the entire town is George's modest building and loan company.  But on Christmas Eve the business's $8,000 is lost and George's troubles begin.",https://image.tmdb.org/t/p/w500/bSqt9rhDZx1Q7UZ86dBPKdNomp2.jpg,https://image.tmdb.org/t/p/w780/3q35nBLCIdEbxYfsr7D5ocYQXKz.jpg,Drama; Family; Fantasy; Drama | Family | Fantasy,,small town; angel; suicide attempt; holiday; bank; melancholy; great depression; family business; black and white; nervous breakdown; old house; newlywed; magic realism; told in flashback; alternative reality; guardian angel; high school dance; christmas; earnest; hopeful; sincere; xmas eve,,,,Amazon Prime Video; Amazon Prime Video with Ads; Amazon Prime Video Free with Ads; Xumo Play; Hoopla; Plex; Plex Channel; Fawesome; Amazon Video (rent); Apple TV (rent); Google Play Movies (rent); YouTube (rent); Fandango At Home (rent); Amazon Video (buy); Apple TV (buy); Google Play Movies (buy); YouTube (buy); Fandango At Home (buy),English,United States of America,,2025-09-25T17:30:52
Jack Reacher,2012,tt0790724,75780,130,"One morning in an ordinary town, five people are shot dead in a seemingly random attack. All evidence points to a single suspect: an ex-military sniper who is quickly brought into custody. The interrogation yields one written note: 'Get Jack Reacher!'. Reacher, an enigmatic ex-Army investigator, believes the authorities have the right man but agrees to help the sniper's defense attorney. However, the more Reacher delves into the case, the less clear-cut it appears. So begins an extraordinary chase for the truth, pitting Jack Reacher against an unexpected enemy, with a skill for violence and a secret to keep.",https://image.tmdb.org/t/p/w500/uQBbjrLVsUibWxNDGA4Czzo8lwz.jpg,https://image.tmdb.org/t/p/w780/2v3pC01rf0uXnECOM94pjfqk1TY.jpg,Crime; Drama; Thriller; Action; Action | Crime | Drama | Thriller,,sniper; coma; based on novel or book; mass murder; detective; investigation; police chase; investigator; district attorney; defense attorney; military police; loner; framed for murder; ex military; off the grid; mass shooting; father daughter relationship; army veteran; physical evidence; intense; fist fight; gun range,,,,fuboTV; Paramount Plus; Paramount+ Amazon Channel; Paramount+ Roku Premium Channel; Hoopla; Amazon Video (rent); Apple TV (rent); Google Play Movies (rent); YouTube (rent); Fandango At Home (rent); Spectrum On Demand (rent); Plex (rent); Amazon Video (buy); Apple TV (buy); Google Play Movies (buy); YouTube (buy); Fandango At Home (buy),English,United States of America,Jack Reacher Collection,2025-09-25T17:30:52
Jack Reacher: Never Go Back,2016,tt3393786,343611,118,"Years after resigning command of an elite military police unit, the nomadic, righter-of-wrongs Reacher is drawn back into the life he left behind when his friend and successor, Major Susan Turner is framed for espionage. Reacher will stop at nothing to prove her innocence and to expose the real perpetrators behind the killings of his former soldiers.",https://image.tmdb.org/t/p/w500/cOg3UT2NYWHZxp41vpxAnVCOC4M.jpg,https://image.tmdb.org/t/p/w780/ww1eIoywghjoMzRLRIcbJLuKnJH.jpg,Action; Drama; Thriller; Crime; Action | Thriller,,"based on novel or book; homicide; falsely accused; opium; new orleans, louisiana; sequel; false accusations; hdd; intense; vibrant",,,,Amazon Prime Video; fuboTV; MGM+ Amazon Channel; MGM Plus Roku Premium Channel; Philo; Amazon Prime Video with Ads; Amazon Video (rent); Apple TV (rent); Google Play Movies (rent); YouTube (rent); Fandango At Home (rent); FlixFling (rent); Spectrum On Demand (rent); Plex (rent); Amazon Video (buy); Apple TV (buy); Google Play Movies (buy); YouTube (buy); Fandango At Home (buy),English,China; United States of America,Jack Reacher Collection,2025-09-25T17:30:53
Jack Ryan: Shadow Recruit,2014,tt1205537,137094,105,"Jack Ryan, as a young covert CIA analyst, uncovers a Russian plot to crash the U.S. economy with a terrorist attack.",https://image.tmdb.org/t/p/w500/m7HcLUodrD4lM4s0Hui1tzO2pjO.jpg,https://image.tmdb.org/t/p/w780/6KaCzcVKsdxlsTIq35xAix5U3Nb.jpg,Action; Drama; Thriller; Action | Drama | Thriller,,"sniper; new york city; london, england; central intelligence agency (cia); corruption; based on novel or book; explosive; rehabilitation; murder; conspiracy; terrorism; surveillance; ex-marine; jack ryan; u.s. marine; 9/11; undercover operation; fiancé fiancée relationship; ex military; moscow, russia; political thriller; helicopter crash; intelligence service; cia analyst; intelligence analyst",,,,fuboTV; Paramount Plus; Paramount+ Amazon Channel; Paramount+ Roku Premium Channel; Hoopla; Amazon Video (rent); Apple TV (rent); Google Play Movies (rent); YouTube (rent); Fandango At Home (rent); Spectrum On Demand (rent); Amazon Video (buy); Apple TV (buy); Google Play Movies (buy); YouTube (buy); Fandango At Home (buy),English; Russian,Russia; United States of America,,2025-09-25T17:30:53
Jackass Presents: Bad Grandpa,2013,tt3063516,208134,91,"86-year-old Irving Zisman is on a journey across America with the most unlikely companion: his 8 year-old grandson, Billy.",https://image.tmdb.org/t/p/w500/dDSMzBEaM0LYSy9Muo0zsCo77Vh.jpg,https://image.tmdb.org/t/p/w780/1rNQG7LOjZheSN1iLGGxaey2254.jpg,Comedy,,duringcreditsstinger,,,,Hoopla; Amazon Video (rent); Apple TV (rent); Google Play Movies (rent); YouTube (rent); Fandango At Home (rent); Spectrum On Demand (rent); Amazon Video (buy); Apple TV (buy); Google Play Movies (buy); YouTube (buy); Fandango At Home (buy),English,United States of America,Jackass Presents: Bad Grandpa Collection,2025-09-25T17:30:53
Jason Bourne,2016,tt4196776,324668,123,The most dangerous former operative of the CIA is drawn out of hiding to uncover hidden truths about his past.,https://image.tmdb.org/t/p/w500/ziU0b3hRM6raH1u4wym02EYMLZ6.jpg,https://image.tmdb.org/t/p/w780/7mHeyU0a538bgguOeF57I8ZroSk.jpg,Action; Adventure; Thriller; Action | Thriller,,"assassin; central intelligence agency (cia); amnesia; casino; chase; greece; flashback; hacking; las vegas; black ops; rogue agent; aggressive; armored vehicle; reykjavík, iceland; hdd",,,,HBO Max; HBO Max Amazon Channel; Cinemax Amazon Channel; Cinemax Apple TV Channel; Amazon Video (rent); Apple TV (rent); Google Play Movies (rent); YouTube (rent); Fandango At Home (rent); Spectrum On Demand (rent); Amazon Video (buy); Apple TV (buy); Google Play Movies (buy); YouTube (buy); Fandango At Home (buy),English,China; United States of America,The Bourne Collection,2025-09-25T17:30:54
Jaws,1975,tt0073195,578,124,"When the seaside community of Amity finds itself under attack by a dangerous great white shark, the town's chief of police, a young marine biologist, and a grizzled hunter embark on a desperate quest to destroy the beast before it strikes again.",https://image.tmdb.org/t/p/w500/lxM6kqilAdpdhqUl2biYp5frUxE.jpg,https://image.tmdb.org/t/p/w780/xgU3KkqiME9pGe5gGCNpUYkoSWg.jpg,Horror; Thriller; Adventure; Adventure | Horror | Thriller,,"dying and death; beach; based on novel or book; bathing; shipwreck; fishing; atlantic ocean; shark attack; police chief; ferry boat; animal attack; long island, new york; dead child; creature; skinny dipping; shark; great white shark; dead dog; killer shark; child killed by animal; fourth of july; severed leg; fishing boat; animal horror; shark cage",,,,Netflix; Netflix Standard with Ads; Amazon Video (rent); Apple TV (rent); Google Play Movies (rent); YouTube (rent); Fandango At Home (rent); Spectrum On Demand (rent); Amazon Video (buy); Apple TV (buy); Google Play Movies (buy); YouTube (buy); Fandango At Home (buy),English,United States of America,Jaws Collection,2025-09-25T17:30:54
Jigsaw,2017,tt0056121,93193,107,"A woman is found murdered in a seaside house along the coast from Brighton in the county of East Sussex, England. Local D.I. Fred Fellows and D.S. Jim Wilks lead an investigation methodically following up leads and clues mostly in Brighton and Hove but also further afield. _-= Based on the novel ""Sleep Long My Love"" by Hillary Waugh and Inspired by the Brighton Trunk Murders of the late 1930's =-_",https://image.tmdb.org/t/p/w500/aQfhEyE2BBjsr4LzAoQu1x9cZSn.jpg,https://image.tmdb.org/t/p/w780/oKNaUIsvIREuaw5RrwNsVgmb8O1.jpg,Mystery; Crime; Thriller; Drama; Crime | Drama | Mystery | Thriller,,"based on novel or book; police; detective; film noir; murder; brighton, england; british noir; procedure",,,,Cohen Media Amazon Channel; Tubi TV; Kanopy; Amazon Video (rent); Apple TV (rent); Google Play Movies (rent); YouTube (rent); Fandango At Home (rent); Amazon Video (buy); Apple TV (buy); Google Play Movies (buy); YouTube (buy); Fandango At Home (buy),English,United Kingdom,,2025-09-25T17:30:54
John Wick,2014,tt2911666,245891,101,Ex-hitman John Wick comes out of retirement to track down the gangsters that took everything from him.,https://image.tmdb.org/t/p/w500/fZPSd91yGE9fCcCe6OoQr6E3Bev.jpg,https://image.tmdb.org/t/p/w780/7dzngS8pLkGJpyeskCFcjPO9qLF.jpg,Action; Thriller; Action | Thriller,,hitman; bratva (russian mafia); gangster; secret organization; revenge; murder; dog; retired; widower,,,,Hulu; YouTube TV; Amazon Video (rent); Apple TV (rent); Google Play Movies (rent); Fandango At Home (rent); Spectrum On Demand (rent); Plex (rent); Amazon Video (buy); Apple TV (buy); Google Play Movies (buy); YouTube (buy); Fandango At Home (buy),Hungarian; English; Russian,United States of America,John Wick Collection,2025-09-25T17:30:54
John Wick: Chapter 2,2017,tt4425200,324552,122,"John Wick is forced out of retirement by a former associate looking to seize control of a shadowy international assassins’ guild. Bound by a blood oath to aid him, Wick travels to Rome and does battle against some of the world’s most dangerous killers.",https://image.tmdb.org/t/p/w500/hXWBc0ioZP3cN4zCu6SN3YHXZVO.jpg,https://image.tmdb.org/t/p/w780/r17jFHAemzcWPPtoO0UxjIX0xas.jpg,Action; Thriller; Crime; Action | Crime | Thriller,,martial arts; assassin; hitman; italy; roof; secret organization; sequel; revenge; shootout; dog; handshake; neo-noir; guns; dark; cliché; roof-top,,,,Hulu; YouTube TV; Philo; Amazon Video (rent); Apple TV (rent); Google Play Movies (rent); YouTube (rent); Fandango At Home (rent); Amazon Video (buy); Apple TV (buy); Google Play Movies (buy); YouTube (buy); Fandango At Home (buy),English; Hebrew; Italian; Russian,United States of America,John Wick Collection,2025-09-25T17:30:55
John Wick: Chapter 3 - Parabellum,2019,tt6146586,458156,131,"Super-assassin John Wick returns with a $14 million price tag on his head and an army of bounty-hunting killers on his trail. After killing a member of the shadowy international assassin’s guild, the High Table, John Wick is excommunicado, but the world’s most ruthless hit men and women await his every turn.",https://image.tmdb.org/t/p/w500/ziEuG1essDuWuC5lpWUaw1uXY2O.jpg,https://image.tmdb.org/t/p/w780/vVpEOvdxVBP2aV166j5Xlvb5Cdc.jpg,Action; Thriller; Crime; Action | Crime | Thriller,,"new york city; martial arts; bratva (russian mafia); casablanca, morocco; secret society; morocco; secret organization; black humor; sahara desert; sequel; organized crime; one man army; consequences; professional assassin; desperate; baba yaga; dog man friendship",,,,Hulu; YouTube TV; Amazon Video (rent); Apple TV (rent); Google Play Movies (rent); YouTube (rent); Fandango At Home (rent); Spectrum On Demand (rent); Plex (rent); Amazon Video (buy); Apple TV (buy); Google Play Movies (buy); YouTube (buy); Fandango At Home (buy),Arabic; Mandarin; English; Indonesian; Italian; Japanese; Latin; Russian,United States of America,John Wick Collection,2025-09-25T17:30:55
John Wick: Chapter 4,2023,tt10366206,603692,170,"With the price on his head ever increasing, John Wick uncovers a path to defeating The High Table. But before he can earn his freedom, Wick must face off against a new enemy with powerful alliances across the globe and forces that turn old friends into foes.",https://image.tmdb.org/t/p/w500/vZloFAK7NmvMGKE7VkF5UHaz0I.jpg,https://image.tmdb.org/t/p/w780/7I6VUdPj6tQECNHdviJkUHD2u89.jpg,Action; Thriller; Crime; Action | Crime | Thriller,,"new york city; martial arts; berlin, germany; hitman; sequel; organized crime; osaka, japan; blindness; aftercreditsstinger; hunted; consequences; aggressive; professional assassin; neo-noir; suspenseful; tense; exhilarated; pretentious; japanese mafia; japan style; located in japan",,,,Hulu; Starz Apple TV Channel; YouTube TV; Amazon Video (rent); Apple TV (rent); Google Play Movies (rent); YouTube (rent); Fandango At Home (rent); Spectrum On Demand (rent); Plex (rent); Amazon Video (buy); Apple TV (buy); Google Play Movies (buy); YouTube (buy); Fandango At Home (buy),Arabic; Cantonese; English; French; German; Japanese; Latin; Russian; Spanish,Germany; United States of America,John Wick Collection,2025-09-25T17:30:55
Joker,2019,tt7286456,475557,122,"During the 1980s, a failed stand-up comedian is driven insane and turns to a life of crime and chaos in Gotham City while becoming an infamous psychopathic crime figure.",https://image.tmdb.org/t/p/w500/udDclJoHjfjb8Ekgsd4FDteOkCU.jpg,https://image.tmdb.org/t/p/w780/gZWl93sf8AxavYpVT1Un6EF3oCj.jpg,Crime; Thriller; Drama; Crime | Drama | Thriller,,dreams; street gang; society; psychopath; clown; villain; based on comic; murder; psychological thriller; criminal mastermind; cynical; mental illness; anarchy; character study; clown makeup; prophetic; subway train; social realism; supervillain; tv host; 1980s; mother son relationship; origin story; falling into madness,,,,HBO Max; HBO Max Amazon Channel; Amazon Video (rent); Apple TV (rent); Google Play Movies (rent); YouTube (rent); Fandango At Home (rent); Spectrum On Demand (rent); Plex (rent); Amazon Video (buy); Apple TV (buy); Google Play Movies (buy); YouTube (buy); Fandango At Home (buy),English,Canada; United States of America,Joker Collection,2025-09-25T17:30:56
Joy,2015,tt2446980,274479,124,A story based on the life of a struggling Long Island single mom who became one of the country's most successful entrepreneurs.,https://image.tmdb.org/t/p/w500/nZAs0HbW82TI1i4Xid83M941Pki.jpg,https://image.tmdb.org/t/p/w780/gwlx0r6NyWUuaI6MNajpYHPogZ1.jpg,Drama; Comedy; Comedy | Drama,,factory; strong woman; inventor; biography; based on true story; new york state; entrepreneur; mop; 1990s; stolen patent,,,,Starz Apple TV Channel; Starz Roku Premium Channel; Starz; Philo; Starz Amazon Channel; Amazon Video (rent); Apple TV (rent); Google Play Movies (rent); Fandango At Home (rent); Amazon Video (buy); Apple TV (buy); Google Play Movies (buy); Fandango At Home (buy),Spanish; English,United States of America,,2025-09-25T17:30:56
Joyeux Noel,2005,tt0424205,11661,116,"France, 1914, during World War I. On Christmas Eve, an extraordinary event takes place in the bloody no man's land that the French and the Scots dispute with the Germans…",https://image.tmdb.org/t/p/w500/9Ka8lKCIiWjnZiMslPQeakS5UhW.jpg,https://image.tmdb.org/t/p/w780/5ChBhGXIX7RgOMSjIlXgBp6UjMf.jpg,Drama; War; Romance; History; Drama | History | Romance | War,,world war i; based on true story; truce; opera singer; christmas; 1910s; trench warfare; no man's land; christmas eve,,,,Plex Channel; Amazon Video (rent); Apple TV (rent); Google Play Movies (rent); YouTube (rent); Fandango At Home (rent); Amazon Video (buy); Apple TV (buy); Google Play Movies (buy); YouTube (buy); Fandango At Home (buy),German; French; Latin; English,Belgium; France; Germany; Romania; United Kingdom,,2025-09-25T17:30:56
Jumanji,1995,tt0113497,8844,104,"When siblings Judy and Peter discover an enchanted board game that opens the door to a magical world, they unwittingly invite Alan -- an adult who's been trapped inside the game for 26 years -- into their living room. Alan's only hope for freedom is to finish the game, which proves risky as all three find themselves running from giant rhinoceroses, evil monkeys and other terrifying creatures.",https://image.tmdb.org/t/p/w500/vgpXmVaVyUL7GGiDeiK1mKEKzcX.jpg,https://image.tmdb.org/t/p/w780/qSxeCfWUUyht9hZgaaYmtPtTkw2.jpg,Adventure; Fantasy; Family; Adventure | Family | Fantasy,,giant insect; board game; disappearance; jungle; recluse; stampede; based on young adult novel; vibrant,,,,Amazon Video (rent); Apple TV (rent); Google Play Movies (rent); YouTube (rent); Fandango At Home (rent); Spectrum On Demand (rent); Amazon Video (buy); Apple TV (buy); Google Play Movies (buy); YouTube (buy); Fandango At Home (buy),English; French,United States of America,Jumanji Collection,2025-09-25T17:30:57
Jumanji: The Next Level,2019,tt7975244,512200,123,"As the gang return to Jumanji to rescue one of their own, they discover that nothing is as they expect. The players will have to brave parts unknown and unexplored in order to escape the world’s most dangerous game.",https://image.tmdb.org/t/p/w500/4kh9dxAiClS2GMUpkRyzGwpNWWX.jpg,https://image.tmdb.org/t/p/w780/zTxHf9iIOCqRbxvl8W5QYKrsMLq.jpg,Adventure; Comedy; Fantasy; Adventure | Comedy | Fantasy,,magic; animal attack; body-swap; adventurer; superhuman strength; duringcreditsstinger; kids; action hero; trapped in a game,,,,fuboTV; YouTube TV; FXNow; Amazon Video (rent); Apple TV (rent); Google Play Movies (rent); YouTube (rent); Fandango At Home (rent); Spectrum On Demand (rent); Amazon Video (buy); Apple TV (buy); Google Play Movies (buy); YouTube (buy); Fandango At Home (buy),English,United States of America,Jumanji Collection,2025-09-25T17:30:57
Jumanji: Welcome to the Jungle,2017,tt2283362,353486,119,"Four teenagers in detention discover an old video game console with a game they’ve never heard of. When they decide to play, they are immediately sucked into the jungle world of Jumanji in the bodies of their avatars. They’ll have to complete the adventure of their lives filled with fun, thrills and danger or be stuck in the game forever!",https://image.tmdb.org/t/p/w500/pSgXKPU5h6U89ipF7HBYajvYt7j.jpg,https://image.tmdb.org/t/p/w780/rz3TAyd5kmiJmozp3GUbYeB5Kep.jpg,Adventure; Comedy; Fantasy; Action; Family; Action | Adventure | Comedy | Family | Fantasy,,video game; fighter; sequel; detention; explorer; based on movie; gaming; quest; cartographer; action hero; zoologist; based on young adult novel; trapped in a game,,,,fuboTV; YouTube TV; FXNow; Amazon Video (rent); Apple TV (rent); Google Play Movies (rent); YouTube (rent); Fandango At Home (rent); Amazon Video (buy); Apple TV (buy); Google Play Movies (buy); YouTube (buy); Fandango At Home (buy),English,United States of America,Jumanji Collection,2025-09-25T17:30:57
Jumper,2008,tt0489099,8247,88,"David Rice is a man who knows no boundaries, a Jumper, born with the uncanny ability to teleport instantly to anywhere on Earth. When he discovers others like himself, David is thrust into a dangerous and bloodthirsty war while being hunted by a sinister and determined group of zealots who have sworn to destroy all Jumpers. Now, David’s extraordinary gift may be his only hope for survival!",https://image.tmdb.org/t/p/w500/3pPZ9JhNz3VMmASVir5SMHvTDUU.jpg,https://image.tmdb.org/t/p/w780/25OT7Xp6juYNXQVkaxfKpj3ZoPF.jpg,Action; Adventure; Science Fiction; Action | Adventure | Science Fiction,,adolescence; based on novel or book; teleportation; chase; fight; loss of loved one; motherly love; super power; dramatic; suspenseful; incredulous; complicated,,,,Amazon Video (rent); Apple TV (rent); Google Play Movies (rent); YouTube (rent); Fandango At Home (rent); Amazon Video (buy); Apple TV (buy); Google Play Movies (buy); YouTube (buy); Fandango At Home (buy),English,United States of America,,2025-09-25T17:30:58
Jurassic Park,1993,tt0107290,329,127,"A wealthy entrepreneur secretly creates a theme park featuring living dinosaurs drawn from prehistoric DNA. Before opening day, he invites a team of experts and his two eager grandchildren to experience the park and help calm anxious investors. However, the park is anything but amusing as the security systems go off-line and the dinosaurs escape.",https://image.tmdb.org/t/p/w500/bRKmwU9eXZI5dKT11Zx1KsayiLW.jpg,https://image.tmdb.org/t/p/w780/jzt9HuhIAdH9qp0K2MA1m5V8sgq.jpg,Adventure; Science Fiction; Adventure | Science Fiction,,exotic island; island; triceratops; brontosaurus; electric fence; dna; tyrannosaurus rex; paleontology; dinosaur; amusement park; theme park,,,,Netflix; Netflix Standard with Ads; Amazon Video (rent); Apple TV (rent); Google Play Movies (rent); YouTube (rent); Fandango At Home (rent); FlixFling (rent); Amazon Video (buy); Apple TV (buy); Google Play Movies (buy); YouTube (buy); Fandango At Home (buy),English; Spanish,United States of America,Jurassic Park Collection,2025-09-25T17:30:58
Jurassic Park III,2001,tt0362841,1200709,23,"A very in depth look at the making of the movie, a look at the special effects and animatronics made for the motion picture, Jurassic Park III (2001). Interviews with the cast and crew give us a sneak peek at the film. The movie used many different new dinosaurs compared to the first two films, here they examine how they'll look in the final product",https://image.tmdb.org/t/p/w500/f32yN9f8AFFgp6k8N5MQ3mvTXAT.jpg,https://image.tmdb.org/t/p/w780/vZq1kR9j1MYK9Yu6ogahXQK7GsT.jpg,Documentary,,,,,,,English,United States of America,,2025-09-25T17:30:58
Jurassic World,2015,tt0369610,135397,124,"Twenty-two years after the events of Jurassic Park, Isla Nublar now features a fully functioning dinosaur theme park, Jurassic World, as originally envisioned by John Hammond.",https://image.tmdb.org/t/p/w500/rhr4y79GpxQF9IsfJItRXVaoGs4.jpg,https://image.tmdb.org/t/p/w780/dF6FjTZzRTENfB4R17HDN20jLT2.jpg,Action; Adventure; Science Fiction; Thriller; Action | Adventure | Science Fiction | Thriller,,island; primal fear; escape; velociraptor; dna; tyrannosaurus rex; animal attack; sequel; dinosaur; creature; park; amusement park; theme park; genetic engineering; raptor; animal horror; mosasaurus; ridiculous,,,,Amazon Video (rent); Apple TV (rent); Google Play Movies (rent); YouTube (rent); Fandango At Home (rent); Spectrum On Demand (rent); Amazon Video (buy); Apple TV (buy); Google Play Movies (buy); YouTube (buy); Fandango At Home (buy),English,United States of America,Jurassic Park Collection,2025-09-25T17:30:58
Jurassic World Dominion,2022,tt8041270,507086,147,"Four years after Isla Nublar was destroyed, dinosaurs now live—and hunt—alongside humans all over the world. This fragile balance will reshape the future and determine, once and for all, whether human beings are to remain the apex predators on a planet they now share with history's most fearsome creatures.",https://image.tmdb.org/t/p/w500/jbAvCACjLf1ZG0unB2tdmx5HAf1.jpg,https://image.tmdb.org/t/p/w780/698FjyzLdpgXmUSr63LaRwblTmx.jpg,Adventure; Action; Science Fiction; Action | Adventure | Science Fiction,,paleontology; giant monster; sequel; survival; dinosaur; scientist; child kidnapping; jurassic; animal sanctuary; science goes awry,,,,Peacock Premium; YouTube TV; Peacock Premium Plus; Fandango at Home Free; Amazon Video (rent); Apple TV (rent); Google Play Movies (rent); YouTube (rent); Fandango At Home (rent); Spectrum On Demand (rent); Amazon Video (buy); Apple TV (buy); Google Play Movies (buy); YouTube (buy); Fandango At Home (buy),English,United States of America,Jurassic Park Collection,2025-09-25T17:30:59
Jurassic World: Fallen Kingdom,2018,tt4881806,351286,129,"Three years after Jurassic World was destroyed, Isla Nublar now sits abandoned. When the island's dormant volcano begins roaring to life, Owen and Claire mount a campaign to rescue the remaining dinosaurs from this extinction-level event.",https://image.tmdb.org/t/p/w500/270MrJNqJovumHXGE6SSt0zwUIF.jpg,https://image.tmdb.org/t/p/w780/6WA9stUMbIkEPxn3D5SWlA8FIi7.jpg,Action; Adventure; Science Fiction; Thriller; Action | Adventure | Science Fiction | Thriller,,tyrannosaurus rex; volcano; rescue mission; sequel; wild animal; prehistoric creature; dinosaur; genetic engineering; aftercreditsstinger; monster island,,,,Amazon Video (rent); Apple TV (rent); Google Play Movies (rent); YouTube (rent); Fandango At Home (rent); Amazon Video (buy); Apple TV (buy); Google Play Movies (buy); YouTube (buy); Fandango At Home (buy),English; Russian,United States of America,Jurassic Park Collection,2025-09-25T17:30:59
Justice League,2017,tt0974015,141052,120,"Fuelled by his restored faith in humanity and inspired by Superman's selfless act, Bruce Wayne and Diana Prince assemble a team of metahumans consisting of Barry Allen, Arthur Curry and Victor Stone to face the catastrophic threat of Steppenwolf and the Parademons who are on the hunt for three Mother Boxes on Earth.",https://image.tmdb.org/t/p/w500/eifGNCSDuxJeS1loAXil5bIGgvC.jpg,https://image.tmdb.org/t/p/w780/2nyaeISu2xIxIgZYNpX4UayY8PN.jpg,Action; Adventure; Science Fiction; Action | Adventure | Science Fiction,,superhero; based on comic; super power; superhero team; aftercreditsstinger; duringcreditsstinger; dc extended universe (dceu),,,,HBO Max; HBO Max Amazon Channel; Amazon Video (rent); Apple TV (rent); Google Play Movies (rent); YouTube (rent); Fandango At Home (rent); Spectrum On Demand (rent); Plex (rent); Amazon Video (buy); Apple TV (buy); Google Play Movies (buy); YouTube (buy); Fandango At Home (buy),English,United States of America,,2025-09-25T17:30:59
Kick-Ass,2010,tt1250777,23483,118,"Dave Lizewski is an unnoticed high school student and comic book fan who one day decides to become a super-hero, even though he has no powers, training or meaningful reason to do so.",https://image.tmdb.org/t/p/w500/iHMbrTHJwocsNvo5murCBw0CwTo.jpg,https://image.tmdb.org/t/p/w780/P4bGyJQF0shAcRku3I2perNUQR.jpg,Action; Crime; Action | Crime,,hero; secret identity; crime fighter; superhero; dark comedy; comic book; based on comic; murder; mafia; family; realism; mist; adventurer; rookie; young heroes; aggressive; young adult; criminal heroes; pretending to be gay; intense; powerful,,,,Hulu; Plex Channel; Amazon Video (rent); Apple TV (rent); Google Play Movies (rent); YouTube (rent); Amazon Video (buy); Apple TV (buy); Google Play Movies (buy); YouTube (buy),English,United Kingdom; United States of America,Kick-Ass Collection,2025-09-25T17:31:00
Kick-Ass 2,2013,tt1650554,59859,103,"After Kick-Ass’ insane bravery inspires a new wave of self-made masked crusaders, he joins a patrol led by the Colonel Stars and Stripes. When these amateur superheroes are hunted down by Red Mist — reborn as The Mother Fucker — only the blade-wielding Hit-Girl can prevent their annihilation.",https://image.tmdb.org/t/p/w500/1go2A3gdQjaMuHWquybgoJlQRcX.jpg,https://image.tmdb.org/t/p/w780/dHBYguQvCDa00GMoidNYa7IOD8y.jpg,Action; Adventure; Crime; Action | Adventure | Crime,,secret identity; crime fighter; superhero; based on comic; aftercreditsstinger; teen superhero; amused; appreciative; forceful,,,,Netflix; Netflix Standard with Ads; Amazon Video (rent); Apple TV (rent); Google Play Movies (rent); YouTube (rent); Fandango At Home (rent); Amazon Video (buy); Apple TV (buy); Google Play Movies (buy); YouTube (buy); Fandango At Home (buy),English,Japan; United Kingdom; United States of America,Kick-Ass Collection,2025-09-25T17:31:00
Kickboxer,1989,tt0097659,10222,97,"If your enemy refuses to be humbled... Destroy him. Accompanied by his brother Kurt, American kickboxing champion Eric Sloane, arrives in Thailand to defeat the Eastern warriors at their own sport. His opponent: ruthless fighter and Thai champion, Tong Po. Tong not only defeats Eric, he paralyzes him for life. Crazed with anger, Kurt vows revenge.",https://image.tmdb.org/t/p/w500/tzEOkUn5708fQvF0bOPB5bLLRNk.jpg,https://image.tmdb.org/t/p/w780/sl7hpSJR11FlfcewMJ6ihsbbAuJ.jpg,Action; Thriller; Drama; Action | Drama | Thriller,,"martial arts; showdown; rape; sibling relationship; sports; fight; wheelchair; bangkok, thailand; thailand; phuket; muay thai; kick boxing; revenge; action hero; yellowface; defiant; mighty whitey",,,,Amazon Prime Video; fuboTV; Amazon Prime Video with Ads; Fandango at Home Free; Tubi TV; VIX; Amazon Prime Video Free with Ads; Hoopla; Plex; Plex Channel; Fawesome; Amazon Video (rent); Apple TV (rent); Google Play Movies (rent); YouTube (rent); Fandango At Home (rent); Amazon Video (buy); Apple TV (buy); Google Play Movies (buy); YouTube (buy); Fandango At Home (buy),English,United States of America,Kickboxer Collection,2025-09-25T17:31:00
Kill Bill: Volume 1,2003,tt0266697,24,111,"An assassin is shot by her ruthless employer, Bill, and other members of their assassination circle – but she lives to plot her vengeance.",https://image.tmdb.org/t/p/w500/v7TaX8kXMXs5yFFGR41guUDNcnB.jpg,https://image.tmdb.org/t/p/w780/p3WiF8qYS7Qp17YRYgrFh7gf9P9.jpg,Action; Crime; Action | Crime,,martial arts; japan; kung fu; showdown; coma; sword; asia; yakuza; bride; sword fight; revenge; vigilante; female yakuza; animated scene; wedding; samurai sword; eye patch; retribution; somber; pessimistic,,,,MovieSphere+ Amazon Channel; Amazon Video (rent); Apple TV (rent); Google Play Movies (rent); YouTube (rent); Amazon Video (buy); Apple TV (buy); Google Play Movies (buy); YouTube (buy),English; Japanese; French,United States of America,Kill Bill Collection,2025-09-25T17:31:01
Kill Bill: Volume 2,2004,tt0378194,393,136,"The Bride unwaveringly continues on her roaring rampage of revenge against the band of assassins who had tried to kill her and her unborn child. She visits each of her former associates one-by-one, checking off the victims on her Death List Five until there's nothing left to do … but kill Bill.",https://image.tmdb.org/t/p/w500/2yhg0mZQMhDyvUQ4rG1IZ4oIA8L.jpg,https://image.tmdb.org/t/p/w780/pgG6tzJzC8mjGqhaT8IWwEk00xf.jpg,Action; Crime; Thriller; Action | Crime | Thriller,,daughter; martial arts; kung fu; showdown; right and justice; rage and hate; sibling relationship; swordplay; katana; mother role; single; sword fight; revenge; vigilante; retribution; aftercreditsstinger; duringcreditsstinger; reflective; kill bill,,,,MovieSphere+ Amazon Channel; Amazon Video (rent); Apple TV (rent); Google Play Movies (rent); YouTube (rent); Amazon Video (buy); Apple TV (buy); Google Play Movies (buy); YouTube (buy),English; Mandarin; Spanish; Cantonese,United States of America,Kill Bill Collection,2025-09-25T17:31:01
Killers,2010,tt1103153,37821,100,"When an elite assassin marries a beautiful computer whiz after a whirlwind romance, he gives up the gun and settles down with his new bride. That is, until he learns that someone from his past has put a contract out on his life.",https://image.tmdb.org/t/p/w500/9VB8vGV4Aznf6GUc9C7a1EzGHLz.jpg,https://image.tmdb.org/t/p/w780/hJ4xtZnejzfneeRqv2NaTzxJ1jp.jpg,Action; Comedy; Thriller; Romance; Action | Comedy | Romance | Thriller,,assassin; hitman; contract killer; whirlwind romance; action comedy,,,,MovieSphere+ Amazon Channel; Hoopla; Amazon Video (rent); Apple TV (rent); Google Play Movies (rent); YouTube (rent); Fandango At Home (rent); Amazon Video (buy); Apple TV (buy); Google Play Movies (buy); YouTube (buy); Fandango At Home (buy),English,United States of America,,2025-09-25T17:31:01
Killers of the Flower Moon,2023,tt5537002,466420,206,"When oil is discovered in 1920s Oklahoma under Osage Nation land, the Osage people are murdered one by one—until the FBI steps in to unravel the mystery.",https://image.tmdb.org/t/p/w500/dB6Krk806zeqd0YNp2ngQ9zXteH.jpg,https://image.tmdb.org/t/p/w780/acvE3RWjDLgvbL2RtcyzkrsAyNV.jpg,Crime; History; Drama; Crime | Drama | History,,husband wife relationship; based on novel or book; war veteran; fbi; greed; oklahoma; manipulation; native american; based on true story; murder; racism; series of murders; genocide; period drama; courtroom; guilt; true crime; oil industry; death of sister; catholicism; uncle nephew relationship; catholic guilt; 1920s; candid; grim; osage indian; gullibility; poisoning; complex; diabetes; revisionist western; cautionary; meta; grand; factual; western; empathetic; harsh; tragic,,,,Apple TV+; Apple TV Plus Amazon Channel; Amazon Video (rent); Apple TV (rent); Google Play Movies (rent); YouTube (rent); Fandango At Home (rent); Plex (rent); Amazon Video (buy); Apple TV (buy); Google Play Movies (buy); YouTube (buy); Fandango At Home (buy),English; French; Latin,United States of America,,2025-09-25T17:31:02
Kingdom of the Planet of the Apes,2024,tt11389872,653346,145,"Several generations following Caesar's reign, apes – now the dominant species – live harmoniously while humans have been reduced to living in the shadows. As a new tyrannical ape leader builds his empire, one young ape undertakes a harrowing journey that will cause him to question all he's known about the past and to make choices that will define a future for apes and humans alike.",https://image.tmdb.org/t/p/w500/gKkl37BQuKTanygYQG1pyYgLVgf.jpg,https://image.tmdb.org/t/p/w780/fypydCipcWDKDTTCoPucBsdGYXW.jpg,Science Fiction; Adventure; Action; Drama; Thriller; Action | Adventure | Drama | Science Fiction | Thriller,,empire; kingdom; gorilla; dystopia; post-apocalyptic future; eagle; sequel; anthropomorphism; distant future; ape; orangutan; biting; evolution; chimpanzee; primate; sign languages; journey; cgi-live action hybrid; evil tyrant; antagonistic; brisk; earnest; forceful,,,,Amazon Prime Video; Amazon Prime Video with Ads; Amazon Video (rent); Apple TV (rent); Google Play Movies (rent); YouTube (rent); Fandango At Home (rent); Spectrum On Demand (rent); Amazon Video (buy); Apple TV (buy); Google Play Movies (buy); YouTube (buy); Fandango At Home (buy),English,United States of America,Planet of the Apes (Reboot) Collection,2025-09-25T17:31:02
Kingsman: The Golden Circle,2017,tt4649466,343668,141,"When an attack on the Kingsman headquarters takes place and a new villain rises, Eggsy and Merlin are forced to work together with the American agency known as the Statesman to save the world.",https://image.tmdb.org/t/p/w500/34xBL6BXNYFqtHO9zhcgoakS4aP.jpg,https://image.tmdb.org/t/p/w780/eVHVwP71el20fofkCHo78ebQv7Q.jpg,Action; Adventure; Comedy; Crime; Action | Adventure | Comedy | Crime | Science Fiction | Thriller,,saving the world; spy; europe; sequel; secret government organization; agent; statesman; amused; excited,,,,Amazon Video (rent); Apple TV (rent); Google Play Movies (rent); YouTube (rent); Fandango At Home (rent); Spectrum On Demand (rent); Amazon Video (buy); Apple TV (buy); Google Play Movies (buy); YouTube (buy); Fandango At Home (buy),Swedish; English; Italian,United Kingdom; United States of America,Kingsman Collection,2025-09-25T17:31:02
Kingsman: The Secret Service,2015,tt2802144,207703,129,The story of a super-secret spy organization that recruits an unrefined but promising street kid into the agency's ultra-competitive training program just as a global threat emerges from a twisted tech genius.,https://image.tmdb.org/t/p/w500/r6q9wZK5a2K51KFj4LWVID6Ja1r.jpg,https://image.tmdb.org/t/p/w780/qzUIOTk0E3F1zjvYjcBRTKUTgf9.jpg,Crime; Comedy; Action; Adventure; Action | Adventure | Comedy | Crime,,great britain; spy; secret organization; secret agent; based on comic; united kingdom; duringcreditsstinger; amused; excited,,,,Hulu; fuboTV; FXNow; Amazon Video (rent); Apple TV (rent); Google Play Movies (rent); YouTube (rent); Fandango At Home (rent); Amazon Video (buy); Apple TV (buy); Google Play Movies (buy); YouTube (buy); Fandango At Home (buy),Arabic; English,United Kingdom; United States of America,Kingsman Collection,2025-09-25T17:31:02
Knives Out,2019,tt8946378,546554,131,"When renowned crime novelist Harlan Thrombey is found dead at his estate just after his 85th birthday, the inquisitive and debonair Detective Benoit Blanc is mysteriously enlisted to investigate. From Harlan's dysfunctional family to his devoted staff, Blanc sifts through a web of red herrings and self-serving lies to uncover the truth behind Harlan's untimely death.",https://image.tmdb.org/t/p/w500/pThyQovXQrw2m0s9x82twj48Jq4.jpg,https://image.tmdb.org/t/p/w780/4HWAQu28e2yaWrtupFPGFkdNU7V.jpg,Comedy; Crime; Mystery; Comedy | Crime | Mystery,,immigrant; detective; massachusetts; investigation; big family; mansion; whodunit; family home; murder mystery; neo-noir; privilege,,,,Amazon Prime Video; Amazon Prime Video with Ads; Amazon Video (rent); Apple TV (rent); Google Play Movies (rent); YouTube (rent); Fandango At Home (rent); FlixFling (rent); Plex (rent); Amazon Video (buy); Apple TV (buy); Google Play Movies (buy); YouTube (buy); Fandango At Home (buy),Spanish; English,United States of America,Knives Out Collection,2025-09-25T17:31:03
Kong: Skull Island,2017,tt3731562,293167,118,"Explore the mysterious and dangerous home of the king of the apes as a team of explorers ventures deep inside the treacherous, primordial island.",https://image.tmdb.org/t/p/w500/r2517Vz9EhDhj88qwbDVj8DCRZN.jpg,https://image.tmdb.org/t/p/w780/jks6QgJjsaDC5iT6bxLsSS0eo6L.jpg,Action; Adventure; Fantasy; Action | Adventure | Fantasy,,vietnam veteran; island; monster; 1970s; expedition; giant monster; giant spider; creature; spin off; u.s. soldier; giant animal; kaiju; aftercreditsstinger; giant ape; monster island; water buffalo; uncharted; king kong,,,,HBO Max; HBO Max Amazon Channel; Amazon Video (rent); Apple TV (rent); Google Play Movies (rent); YouTube (rent); Fandango At Home (rent); Spectrum On Demand (rent); Plex (rent); Amazon Video (buy); Apple TV (buy); Google Play Movies (buy); YouTube (buy); Fandango At Home (buy),English; Vietnamese,China; United States of America,,2025-09-25T17:31:03
Krampus,2015,tt3850590,287903,98,"When his dysfunctional family clashes over the holidays, young Max is disillusioned and turns his back on Christmas.  Little does he know, this lack of festive spirit has unleashed the wrath of Krampus: a demonic force of ancient evil intent on punishing non-believers.",https://image.tmdb.org/t/p/w500/mzPCU6xQ2XQmD76cDVZPm5PZAaS.jpg,https://image.tmdb.org/t/p/w780/h3X1YZXNeklLNKRVOS6DHGRosog.jpg,Horror; Comedy; Fantasy; Comedy | Fantasy | Horror,,"winter; holiday; santa claus; snowstorm; flashback; fireplace; snow; creature; power outage; destruction; demon; blizzard; based on myths, legends or folklore; christmas; bad kids; krampus; holiday horror",,,,Netflix; Netflix Standard with Ads; Amazon Video (rent); Apple TV (rent); Google Play Movies (rent); YouTube (rent); Fandango At Home (rent); Spectrum On Demand (rent); Amazon Video (buy); Apple TV (buy); Google Play Movies (buy); YouTube (buy); Fandango At Home (buy),German; English,United States of America,,2025-09-25T17:31:03
La La Land,2016,tt3783958,313369,129,"Mia, an aspiring actress, serves lattes to movie stars in between auditions and Sebastian, a jazz musician, scrapes by playing cocktail party gigs in dingy bars, but as success mounts they are faced with decisions that begin to fray the fragile fabric of their love affair, and the dreams they worked so hard to maintain in each other threaten to rip them apart.",https://image.tmdb.org/t/p/w500/uDO8zWDhfWwoFdKS4fzkUJt0Rf0.jpg,https://image.tmdb.org/t/p/w780/nlPCdZlHtRNcF6C9hzUH4ebmV1w.jpg,Comedy; Drama; Romance; Music; Comedy | Drama | Music | Romance,,"dancing; dance; jazz; musical; ambition; casting; coffee shop; jazz club; traffic jam; hollywood; los angeles, california; pianist; pier; audition; valentine's day; planetarium; aspiring actor; movie set; sunset; one woman show; pool party; white savior; griffith observatory; exuberant",,,,Netflix; Netflix Standard with Ads; MovieSphere+ Amazon Channel; Amazon Video (rent); Apple TV (rent); Google Play Movies (rent); YouTube (rent); Spectrum On Demand (rent); Plex (rent); Amazon Video (buy); Apple TV (buy); Google Play Movies (buy); YouTube (buy); Fandango At Home (buy),English,United States of America,,2025-09-25T17:31:04
Labor Day,2013,tt1967545,130150,111,Two strangers are drawn together under incredible circumstances. What starts as an unforeseen encounter over a long holiday weekend soon becomes a second chance love story.,https://image.tmdb.org/t/p/w500/iQdbCtk1Q3TdZRBKSLU1Vh870l7.jpg,https://image.tmdb.org/t/p/w780/feO6v1UMaCDFsshStLpAv2FwARz.jpg,Drama; Romance; Thriller; Drama | Romance | Thriller,,based on novel or book; country house; suspicion; loss; escaped convict; single mother; tragic event; divorcee; teenage boy; recluse; father figure; life changing; depressed mom; police search; mother son relationship,,,,fuboTV; Paramount Plus; Paramount+ Amazon Channel; Paramount+ Roku Premium Channel; Amazon Video (rent); Apple TV (rent); Google Play Movies (rent); YouTube (rent); Fandango At Home (rent); Spectrum On Demand (rent); Amazon Video (buy); Apple TV (buy); Google Play Movies (buy); YouTube (buy); Fandango At Home (buy),English,United States of America,,2025-09-25T17:31:04
Labyrinth,2024,tt0091369,1279315,20,"Sofia a 18 year-old girl finds herself in a situation that leaves her dazed and  confused. She has taken something, and ended up in what seems like planet Earth,  but apparently is not. On her journey she is met with a majestical being, an angel  that is set to help them through the memories of her past. Although, she soon finds  out the truth of this world, and where she is heading to. Sofia is on her own to find  her way out, and remember the painful memories of her impulsive choices.",https://image.tmdb.org/t/p/w500/bAMEKYoKIgvGlmHb0Luqux6Nn6s.jpg,https://image.tmdb.org/t/p/w780/qXDiZImJDwgMhy6ZPQ5u1MBbdkA.jpg,Drama; Fantasy; Drama | Fantasy,,,,,,,,Australia,,2025-09-25T17:31:04
Lara Croft Tomb Raider: The Cradle of Life,2003,tt0325703,1996,117,"Off the coast of the volcanic island of Santorini, the intrepid archaeologist Lara Croft makes the unexpected discovery of a pulsating golden orb able to guide its holder to the mythical Pandora's Box. As the legendary artifact contains ancient mysteries of unfathomable power - said to contain one of the deadliest plagues on Earth, Lara is tasked by MI6 to make sure it doesn't fall into the wrong hands. With the aid of former Marine turned mercenary Terry Sheridan, she travels the world in pursuit of the precious item in a race against time; she must beat the unscrupulous Nobel Prize-winning scientist turned bioterrorist, Jonathan Reiss, to it.",https://image.tmdb.org/t/p/w500/ylIEGeAr2ygSClK4FDj9mi2Ah22.jpg,https://image.tmdb.org/t/p/w780/e5P1VPToB07tH6y3n5IdqNUozBd.jpg,Action; Adventure; Fantasy; Thriller; Action | Adventure | Fantasy | Thriller,,"medallion; biological weapon; shanghai, china; riddle; ex-lover; greece; kazakhstan; mercenary; earthquake; chinese mafia; treasure hunt; alexander the great; pandora's box; kenya; scuba diving; female protagonist; hong kong; mi6; scientist; underwater; heiress; archaeologist; based on video game; aristocrat; antidote; great wall of china; crime syndicate; bio terrorism; mythical artifact; weapons training; archaeology",,,,MGM Plus; Hoopla; Amazon Video (rent); Apple TV (rent); Google Play Movies (rent); YouTube (rent); Fandango At Home (rent); Amazon Video (buy); Apple TV (buy); Google Play Movies (buy); YouTube (buy); Fandango At Home (buy),English; Mandarin,Germany; Hong Kong; Japan; United Kingdom; United States of America,Tomb Raider Collection,2025-09-25T17:31:05
Lara Croft: Tomb Raider,2001,tt0146316,1995,100,"Orphaned heiress, English aristocrat and intrepid archaeologist, Lara Croft, embarks on a dangerous quest to retrieve the two halves of an ancient artifact which controls time before it falls into the wrong hands. As an extremely rare planetary alignment is about to occur for the first time in 5,000 years, the fearless tomb raider will have to team up with rival adventurers and sworn enemies to collect the pieces, while time is running out. But, in the end, who can harness the archaic talisman's unlimited power?",https://image.tmdb.org/t/p/w500/7WyMvoqPYJe5g1ENsbLTv40pUrX.jpg,https://image.tmdb.org/t/p/w780/6a3tiuwoM0vyytHkQHNmMppijCe.jpg,Adventure; Fantasy; Action; Thriller; Action | Adventure | Fantasy | Thriller,,"london, england; buddhist monk; planetary alignment; angkor wat; illuminati; william blake; steampunk; female protagonist; heiress; archaeologist; based on video game; aristocrat; sled dogs; relic; dead father; siberia; archeology; animate statue; lunar eclipse; tomb raiding",,,,MGM Plus; Kanopy; Hoopla; Amazon Video (rent); Apple TV (rent); Google Play Movies (rent); YouTube (rent); Fandango At Home (rent); Spectrum On Demand (rent); Plex (rent); Amazon Video (buy); Apple TV (buy); Google Play Movies (buy); YouTube (buy); Fandango At Home (buy),English,United Kingdom; United States of America,Tomb Raider Collection,2025-09-25T17:31:05
Lawless,2012,tt1212450,82633,115,"In 1931, the Bondurant brothers of Franklin County, Virginia, run a multipurpose backwoods establishment that hides their true business — bootlegging. Middle brother Forrest is the brain of the operation; older Howard is the brawn, and younger Jack, the lookout. Though the local police have taken bribes and left the brothers alone, a violent war erupts when a sadistic lawman from Chicago arrives and tries to shut down the Bondurants operation.",https://image.tmdb.org/t/p/w500/Ahtzwts22ayviD3LEVslfL4nRWB.jpg,https://image.tmdb.org/t/p/w780/fEI7I233M9hkw1MRSBXEgauXhRl.jpg,Crime; Drama; Western; Crime | Drama | Western,,corruption; based on novel or book; prohibition era; brother; gangster; great depression; appalachia; bootlegging; shootout; brutality; church; moonshine; virginia; 1930s; lawman; brothers; violence,,,,Philo; Starz Amazon Channel; Amazon Video (rent); Apple TV (rent); Google Play Movies (rent); YouTube (rent); Amazon Video (buy); Apple TV (buy); Google Play Movies (buy); YouTube (buy),English,United States of America,,2025-09-25T17:31:05
Legally Blonde,2001,tt0250494,8835,96,"Fashionable sorority queen Elle Woods has it all, but, she wants nothing more than to be Mrs. Warner Huntington III. But he dumps her before heading to Harvard Law School. Elle rallies all of her resources and gets into Harvard, determined to win him back. While there, she figures out that there is more to herself than just good looks.",https://image.tmdb.org/t/p/w500/9ohlMrJHQqKhfUKh7Zr3JQqHNLZ.jpg,https://image.tmdb.org/t/p/w780/viU23X3BIycUFf6TOlm9c7TxLgM.jpg,Comedy; Romance; Comedy | Romance,,father murder; blonde; superficiality; beauty salon; law school; murder; cynical; girl power; toy dog; chihuahua dog; blonde stereotype; proving oneself; murder confession,,,,Amazon Video (rent); Apple TV (rent); Google Play Movies (rent); YouTube (rent); Fandango At Home (rent); Spectrum On Demand (rent); Plex (rent); Amazon Video (buy); Apple TV (buy); Google Play Movies (buy); YouTube (buy); Fandango At Home (buy),English,United States of America,Legally Blonde Collection,2025-09-25T17:31:05
"Legally Blonde 2: Red, White and Blonde",2003,tt0333780,10327,95,"Now a rising young lawyer, Elle Woods is about to make partner at her firm, but when she finds out her dog's relatives are being used as cosmetic test subjects, she heads to Washington D.C. to fight for animal rights.",https://image.tmdb.org/t/p/w500/4kC0UGTuJgFnlZq2ZM6OiY7nuY8.jpg,https://image.tmdb.org/t/p/w780/jmf9dLoKVDDwEB2cb0OJ9fEGbHy.jpg,Comedy; Romance; Comedy | Romance,,"washington dc, usa; politics; boston, massachusetts; chambers of a barrister; blonde; sequel; beauty salon; animal rights; lawyer; toy dog; animal testing; chihuahua dog; blonde stereotype",,,,fuboTV; MGM+ Amazon Channel; Philo; Kanopy; Amazon Video (rent); Apple TV (rent); Google Play Movies (rent); YouTube (rent); Fandango At Home (rent); Plex (rent); Amazon Video (buy); Apple TV (buy); Google Play Movies (buy); YouTube (buy); Fandango At Home (buy),English,United States of America,Legally Blonde Collection,2025-09-25T17:31:06
Let's Be Cops,2014,tt1924435,193893,104,"Best pals Ryan and Justin are stalled in their respective careers -- a fact that is painfully driven home when they go to a college reunion. Dressed as police in the mistaken belief that they were to attend a costume party, Ryan and Justin find that the uniforms earn them much respect and attention. Although Justin is uncomfortable with the idea, Ryan decides to continue with the charade, putting them both in increasingly dangerous situations. When these newly-minted “heroes” get tangled in a real life web of mobsters and dirty detectives, they must put their fake badges on the line.",https://image.tmdb.org/t/p/w500/pf4FoUr2phn5WyZjU7rLXSiW1Ve.jpg,https://image.tmdb.org/t/p/w780/aa5P3DfHMD2Y5xotn2067A5OMAI.jpg,Comedy,,"robbery; corruption; police; kidnapping; nightclub; investigation; affectation; male friendship; flashback; murder; mobster; police impersonator; los angeles, california; buddy cop; lying; guns; playful; absurd; hilarious; admiring; adoring; amused; celebratory; familiar",,,,Amazon Video (rent); Apple TV (rent); Google Play Movies (rent); YouTube (rent); Fandango At Home (rent); Amazon Video (buy); Apple TV (buy); Google Play Movies (buy); YouTube (buy); Fandango At Home (buy),English,United States of America,,2025-09-25T17:31:06
Lethal Weapon,1987,tt0093409,941,110,A veteran cop and an unstable detective become partners who must put their differences aside in order to bring down a heroin-smuggling ring run by ex-Special Forces.,https://image.tmdb.org/t/p/w500/6gt44oqb4nE8vflPElffeGwsHVl.jpg,https://image.tmdb.org/t/p/w780/xinJKZQiqkdJhoYc2SXuEnhehXz.jpg,Adventure; Action; Comedy; Thriller; Crime; Action | Adventure | Comedy | Crime | Thriller,,"showdown; police; self-destruction; mixed martial arts (mma); los angeles, california; police detective; ex soldier; wisecrack humor; buddy cop; lapd; maverick cop; homicide detective; christmas; death of wife; action hero; shooting; cops; critical",,,,Amazon Video (rent); Apple TV (rent); Google Play Movies (rent); YouTube (rent); Fandango At Home (rent); Spectrum On Demand (rent); Amazon Video (buy); Apple TV (buy); Google Play Movies (buy); YouTube (buy); Fandango At Home (buy),English,United States of America,Lethal Weapon Collection,2025-09-25T17:31:06
Lexi,2022,tt13451112,930791,80,"“Laughing Lexi” has gone missing. As the tale unfolds, the story of what really happened becomes stranger than fiction.",https://image.tmdb.org/t/p/w500/5NbW31fSohy8v9GQEXp02JLD6OA.jpg,https://image.tmdb.org/t/p/w780/vlIKJkxvI47uLrlL3V6sNSZQjak.jpg,Horror; Thriller; Mystery; Horror | Mystery | Thriller,,mockumentary; found footage,,,,Tubi TV; Cineverse; FOUND TV; Plex Channel; Fawesome; Reveel; Amazon Video (rent); Amazon Video (buy),English,United States of America,,2025-09-25T17:31:07
Liar Liar,1997,tt0119528,1624,86,"Forced by his son's birthday wish, fast-talking attorney and habitual liar Fletcher Reede must tell the truth for the next 24 hours.",https://image.tmdb.org/t/p/w500/p1habYSdC7oD3WygQ5lynU5G5rV.jpg,https://image.tmdb.org/t/p/w780/wUzCzeM7ZRG0kHHOU8wiTrXdocd.jpg,Comedy,,california; workaholic; truth; honesty; liar; lawyer; courtroom; physical comedy; ex-husband ex-wife relationship; wishes come true; dramedy; lies; father son relationship; attorney; birthday wish; young son; son's birthday; divorce court,,,,Netflix; Netflix Standard with Ads; Amazon Video (rent); Apple TV (rent); Google Play Movies (rent); YouTube (rent); Fandango At Home (rent); Spectrum On Demand (rent); Amazon Video (buy); Apple TV (buy); Google Play Movies (buy); YouTube (buy); Fandango At Home (buy),English,United States of America,,2025-09-25T17:31:07
Life,2017,tt5442430,395992,104,"The six-member crew of the International Space Station is tasked with studying a sample from Mars that may be the first proof of extra-terrestrial life, which proves more intelligent than ever expected.",https://image.tmdb.org/t/p/w500/wztfli5NgYDgurVgShNflvnyA3Z.jpg,https://image.tmdb.org/t/p/w780/nNh7vHHISVAaziJEqAq0P9iL52w.jpg,Horror; Science Fiction; Mystery; Thriller; Horror | Mystery | Science Fiction | Thriller,,planet mars; alien life-form; space; astronaut; space station; intelligent; trapped in space; extraterrestrial life; alien on board; death of astronaut; cliché,,,,fuboTV; Paramount+ Amazon Channel; Mometu; Amazon Video (rent); Apple TV (rent); Google Play Movies (rent); YouTube (rent); Fandango At Home (rent); Spectrum On Demand (rent); Amazon Video (buy); Apple TV (buy); Google Play Movies (buy); YouTube (buy); Fandango At Home (buy),English; Japanese; Vietnamese,United States of America,,2025-09-25T17:31:07
Lights Out,2013,tt3605002,259761,3,"A woman prepares for bed, but realizes that something may be lurking in the shadows.",https://image.tmdb.org/t/p/w500/1VzEIaYWO9HFIp6lgjfbLRJRKSF.jpg,https://image.tmdb.org/t/p/w780/cVntX63U4vSeG1LOO5JDkY0i1Rc.jpg,Horror,,short film,,,,,No Language,Sweden,,2025-09-25T17:31:08
Limitless,2011,tt1219289,51876,105,The life of an unsuccessful writer is transformed by a top-secret 'smart drug' that allows him to use 100% of his brain and become a perfect version of himself. His enhanced abilities soon attract shadowy forces that threaten his new life.,https://image.tmdb.org/t/p/w500/un0a2U7KLjMH77N6EhqYh7ZOlVx.jpg,https://image.tmdb.org/t/p/w780/vQGo5VjJcHxpzIa8lMBFzpAth1w.jpg,Thriller; Mystery; Science Fiction; Mystery | Science Fiction | Thriller,,new york city; medicine; politician; iq; pill; stalking; superhuman; writer; drugs; threat; knowledge; nootropics; mind booster,,,,Netflix; Amazon Prime Video; fuboTV; Peacock Premium; Paramount+ with Showtime; Paramount+ Amazon Channel; YouTube TV; Philo; Netflix Standard with Ads; Amazon Prime Video with Ads; Peacock Premium Plus; Shout! Factory Amazon Channel; The Roku Channel; Tubi TV; Pluto TV; Plex; Plex Channel; Fawesome; Amazon Video (rent); Apple TV (rent); Google Play Movies (rent); YouTube (rent); Fandango At Home (rent); Amazon Video (buy); Apple TV (buy); Google Play Movies (buy); YouTube (buy); Fandango At Home (buy),English; Italian; Russian; Mandarin; French,United States of America,,2025-09-25T17:31:08
Lincoln,2012,tt0443272,72976,149,"The revealing story of the 16th US President's tumultuous final months in office. In a nation divided by war and the strong winds of change, Lincoln pursues a course of action designed to end the war, unite the country and abolish slavery. With the moral courage and fierce determination to succeed, his choices during this critical moment will change the fate of generations to come.",https://image.tmdb.org/t/p/w500/5KeUqW6DpVtf8G9VMuI2l0XIPCo.jpg,https://image.tmdb.org/t/p/w780/hwOFrwHladQ8FktYn3aJNAt8KA1.jpg,History; Drama; Drama | History,,mutiny; usa president; based on true story; speech; battlefield; historical fiction; family conflict; american civil war; cultural conflict; battle of gettysburg; secession; gettysburg address; conflagration; ethical dilemma; emancipation; 19th century; abraham lincoln; abraham; america; assertive,,,,Amazon Video (rent); Apple TV (rent); Google Play Movies (rent); YouTube (rent); Fandango At Home (rent); Amazon Video (buy); Apple TV (buy); Google Play Movies (buy); YouTube (buy); Fandango At Home (buy),English,India; United States of America,,2025-09-25T17:31:08
Little Fockers,2010,tt0970866,39451,98,"It has taken 10 years, two little Fockers with wife Pam and countless hurdles for Greg to finally get in with his tightly wound father-in-law, Jack. After the cash-strapped dad takes a job moonlighting for a drug company, Jack's suspicions about his favorite male nurse come roaring back. When Greg and Pam's entire clan descends for the twins' birthday party, Greg must prove to the skeptical Jack that he's fully capable as the man of the house.",https://image.tmdb.org/t/p/w500/90mwPRNMmX9RUGVgKMJMJNQnYX8.jpg,https://image.tmdb.org/t/p/w780/sLDoVwrzmKNdiBmykPSxaJA7uQh.jpg,Comedy; Romance; Comedy | Romance,,nurse; cat; father-in-law; vomit; viagra; overbearing father; duringcreditsstinger,,,,Amazon Prime Video; Amazon Prime Video with Ads; Amazon Video (rent); Apple TV (rent); Google Play Movies (rent); YouTube (rent); Fandango At Home (rent); Spectrum On Demand (rent); Amazon Video (buy); Apple TV (buy); Google Play Movies (buy); YouTube (buy); Fandango At Home (buy),English,United States of America,Meet the Parents Collection,2025-09-25T17:31:09
Live Die Repeat: Edge of Tomorrow,2014,tt1631867,137113,114,"Major Bill Cage is an officer who has never seen a day of combat when he is unceremoniously demoted and dropped into combat. Cage is killed within minutes, managing to take an alpha alien down with him. He awakens back at the beginning of the same day and is forced to fight and die again... and again - as physical contact with the alien has thrown him into a time loop.",https://image.tmdb.org/t/p/w500/nBM9MMa2WCwvMG4IJ3eiGUdbPe6.jpg,https://image.tmdb.org/t/p/w780/4V1yIoAKPMRQwGBaSses8Bp2nsi.jpg,Action; Science Fiction; Action | Science Fiction,,deja vu; based on novel or book; restart; military officer; dystopia; affectation; training; alien; time loop; soldier; alien invasion; war hero; exoskeleton; somber; anxious; soldiers; war; intimate; understated; suspenseful; sentimental; romantic; admiring; adoring; audacious; commanding; defiant; dignified; earnest; empathetic; hopeful; sincere; 2020s,,,,Netflix; Netflix Standard with Ads; Amazon Video (rent); Apple TV (rent); Google Play Movies (rent); YouTube (rent); Fandango At Home (rent); Spectrum On Demand (rent); Plex (rent); Amazon Video (buy); Apple TV (buy); Google Play Movies (buy); YouTube (buy); Fandango At Home (buy),English,United States of America,,2025-09-25T17:31:09
Live Free or Die Hard,2007,tt0337978,1571,128,"John McClane is back and badder than ever, and this time he calls on the services of a young hacker in his bid to stop a ring of Internet terrorists intent on taking control of America's computer infrastructure.",https://image.tmdb.org/t/p/w500/wplG0vWnpnzkIBDxBhTfIygqfoK.jpg,https://image.tmdb.org/t/p/w780/aRqTPOPt8BOHE0ngppM9jnuuaeS.jpg,Action; Thriller; Action | Thriller,,"helicopter; washington dc, usa; hostage; detective; fbi; genius; sarcasm; parkour; traffic chaos; sequel; hacking; power outage; police detective; nypd; federal agent; fourth of july; media manipulation; nsa agent; cyber terrorism; police escort; homeland security; assassination team; electric power station; based on magazine, newspaper or article; father daughter relationship; algorithm; computer hacker",,,,AMC Plus Apple TV Channel; AMC+ Amazon Channel; AMC+ Roku Premium Channel; AMC+; Philo; Amazon Video (rent); Apple TV (rent); Google Play Movies (rent); YouTube (rent); Fandango At Home (rent); Amazon Video (buy); Apple TV (buy); Google Play Movies (buy); YouTube (buy); Fandango At Home (buy),English; Italian; French,United Kingdom; United States of America,Die Hard Collection,2025-09-25T17:31:09
Lockout,2012,tt1592525,81796,95,"Set in the near future, Lockout follows a falsely convicted ex-government agent , whose one chance at obtaining freedom lies in the dangerous mission of rescuing the President's daughter from rioting convicts at an outer space maximum security prison.",https://image.tmdb.org/t/p/w500/i5QfNIcg6hc327IWUerea0EczP4.jpg,https://image.tmdb.org/t/p/w780/vee4TWQX9MPywfU2QifDhKd7Wpl.jpg,Action; Thriller; Science Fiction; Action | Science Fiction | Thriller,,future; usa president; anti hero; dementia; space; convict; interrogation; space station; collision in space; 2070s,,,,fuboTV; Tubi TV; Amazon Video (rent); Apple TV (rent); Google Play Movies (rent); YouTube (rent); Fandango At Home (rent); Amazon Video (buy); Apple TV (buy); Google Play Movies (buy); YouTube (buy); Fandango At Home (buy),English,France,,2025-09-25T17:31:09
Logan,2017,tt3315342,263115,137,"In the near future, a weary Logan cares for an ailing Professor X in a hideout on the Mexican border. But Logan's attempts to hide from the world and his legacy are upended when a young mutant arrives, pursued by dark forces.",https://image.tmdb.org/t/p/w500/fnbjcRDYn6YviCcePDnGdyAkYsB.jpg,https://image.tmdb.org/t/p/w780/9X7YweCJw3q8Mcf6GadxReFEksM.jpg,Action; Drama; Science Fiction; Action | Drama | Science Fiction,,future; experiment; immortality; self-destruction; cyborg; dystopia; superhero; mutant; road trip; based on comic; sequel; super power; neo-western; troubled past; aging superhero; life on the margin; antagonistic,,,,Disney Plus; HBO Max; HBO Max Amazon Channel; Cinemax Amazon Channel; Cinemax Apple TV Channel; Amazon Video (rent); Apple TV (rent); Google Play Movies (rent); YouTube (rent); Fandango At Home (rent); Amazon Video (buy); Apple TV (buy); Google Play Movies (buy); YouTube (buy); Fandango At Home (buy),English; Spanish,United States of America,The Wolverine Collection,2025-09-25T17:31:10
London Has Fallen,2016,tt3300542,267860,99,"In London for the Prime Minister's funeral, Mike Banning discovers a plot to assassinate all the attending world leaders.",https://image.tmdb.org/t/p/w500/iEbLkYzyiUdOKNK4WNBFyGH7r2Y.jpg,https://image.tmdb.org/t/p/w780/gYQ30Jer6qMZSKxeDmcibueeq0T.jpg,Action; Thriller; Action | Thriller,,"london, england; usa president; terrorism; political assassination; terrorist attack; absurd",,,,YouTube TV; Amazon Video (rent); Apple TV (rent); Google Play Movies (rent); YouTube (rent); Fandango At Home (rent); Spectrum On Demand (rent); Amazon Video (buy); Apple TV (buy); Google Play Movies (buy); YouTube (buy); Fandango At Home (buy),English,Bulgaria; United States of America,Has Fallen Collection,2025-09-25T17:31:10
Lone Survivor,2013,tt1091191,193756,121,"Four Navy SEALs on a covert mission to neutralize a high-level Taliban operative must make an impossible moral decision in the mountains of Afghanistan that leads them into an enemy ambush. As they confront unthinkable odds, the SEALs must find reserves of strength and resilience to fight to the finish.",https://image.tmdb.org/t/p/w500/zaBIrloyhGK7iNTZMb3f9SARsl8.jpg,https://image.tmdb.org/t/p/w780/g6QPI70Kzt91Q0lGyLfsVqZAwlJ.jpg,War; Action; Drama; Action | Drama | War,,based on novel or book; fight; afghanistan; biography; taliban; survival; u.s. navy seal; military; dangerous mission; soldiers; bold,,,,Amazon Prime Video; Amazon Prime Video with Ads; Amazon Video (rent); Apple TV (rent); Google Play Movies (rent); YouTube (rent); Fandango At Home (rent); Spectrum On Demand (rent); Amazon Video (buy); Apple TV (buy); Google Play Movies (buy); YouTube (buy); Fandango At Home (buy),English; Pushto,United States of America,,2025-09-25T17:31:10
Long Shot,2017,tt7344360,477331,41,"When Juan Catalan is arrested for a murder he insists he didn't commit, he builds his case for innocence around unexpected raw footage.",https://image.tmdb.org/t/p/w500/8LDeHrG8RBluJ7IkPgBaOMkU3fl.jpg,https://image.tmdb.org/t/p/w780/o1gNOkgyQhsdK0x6FcpoV7TR35C.jpg,Documentary; Crime; Crime | Documentary,,true crime; short film,,,,Netflix; History Vault; Netflix Standard with Ads,English,United States of America,,2025-09-25T17:31:11
Love Actually,2003,tt0314331,508,135,Eight very different couples deal with their love lives in various loosely interrelated tales all set during a frantic month before Christmas in London.,https://image.tmdb.org/t/p/w500/7QPeVsr9rcFU9Gl90yg0gTOTpVv.jpg,https://image.tmdb.org/t/p/w780/xUWf5xX0AnZgAnYXAMk03zTbsef.jpg,Comedy; Romance; Drama; Comedy | Drama | Romance,,"london, england; usa president; rock star; school performance; love at first sight; holiday; war on terror; marseille, france; office; christmas party; language barrier; prime minister; press conference; bars and restaurants; valentine's day; heathrow airport; multiple storylines; christmas; lighthearted",,,,Amazon Prime Video; Amazon Prime Video with Ads; Amazon Video (rent); Apple TV (rent); Google Play Movies (rent); YouTube (rent); Fandango At Home (rent); Spectrum On Demand (rent); Amazon Video (buy); Apple TV (buy); Google Play Movies (buy); YouTube (buy); Fandango At Home (buy),English; French; Portuguese,France; United Kingdom,,2025-09-25T17:31:11
Love and Monsters,2020,tt2222042,590223,109,"Seven years since the Monsterpocalypse began, Joel Dawson has been living underground in order to survive. But after reconnecting over radio with his high school girlfriend Aimee, Joel decides to venture out to reunite with her, despite all the dangerous monsters that stand in his way.",https://image.tmdb.org/t/p/w500/718NnyxyQuBQcGWt9sdelA1Zc3h.jpg,https://image.tmdb.org/t/p/w780/lA5fOBqTOQBQ1s9lEYYPmNXoYLi.jpg,Comedy; Adventure; Science Fiction; Action | Adventure | Comedy | Fantasy | Science Fiction,,monster; bunker; post-apocalyptic future; coming of age; mutant animal; psychotronic; giant crab; teenager,,,,fuboTV; Paramount Plus; Paramount+ Amazon Channel; Paramount+ Roku Premium Channel; Hoopla; Amazon Video (rent); Apple TV (rent); Google Play Movies (rent); YouTube (rent); Fandango At Home (rent); Spectrum On Demand (rent); Amazon Video (buy); Apple TV (buy); Google Play Movies (buy); YouTube (buy); Fandango At Home (buy),English,Australia; Canada; United States of America,,2025-09-25T17:31:11
"Love, Simon",2018,tt5164432,449176,110,"Everyone deserves a great love story, but for 17-year-old Simon Spier, it's a little more complicated. He hasn't told his family or friends that he's gay, and he doesn't know the identity of the anonymous classmate that he's fallen for online.",https://image.tmdb.org/t/p/w500/snIsqVPmlu4LPjvToHpDotxa7Eh.jpg,https://image.tmdb.org/t/p/w780/rqMEeajyzSF4PpJtdCB816Iz8Vr.jpg,Comedy; Drama; Romance; Comedy | Drama | Romance,,coming out; sexual identity; high school; based on novel or book; sexuality; class; coming of age; bully; love; teen movie; male homosexuality; lgbt; lgbt teen; based on young adult novel; gay theme; boys' love (bl); romantic; appreciative; melodramatic,,,,Amazon Video (rent); Apple TV (rent); Google Play Movies (rent); YouTube (rent); Fandango At Home (rent); Amazon Video (buy); Apple TV (buy); Google Play Movies (buy); YouTube (buy); Fandango At Home (buy),English,United States of America,,2025-09-25T17:31:12
Lucy,2014,tt2872732,240832,89,"A woman, accidentally caught in a dark deal, turns the tables on her captors and transforms into a merciless warrior evolved beyond human logic.",https://image.tmdb.org/t/p/w500/kRbpUTRNm6QbLQFPFWUcNC4czEm.jpg,https://image.tmdb.org/t/p/w780/ozVwXlfxqNsariipatGwa5px3Pm.jpg,Action; Science Fiction; Action | Science Fiction,,artificial intelligence (a.i.); telepathy; intelligence; drug mule; time travel; telekinesis; futuristic; drugs; super power; tough girl; surgery; brain capacity; synthetic drug; human brain; absurd; cliché; melodramatic; pretentious,,,,Peacock Premium; Peacock Premium Plus; Amazon Video (rent); Apple TV (rent); Google Play Movies (rent); YouTube (rent); Fandango At Home (rent); Spectrum On Demand (rent); Amazon Video (buy); Apple TV (buy); Google Play Movies (buy); YouTube (buy); Fandango At Home (buy),Mandarin; English; French; Spanish; Korean,France,,2025-09-25T17:31:12
M3GAN,2022,tt8760708,536554,102,"A brilliant toy company roboticist uses artificial intelligence to develop M3GAN, a life-like doll programmed to emotionally bond with her newly orphaned niece. But when the doll's programming works too well, she becomes overprotective of her new friend with terrifying results.",https://image.tmdb.org/t/p/w500/d9nBoowhjiiYc4FBNtQkPY7c11H.jpg,https://image.tmdb.org/t/p/w780/qd4EKTuudkws9lW76Dn9C0tnuVA.jpg,Science Fiction; Horror; Horror | Science Fiction,,android; artificial intelligence (a.i.); killer robot; aunt niece relationship; evil doll; slasher; orphan; car accident; niece; robot; juvenile delinquent; doll; information leak; dead dog; nosy neighbor; hit by a car; dead parents; attacked by a dog; creepy doll; possessed doll; audacious; android horror,,,,fuboTV; Peacock Premium; Starz Apple TV Channel; NBC; USA Network; Peacock Premium Plus; Amazon Video (rent); Apple TV (rent); Google Play Movies (rent); YouTube (rent); Fandango At Home (rent); Amazon Video (buy); Apple TV (buy); Google Play Movies (buy); YouTube (buy); Fandango At Home (buy),English,United States of America,M3GAN Collection,2025-09-25T17:31:12
MIB: International,2019,tt2283336,479455,115,"The Men in Black have always protected the Earth from the scum of the universe. In this new adventure, they tackle their biggest, most global threat to date: a mole in the Men in Black organization.",https://image.tmdb.org/t/p/w500/dPrUPFcgLfNbmDL8V69vcrTyEfb.jpg,https://image.tmdb.org/t/p/w780/uK9uFbAwQ1s2JHKkJ5l0obPTcXI.jpg,Comedy; Science Fiction; Action; Action | Comedy | Science Fiction,,"london, england; paris, france; secret organization; sahara desert; based on comic; sequel; co-workers relationship; alien invasion; brooklyn, new york city; eiffel tower, paris; buddy cop; alien friendship; weapons trafficking; marrakesh, morocco",,,,YouTube TV; Amazon Video (rent); Apple TV (rent); Google Play Movies (rent); YouTube (rent); Fandango At Home (rent); Spectrum On Demand (rent); Amazon Video (buy); Apple TV (buy); Google Play Movies (buy); YouTube (buy); Fandango At Home (buy),French; English,China; United States of America,,2025-09-25T17:31:12
Ma,2019,tt7958736,1074284,0,"Set I: Eyes of the World > Deal, Black-Throated Wind > Easy Wind, Loser, Big Railroad Blues, Bird Song > Box of Rain  Set II: Help on the Way > Slipknot! > Franklin's Tower, He's Gone > Dark Star > Drums > Space > Stella Blue > Not Fade Away > GDTRFB > Not Fade Away  Encore: The Weight",https://m.media-amazon.com/images/M/MV5BMTA2MjA3ODU0NjBeQTJeQWpwZ15BbWU4MDE3NTQxNDcz._V1_SX300.jpg,https://image.tmdb.org/t/p/w780/8kaVB3XkJNJq1NVaDg57sEF9mkA.jpg,Music; Horror; Mystery; Thriller,,,,,,,,,,2025-09-25T17:31:13
Mad Max,1979,tt0079501,9659,91,"In the ravaged near-future, a savage motorcycle gang rules the road. Terrorizing innocent civilians while tearing up the streets, the ruthless gang laughs in the face of a police force hell-bent on stopping them.",https://image.tmdb.org/t/p/w500/5LrI4GiCSrChgkdskVZiwv643Kg.jpg,https://image.tmdb.org/t/p/w780/8CcjyTF3hXIe2wRdFkv52zkOmO1.jpg,Adventure; Action; Thriller; Science Fiction; Action | Adventure | Science Fiction | Thriller,,australia; petrol; baby; chain; dystopia; post-apocalyptic future; exploitation; villain; bridge; matter of life and death; benzine; biker; cop; partner; truck; vigilante; gasoline; motorcycle; motorcycle gang; exploding car; psychotic; adventurer; angry; hostile; aggressive; action hero; out of fuel; good versus evil; violence; antagonistic; forceful; harsh; ominous; urgent; fuel shortage,,,,Amazon Prime Video; Amazon Prime Video with Ads; Tubi TV; Amazon Video (rent); Apple TV (rent); Google Play Movies (rent); YouTube (rent); Fandango At Home (rent); Plex (rent); Amazon Video (buy); Apple TV (buy); Google Play Movies (buy); YouTube (buy); Fandango At Home (buy),English,Australia,Mad Max Collection,2025-09-25T17:31:13
Mad Max: Fury Road,2015,tt1392190,76341,121,"An apocalyptic story set in the furthest reaches of our planet, in a stark desert landscape where humanity is broken, and most everyone is crazed fighting for the necessities of life. Within this world exist two rebels on the run who just might be able to restore order.",https://image.tmdb.org/t/p/w500/hA2ple9q4qnwxp3hKVNhroipsir.jpg,https://image.tmdb.org/t/p/w780/gqrnQA6Xppdl8vIb2eJc58VC1tW.jpg,Action; Adventure; Science Fiction; Action | Adventure | Science Fiction,,rescue; future; australia; chase; dystopia; post-apocalyptic future; survival; on the run; on the road; desert; convoy; peak oil; dark future; car; suspenseful; awestruck; commanding,,,,Amazon Video (rent); Apple TV (rent); Google Play Movies (rent); YouTube (rent); Fandango At Home (rent); Spectrum On Demand (rent); Plex (rent); Amazon Video (buy); Apple TV (buy); Google Play Movies (buy); YouTube (buy); Fandango At Home (buy),English,Australia; United States of America,Mad Max Collection,2025-09-25T17:31:13
Magic Mike,2012,tt1915581,77930,110,"Mike, an experienced stripper, takes a younger performer called The Kid under his wing and schools him in the arts of partying, picking up women, and making easy money.",https://image.tmdb.org/t/p/w500/cfRv1INLSSumjvxAqEGOP6b0Aw1.jpg,https://image.tmdb.org/t/p/w780/7DWGkbncSGb3nG6MAd2ZqxDvwEt.jpg,Drama; Comedy; Comedy | Drama,,florida; seduction; based on true story; strip club; male stripper; novice; muscled; brother sister relationship; gay interest,,,,Amazon Video (rent); Apple TV (rent); Google Play Movies (rent); YouTube (rent); Fandango At Home (rent); Spectrum On Demand (rent); Amazon Video (buy); Apple TV (buy); Google Play Movies (buy); YouTube (buy); Fandango At Home (buy),English,United States of America,Magic Mike Collection,2025-09-25T17:31:14
Maleficent,2014,tt1587310,102651,97,"A beautiful, pure-hearted young woman, Maleficent has an idyllic life growing up in a peaceable forest kingdom, until one day when an invading army threatens the harmony of the land. She rises to be the land's fiercest protector, but she ultimately suffers a ruthless betrayal – an act that begins to turn her heart into stone. Bent on revenge, Maleficent faces an epic battle with the invading King's successor and, as a result, places a curse upon his newborn infant Aurora. As the child grows, Maleficent realizes that Aurora holds the key to peace in the kingdom – and to Maleficent's true happiness as well.",https://image.tmdb.org/t/p/w500/bDG3yei6AJlEAK3A5wN7RwFXQ7V.jpg,https://image.tmdb.org/t/p/w780/4hfcpHmMEgmFTdnVx4XCtM6dgCG.jpg,Fantasy; Adventure; Action; Family; Romance; Action | Adventure | Family | Fantasy | Romance,,friendship; magic; kingdom; fairy tale; fairy; prince; villain; enchantment; betrayal; curse; kindness; protector; childhood friends; good becoming evil; raven; dark fantasy; based on fairy tale; retelling; literary adaptation; true love; wings; sleeping spell; dark forest; live action remake; cursed princess; fairies,,,,Starz Roku Premium Channel; Starz; Philo; Starz Amazon Channel; Amazon Video (rent); Apple TV (rent); Google Play Movies (rent); YouTube (rent); Fandango At Home (rent); Amazon Video (buy); Apple TV (buy); Google Play Movies (buy); YouTube (buy); Fandango At Home (buy),English,United States of America,Maleficent Collection,2025-09-25T17:31:14
Maleficent: Mistress of Evil,2019,tt4777008,420809,119,"Maleficent and her goddaughter Aurora begin to question the complex family ties that bind them as they are pulled in different directions by impending nuptials, unexpected allies, and dark new forces at play.",https://image.tmdb.org/t/p/w500/vloNTScJ3w7jwNwtNGoG8DbTThv.jpg,https://image.tmdb.org/t/p/w780/q9mF0HhnKT5deOIRAQSFjhLC8c1.jpg,Family; Fantasy; Adventure; Action; Action | Adventure | Family | Fantasy,,magic; fairy tale; fairy; villain; sequel; live action remake; complicated,,,,Disney Plus; Amazon Video (rent); Apple TV (rent); Google Play Movies (rent); YouTube (rent); Amazon Video (buy); Apple TV (buy); Google Play Movies (buy); YouTube (buy); Fandango At Home (buy),English,United States of America,Maleficent Collection,2025-09-25T17:31:14
Malignant,2021,tt3811906,619778,111,"Madison is paralyzed by shocking visions of grisly murders, and her torment worsens as she discovers that these waking dreams are in fact terrifying realities with a mysterious tie to her past.",https://image.tmdb.org/t/p/w500/dGv2BWjzwAz6LB8a8JeRIZL8hSz.jpg,https://image.tmdb.org/t/p/w780/xnyGhzrfqENfFoiNZ9z4oy63Z9F.jpg,Horror; Mystery; Horror | Mystery,,"dreams; monster; brain tumor; detective; seattle, washington; gore; murder; vision; serial killer; hospital; miscarriage; videotape; murder mystery; sister sister relationship; psychic connection; body horror; american giallo",,,,Amazon Video (rent); Apple TV (rent); Google Play Movies (rent); YouTube (rent); Fandango At Home (rent); Spectrum On Demand (rent); Plex (rent); Amazon Video (buy); Apple TV (buy); Google Play Movies (buy); YouTube (buy); Fandango At Home (buy),English,United States of America,,2025-09-25T17:31:15
Mama,2025,tt35049002,1127143,96,"Dinda, who had just graduated from elementary school, had to feel the loss of her mother, who she loved so much, because of a hit-and-run accident. In this unfortunate incident, Wahyu, Dinda's father, broke his leg. Dinda and her father returned to the family's old house to calm down and heal their wounds. But there is another figure that inhabits the house. A figure who expects the presence of a child, to accompany her solitude.",https://image.tmdb.org/t/p/w500/o6K500W5qIZzVDiBcfQ1mCMMnay.jpg,https://image.tmdb.org/t/p/w780/fvThZBPyFc6R58RiKEQz9wyNfXK.jpg,Horror; Thriller; Drama; Drama | Horror | Thriller,,,,,,,Indonesian,Indonesia,,2025-09-25T17:31:15
Mamma Mia! Here We Go Again,2018,tt6911608,458423,114,"Five years after meeting her three fathers, Sophie Sheridan prepares to open her mother’s hotel. In 1979, young Donna Sheridan meets the men who each could be Sophie’s biological father.",https://image.tmdb.org/t/p/w500/aWicerX4Y7n7tUwRAVHsVcBBpj2.jpg,https://image.tmdb.org/t/p/w780/8HKwxHZ23sW8wz4yb28IWnAM1M6.jpg,Comedy; Romance; Comedy | Romance,,greece; musical; sequel; greek island; aftercreditsstinger; estranged mother; long lost love; jukebox musical; estranged grandparent; abba,,,,Amazon Video (rent); Apple TV (rent); Google Play Movies (rent); YouTube (rent); Fandango At Home (rent); Amazon Video (buy); Apple TV (buy); Google Play Movies (buy); YouTube (buy); Fandango At Home (buy),English,United Kingdom; United States of America,Mamma Mia! Collection,2025-09-25T17:31:15
Mamma Mia! The Movie,2008,tt0795421,11631,108,A spirited young bride-to-be living with her single mother on a small Greek island secretly invites three of her mother's ex-boyfriends in hope of finding her biological father to walk her down the aisle.,https://image.tmdb.org/t/p/w500/ejxnVdXrojc1K2MXlRvplqro4Jn.jpg,https://image.tmdb.org/t/p/w780/85BQpS3lEA7wESlGUCFQZNoPoo8.jpg,Comedy; Romance; Comedy | Romance,,"single parent; parent child relationship; greece; musical; romcom; based on play or musical; unknown father; single mother; based on song, poem or rhyme; hotel manager; young love; greek island; duringcreditsstinger; woman director; imminent wedding; mother daughter relationship; jukebox musical; past history; daughter's wedding; abba; comforting; enthusiastic",,,,Netflix; Netflix Standard with Ads; Amazon Video (rent); Apple TV (rent); Google Play Movies (rent); YouTube (rent); Fandango At Home (rent); FlixFling (rent); Spectrum On Demand (rent); Amazon Video (buy); Apple TV (buy); Google Play Movies (buy); YouTube (buy); Fandango At Home (buy),English; Greek,Germany; United Kingdom; United States of America,Mamma Mia! Collection,2025-09-25T17:31:16
Manhunter,1974,tt0071809,100279,74,"Pilot movie for the short-lived TV series set in the 1930's about a World War I ex-marine-turned-bounty-hunter, named Dave Barrett, who goes after two Bonnie-and-Clyde style bank robbers who murdered his former girlfriend.",https://image.tmdb.org/t/p/w500/jkVpV6Crjc6i7sf5EjezAqam5oY.jpg,,Crime; Drama; TV Movie; Crime | Drama | Tv Movie,,bounty hunter,,,,,English,United States of America,,2025-09-25T17:31:16
Maps to the Stars,2014,tt2172584,157851,112,"Driven by an intense need for fame and validation, members of a dysfunctional Hollywood family are chasing celebrity, one another and the relentless ghosts of their pasts.",https://image.tmdb.org/t/p/w500/aoMNfiaMmT7o7wY8oXWCLErZtah.jpg,https://image.tmdb.org/t/p/w780/ytwTVas9vms9dh510TX5i25gV7e.jpg,Drama,,"suicide; fire; schizophrenia; child murder; rehabilitation; narcissism; menage a trois; satire; addiction; dysfunctional family; wedding ring; hollywood; los angeles, california; drugs; incest; therapy; mental illness; child star; ghost; personal assistant; aspiring actor; nepotism",,,,Amazon Video (rent); Apple TV (rent); Google Play Movies (rent); YouTube (rent); Fandango At Home (rent); Amazon Video (buy); Apple TV (buy); Google Play Movies (buy); YouTube (buy); Fandango At Home (buy),English,Canada; United States of America; France; Germany,,2025-09-25T17:31:16
Master and Commander: The Far Side of the World,2003,tt0311113,8619,138,"After an abrupt and violent encounter with a French warship inflicts severe damage upon his ship, a captain of the British Royal Navy begins a chase over two oceans to capture or destroy the enemy, though he must weigh his commitment to duty and ferocious pursuit of glory against the safety of his devoted crew, including the ship's thoughtful surgeon, his best friend.",https://image.tmdb.org/t/p/w500/s1cVTQEZYn4nSjZLnFbzLP0j8y2.jpg,https://image.tmdb.org/t/p/w780/zMHyNxNt4zhL939XX8QLBW3gWfu.jpg,Adventure; Drama; War; Adventure | Drama | War,,epic; ship; navy; based on novel or book; surgeon; royal navy; historical fiction; period drama; napoleonic wars; naturalist; frigate; self surgery; sea battle; weevil; high seas; naval warfare; aggressive; 19th century; galapagos islands; naval battle; english navy; commanding; surprise-ending,,,,Amazon Video (rent); Apple TV (rent); Google Play Movies (rent); YouTube (rent); Fandango At Home (rent); Amazon Video (buy); Apple TV (buy); Google Play Movies (buy); YouTube (buy); Fandango At Home (buy),French; Portuguese; English,United States of America,,2025-09-25T17:31:16
Maze Runner: The Scorch Trials,2015,tt4046784,294254,131,"Thomas and his fellow Gladers face their greatest challenge yet: searching for clues about the mysterious and powerful organization known as WCKD. Their journey takes them to the Scorch, a desolate landscape filled with unimaginable obstacles. Teaming up with resistance fighters, the Gladers take on WCKD’s vastly superior forces and uncover its shocking plans for them all.",https://image.tmdb.org/t/p/w500/mYw7ZyejqSCPFlrT2jHZOESZDU3.jpg,https://image.tmdb.org/t/p/w780/4mcOCiR06dqQ5eoEJcG3zvonjOa.jpg,Science Fiction; Action; Thriller; Adventure; Action | Adventure | Science Fiction | Thriller,,based on novel or book; escape; resistance; dystopia; maze; post-apocalyptic future; infection; on the run; zombie; storm; disease; desert; sewer; antidote; corporation; virus; runner; city ruin; immunity; based on young adult novel,,,,Amazon Video (rent); Apple TV (rent); Google Play Movies (rent); YouTube (rent); Fandango At Home (rent); Amazon Video (buy); Apple TV (buy); Google Play Movies (buy); YouTube (buy); Fandango At Home (buy),English,United States of America,The Maze Runner Collection,2025-09-25T17:31:17
Mean Girls,2004,tt0377092,10625,96,"Cady Heron is a hit with The Plastics, the A-list girl clique at her new school, until she makes the mistake of falling for Aaron Samuels, the ex-boyfriend of alpha Plastic Regina George.",https://image.tmdb.org/t/p/w500/2ZkuQXvVhh45uSvkBej4S7Ix1NJ.jpg,https://image.tmdb.org/t/p/w780/nP3y0TkR6XniFs9J53qQkg4Bnnk.jpg,Drama; Comedy; Comedy | Drama,,based on novel or book; illinois; female friendship; bullying; coming of age; prom; teenage girl; fish out of water; best friend; math teacher; biting; gossip; clique; former best friend; teen comedy; exploitation of friendship; public humiliation; high school rivalry; new girl at school; teenage life; manipulative friend; math genius; female bully; teenage friendship; teenager; antagonistic; derisive; mean spirited; mocking; sarcastic,,,,Hulu; fuboTV; Paramount Plus; Paramount+ Amazon Channel; Paramount+ Roku Premium Channel; Freeform; Tubi TV; Kanopy; Hoopla; Amazon Video (rent); Apple TV (rent); Google Play Movies (rent); YouTube (rent); Fandango At Home (rent); Plex (rent); Amazon Video (buy); Apple TV (buy); Google Play Movies (buy); YouTube (buy); Fandango At Home (buy),Swahili; English; German; Vietnamese,United States of America,Mean Girls Collection,2025-09-25T17:31:17
Mechanic: Resurrection,2016,tt3522806,278924,99,"Arthur Bishop thought he had put his murderous past behind him when his most formidable foe kidnaps the love of his life. Now he is forced to travel the globe to complete three impossible assassinations, and do what he does best, make them look like accidents.",https://image.tmdb.org/t/p/w500/x3xzd4i6M9vi5814x197zn86rd1.jpg,https://image.tmdb.org/t/p/w780/4CCvDWKtmFms4tSTXeawA19sheU.jpg,Action; Crime; Thriller; Action | Crime | Thriller,,assassin; sequel; murder; mechanic; killer; around the world,,,,HBO Max; HBO Max Amazon Channel; Amazon Video (rent); Google Play Movies (rent); YouTube (rent); Fandango At Home (rent); Plex (rent); Amazon Video (buy); Apple TV (buy); Google Play Movies (buy); YouTube (buy); Fandango At Home (buy),Bulgarian; English,United States of America; Germany; France,Mechanic Collection,2025-09-25T17:31:17
Meet Me In St. Louis,1944,tt0037059,909,114,Young love and childish fears highlight a year in the life of a turn-of-the-century family up to the 1904 St. Louis World's Fair.,https://image.tmdb.org/t/p/w500/ekVeUvG81pidsv2LMtWf5yYcNbq.jpg,https://image.tmdb.org/t/p/w780/fQ93o3wVSIe0dXMLTVTBHoqWwew.jpg,Comedy; Drama; Romance; Family; Comedy | Drama | Family | Romance,,"holiday; musical; sister; family relationships; trolley; boy next door; americana; fiddle; straw hat; st. louis, missouri; christmas; world's fair; 1900s; christmas romance; cheerful",,,,YouTube TV; Fandango at Home Free; Kanopy; Amazon Video (rent); Apple TV (rent); Google Play Movies (rent); YouTube (rent); Fandango At Home (rent); Amazon Video (buy); Apple TV (buy); Google Play Movies (buy); YouTube (buy); Fandango At Home (buy),English,United States of America,,2025-09-25T17:31:18
Melancholia,2011,tt1527186,62215,130,Two sisters find their already strained relationship challenged as a mysterious new planet threatens to collide with Earth.,https://image.tmdb.org/t/p/w500/fMneszMiQuTKY8JUXrGGB5vwqJf.jpg,https://image.tmdb.org/t/p/w780/qzrS5ShZZPsPdhM5ZbcQKG7fwFo.jpg,Drama; Science Fiction; Drama | Science Fiction,,depression; suicide; nihilism; wedding reception; wedding planner; surrealism; end of the world; wealth; mansion; power outage; destruction of planet; sister sister relationship,,,,Hulu; fuboTV; Magnolia Selects Amazon Channel; Monsters and Nightmares Amazon Channel; Xumo Play; Kanopy; Plex Channel; Amazon Video (rent); Apple TV (rent); Google Play Movies (rent); YouTube (rent); Fandango At Home (rent); FlixFling (rent); Amazon Video (buy); Apple TV (buy); Google Play Movies (buy); YouTube (buy); Fandango At Home (buy); FlixFling (buy),English,Denmark; France; Germany; Sweden,,2025-09-25T17:31:18
Memento,2000,tt0209144,77,113,"Leonard Shelby is tracking down the man who raped and murdered his wife. The difficulty of locating his wife's killer, however, is compounded by the fact that he suffers from a rare, untreatable form of short-term memory loss. Although he can recall details of life before his accident, Leonard cannot remember what happened fifteen minutes ago, where he's going, or why.",https://image.tmdb.org/t/p/w500/fKTPH2WvH8nHTXeBYBVhawtRqtR.jpg,https://image.tmdb.org/t/p/w780/7Wev9JMo6R5XAfz2KDvXb7oPMmy.jpg,Mystery; Thriller; Mystery | Thriller,,"drug dealer; amnesia; insulin; tattoo; waitress; motel; manipulation; flashback; confusion; revenge; murder; memory loss; memory; psychological thriller; whodunit; los angeles, california; polaroid; based on short story; nonlinear timeline; mourning; insurance agent; individuality; phone call; mysterious; disturbed; paranoid; neo-noir; somber; reverse chronology; introspective; remember; baffled; bewildered; bold; complicated",,,,Amazon Prime Video; Peacock Premium; Amazon Prime Video with Ads; Peacock Premium Plus; The Roku Channel; Pluto TV; Kanopy; Hoopla; Plex; Plex Channel; Amazon Video (rent); Google Play Movies (rent); YouTube (rent); Fandango At Home (rent); Spectrum On Demand (rent); Amazon Video (buy); Apple TV (buy); Google Play Movies (buy); YouTube (buy); Fandango At Home (buy),English,United States of America,,2025-09-25T17:31:18
Men In Black,1997,tt0119654,607,98,"After a police chase with an otherworldly being, a New York City cop is recruited as an agent in a top-secret organization established to monitor and police alien activity on Earth: the Men in Black. Agent K and new recruit Agent J find themselves in the middle of a deadly plot by an intergalactic terrorist who has arrived on Earth to assassinate two ambassadors from opposing galaxies.",https://image.tmdb.org/t/p/w500/uLOmOF5IzWoyrgIF5MfUnh5pa1X.jpg,https://image.tmdb.org/t/p/w780/1GJvBE7UWU1WOVi0XREl4JQc7f8.jpg,Action; Adventure; Comedy; Science Fiction; Action | Adventure | Comedy | Science Fiction,,new york city; cannon; space marine; flying saucer; undercover; secret identity; superhero; deportation; illegal immigration; new identity; stay permit; giant cockroach; based on comic; alien; buddy cop; fictional government agency,,,,Starz Apple TV Channel; Starz; Philo; Starz Amazon Channel; Amazon Video (rent); Apple TV (rent); Google Play Movies (rent); YouTube (rent); Fandango At Home (rent); Spectrum On Demand (rent); Amazon Video (buy); Apple TV (buy); Google Play Movies (buy); YouTube (buy); Fandango At Home (buy),English; Spanish,United States of America,Men In Black Collection,2025-09-25T17:31:19
Men In Black 3,2012,tt1409024,41154,106,"Agents J and K are back...in time. J has seen some inexplicable things in his 15 years with the Men in Black, but nothing, not even aliens, perplexes him as much as his wry, reticent partner. But when K's life and the fate of the planet are put at stake, Agent J will have to travel back in time to put things right. J discovers that there are secrets to the universe that K never told him - secrets that will reveal themselves as he teams up with the young Agent K to save his partner, the agency, and the future of humankind.",https://image.tmdb.org/t/p/w500/90DdoEStzeObs96fsYf4GG544iN.jpg,https://image.tmdb.org/t/p/w780/5AhpUb8CAP0jZ4Wrn7AsRUYjZxB.jpg,Action; Comedy; Science Fiction; Action | Comedy | Science Fiction,,time travel; time machine; based on comic; alien; buddy cop; fictional government agency; seeing the future; changing history,,,,Starz Apple TV Channel; Starz; Philo; Starz Amazon Channel; Amazon Video (rent); Apple TV (rent); Google Play Movies (rent); YouTube (rent); Fandango At Home (rent); Spectrum On Demand (rent); Amazon Video (buy); Apple TV (buy); Google Play Movies (buy); YouTube (buy); Fandango At Home (buy),English,United Arab Emirates; United States of America,Men In Black Collection,2025-09-25T17:31:19
Men In Black II,2002,tt0120912,608,88,"Kay and Jay reunite to provide our best, last and only line of defense against a sinister seductress who levels the toughest challenge yet to the MIB's untarnished mission statement – protecting Earth from the scum of the universe. It's been four years since the alien-seeking agents averted an intergalactic disaster of epic proportions. Now it's a race against the clock as Jay must convince Kay – who not only has absolutely no memory of his time spent with the MIB, but is also the only living person left with the expertise to save the galaxy – to reunite with the MIB before the earth submits to ultimate destruction.",https://image.tmdb.org/t/p/w500/enA22EPyzc2WQ1VVyY7zxresQQr.jpg,https://image.tmdb.org/t/p/w780/o1l6OCqA3pYDZHIc5L1s7CEzCMv.jpg,Action; Comedy; Science Fiction; Action | Comedy | Science Fiction,,new york city; space marine; saving the world; flying saucer; undercover; secret identity; superhero; deportation; illegal immigration; new identity; firearm; light; based on comic; alien; buddy cop; fictional government agency,,,,Starz Apple TV Channel; Starz; Philo; Starz Amazon Channel; Amazon Video (rent); Apple TV (rent); Google Play Movies (rent); YouTube (rent); Fandango At Home (rent); Spectrum On Demand (rent); Amazon Video (buy); Apple TV (buy); Google Play Movies (buy); YouTube (buy); Fandango At Home (buy),English,United States of America,Men In Black Collection,2025-09-25T17:31:19
Midway,2019,tt6924650,522162,138,"The story of the Battle of Midway, and the leaders and soldiers who used their instincts, fortitude and bravery to overcome massive odds.",https://image.tmdb.org/t/p/w500/hj8pyoNnynGeJTAbl7jcLZO8Uhx.jpg,https://image.tmdb.org/t/p/w780/5xegGPhCSVMKbyh6zeT6Th0BWLB.jpg,Action; War; History; Action | History | War,,world war ii; u.s. navy; based on true story; battle of midway; pacific war; historical fiction; pacific theater; naval warfare; 1940s,,,,Netflix; Netflix Standard with Ads; Amazon Video (rent); Apple TV (rent); Google Play Movies (rent); YouTube (rent); Fandango At Home (rent); Spectrum On Demand (rent); Plex (rent); Amazon Video (buy); Apple TV (buy); Google Play Movies (buy); YouTube (buy); Fandango At Home (buy),Mandarin; English; Japanese,Canada; Hong Kong; United States of America,,2025-09-25T17:31:19
Mike and Dave Need Wedding Dates,2016,tt2823054,316023,98,"Mike and Dave are young, adventurous, fun-loving brothers who tend to get out of control at family gatherings. When their sister Jeanie reveals her Hawaiian wedding plans, the rest of the Stangles insist that the brothers bring respectable dates. After placing an ad on Craigslist, the siblings decide to pick Tatiana and Alice, two charming and seemingly normal women. Once they arrive on the island, however, Mike and Dave realize that their companions are ready to get wild and party.",https://image.tmdb.org/t/p/w500/alWBdyvXf1LSixnn1IfID5HMtLx.jpg,https://image.tmdb.org/t/p/w780/34JI0eaPPC4vcLnTdXYqsMr4gAY.jpg,Comedy,,hawaii; wedding; wedding date; satirical; joyous; ambiguous; amused; antagonistic; disheartening; dubious; sarcastic,,,,Amazon Video (rent); Apple TV (rent); Google Play Movies (rent); YouTube (rent); Fandango At Home (rent); Amazon Video (buy); Apple TV (buy); Google Play Movies (buy); YouTube (buy); Fandango At Home (buy),English,United States of America,,2025-09-25T17:31:20
Minions,2015,tt2293640,211672,91,"Minions Stuart, Kevin and Bob are recruited by Scarlet Overkill, a super-villain who, alongside her inventor husband Herb, hatches a plot to take over the world.",https://image.tmdb.org/t/p/w500/dr02BdCNAUPVU07aOodwPYv6HCf.jpg,https://image.tmdb.org/t/p/w780/wKrxeY6lbu7KFBsWVcMH6M8avwr.jpg,Family; Animation; Adventure; Comedy; Adventure | Animation | Comedy | Family,,assistant; villain; prequel; aftercreditsstinger; duringcreditsstinger; evil mastermind; supervillain; illumination; amused; joyful,,,,Netflix; Netflix Standard with Ads; Amazon Video (rent); Apple TV (rent); Google Play Movies (rent); YouTube (rent); Fandango At Home (rent); Amazon Video (buy); Apple TV (buy); Google Play Movies (buy); YouTube (buy); Fandango At Home (buy),English,United States of America,Minions Collection,2025-09-25T17:31:20
Misery,1990,tt0100157,1700,107,"After an accident, acclaimed novelist Paul Sheldon is rescued by a nurse who claims to be his biggest fan.  Her obsession takes a dark turn when she holds him captive in her remote Colorado home and forces him to write back to life the popular literary character he killed off.",https://image.tmdb.org/t/p/w500/23Y65uWaVMpqfbZTN3CT0aei4D5.jpg,https://image.tmdb.org/t/p/w780/rUAn3Ul1tL7JXMjZ951UOI3F0UA.jpg,Drama; Thriller; Drama | Thriller,,based on novel or book; nurse; psychopath; colorado; car crash; author; slasher; psychological thriller; torture; obsessed fan; blizzard; bedridden; psycho; lunatic; female psychopath; claustrophobic; abducted; obssesive fan; rural setting; crazy; kidnapped; authoritarian; fight for survival; nutcase; escritor,,,,HBO Max; HBO Max Amazon Channel; AMC+ Amazon Channel; AMC; Spectrum On Demand (rent); Amazon Video (buy); Apple TV (buy); Google Play Movies (buy); YouTube (buy); Fandango At Home (buy),English,United States of America,,2025-09-25T17:31:20
Miss Congeniality,2000,tt0212346,1493,111,"When the local FBI office receives a letter from a terrorist known only as 'The Citizen', it's quickly determined that he's planning his next act at the Miss America beauty pageant. Because tough-as-nails Gracie Hart is the only female Agent at the office, she's chosen to go undercover as the contestant from New Jersey.",https://image.tmdb.org/t/p/w500/pat3vKaRlB70he4ghwTMydR4TvP.jpg,https://image.tmdb.org/t/p/w780/iM7MA12WiiErwo3UKhY3ytH8SUx.jpg,Comedy; Crime; Action; Action | Comedy | Crime,,"undercover agent; investigation; beauty contest; talent show; fish out of water; terrorism; surveillance; san antonio, texas; beauty standards; beauty queen",,,,Peacock Premium; Peacock Premium Plus; Amazon Video (rent); Apple TV (rent); Google Play Movies (rent); YouTube (rent); Fandango At Home (rent); Spectrum On Demand (rent); Plex (rent); Amazon Video (buy); Apple TV (buy); Google Play Movies (buy); YouTube (buy); Fandango At Home (buy),English; Spanish; French; Russian,United States of America,Miss Congeniality Collection,2025-09-25T17:31:21
Miss Congeniality 2: Armed and Fabulous,2005,tt0385307,10040,115,"After her triumph at the Miss United States pageant, FBI agent Gracie Hart becomes an overnight sensation -- and the new ""face of the FBI"". But it's time to spring into action again when the pageant's winner, Cheryl, and emcee, Stan, are abducted.",https://image.tmdb.org/t/p/w500/gcYoIHND3ugn2VH1cNHHNQasEyI.jpg,https://image.tmdb.org/t/p/w780/2UYxVugjbaPHH5f3cEQveufe75Y.jpg,Action; Comedy; Action | Comedy,,ship; undercover agent; ransom; drag queen; fbi; press conference; sequel; miss america; office politics; buddy cop; representation; abandonment,,,,Peacock Premium; Peacock Premium Plus; Amazon Video (rent); Apple TV (rent); Google Play Movies (rent); YouTube (rent); Fandango At Home (rent); Amazon Video (buy); Apple TV (buy); Google Play Movies (buy); YouTube (buy); Fandango At Home (buy),English,United States of America,Miss Congeniality Collection,2025-09-25T17:31:21
Missing Link,2019,tt6348138,458253,93,"The charismatic Sir Lionel Frost considers himself to be the world's foremost investigator of myths and monsters. Trouble is, none of his small-minded, high-society peers seems to recognize this. Hoping to finally gain acceptance from these fellow adventurers, Sir Lionel travels to the Pacific Northwest to prove the existence of a legendary creature known as the missing link.",https://image.tmdb.org/t/p/w500/bqQ38oKuROlAgyZcRII9tqtoPNi.jpg,https://image.tmdb.org/t/p/w780/l36ekUEEDLMAuL0YAU2Qxfq1i6X.jpg,Family; Animation; Comedy; Adventure; Adventure | Animation | Comedy | Family,,himalaya mountain range; bigfoot; yeti; stop motion; cryptozoology; loch ness monster; shangri la; 19th century; sasquatch; amused; assertive,,,,MovieSphere+ Amazon Channel; The Roku Channel; Tubi TV; Hoopla; Plex Channel; Amazon Video (rent); Apple TV (rent); Google Play Movies (rent); YouTube (rent); Apple TV (buy); Fandango At Home (buy),English,United States of America,,2025-09-25T17:31:21
Mission: Impossible - Fallout,2018,tt4912910,353081,147,"When an IMF mission ends badly, the world is faced with dire consequences. As Ethan Hunt takes it upon himself to fulfill his original briefing, the CIA begin to question his loyalty and his motives. The IMF team find themselves in a race against time, hunted by assassins while trying to prevent a global catastrophe.",https://image.tmdb.org/t/p/w500/AkJQpZp9WoNdj7pLYSj1L0RcMMN.jpg,https://image.tmdb.org/t/p/w780/3IzR3VhZAyhxVnuRRUHFLkfK4hT.jpg,Action; Adventure; Action | Adventure,,"mask; race against time; london, england; central intelligence agency (cia); helicopter; paris, france; plutonium; chase; gun; spy; countdown; fake identity; stunt; fistfight; double agent; norway; sequel; infiltration; mi6; motorcycle; killer; bomb remote detonator; nuclear weapons; handgun; fictional government agency; hand to hand combat; motorcycle chase; government agency; kashmir; french police; helicopter chase; based on tv series; secret government agency; action; terrorist; cia",,,,Paramount Plus; Paramount+ Amazon Channel; Paramount+ Roku Premium Channel; YouTube TV; FXNow; Amazon Video (rent); Apple TV (rent); Google Play Movies (rent); YouTube (rent); Fandango At Home (rent); Plex (rent); Amazon Video (buy); Apple TV (buy); Google Play Movies (buy); YouTube (buy); Fandango At Home (buy),English; French,United States of America,Mission: Impossible Collection,2025-09-25T17:31:22
Mission: Impossible - Ghost Protocol,2011,tt1229238,56292,133,"Ethan Hunt and his team are racing against time to track down a dangerous terrorist named Hendricks, who has gained access to Russian nuclear launch codes and is planning a strike on the United States. An attempt to stop him ends in an explosion causing severe destruction to the Kremlin and the IMF to be implicated in the bombing, forcing the President to disavow them. No longer being aided by the government, Ethan and his team chase Hendricks around the globe, although they might still be too late to stop a disaster.",https://image.tmdb.org/t/p/w500/psiWp3VTjznfokmGQG9uqiiknQQ.jpg,https://image.tmdb.org/t/p/w780/hqyjzDRCs1N5gEsh2gklzPdsEFD.jpg,Action; Thriller; Adventure; Action | Adventure | Thriller,,"mask; assassin; budapest, hungary; skyscraper; secret intelligence service; sandstorm; seattle, washington; satellite; fake identity; mumbai (bombay), india; car crash; sequel; prison escape; dubai; infiltration; billionaire; terrorism; disguise; bombing; jet; nuclear threat; undercover operation; fictional government agency; moscow, russia; field agent; clandestine; analyst; government agency; nuclear submarine; kremlin; disavowed; based on tv series; secret government agency; suspenseful; nuclear launch codes; burj khalifa; scaling a building; amused",,,,Netflix; Paramount Plus; Paramount+ Amazon Channel; Paramount+ Roku Premium Channel; MGM Plus; Netflix Standard with Ads; Pluto TV; Kanopy; Hoopla; Amazon Video (rent); Apple TV (rent); Google Play Movies (rent); YouTube (rent); Fandango At Home (rent); Spectrum On Demand (rent); Plex (rent); Amazon Video (buy); Apple TV (buy); Google Play Movies (buy); YouTube (buy); Fandango At Home (buy),English; Russian; French; Arabic; Swedish,United States of America,Mission: Impossible Collection,2025-09-25T17:31:22
Mission: Impossible - Rogue Nation,2015,tt2381249,177677,131,"Ethan and team take on their most impossible mission yet—eradicating 'The Syndicate', an International and highly-skilled rogue organization committed to destroying the IMF.",https://image.tmdb.org/t/p/w500/jwqL7croP7JMVfz0l9o7V4yJsJO.jpg,https://image.tmdb.org/t/p/w780/ki5RnA0xNOEd3R0RohXqJt9R6Om.jpg,Action; Adventure; Action | Adventure,,"mask; mission; assassin; london, england; spy; morocco; villain; fake identity; austria; europe; double agent; sequel; conspiracy; infiltration; mi6; mole; vienna, austria; british prime minister; vienna opera; fictional government agency; british intelligence; government agency; based on tv series; secret government agency",,,,Netflix; Paramount Plus; Paramount+ Amazon Channel; Paramount+ Roku Premium Channel; Netflix Standard with Ads; Pluto TV; Kanopy; Hoopla; Amazon Video (rent); Apple TV (rent); Google Play Movies (rent); YouTube (rent); Fandango At Home (rent); Spectrum On Demand (rent); Plex (rent); Amazon Video (buy); Apple TV (buy); Google Play Movies (buy); YouTube (buy); Fandango At Home (buy),German; English; Swedish,United States of America,Mission: Impossible Collection,2025-09-25T17:31:22
Monster Hunter,2020,tt6475714,458576,103,"A portal transports Cpt. Artemis and an elite unit of soldiers to a strange world where powerful monsters rule with deadly ferocity. Faced with relentless danger, the team encounters a mysterious hunter who may be their only hope to find a way home.",https://image.tmdb.org/t/p/w500/1UCOF11QCw8kcqvce8LKOO6pimh.jpg,https://image.tmdb.org/t/p/w780/8tNX8s3j1O0eqilOQkuroRLyOZA.jpg,Action; Fantasy; Adventure; Action | Adventure | Fantasy,,giant monster; female soldier; another dimension; bow and arrow; based on video game; swordswoman; dimensional travel; somber; ambiguous; bold; exuberant; objective; vibrant,,,,Hulu; fuboTV; Starz Apple TV Channel; YouTube TV; Amazon Video (rent); Apple TV (rent); Google Play Movies (rent); YouTube (rent); Fandango At Home (rent); Amazon Video (buy); Apple TV (buy); Google Play Movies (buy); YouTube (buy); Fandango At Home (buy),English,China; Germany; Japan; Canada,,2025-09-25T17:31:23
"Monsters, Inc.",2001,tt0198781,585,92,"Lovable Sulley and his wisecracking sidekick Mike Wazowski are the top scare team at Monsters, Inc., the scream-processing factory in Monstropolis. When a little girl named Boo wanders into their world, it's the monsters who are scared silly, and it's up to Sulley and Mike to keep her out of sight and get her back home.",https://image.tmdb.org/t/p/w500/wFSpyMsp7H0ttERbxY7Trlv8xry.jpg,https://image.tmdb.org/t/p/w780/sDTnMOJ3H5wI38OxObmCtK7wfd5.jpg,Animation; Comedy; Family; Animation | Comedy | Family,,monster; panic; cheating; kidnapping; door; infant; villain; portal; rivalry; energy supply; friends; hijinks; best friend; chameleon; family; parallel world; conveyor belt; duringcreditsstinger; villain arrested; invisibility; energy company; conspirators,,,,Disney Plus; Amazon Video (rent); Apple TV (rent); Google Play Movies (rent); YouTube (rent); Fandango At Home (rent); Amazon Video (buy); Apple TV (buy); Google Play Movies (buy); YouTube (buy); Fandango At Home (buy),English,United States of America,"Monsters, Inc. Collection",2025-09-25T17:31:23
Moon,2009,tt1182345,17431,97,"With only three weeks left in his three-year contract, Sam Bell is getting anxious to finally return to Earth. He is the only occupant of a Moon-based manufacturing facility along with his computer and assistant, GERTY. When he has an accident however, he awakens to find that he is not alone.",https://image.tmdb.org/t/p/w500/mnYLkS2NB6676Whpl5VKU3J7oc7.jpg,https://image.tmdb.org/t/p/w780/7by1GIdmBJFHKDz1XJWXCmOztmK.jpg,Science Fiction; Drama; Drama | Science Fiction,,future; moon; artificial intelligence (a.i.); isolation; dystopia; space; moon base; psychological thriller; human clone; lunar mission; corporate conspiracy; existential crisis; intense,,,,Xumo Play; Amazon Video (rent); Apple TV (rent); Google Play Movies (rent); YouTube (rent); Fandango At Home (rent); Amazon Video (buy); Apple TV (buy); Google Play Movies (buy); YouTube (buy); Fandango At Home (buy),Spanish; English,United Kingdom; United States of America,Moon Collection,2025-09-25T17:31:23
Mr. & Mrs. Smith,2005,tt0356910,787,119,"A husband and wife struggle to keep their marriage alive until they realize they are both secretly working as assassins. Now, their respective assignments require them to kill each other.",https://image.tmdb.org/t/p/w500/kjD700RtyhveN3ZbOnSvUSne0Qj.jpg,https://image.tmdb.org/t/p/w780/2YJOXPl4QtCskixYA58ToyCXEW0.jpg,Action; Comedy; Drama; Thriller; Crime,,assassin; bomb; hitman; marriage crisis; gun; secret identity; married couple; assault rifle; marriage; decoy; secret agent; dysfunctional marriage; gunfight; bullet wound; apologetic; excited,,,,Amazon Video (rent); Apple TV (rent); Google Play Movies (rent); YouTube (rent); Fandango At Home (rent); Amazon Video (buy); Apple TV (buy); Google Play Movies (buy); YouTube (buy); Fandango At Home (buy),English; Spanish,Switzerland; United States of America,,2025-09-25T17:31:24
Mrs. Doubtfire,1993,tt0107614,788,125,"Loving but irresponsible dad Daniel Hillard, estranged from his exasperated spouse, is crushed by a court order allowing only weekly visits with his kids. When Daniel learns his ex needs a housekeeper, he gets the job -- disguised as a British nanny. Soon he becomes not only his children's best pal but the kind of parent he should have been from the start.",https://image.tmdb.org/t/p/w500/shHrSmXS5140o6sQzgzXxn3KqSm.jpg,https://image.tmdb.org/t/p/w780/sTgavNm82pTaZR9U2NQZ1J2FrJz.jpg,Comedy; Drama; Family; Comedy | Drama | Family,,"mask; parent child relationship; san francisco, california; social worker; transvestite; nanny; restaurant; fake identity; custody battle; responsibility; voice acting; divorced couple",,,,Disney Plus; Hulu; fuboTV; Amazon Video (rent); Apple TV (rent); Google Play Movies (rent); YouTube (rent); Fandango At Home (rent); Amazon Video (buy); Apple TV (buy); Google Play Movies (buy); YouTube (buy); Fandango At Home (buy),English,United States of America,,2025-09-25T17:31:24
Mud,2013,tt1935179,103731,130,Two teenage boys find a fugitive hiding out on an island in the Mississippi River and help him reunite with his lover and escape an avenging family and their armed posse.,https://image.tmdb.org/t/p/w500/o2jT5jQdKh1HAF0fMKuGwBOwOYB.jpg,https://image.tmdb.org/t/p/w780/1nV6ZCqOFmwRaRKYcU5vHkmQkra.jpg,Drama,,sniper; friendship; bounty hunter; snake; mississippi river; river; houseboat; motel; arkansas; coming of age; fugitive; gun battle; teenage boy; snake bite; riverboat; marksman; wanted man; true love; meant for each other; assassination team; tattoed woman; teenage protagonist; avenging father; shirt; disillusioned youth; boat repair; parents separating; gun death; brotherly revenge; light adventure; helping a fugitive,,,,fuboTV; Starz Apple TV Channel; MovieSphere+ Amazon Channel; Tubi TV; Kanopy; Plex; Plex Channel; Fawesome; Amazon Video (rent); Apple TV (rent); Google Play Movies (rent); YouTube (rent); Fandango At Home (rent); Spectrum On Demand (rent); Amazon Video (buy); Apple TV (buy); Google Play Movies (buy); YouTube (buy); Fandango At Home (buy),English,United States of America,,2025-09-25T17:31:24
Murder On the Orient Express,2017,tt3402236,392044,114,Genius Belgian detective Hercule Poirot investigates the murder of an American tycoon aboard the Orient Express train.,https://image.tmdb.org/t/p/w500/7GtdJU6iAg6fjQu3E3zta3bIAQh.jpg,https://image.tmdb.org/t/p/w780/2J283YNxKhxAqHeVegUJ5mzLfGb.jpg,Mystery; Drama; Crime; Crime | Drama | Mystery,,"princess; based on novel or book; venice, italy; professor; detective; investigation; orient express; knife; europe; remake; murder; snow; whodunit; train; stabbing; alps mountains; murder mystery; 1930s; steam train; istanbul",,,,Amazon Prime Video; Amazon Prime Video with Ads; Amazon Video (rent); Apple TV (rent); Google Play Movies (rent); YouTube (rent); Fandango At Home (rent); Amazon Video (buy); Apple TV (buy); Google Play Movies (buy); YouTube (buy); Fandango At Home (buy),Turkish; German; French; English; Arabic,United States of America,Hercule Poirot (Kenneth Branagh) Collection,2025-09-25T17:31:24
My Big Fat Greek Wedding,2002,tt0259446,8346,95,A young Greek woman falls in love with a non-Greek and struggles to get her family to accept him while she comes to terms with her heritage and cultural identity.,https://image.tmdb.org/t/p/w500/ztc05ym0T3stnBpRHdxEs3Zwsmp.jpg,https://image.tmdb.org/t/p/w780/3d8Y4q172YFp2obUdfMjyErB7eU.jpg,Comedy; Drama; Romance; Comedy | Drama | Romance,,parent child relationship; culture clash; midlife crisis; greece; bad mother-in-law; mother-in-law; restaurant; parents-in-law; bad father-in-law; son-in-law; father-in-law; patriarch; greek; wedding; family; xenophobia,,,,HBO Max; HBO Max Amazon Channel; Amazon Video (rent); Apple TV (rent); Google Play Movies (rent); YouTube (rent); Fandango At Home (rent); Amazon Video (buy); Apple TV (buy); Google Play Movies (buy); YouTube (buy); Fandango At Home (buy),Greek; English,Canada; United States of America,My Big Fat Greek Wedding Collection,2025-09-25T17:31:25
My Big Fat Greek Wedding 2,2016,tt3760922,302688,94,"The continuing adventures of the Portokalos family. A follow-up to the 2002 comedy, ""My Big Fat Greek Wedding.""",https://image.tmdb.org/t/p/w500/lfPqApnLVPsYfdbpSHNnHIxTdmd.jpg,https://image.tmdb.org/t/p/w780/ur8KwyzeUzOKSY5H8loqMSsmHS7.jpg,Romance; Comedy; Comedy | Romance,,married couple; greece; greek; sequel; wedding; family problems; meddling parents; close-knit family,,,,Netflix; Netflix Standard with Ads; Amazon Video (rent); Apple TV (rent); Google Play Movies (rent); YouTube (rent); Fandango At Home (rent); Amazon Video (buy); Apple TV (buy); Google Play Movies (buy); YouTube (buy); Fandango At Home (buy),English; Greek,Canada; United States of America,My Big Fat Greek Wedding Collection,2025-09-25T17:31:25
My Cousin Vinny,1992,tt0104952,10377,120,"Two carefree pals from Brooklyn traveling through rural Alabama on their way back to college are mistakenly arrested, and charged with murder. Fortunately, one of them has a cousin who's a lawyer - Vincent Gambini, a former auto mechanic from Brooklyn who just passed his bar exam after his sixth try. When he arrives with his leather-clad girlfriend, to try his first case, it's a real shock - for him and the Deep South!",https://image.tmdb.org/t/p/w500/iwSURa8nS2ujwrU3s1lfxxX7voH.jpg,https://image.tmdb.org/t/p/w780/uEoaOfvWibpvjBNxFoj4MxWn0OH.jpg,Comedy; Drama,,prison; small town; court case; court; southern usa; alabama; suspicion; cousin; lawyer; fish out of water; convenience store robbery; courtroom; defense attorney; wrongful arrest; expert witness; nostalgic; curious; murder suspect; engaged couple; courtroom drama; unassuming; ironic; best friends; deep south; joyous; understated; absurd; hilarious; amused; cheerful; joyful,,,,Amazon Video (rent); Apple TV (rent); Google Play Movies (rent); YouTube (rent); Fandango At Home (rent); Amazon Video (buy); Apple TV (buy); Google Play Movies (buy); YouTube (buy); Fandango At Home (buy),English,United States of America,,2025-09-25T17:31:25
My Fair Lady,1964,tt0058385,11113,170,A snobbish phonetics professor agrees to a wager that he can take a flower girl and make her presentable in high society.,https://image.tmdb.org/t/p/w500/bTXVc29lGSNclf94VIZ49W4gGKl.jpg,https://image.tmdb.org/t/p/w780/xMoQjqa3JUc2unO4nF9PmM1JTQu.jpg,Music; Comedy; Romance; Comedy | Music | Romance,,transformation; musical; flower girl; colonel; suitor; wager; class differences; tutor; aristocrat; linguist; high society; misogynist; guttersnipe; class prejudice; opposites attract; pygmalion,,,,Amazon Video (rent); Apple TV (rent); Google Play Movies (rent); YouTube (rent); Fandango At Home (rent); Plex (rent); Amazon Video (buy); Apple TV (buy); Google Play Movies (buy); YouTube (buy); Fandango At Home (buy),English,United States of America,,2025-09-25T17:31:26
National Lampoon's Christmas Vacation,1989,tt0097958,5825,97,"It's Christmastime, and the Griswolds are preparing for a family seasonal celebration. But things never run smoothly for Clark, his wife Ellen, and their two kids. Clark's continual bad luck is worsened by his obnoxious family guests, but he manages to keep going, knowing that his Christmas bonus is due soon.",https://image.tmdb.org/t/p/w500/oat42hUw8XzKYUmfy0YLAxYd484.jpg,https://image.tmdb.org/t/p/w780/klH8ti8LUaEhktnjdHb1RW8Yq6w.jpg,Comedy,,squirrel; holiday; boss; rottweiler; christmas tree; family dinner; neighbor; domestic life; fantasy sequence; lights; christmas; christmas bonus; jello; xmas eve,,,,Amazon Video (rent); Apple TV (rent); Google Play Movies (rent); YouTube (rent); Fandango At Home (rent); Plex (rent); Amazon Video (buy); Apple TV (buy); Google Play Movies (buy); YouTube (buy); Fandango At Home (buy),English,United States of America,National Lampoon's Vacation Collection,2025-09-25T17:31:26
Needful Things,1993,tt0107665,10657,120,"A mysterious new shop opens in a small town which always seems to stock the deepest desires of each shopper, with a price far heavier than expected.",https://image.tmdb.org/t/p/w500/9RxE6kd1ky4689WxqX6CHEpIWya.jpg,https://image.tmdb.org/t/p/w780/cFm73y9i3ijvlQIgp5o1vzRVHQv.jpg,Drama; Horror; Drama | Horror,,small town; sheriff; based on novel or book; pain; strangeness; manipulation; malice; prank; devil; desire; occult,,,,Amazon Video (rent); Amazon Video (buy); Apple TV (buy); Google Play Movies (buy); YouTube (buy); Fandango At Home (buy),English,United States of America,,2025-09-25T17:31:26
Neighbors,1920,tt0011508,51358,18,The Romeo and Juliet story played out in a tenement neighborhood with Buster and Virginia's families hating each other over the fence separating their buildings.,https://image.tmdb.org/t/p/w500/k1UjHdeHAIS3vlgmdiwP5ITKVu5.jpg,https://image.tmdb.org/t/p/w780/pwbWZ7nyseuTvZ7jjSkizrpBn2h.jpg,Comedy; Romance; Comedy | Romance,,marriage proposal; judge; baseball; wedding ring; belt; wedding ceremony; silent film; police arrest; impossible love; wedding day; short film,,,,Kanopy; Public Domain Movies,No Language,United States of America,,2025-09-25T17:31:27
Neighbors 2: Sorority Rising,2016,tt4438848,325133,92,A sorority moves in next door to the home of Mac and Kelly Radner who have a young child. The Radner's enlist their former nemeses from the fraternity to help battle the raucous sisters.,https://image.tmdb.org/t/p/w500/eyjcLLwxuRXACbglIbwWwaXK9DN.jpg,https://image.tmdb.org/t/p/w780/zgckZ4VZM4UoZlwVS1Dk8mPwqiZ.jpg,Comedy,,alcohol; college; sequel; sorority; neighbor; family; fraternity; bathroom humor,,,,HBO Max; HBO Max Amazon Channel; Amazon Video (rent); Apple TV (rent); Google Play Movies (rent); YouTube (rent); Fandango At Home (rent); Amazon Video (buy); Apple TV (buy); Google Play Movies (buy); YouTube (buy); Fandango At Home (buy),English,United States of America,Neighbors Collection,2025-09-25T17:31:27
Night At the Museum: Secret of the Tomb,2014,tt2692250,181533,98,"When the magic powers of The Tablet of Ahkmenrah begin to die out, Larry Daley spans the globe, uniting favorite and new characters while embarking on an epic quest to save the magic before it is gone forever.",https://image.tmdb.org/t/p/w500/xwgy305K6qDs3D20xUO4OZu1HPY.jpg,https://image.tmdb.org/t/p/w780/taC97dzVlFBl0vWzmp6PCBWOQtM.jpg,Adventure; Comedy; Fantasy; Family; Adventure | Comedy | Family | Fantasy,,night watchman; museum; natural history; smithsonian,,,,Disney Plus; Hulu; Amazon Video (rent); Apple TV (rent); Google Play Movies (rent); YouTube (rent); Fandango At Home (rent); Amazon Video (buy); Apple TV (buy); Google Play Movies (buy); YouTube (buy); Fandango At Home (buy),English,United Kingdom; United States of America,Night at the Museum Collection,2025-09-25T17:31:27
Nightcrawler,2014,tt2872718,242582,118,"When Lou Bloom, desperate for work, muscles into the world of L.A. crime journalism, he blurs the line between observer and participant to become the star of his own story. Aiding him in his effort is Nina, a TV-news veteran.",https://image.tmdb.org/t/p/w500/j9HrX8f7GbZQm1BrBiR40uFQZSb.jpg,https://image.tmdb.org/t/p/w780/yFPaqqXMGsdOKit3fsAJ9tqPJRP.jpg,Crime; Drama; Thriller; Crime | Drama | Thriller,,"underground; psychopath; journalism; job interview; cynicism; sociopath; murder; serial killer; crime scene; psychological thriller; los angeles, california; home invasion; stakeout; newsreel footage; character study; neo-noir; ethics; stringer; police scanner; news business",,,,Tubi TV; Kanopy; Amazon Video (rent); Apple TV (rent); YouTube (rent); Fandango At Home (rent); Amazon Video (buy); Apple TV (buy); Google Play Movies (buy); YouTube (buy); Fandango At Home (buy),English,United States of America,,2025-09-25T17:31:28
No Country for Old Men,2007,tt0477348,6977,122,"Llewelyn Moss stumbles upon dead bodies, $2 million and a hoard of heroin in a Texas desert, but methodical killer Anton Chigurh comes looking for it, with local sheriff Ed Tom Bell hot on his trail. The roles of prey and predator blur as the violent pursuit of money and justice collide.",https://image.tmdb.org/t/p/w500/6d5XOczc226jECq0LIX0siKtgHR.jpg,https://image.tmdb.org/t/p/w780/mkXwF7FFWpf2dkOGCzQoeWX7M6R.jpg,Crime; Thriller; Western; Crime | Drama | Thriller,,vietnam veteran; sheriff; trailer park; based on novel or book; hitman; psychopath; drug trafficking; texas; motel; usa–mexico border; drug cartel; fate; desert; modern-day western; neo-western; tracking device; cold blooded killer; motel room; cartel; neo-noir; 1980s; mexican cartel; drug deal; coin toss; human nature; captive bolt gun; western noir; horror western; faithful adaptation,,,,Amazon Prime Video; Amazon Prime Video with Ads; Kanopy; Amazon Video (rent); Apple TV (rent); Google Play Movies (rent); YouTube (rent); Fandango At Home (rent); Amazon Video (buy); Apple TV (buy); Google Play Movies (buy); YouTube (buy); Fandango At Home (buy),English; Spanish,United States of America,,2025-09-25T17:31:28
No Hard Feelings,2023,tt15671028,884605,104,"On the brink of losing her childhood home, Maddie discovers an intriguing job listing: wealthy helicopter parents looking for someone to “date” their introverted 19-year-old son, Percy, before he leaves for college. To her surprise, Maddie soon discovers the awkward Percy is no sure thing.",https://image.tmdb.org/t/p/w500/gD72DhJ7NbfxvtxGiAzLaa0xaoj.jpg,https://image.tmdb.org/t/p/w780/rRcNmiH55Tz0ugUsDUGmj8Bsa4V.jpg,Comedy; Romance; Comedy | Romance,,friendship; older woman seduces younger guy; romcom; summer; new york state; teen comedy; hometown; bankruptcy; craigslist; animal shelter; socially awkward; uber; late coming of age; nude swimming; graduation party; helicopter parenting,,,,Hulu; fuboTV; YouTube TV; Amazon Video (rent); Apple TV (rent); Google Play Movies (rent); YouTube (rent); Fandango At Home (rent); Spectrum On Demand (rent); Amazon Video (buy); Apple TV (buy); Google Play Movies (buy); YouTube (buy); Fandango At Home (buy),English; Portuguese; Spanish,United States of America,,2025-09-25T17:31:28
No Strings Attached,2011,tt1411238,41630,107,"Emma is a busy doctor who sets up a seemingly perfect arrangement when she offers her best friend Adam a relationship with one rule: No strings attached. But when a fling becomes a thing, can sex friends stay best friends?",https://image.tmdb.org/t/p/w500/9C09L1U9S13J4Ut029Qhu0oLcTQ.jpg,https://image.tmdb.org/t/p/w780/rSEfKLHDZKiMQWsyJIfKr9D0CaC.jpg,Comedy; Romance; Comedy | Romance,,parent child relationship; casual meeting; sexual humor; student of medicine; friends; open relationship; best friend; valentine's day; casual sex; friends in love; duringcreditsstinger; fling; father son conflict,,,,Hoopla; Amazon Video (rent); Apple TV (rent); Google Play Movies (rent); YouTube (rent); Fandango At Home (rent); Spectrum On Demand (rent); Amazon Video (buy); Apple TV (buy); Google Play Movies (buy); YouTube (buy); Fandango At Home (buy),English,United States of America,,2025-09-25T17:31:28
Noah,2014,tt1959490,86834,138,A man who suffers visions of an apocalyptic deluge takes measures to protect his family from the coming flood.,https://image.tmdb.org/t/p/w500/9ftKmR9dXmI4aSJJikXNWHNSDq3.jpg,https://image.tmdb.org/t/p/w780/5z75Q6nqgwgYfpMB9fVHQcw9gMz.jpg,Drama; Adventure; Adventure | Drama,,genesis; fairy tale; bible; god; apocalypse; flood; old testament; noah; noah's ark; apologetic; condescending; biblical epic,,,,Hoopla; Amazon Video (rent); Apple TV (rent); Google Play Movies (rent); YouTube (rent); Fandango At Home (rent); Plex (rent); Amazon Video (buy); Apple TV (buy); Google Play Movies (buy); YouTube (buy); Fandango At Home (buy),English,United States of America,,2025-09-25T17:31:29
Non-Stop,2015,tt3065978,344464,85,"""Bucharest Non-Stop"" is a feature film that tells the story of a neighborhood of Bucharest. More specifically, the film is a night of non-stop life of a store located in a neighborhood blocks. Four drive four different stories linked by a key figure, Achim, known as ""the boy from non-stop"", played by George Ifrim. The film wants to convey the story of ordinary people in extraordinary situations.",https://image.tmdb.org/t/p/w500/e2FaXRuMmyKFQJWMMJvb4xHTvgC.jpg,https://image.tmdb.org/t/p/w780/2ta46RLB8lxz7Mzp91M71F09yA8.jpg,Comedy; Drama; Comedy | Drama,,,,,,,Romanian,Romania,,2025-09-25T17:31:29
Nope,2022,tt10954984,762504,130,"Residents in a lonely gulch of inland California bear witness to an uncanny, chilling discovery.",https://image.tmdb.org/t/p/w500/AcKVlWaNVVVFQwro3nLXqPljcYA.jpg,https://image.tmdb.org/t/p/w780/5N8LOeRzt7LcZIhPbNVaCsVOPdT.jpg,Horror; Science Fiction; Thriller; Horror | Science Fiction | Thriller,,california; horse; exploitation; video surveillance; death of father; alien; ufo; social commentary; alien invasion; child star; chimpanzee; alien contact; aftercreditsstinger; horse farm; mysterious; african american man; racial issues; brother sister relationship; psychological horror; sci-fi horror,,,,Peacock Premium; Starz Apple TV Channel; YouTube TV; Peacock Premium Plus; Fandango at Home Free; Amazon Video (rent); Apple TV (rent); Google Play Movies (rent); YouTube (rent); Fandango At Home (rent); Spectrum On Demand (rent); Amazon Video (buy); Apple TV (buy); Google Play Movies (buy); YouTube (buy); Fandango At Home (buy),Spanish; English; Portuguese,United States of America,,2025-09-25T17:31:29
Norm of the North,2018,tt7913394,545963,91,"When Norm returns to New York, he is falsely accused of a crime and must work with his pals to get the case dismissed while also protecting his kingdom in a winner-take-all hockey tournament.",https://image.tmdb.org/t/p/w500/fJNOVMY6UqO8yoZge0odKpeNU8m.jpg,https://image.tmdb.org/t/p/w780/nvp54siZbqpckAAkVShnhLyZhgS.jpg,Animation; Comedy; Family; Animation | Comedy | Family,,kingdom; polar bear; anthropomorphism; confusion,,,,MovieSphere+ Amazon Channel; Plex; Plex Channel; Amazon Video (rent); Apple TV (rent); Google Play Movies (rent); YouTube (rent); Fandango At Home (rent); Amazon Video (buy); Apple TV (buy); Google Play Movies (buy); YouTube (buy); Fandango At Home (buy),English,India; United States of America,Norm of the North Collection,2025-09-25T17:31:30
Now You See Me,2013,tt1670345,75656,116,An FBI agent and an Interpol detective track a team of illusionists who pull off bank heists during their performances and reward their audiences with the money.,https://image.tmdb.org/t/p/w500/tWsNYbrqy1p1w6K9zRk0mSchztT.jpg,https://image.tmdb.org/t/p/w780/xEY0MV2jSQBz9iOJfCFvLTiPGMA.jpg,Thriller; Crime; Crime | Thriller,,"new york city; paris, france; escape; magic; bank; fbi; vault; new orleans, louisiana; investigation; heist; money; conspiracy; las vegas; magician; tense; awestruck; excited; elaborate deception",,,,Netflix; Netflix Standard with Ads; Amazon Video (rent); Apple TV (rent); Google Play Movies (rent); YouTube (rent); Fandango At Home (rent); Plex (rent); Amazon Video (buy); Apple TV (buy); Google Play Movies (buy); YouTube (buy); Fandango At Home (buy),French; English,United States of America; France,Now You See Me Collection,2025-09-25T17:31:30
Now You See Me 2,2016,tt3110958,291805,129,"One year after outwitting the FBI and winning the public’s adulation with their mind-bending spectacles, the Four Horsemen resurface only to find themselves face to face with a new enemy who enlists them to pull off their most dangerous heist yet.",https://image.tmdb.org/t/p/w500/A81kDB6a1K86YLlcOtZB27jriJh.jpg,https://image.tmdb.org/t/p/w780/oFQilRMEq6yQbtMPxIYWpXeQ5ZN.jpg,Thriller; Crime; Crime | Thriller,,prison; new york city; magic; kidnapping; fbi; card trick; secret society; hypnosis; illusion; twin brother; heist; revenge; vigilante; on the run; fake death; macau; curious; perception; illusionist; secrecy; illusionism; debunker; sleight of hand; fbi agent,,,,Netflix; Netflix Standard with Ads; Amazon Video (rent); Apple TV (rent); Google Play Movies (rent); YouTube (rent); Fandango At Home (rent); Amazon Video (buy); Apple TV (buy); Google Play Movies (buy); YouTube (buy); Fandango At Home (buy),Cantonese; Mandarin; English,Hong Kong; United States of America,Now You See Me Collection,2025-09-25T17:31:30
"O Brother, Where Art Thou?",2000,tt0190590,134,107,"In the deep south during the 1930s, three escaped convicts search for hidden treasure while a relentless lawman pursues them.",https://image.tmdb.org/t/p/w500/s9foMAcLg8GEzzQzer04qOGdD1k.jpg,https://image.tmdb.org/t/p/w780/rbsm633lnt3hKHEpk7FOt3dy82a.jpg,Adventure; Comedy; Crime; Adventure | Comedy | Crime,,music record; country music; based on novel or book; prophecy; southern usa; mississippi river; seduction; fraud; philosophical; reflective; dramatic; amused; complicated; enchant; excited; melodramatic,,,,Hulu; Amazon Video (rent); Apple TV (rent); Google Play Movies (rent); YouTube (rent); Fandango At Home (rent); Amazon Video (buy); Apple TV (buy); Google Play Movies (buy); YouTube (buy); Fandango At Home (buy),English,France; United Kingdom; United States of America,,2025-09-25T17:31:31
Oblivion,2013,tt1483013,75612,124,"Jack Harper is one of the last few drone repairmen stationed on Earth. Part of a massive operation to extract vital resources after decades of war with a terrifying threat known as the Scavs, Jack’s mission is nearly complete. His existence is brought crashing down when he rescues a beautiful  stranger from a downed spacecraft. Her arrival triggers a chain of events that  forces him to question everything he knows and puts the fate of humanity in his hands.",https://image.tmdb.org/t/p/w500/eO3r38fwnhb58M1YgcjQBd3VNcp.jpg,https://image.tmdb.org/t/p/w780/efeVuu4rltB6b59GI2ZtuU4xidf.jpg,Action; Science Fiction; Adventure; Mystery; Action | Adventure | Mystery | Science Fiction,,spacecraft; dystopia; post-apocalyptic future; based on comic; space; drone; surveillance; human vs alien; 2070s,,,,Amazon Video (rent); Apple TV (rent); Google Play Movies (rent); YouTube (rent); Fandango At Home (rent); Amazon Video (buy); Apple TV (buy); Google Play Movies (buy); YouTube (buy); Fandango At Home (buy),English,United States of America,,2025-09-25T17:31:31
Ocean's 8,2018,tt5164214,402900,111,"Debbie Ocean, a criminal mastermind, gathers a crew of female thieves to pull off the heist of the century at New York's annual Met Gala.",https://image.tmdb.org/t/p/w500/MvYpKlpFukTivnlBhizGbkAe3v.jpg,https://image.tmdb.org/t/p/w780/scQf03Fm3jeyv4FH04qvi4fp4wh.jpg,Crime; Comedy; Action; Action | Comedy | Crime,,new york city; heist; spin off; estranged sister; the met gala; amused; cliché,,,,Amazon Video (rent); Apple TV (rent); Google Play Movies (rent); YouTube (rent); Fandango At Home (rent); Plex (rent); Amazon Video (buy); Apple TV (buy); Google Play Movies (buy); YouTube (buy); Fandango At Home (buy),German; English,United States of America,,2025-09-25T17:31:31
Ocean's Eleven,2001,tt0240772,161,116,"Less than 24 hours into his parole, charismatic thief Danny Ocean is already rolling out his next plan: In one night, Danny's hand-picked crew of specialists will attempt to steal more than $150 million from three Las Vegas casinos. But to score the cash, Danny risks his chances of reconciling with ex-wife, Tess.",https://image.tmdb.org/t/p/w500/hQQCdZrsHtZyR6NbKH2YyCqd2fR.jpg,https://image.tmdb.org/t/p/w780/43BEez1EGdmNpg8rcPUFToujlii.jpg,Thriller; Crime,,casino; pickpocket; heist; con artist; remake; caper; las vegas; inside man; security guard; ex-wife; ex-con; card dealer; explosives expert; security system; casino owner; professional thief; fight night; master plan; computer hacker; distractions; museum curator; casino vault; contortionist,,,,Amazon Video (rent); Apple TV (rent); Google Play Movies (rent); YouTube (rent); Fandango At Home (rent); Spectrum On Demand (rent); Amazon Video (buy); Apple TV (buy); Google Play Movies (buy); YouTube (buy); Fandango At Home (buy),Mandarin; English; Italian,United States of America,Ocean's Collection,2025-09-25T17:31:31
Ocean's Thirteen,2007,tt0496806,298,122,"Danny Ocean's team of criminals are back and composing a plan more personal than ever. When ruthless casino owner Willy Bank doublecrosses Reuben Tishkoff, causing a heart attack, Danny Ocean vows that he and his team will do anything to bring down Willy Bank along with everything he's got. Even if it means asking for help from an enemy.",https://image.tmdb.org/t/p/w500/pBsZs4zYUiUTemqbikTZ76iQRaU.jpg,https://image.tmdb.org/t/p/w780/gznaK2DnntjQKkK5Sp0OEkVYCp8.jpg,Crime; Thriller; Crime | Thriller,,casino; heart attack; con man; master thief; hidden camera; sequel; revenge; las vegas; double cross; diamond heist; explosives expert; pretending to be rich; labor strike; security system; casino owner; professional thief; artificial earthquake; master plan; computer hacker; robbery crew; contortionist; grand opening,,,,Amazon Video (rent); Apple TV (rent); Google Play Movies (rent); YouTube (rent); Fandango At Home (rent); Spectrum On Demand (rent); Amazon Video (buy); Apple TV (buy); Google Play Movies (buy); YouTube (buy); Fandango At Home (buy),Spanish; English; French,United States of America,Ocean's Collection,2025-09-25T17:31:32
Ocean's Twelve,2004,tt0349903,163,125,"Despite pulling off one of the biggest heists in Las Vegas history and splitting the $160 million take, each of the infamous Ocean's crew have tried to go straight, lay low and live a legit life ... but that's proven to be a challenge. Casino owner Terry Benedict demands that Danny Ocean return the money, plus millions more in interest. Unable to come up the cash, the crew is forced to come together to pull off another series of heists, this time in Rome, Paris, and Amsterdam – but a Europol agent is hot on their heels.",https://image.tmdb.org/t/p/w500/pE5anFf7nf6ah7V3VRezQ1KSovi.jpg,https://image.tmdb.org/t/p/w780/5b5HrewiViLWEdMR4dmbd7ajQ8Q.jpg,Thriller; Crime; Crime | Thriller,,"paris, france; rome, italy; amsterdam, netherlands; competition; ex-girlfriend; stolen money; master thief; sequel; heist; caper; look-alike; ex-con; fabergé egg; professional thief; robbery crew; europol agent",,,,Amazon Video (rent); Apple TV (rent); Google Play Movies (rent); YouTube (rent); Fandango At Home (rent); Spectrum On Demand (rent); Amazon Video (buy); Apple TV (buy); Google Play Movies (buy); YouTube (buy); Fandango At Home (buy),French; Italian; Dutch; Mandarin; English,United States of America,Ocean's Collection,2025-09-25T17:31:32
Office Christmas Party,2016,tt1711525,384682,105,"When Carol Vanstone, CEO of the technology company Zenotek, expresses her intention to close the Chicago branch, run by her brother Clay, he and his co-workers organize a Christmas party in an effort to impress a potential client and save their jobs. But the party gets out of control…",https://image.tmdb.org/t/p/w500/7r3w3cPTbNEIr1imb8zXyeIJCJe.jpg,https://image.tmdb.org/t/p/w780/1uDvPjKthACQKeQBvkiJ3aSvtdh.jpg,Comedy,,"chicago, illinois; holiday; christmas party; co-workers relationship; corporate downsizing; duringcreditsstinger; wild party; business deal; christmas; frantic; workplace comedy; going out of business; brother sister relationship; grand; office party; hilarious; amused; threat of company closure",,,,Amazon Video (rent); Apple TV (rent); Google Play Movies (rent); YouTube (rent); Fandango At Home (rent); Plex (rent); Amazon Video (buy); Apple TV (buy); Google Play Movies (buy); YouTube (buy); Fandango At Home (buy),English; Russian,United States of America,,2025-09-25T17:31:32
Once Upon a Time...in Hollywood,2019,tt7131622,466272,162,"Los Angeles, 1969. TV star Rick Dalton, a struggling actor specializing in westerns, and stuntman Cliff Booth, his best friend, try to survive in a constantly changing movie industry. Dalton is the neighbor of the young and promising actress and model Sharon Tate, who has just married the prestigious Polish director Roman Polanski…",https://image.tmdb.org/t/p/w500/wQKeS2JrsRF8XSfd9zqflrc5gad.jpg,https://image.tmdb.org/t/p/w780/xwgBHC2FgoIrQitl8jZwXXdsR9u.jpg,Comedy; Drama; Thriller; Comedy | Drama | Thriller,,"movie business; male friendship; cult; based on true story; celebrity; fame; hollywood; los angeles, california; historical fiction; buddy; filmmaking; struggling actor; satanic cult; revisionist history; duringcreditsstinger; western filmmaking; manson family murders; 1960s; stunt double; old hollywood; sharon tate; charles manson; disgusted",,,,fuboTV; YouTube TV; FXNow; Amazon Video (rent); Apple TV (rent); Google Play Movies (rent); YouTube (rent); Fandango At Home (rent); Amazon Video (buy); Apple TV (buy); Google Play Movies (buy); YouTube (buy); Fandango At Home (buy),English; Italian; Spanish,China; United Kingdom; United States of America,Once Upon a Time... in Hollywood Collection,2025-09-25T17:31:33
One True Thing,1998,tt0120776,53113,127,A career woman reassesses her parents' lives after she is forced to care for her cancer-stricken mother.,https://image.tmdb.org/t/p/w500/qu0vo8RIi4SoHXDWAYiunctiXPX.jpg,https://image.tmdb.org/t/p/w780/lN2eCm3A6BtOPuKgLUJ7QSxZcMw.jpg,Drama; Romance; Drama | Romance,,dysfunctional family; cancer; death of parent,,,,Amazon Video (rent); Apple TV (rent); Google Play Movies (rent); YouTube (rent); Fandango At Home (rent); Amazon Video (buy); Apple TV (buy); Google Play Movies (buy); YouTube (buy); Fandango At Home (buy),English,United States of America,,2025-09-25T17:31:33
Orphan,2009,tt1148204,21208,122,"After losing their baby, a married couple adopt 9-year old Esther, who may not be as innocent as she seems.",https://image.tmdb.org/t/p/w500/lCGpOgoTOGLtZnBiGY9HRg5Xnjd.jpg,https://image.tmdb.org/t/p/w780/z7tBFs4Jw4T1TcT3VROsOoIIaiE.jpg,Horror; Thriller; Horror | Thriller,,nun; deaf-mute; orphan; troubled marriage; aftercreditsstinger; duringcreditsstinger; wonder,,,,Amazon Video (rent); Apple TV (rent); Google Play Movies (rent); YouTube (rent); Fandango At Home (rent); Spectrum On Demand (rent); Plex (rent); Amazon Video (buy); Apple TV (buy); Google Play Movies (buy); YouTube (buy); Fandango At Home (buy),English; Estonian,United States of America,Orphan Collection,2025-09-25T17:31:33
Ouija,2014,tt1204977,242512,89,A group of friends must confront their most terrifying fears when they awaken the dark powers of an ancient spirit board.,https://image.tmdb.org/t/p/w500/gwjHlGjK2xXKpjd65BWyAMwzTWC.jpg,https://image.tmdb.org/t/p/w780/fsuA3wUYixjLeE97CyyPGdPoQF3.jpg,Horror,,supernatural; spiritualism; nervous; suspenseful,,,,Netflix; Netflix Standard with Ads; Amazon Video (rent); Apple TV (rent); Google Play Movies (rent); YouTube (rent); Fandango At Home (rent); Amazon Video (buy); Apple TV (buy); Google Play Movies (buy); YouTube (buy); Fandango At Home (buy),English,Japan; United States of America,Ouija Collection,2025-09-25T17:31:34
Ouija: Origin of Evil,2016,tt4361050,335796,99,"In 1967 Los Angeles, a widowed mother and her two daughters add a new stunt to bolster their séance scam business and unwittingly invite authentic evil into their home. When the youngest daughter is overtaken by the merciless spirit, this small family confronts unthinkable fears to save her and send her possessor back to the other side.",https://image.tmdb.org/t/p/w500/gwynHc2RrOFaplYMMpQRpr3TIA4.jpg,https://image.tmdb.org/t/p/w780/gcwRlIbVurhcqbpYeCJU9HJgYmQ.jpg,Horror,,supernatural; possession; prequel; spirit; aftercreditsstinger; 1960s,,,,Tubi TV; Amazon Video (rent); Apple TV (rent); Google Play Movies (rent); YouTube (rent); Fandango At Home (rent); Amazon Video (buy); Apple TV (buy); Google Play Movies (buy); YouTube (buy); Fandango At Home (buy),English,United States of America,Ouija Collection,2025-09-25T17:31:34
Out of Africa,1985,tt0089755,606,161,"Tells the life story of Danish author Karen Blixen, who at the beginning of the 20th century moved to Africa to build a new life for herself. The film is based on her 1937 autobiographical novel.",https://image.tmdb.org/t/p/w500/6oMKqh08TfxmvnoFR4mm1wZB67P.jpg,https://image.tmdb.org/t/p/w780/5hCGJLTuRlD5WoscKhVPHVnD4gz.jpg,History; Romance; Drama; Drama | History | Romance,,farm; infidelity; africa; plantation; safari; melancholy; nairobi; coffee grower; romance; kenya; based on memoir or autobiography; british colonial; syphilis; danish; historical drama; 1910s; big game hunter; cuckolded husband; plantation owner; lions; coffee beans; romantic; colonial africa,,,,YouTube TV; Amazon Video (rent); Apple TV (rent); Google Play Movies (rent); YouTube (rent); Fandango At Home (rent); Spectrum On Demand (rent); Amazon Video (buy); Apple TV (buy); Google Play Movies (buy); YouTube (buy); Fandango At Home (buy),English; Swahili,United States of America,,2025-09-25T17:31:34
Oz the Great and Powerful,2013,tt1623205,68728,130,"Oscar Diggs, a small-time circus illusionist and con-artist, is whisked from Kansas to the Land of Oz where the inhabitants assume he's the great wizard of prophecy, there to save Oz from the clutches of evil.",https://image.tmdb.org/t/p/w500/tkzfAUEKoUp4YFNbZV9hfpZOz0z.jpg,https://image.tmdb.org/t/p/w780/o6TYNmB1CT85j7lmyvSedoybyc9.jpg,Fantasy; Adventure; Family; Adventure | Family | Fantasy,,witch; based on novel or book; magic; circus; hope; illusion; con artist; fantasy world; magic trick; wizard; based on young adult novel,,,,Disney Plus; Amazon Video (rent); Apple TV (rent); Google Play Movies (rent); YouTube (rent); Fandango At Home (rent); Amazon Video (buy); Apple TV (buy); Google Play Movies (buy); YouTube (buy); Fandango At Home (buy),English,United States of America,,2025-09-25T17:31:35
Pacific Rim,2013,tt1663662,68726,131,"Using massive piloted robots to combat the alien threat, earth's survivors take the fight to the invading alien force lurking in the depths of the Pacific Ocean. Nearly defenseless in the face of the relentless enemy, the forces of mankind have no choice but to turn to two unlikely heroes who now stand as earth's final hope against the mounting apocalypse.",https://image.tmdb.org/t/p/w500/mmznhaQDwlHWpUwKuNxtQiubbmM.jpg,https://image.tmdb.org/t/p/w780/ig7qUy7drkEFZNCK7gi0hMn1WMN.jpg,Action; Science Fiction; Adventure; Action | Adventure | Science Fiction,,monster; dystopia; giant monster; pacific; alaska; giant robot; apocalypse; hong kong; robot; alien invasion; kaiju; duringcreditsstinger; monster movie,,,,Netflix; Netflix Standard with Ads; Amazon Video (rent); Apple TV (rent); Google Play Movies (rent); YouTube (rent); Fandango At Home (rent); Spectrum On Demand (rent); Plex (rent); Amazon Video (buy); Apple TV (buy); Google Play Movies (buy); YouTube (buy); Fandango At Home (buy),Cantonese; English; Japanese; Russian,United States of America,Pacific Rim Collection,2025-09-25T17:31:35
Pain & Gain,2013,tt1980209,134374,130,"Daniel Lugo, manager of the Sun Gym in 1990s Miami, decides that there is only one way to achieve his version of the American dream: extortion. To achieve his goal, he recruits musclemen Paul and Adrian as accomplices. After several failed attempts, they abduct rich businessman Victor Kershaw and convince him to sign over all his assets to them. But when Kershaw makes it out alive, authorities are reluctant to believe his story.",https://image.tmdb.org/t/p/w500/9WqA0Ry9wmTzFvom8mNbcyKZQgP.jpg,https://image.tmdb.org/t/p/w780/86rDAqR5oDu29qZTGyk88VdB2lI.jpg,Comedy; Crime; Action; Drama; Action | Comedy | Crime,,"miami, florida; scam; weight lifting; weightlifting; duringcreditsstinger",,,,fuboTV; MGM+ Amazon Channel; Starz Apple TV Channel; MGM Plus Roku Premium Channel; MGM Plus; Philo; Amazon Video (rent); Apple TV (rent); Google Play Movies (rent); YouTube (rent); Fandango At Home (rent); Amazon Video (buy); Apple TV (buy); Google Play Movies (buy); YouTube (buy); Fandango At Home (buy),English,United States of America,,2025-09-25T17:31:35
Pan's Labyrinth,2006,tt0457430,1417,118,"In post–civil war Spain, 10-year-old Ofelia moves with her pregnant mother to live under the control of her cruel stepfather. Drawn into a mysterious labyrinth, she meets a faun who reveals that she may be a lost princess from an underground kingdom. To return to her true father, she must complete a series of surreal and perilous tasks that blur the line between reality and fantasy.",https://image.tmdb.org/t/p/w500/s8C4whhKtDaJvMDcyiMvx3BIF5F.jpg,https://image.tmdb.org/t/p/w780/6G6nqSW9S7EHA9HrYl0Z8uo2H7f.jpg,Fantasy; Drama; War; Drama | Fantasy | War,,princess; army; fairy tale; resistance; servant; anti hero; franco regime (francoism); woods; cruelty; hiding; labyrinth; magic realism; dark fairy tale; children in wartime; post spanish civil war; faun; gloomy,,,,Tubi TV; Amazon Video (rent); Apple TV (rent); Google Play Movies (rent); YouTube (rent); Fandango At Home (rent); Spectrum On Demand (rent); Amazon Video (buy); Apple TV (buy); Google Play Movies (buy); YouTube (buy); Fandango At Home (buy),Spanish,Mexico; Spain; United States of America,,2025-09-25T17:31:35
Paranormal Activity: The Marked Ones,2014,tt2473682,227348,84,"Seventeen-year-old Jesse has been hearing terrifying sounds coming from his neighbor’s apartment, but when he turns on his camera and sets out to uncover their source, he encounters an ancient evil that won’t rest until it’s claimed his very soul.",https://image.tmdb.org/t/p/w500/2o4vBAnORr9UnLMvWHhULGDHfzH.jpg,https://image.tmdb.org/t/p/w780/eAISoFMi29BVBKH1VRpne4mJ26K.jpg,Horror; Thriller; Horror | Thriller,,supernatural; possession; demon; demonic possession; found footage; malicious,,,,Paramount Plus; Paramount+ Amazon Channel; Paramount+ Roku Premium Channel; Tubi TV; Hoopla; Amazon Video (rent); Apple TV (rent); Google Play Movies (rent); YouTube (rent); Fandango At Home (rent); Amazon Video (buy); Apple TV (buy); Google Play Movies (buy); YouTube (buy); Fandango At Home (buy),English,United States of America,Paranormal Activity Collection,2025-09-25T17:31:36
Parasite,2019,tt0084472,48311,85,"Paul Dean has created a deadly parasite that is now attached to his stomach. He and his female companion, Patricia Welles, must find a way to destroy it while also trying to avoid Ricus & his rednecks, and an evil government agent named Merchant.",https://image.tmdb.org/t/p/w500/4DGPORlVIDIQvsuSDnM4uXKMjWS.jpg,https://image.tmdb.org/t/p/w780/5qVLF9WTdBDA08fsZ9H5clJ6umI.jpg,Horror; Science Fiction; Horror | Science Fiction,,dystopia,,,,FlixFling; Mometu; Kanopy; Plex; Plex Channel; Fawesome; Amazon Video (rent); FlixFling (rent); Amazon Video (buy); FlixFling (buy),English,United States of America,,2025-09-25T17:31:36
Patriots Day,2016,tt4572514,388399,133,"In the aftermath of an unspeakable act of terror, Police Sergeant Tommy Saunders joins courageous survivors, first responders and investigators in a race against the clock to hunt down the Boston Marathon bombers before they strike again.",https://image.tmdb.org/t/p/w500/mIDxsJTrOC7NhgOo3GziiHyKfsQ.jpg,https://image.tmdb.org/t/p/w780/lWcNlDMmZ6xJVoCZjhFxqVl0TIa.jpg,Action; Crime; Drama; History; Thriller; Action | Crime | Drama | History | Thriller,,"boston, massachusetts; massachusetts; police chief; terrorism; reflective; manhunt; boston marathon",,,,fuboTV; Paramount+ with Showtime; Paramount+ Amazon Channel; Paramount+ Roku Premium Channel; Amazon Video (rent); Google Play Movies (rent); YouTube (rent); Fandango At Home (rent); Plex (rent); Amazon Video (buy); Apple TV (buy); Google Play Movies (buy); YouTube (buy); Fandango At Home (buy),Arabic; English; Mandarin,Hong Kong; United States of America,,2025-09-25T17:31:36
Pawn Sacrifice,2014,tt1596345,245698,115,American chess champion Bobby Fischer prepares for a legendary match-up against Russian Boris Spassky.,https://image.tmdb.org/t/p/w500/5vcLstd2hYn0XhyuEKaPbBZAqSh.jpg,https://image.tmdb.org/t/p/w780/xJkWzH5PE94KevRysjIEF14s0Ws.jpg,Thriller; Drama; Drama | Thriller,,"chess; cold war; 1970s; victory; biography; chess champion; chess tournament; reykjavík, iceland",,,,Fandango at Home Free; Tubi TV; Kanopy; Hoopla; Amazon Video (rent); Apple TV (rent); Google Play Movies (rent); YouTube (rent); Fandango At Home (rent); Amazon Video (buy); Apple TV (buy); Google Play Movies (buy); YouTube (buy); Fandango At Home (buy),English; Russian,United States of America,,2025-09-25T17:31:37
Pay It Forward,2000,tt0223897,10647,122,"Like some other kids, 12-year-old Trevor McKinney believed in the goodness of human nature. Like many other kids, he was determined to change the world for the better. Unlike most other kids, he succeeded.",https://image.tmdb.org/t/p/w500/62OIokwaxFwBFWM147ijLJsaVJD.jpg,https://image.tmdb.org/t/p/w780/xoFolYFMGVzIOjYhEhyBiYbBpqK.jpg,Drama,,child's point of view; candlelight vigil; good deed; exotic dancer; schoolteacher; extra credit assignment; disfigurement; junior high school; burn injury; woman director,,,,Amazon Video (rent); Apple TV (rent); Google Play Movies (rent); YouTube (rent); Fandango At Home (rent); Amazon Video (buy); Apple TV (buy); Google Play Movies (buy); YouTube (buy); Fandango At Home (buy),English,United States of America,,2025-09-25T17:31:37
Peppermint,2018,tt6850820,458594,102,"A grieving mother transforms herself into a vigilante following the murders of her husband and daughter, eluding the authorities to deliver her own personal brand of justice.",https://image.tmdb.org/t/p/w500/jrzxS0vcbzIIay1sdYm0rgI2QfJ.jpg,https://image.tmdb.org/t/p/w780/14HPHJnNUVAdbYKnG46WnBh4OD6.jpg,Action; Thriller; Action | Thriller,,coma; widow; cemetery; handcuffs; fbi; bus; grave; alcoholism; flashback; revenge; murder; vigilante; drug cartel; police corruption; hospital; torture; skid row; corrupt official; aggressive; loss of child; corrupt judge; driveby shooting,,,,YouTube TV; Tubi TV; Amazon Video (rent); Apple TV (rent); Google Play Movies (rent); YouTube (rent); Fandango At Home (rent); Plex (rent); Amazon Video (buy); Apple TV (buy); Google Play Movies (buy); YouTube (buy); Fandango At Home (buy),English; Spanish,China; United States of America,,2025-09-25T17:31:37
Percy Jackson: Sea of Monsters,2013,tt1854564,76285,106,"In their quest to confront the ultimate evil, Percy and his friends battle swarms of mythical creatures to find the mythical Golden Fleece and to stop an ancient evil from rising.",https://image.tmdb.org/t/p/w500/tAu90qEpLqwqiZLsMqpaMVr55oN.jpg,https://image.tmdb.org/t/p/w780/fvrGb6zfQaQ8RD9pC8o9vv1b7W2.jpg,Adventure; Family; Fantasy; Adventure | Family | Fantasy,,sea; monster; based on novel or book; poison; hermes; tale; poseidon; fantasy world; demigod; golden fleece; olympus; quest; kronos; based on young adult novel,,,,Disney Plus; Amazon Video (rent); Apple TV (rent); Google Play Movies (rent); YouTube (rent); Fandango At Home (rent); Amazon Video (buy); Apple TV (buy); Google Play Movies (buy); YouTube (buy); Fandango At Home (buy),English,United States of America,Percy Jackson Collection,2025-09-25T17:31:38
Pet Sematary,1989,tt0098084,8913,102,"After the Creed family's cat is accidentally killed, a friendly neighbor advises its burial in a mysterious nearby cemetery.",https://image.tmdb.org/t/p/w500/8ZtH1V4rhrtP53ezlEWrCaMALXF.jpg,https://image.tmdb.org/t/p/w780/xWq3T9P4NU2pTdZ3hXFygsNnAq4.jpg,Horror; Drama | Fantasy | Horror | Thriller,,based on novel or book; funeral; parent child relationship; coffin; pet; villain; head injury; resurrection; woods; grief; zombie; new neighbor; pet cemetery; dead cat; death of patient; loss of pet; dead lover; ghost; grave robbing; indian burial ground; woman director; mysterious; pets; somber; anxious; supernatural horror; horrified; ominous,,,,Paramount Plus; Paramount+ Amazon Channel; Kanopy; Hoopla; Fawesome; Amazon Video (rent); Apple TV (rent); Google Play Movies (rent); YouTube (rent); Fandango At Home (rent); Plex (rent); Amazon Video (buy); Apple TV (buy); Google Play Movies (buy); YouTube (buy); Fandango At Home (buy),English,United States of America,Pet Sematary Collection,2025-09-25T17:31:38
Pi,1998,tt0138704,473,84,"A mathematical genius discovers a link between numbers and reality, and thus believes he can predict the future.",https://image.tmdb.org/t/p/w500/fJA22FjlAW8rzrOw9Mwanl6oTc9.jpg,https://image.tmdb.org/t/p/w780/pVmCanXNPYqE74cJoL0U6C9ONf5.jpg,Mystery; Drama; Thriller; Drama | Mystery | Thriller,,new york city; hacker; ark of the covenant; insanity; paranoia; mathematics; mathematician; delusion; helix; headache; chaos theory; migraine; genius; surrealism; alienation; computer chip; black and white; talmud; garden of eden; math genius; atonement; mysticism; intuition; psychotronic film; avant garde; absurd; fibonacci,,,,Kanopy; Amazon Video (rent); Apple TV (rent); Google Play Movies (rent); YouTube (rent); Fandango At Home (rent); Spectrum On Demand (rent); Amazon Video (buy); Apple TV (buy); Google Play Movies (buy); YouTube (buy); Fandango At Home (buy),English,United States of America,,2025-09-25T17:31:38
Pirates of the Caribbean: Dead Men Tell No Tales,2017,tt1790809,166426,129,"Thrust into an all-new adventure, a down-on-his-luck Capt. Jack Sparrow feels the winds of ill-fortune blowing even more strongly when deadly ghost sailors led by his old nemesis, the evil Capt. Salazar, escape from the Devil's Triangle. Jack's only hope of survival lies in seeking out the legendary Trident of Poseidon, but to find it, he must forge an uneasy alliance with a brilliant and beautiful astronomer and a headstrong young man in the British navy.",https://image.tmdb.org/t/p/w500/qwoGfcg6YUS55nUweKGujHE54Wy.jpg,https://image.tmdb.org/t/p/w780/7C921eWK06n12c1miRXnYoEu5Yv.jpg,Adventure; Action; Fantasy; Action | Adventure | Fantasy,,sea; ship; treasure map; sequel; artifact; pirate; period drama; monkey; swashbuckler; ghost; caribbean sea; aftercreditsstinger; trident; ridiculous,,,,Disney Plus; YouTube TV; Amazon Video (rent); Apple TV (rent); Google Play Movies (rent); YouTube (rent); Fandango At Home (rent); Amazon Video (buy); Apple TV (buy); Google Play Movies (buy); YouTube (buy); Fandango At Home (buy),English,United States of America,Pirates of the Caribbean Collection,2025-09-25T17:31:38
Pirates of the Caribbean: On Stranger Tides,2011,tt1298650,1865,136,"Captain Jack Sparrow crosses paths with a woman from his past, and he's not sure if it's love — or if she's a ruthless con artist who's using him to find the fabled Fountain of Youth. When she forces him aboard the Queen Anne's Revenge, the ship of the formidable pirate Blackbeard, Jack finds himself on an unexpected adventure in which he doesn't know who to fear more: Blackbeard or the woman from his past.",https://image.tmdb.org/t/p/w500/keGfSvCmYj7CvdRx36OdVrAEibE.jpg,https://image.tmdb.org/t/p/w780/uzIGtyS6bbnJzGsPL93WCF1FWm8.jpg,Adventure; Action; Fantasy; Action | Adventure | Fantasy,,sea; ship; mutiny; captain; spain; england; sword; prime minister; sailing; mermaid; duke; silver; pirate; soldier; battle; swashbuckler; 18th century; aftercreditsstinger; blackbeard; 1750s; whimsical,,,,Disney Plus; YouTube TV; TNT; TBS; tru TV; Amazon Video (rent); Apple TV (rent); Google Play Movies (rent); YouTube (rent); Fandango At Home (rent); Amazon Video (buy); Apple TV (buy); Google Play Movies (buy); YouTube (buy); Fandango At Home (buy),English; Spanish,United Kingdom; United States of America,Pirates of the Caribbean Collection,2025-09-25T17:31:39
Pitch Perfect,2012,tt1981677,114150,112,"College student Beca knows she does not want to be part of a clique, but that's exactly where she finds herself after arriving at her new school. Thrust in among mean gals, nice gals and just plain weird gals, Beca finds that the only thing they have in common is how well they sing together. She takes the women of the group out of their comfort zone of traditional arrangements and into a world of amazing harmonic combinations in a fight to the top of college music competitions.",https://image.tmdb.org/t/p/w500/gsFoJk9g8W3zgaipRrrURk7LbiF.jpg,https://image.tmdb.org/t/p/w780/2sE6hrwfn9IV7eDlMvpIb9q1EWy.jpg,Comedy; Music; Romance; Comedy | Music | Romance,,competition; roommates; college; female friendship; misfit; hazing; university; audition; group of friends; dorm room; bickering; dj; singing competition; film score; young adult; acapella; playful,,,,Amazon Video (rent); Apple TV (rent); Google Play Movies (rent); YouTube (rent); Fandango At Home (rent); FlixFling (rent); Spectrum On Demand (rent); Amazon Video (buy); Apple TV (buy); Google Play Movies (buy); YouTube (buy); Fandango At Home (buy),English,United States of America,Pitch Perfect Collection,2025-09-25T17:31:39
Pitch Perfect 2,2015,tt2848292,254470,115,"The Bellas are back, and they are better than ever. After being humiliated in front of none other than the President of the United States of America, the Bellas are taken out of the Aca-Circuit. In order to clear their name, and regain their status, the Bellas take on a seemingly impossible task: winning an international competition no American team has ever won. In order to accomplish this monumental task, they need to strengthen the bonds of friendship and sisterhood and blow away the competition with their amazing aca-magic! With all new friends and old rivals tagging along for the trip, the Bellas can hopefully accomplish their dreams.",https://image.tmdb.org/t/p/w500/oFBQUufCV4c8WZoNhtGM17p884H.jpg,https://image.tmdb.org/t/p/w780/bWOfRV1Ubk9SWEDZDDjsmIUCcbZ.jpg,Comedy; Music; Comedy | Music,,sequel; singer; audition; group of friends; duringcreditsstinger; singing competition; woman director; acapella,,,,YouTube TV; Amazon Video (rent); Apple TV (rent); Google Play Movies (rent); YouTube (rent); Fandango At Home (rent); FlixFling (rent); Spectrum On Demand (rent); Amazon Video (buy); Apple TV (buy); Google Play Movies (buy); YouTube (buy); Fandango At Home (buy),English,United States of America,Pitch Perfect Collection,2025-09-25T17:31:39
Pitch Perfect 3,2017,tt4765284,353616,93,"After the highs of winning the world championships, the Bellas find themselves split apart and discovering there aren't job prospects for making music with your mouth. But when they get the chance to reunite for an overseas USO tour, this group of awesome nerds will come together to make some music, and some questionable decisions, one last time.",https://image.tmdb.org/t/p/w500/v4tbRRX0OSOHcgz2869rEjcBwOJ.jpg,https://image.tmdb.org/t/p/w780/cjD6ww2qIEIAD2hT1zH3zlsd8hk.jpg,Comedy; Music; Comedy | Music,,sequel; singer; acapella; uso; cliché,,,,Amazon Video (rent); Apple TV (rent); Google Play Movies (rent); YouTube (rent); Fandango At Home (rent); FlixFling (rent); Amazon Video (buy); Apple TV (buy); Google Play Movies (buy); YouTube (buy); Fandango At Home (buy),English,United States of America; China,Pitch Perfect Collection,2025-09-25T17:31:40
Poltergeist,1982,tt0084516,609,114,"Upon realizing that something truly evil haunts his home, Steve Freeling calls in a team of parapsychologists to help before it's too late.",https://image.tmdb.org/t/p/w500/4eMN3GANH5GG4kXdHkrTZEUuQ9M.jpg,https://image.tmdb.org/t/p/w780/bvkPno6U02lLyvPWCnmibq4eIaN.jpg,Horror,,dying and death; parent child relationship; medium; poltergeist; halloween; ghostbuster; haunted house; paranormal phenomena; family relationships; suburbia; macabre; power of goodness; disturbed; haunted; anxious; dramatic; awestruck; foreboding; frightened; ominous,,,,AMC+ Amazon Channel; AMC+ Roku Premium Channel; AMC; Amazon Video (rent); Apple TV (rent); Google Play Movies (rent); YouTube (rent); Fandango At Home (rent); Amazon Video (buy); Apple TV (buy); Google Play Movies (buy); YouTube (buy); Fandango At Home (buy),English,United States of America,Poltergeist Collection,2025-09-25T17:31:40
Poltergeist II: The Other Side,1986,tt0091778,11133,91,"The Freeling family move in with Diane's mother in an effort to escape the trauma and aftermath of Carol Anne's abduction by the Beast. But the Beast is not to be put off so easily and appears in a ghostly apparition as the Reverend Kane, a religious zealot responsible for the deaths of his many followers. His goal is simple - he wants the angelic Carol Anne.",https://image.tmdb.org/t/p/w500/2r22KqmzWV48kF02GN78NaS3q0m.jpg,https://image.tmdb.org/t/p/w780/bZgwlsf0tO1Pj1e2tZhQQ18fpKF.jpg,Horror; Thriller; Horror | Thriller,,"monster; poltergeist; undead; family secrets; sequel; alternate dimension; shaman; super power; phoenix, arizona; supernatural horror",,,,Amazon Prime Video; MGM Plus; Amazon Prime Video with Ads; Tubi TV; VIX; Hoopla; Amazon Video (rent); Apple TV (rent); Google Play Movies (rent); YouTube (rent); Fandango At Home (rent); Amazon Video (buy); Apple TV (buy); Google Play Movies (buy); YouTube (buy); Fandango At Home (buy),English,United States of America,Poltergeist Collection,2025-09-25T17:31:40
Pompeii,2014,tt1921064,76649,105,"In 79 A.D., Milo, a slave turned gladiator, finds himself in a race against time to save his true love Cassia, the beautiful daughter of a wealthy merchant who has been unwillingly betrothed to a corrupt Roman Senator. As Mount Vesuvius erupts in a torrent of blazing lava, Milo must fight his way out of the arena in order to save his beloved as the once magnificent Pompeii crumbles around him.",https://image.tmdb.org/t/p/w500/dxxM3lLDjGRC50i5rhvfQziskAN.jpg,https://image.tmdb.org/t/p/w780/2Pd1IbMVubk2UNorJK5G1xR1cwG.jpg,Action; Adventure; History; Romance; Drama; Action | Adventure | Drama | History | Romance,,epic; lava; gladiator; arena; gladiator fight; natural disaster; roman; forbidden love; disaster; slave; town in panic; volcanic eruption; pompeii; 1st century,,,,fuboTV; NBC; Amazon Video (rent); Apple TV (rent); Google Play Movies (rent); YouTube (rent); Spectrum On Demand (rent); Amazon Video (buy); Apple TV (buy); Google Play Movies (buy); YouTube (buy); Fandango At Home (buy),English,Germany; United Kingdom; Canada; United States of America,,2025-09-25T17:31:41
Poor Things,2023,tt14230458,792307,141,"Brought back to life by an unorthodox scientist, a young woman runs off with a lawyer on a whirlwind adventure across the continents. Free from the prejudices of her times, she grows steadfast in her purpose to stand for equality and liberation.",https://image.tmdb.org/t/p/w500/kCGlIMHnOm8JPXq3rXM6c5wMxcT.jpg,https://image.tmdb.org/t/p/w780/zh6IdheEYinU4TPtorWsjx6qPQE.jpg,Science Fiction; Romance; Comedy; Comedy | Romance | Science Fiction,,"ship; london, england; experiment; paris, france; based on novel or book; obsession; lisbon, portugal; crooked lawyer; love; domestic abuse; female protagonist; doctor; prostitution; cruelty; scientist; masturbation; disfigured face; sexual awakening; exploring sexuality; sex worker; female empowerment; curious; female sexuality; brain transplant; absurdism; quest for knowledge; spousal abuse; women's liberation; alexandria egypt; victorian era; quest for identity; frankenstein; body horror; provocative; absurd; amused; audacious; exuberant; melodramatic; wry",,,,Hulu; Amazon Video (rent); Apple TV (rent); Google Play Movies (rent); YouTube (rent); Fandango At Home (rent); Spectrum On Demand (rent); Amazon Video (buy); Apple TV (buy); Google Play Movies (buy); YouTube (buy); Fandango At Home (buy),English; French; Portuguese,Ireland; United Kingdom; United States of America,,2025-09-25T17:31:41
Practical Magic,1998,tt0120791,6435,104,"Sally and Gillian Owens, born into a magical family, have mostly avoided witchcraft themselves. But when Gillian's vicious boyfriend, Jimmy Angelov, dies unexpectedly, the Owens sisters give themselves a crash course in hard magic. With policeman Gary Hallet growing suspicious, the girls struggle to resurrect Angelov -- and unwittingly inject his corpse with an evil spirit that threatens to end their family line.",https://image.tmdb.org/t/p/w500/AwmToSgf2IL3aHv0QRVsR5KvChv.jpg,https://image.tmdb.org/t/p/w780/mGznDQ8opBuRd004ChVWhDqjAyW.jpg,Romance; Comedy; Fantasy; Comedy | Fantasy | Romance,,witch; magic; haunting; aunt niece relationship; family history; sorcery; sister; love; outcast; curse; family curse; adoring,,,,Hulu; Amazon Video (rent); Apple TV (rent); Google Play Movies (rent); YouTube (rent); Fandango At Home (rent); Plex (rent); Amazon Video (buy); Apple TV (buy); Google Play Movies (buy); YouTube (buy); Fandango At Home (buy),English,United States of America,Practical Magic Collection,2025-09-25T17:31:41
Pride & Prejudice & Zombies,2014,tt3611056,58431,108,"A zombie outbreak has fallen upon the land in this reimagining of Jane Austen's classic tale of the tangled relationships between lovers from different social classes in 19th century England. Feisty heroine Elizabeth Bennet is a master of martial arts and weaponry and the handsome Mr. Darcy is a fierce zombie killer, yet the epitome of upper class prejudice. As the zombie outbreak intensifies, they must swallow their pride and join forces on the blood-soaked battlefield in order to conquer the undead once and for all.",https://image.tmdb.org/t/p/w500/jsJlOhVHiz1xXr36616EI8tJ4b2.jpg,https://image.tmdb.org/t/p/w780/oT9oOVLsXr1iWr1dtgQ2AqYqUoM.jpg,Romance; Horror; Comedy; Thriller; Comedy | Horror | Romance | Thriller,,based on novel or book; dystopia; shaolin; prejudice; zombie; pride; gold digger; 19th century; georgian or regency era; somber; parson; mashup; amused; antagonistic,,,,Amazon Video (rent); Apple TV (rent); Google Play Movies (rent); YouTube (rent); Amazon Video (buy); Apple TV (buy); Google Play Movies (buy); YouTube (buy); Fandango At Home (buy),English,United Kingdom; United States of America,,2025-09-25T17:31:42
Prime,2005,tt0387514,2313,102,"A career driven professional from Manhattan is wooed by a young painter, who also happens to be the son of her psychoanalyst.",https://image.tmdb.org/t/p/w500/gz17H1jiLI9OrTo8ruS31WkP9Am.jpg,https://image.tmdb.org/t/p/w780/4JNo2oemP4KRIt2tEdpVPYgc0KO.jpg,Comedy; Drama; Romance; Comedy | Drama | Romance,,new york city; lovesickness; jealousy; love of one's life; therapist; age difference; photographer; date; jewry; jewish life; nightclub; artist; kiss; blonde; older woman younger man relationship; desire to have children,,,,Starz Apple TV Channel; Starz Roku Premium Channel; Starz; Starz Amazon Channel; Amazon Video (rent); Apple TV (rent); Google Play Movies (rent); YouTube (rent); Fandango At Home (rent); Amazon Video (buy); Apple TV (buy); Google Play Movies (buy); YouTube (buy); Fandango At Home (buy),English,United States of America,,2025-09-25T17:31:42
Prince of Persia: The Sands of Time,2010,tt0473075,9543,116,"A rogue prince reluctantly joins forces with a mysterious princess and together, they race against dark forces to safeguard an ancient dagger capable of releasing the Sands of Time – gift from the gods that can reverse time and allow its possessor to rule the world.",https://image.tmdb.org/t/p/w500/2Djvd493RnkiPmMRdHGTFgCGdVH.jpg,https://image.tmdb.org/t/p/w780/6sZAhoIrcoM6g372S15Idcja0Hv.jpg,Adventure; Fantasy; Action; Action | Adventure | Fantasy,,persia; sandstorm; brother against brother; armageddon; based on video game,,,,Disney Plus; Amazon Video (rent); Apple TV (rent); Google Play Movies (rent); YouTube (rent); Fandango At Home (rent); Amazon Video (buy); Apple TV (buy); Google Play Movies (buy); YouTube (buy); Fandango At Home (buy),English,United States of America,,2025-09-25T17:31:42
Project Almanac,2015,tt2436386,227719,106,"A group of teens discover secret plans of a time machine, and construct one. However, things start to get out of control.",https://image.tmdb.org/t/p/w500/9u5Rb0e7mx8qOO7zj39KnIRWClr.jpg,https://image.tmdb.org/t/p/w780/eyJk5LTMLIeAN2kVsP0yXrPZJfl.jpg,Science Fiction; Thriller; Science Fiction | Thriller,,time travel; time machine; love; found footage; viajes en el tiempo; viaje en el tiempo,,,,fuboTV; Paramount Plus; Paramount+ Amazon Channel; Paramount+ Roku Premium Channel; Amazon Video (rent); Apple TV (rent); Google Play Movies (rent); YouTube (rent); Fandango At Home (rent); Spectrum On Demand (rent); Amazon Video (buy); Apple TV (buy); Google Play Movies (buy); YouTube (buy); Fandango At Home (buy),English,United States of America,,2025-09-25T17:31:42
Project X,2012,tt1636826,57214,88,"Three high school seniors throw a party to make a name for themselves. As the night progresses, things spiral out of control as word of the party spreads.",https://image.tmdb.org/t/p/w500/lUPDGT3lyRrq8SvWuNWG2DP64bR.jpg,https://image.tmdb.org/t/p/w780/cUqXHZtnptgvyAE1hN47Wsf3ami.jpg,Comedy,,high school; birthday; birthday party; house party; teen movie; high school student; fake documentary,,,,Hoopla; Amazon Video (rent); Apple TV (rent); Google Play Movies (rent); YouTube (rent); Fandango At Home (rent); Amazon Video (buy); Apple TV (buy); Google Play Movies (buy); YouTube (buy); Fandango At Home (buy),English,United States of America,,2025-09-25T17:31:43
Prometheus,2012,tt1446714,70981,124,"A team of explorers discover a clue to the origins of mankind on Earth, leading them on a journey to the darkest corners of the universe. There, they must fight a terrifying battle to save the future of the human race.",https://image.tmdb.org/t/p/w500/m7nZCtHJyDLncBUarfM5h5mrppx.jpg,https://image.tmdb.org/t/p/w780/sM42bpH73dmf3kJrE8xr4kztYqR.jpg,Science Fiction; Adventure; Mystery; Adventure | Mystery | Science Fiction,,android; alien; space; creature; spin off; creation; emergency surgery; archaeological dig; stasis; god complex; cave drawing; prometheus; genetic mutation; origins of life; lovecraftian; 2090s; objective,,,,Hulu; HBO Max; HBO Max Amazon Channel; Amazon Video (rent); Apple TV (rent); Google Play Movies (rent); YouTube (rent); Fandango At Home (rent); Amazon Video (buy); Apple TV (buy); Google Play Movies (buy); YouTube (buy); Fandango At Home (buy),Gaelic; English,United States of America; United Kingdom,Prometheus Collection,2025-09-25T17:31:43
Promised Land,2012,tt2091473,133694,106,"A salesman for a natural gas company experiences life-changing events after arriving in a small town, where his corporation wants to tap into the available resources.",https://image.tmdb.org/t/p/w500/ziVOzoGfmHD5F90LyeCkBnwuTkP.jpg,https://image.tmdb.org/t/p/w780/pq0YbRUY7JMbuElDWIK6nRoFSdk.jpg,Drama,,small town; campaign; salesman; farmland; natural gas; fracking,,,,Amazon Video (rent); Apple TV (rent); Google Play Movies (rent); YouTube (rent); Fandango At Home (rent); Amazon Video (buy); Apple TV (buy); Google Play Movies (buy); YouTube (buy); Fandango At Home (buy),English,United Arab Emirates; United States of America,,2025-09-25T17:31:43
Pulp Fiction,1994,tt0110912,680,154,"A burger-loving hit man, his philosophical partner, a drug-addled gangster's moll and a washed-up boxer converge in this sprawling, comedic crime caper. Their adventures unfurl in three stories that ingeniously trip back and forth in time.",https://image.tmdb.org/t/p/w500/vQWk5YBFWF4bZaofAbv0tShwBvQ.jpg,https://image.tmdb.org/t/p/w780/suaEOtk1N1sgg2MTM7oZd2cfVp3.jpg,Thriller; Crime; Comedy; Drama; Crime | Thriller,,"drug dealer; boxer; massage; stolen money; briefcase; crime boss; redemption; heirloom; dance competition; los angeles, california; theft; nonlinear timeline; multiple storylines; neo-noir",,,,Amazon Prime Video; fuboTV; Paramount Plus; Paramount+ Amazon Channel; Paramount+ Roku Premium Channel; Amazon Prime Video with Ads; Amazon Video (rent); Apple TV (rent); Google Play Movies (rent); YouTube (rent); Fandango At Home (rent); Spectrum On Demand (rent); Plex (rent); Amazon Video (buy); Apple TV (buy); Google Play Movies (buy); YouTube (buy); Fandango At Home (buy),English; Spanish; French,United States of America,,2025-09-25T17:31:44
Pumpkinhead,1988,tt0095925,26515,86,"When a group of teenagers inadvertently kill his only son, Ed Harley seeks the powers of a backwoods witch to bring the child back to life.",https://image.tmdb.org/t/p/w500/gx7Gej5Srp3E13oqy1Kghtox2VZ.jpg,https://image.tmdb.org/t/p/w780/vCNXAsuDHxHT1ylHqTDSDqaehUG.jpg,Fantasy; Horror; Fantasy | Horror,,"witch; loss of loved one; pumpkin; murder; cabin; demon; based on song, poem or rhyme; evil; vengeance",,,,AMC Plus Apple TV Channel; AMC+ Amazon Channel; AMC+ Roku Premium Channel; AMC+; AMC; Philo; Tubi TV; Amazon Video (rent); Apple TV (rent); Google Play Movies (rent); YouTube (rent); Fandango At Home (rent); Amazon Video (buy); Apple TV (buy); Google Play Movies (buy); YouTube (buy); Fandango At Home (buy),English,United States of America,Pumpkinhead Collection,2025-09-25T17:31:44
Puss In Boots,2011,tt0448694,83201,13,"Puss in Boots is on a mission to recover the Princess' stolen ruby from the notorious French thief, Whisperer. Reluctantly accompanied by three little kittens, Three Diablos, Puss must tame them before they endanger the mission.",https://image.tmdb.org/t/p/w500/ptvbHUWpU8Nh6vrmSvjx4ESDgfC.jpg,https://image.tmdb.org/t/p/w780/xzKZaaTo5RADegdirGJzNE9rtMp.jpg,Adventure; Animation; Comedy; Family; Adventure | Animation | Comedy | Family,,cartoon cat,,,,Google Play Movies (buy); YouTube (buy); Fandango At Home (buy),English,United States of America,,2025-09-25T17:31:44
R.I.P.D.,2013,tt0790736,49524,96,A recently slain cop joins a team of undead police officers working for the Rest in Peace Department and tries to find the man who murdered him.,https://image.tmdb.org/t/p/w500/rS0kByPD4YF8pQ85KjzMdGiu7Xf.jpg,https://image.tmdb.org/t/p/w780/6KJcFFE1iBPC0Xj0iPCcmMvS5WK.jpg,Fantasy; Action; Comedy; Action | Comedy | Fantasy,,gold; wife; detective; investigation; police operation; undead; based on comic; partner; love; revenge; death; husband; ghost; police department; absurd; amused,,,,Netflix; Netflix Standard with Ads; Amazon Video (rent); Apple TV (rent); Google Play Movies (rent); YouTube (rent); Fandango At Home (rent); Amazon Video (buy); Apple TV (buy); Google Play Movies (buy); YouTube (buy); Fandango At Home (buy),English,United States of America,R.I.P.D. Collection,2025-09-25T17:31:45
Radio,2003,tt0316465,13920,109,"In the racially divided town of Anderson, South Carolina in 1976, football coach Harold Jones spots a mentally disabled African-American young man nicknamed Radio near his practice field and is inspired to befriend him. Soon, Radio is Jones' loyal assistant, and he becomes a student at T.L. Hanna High School. But things start to sour when Coach Jones begins taking guff from parents and fans who feel that his devotion to Radio is getting in the way of the team's quest for a championship.",https://image.tmdb.org/t/p/w500/uQ6ci4iFHhB6TWB2f4wftR7AEly.jpg,https://image.tmdb.org/t/p/w780/wDln5edQPFYMeKvakkYCLUXOPRP.jpg,Drama,,"mentally disabled; high school; friendship; sports; american football; 1970s; american football coach; biography; based on true story; inspiration; kindness; inspiring story; teenage daughter; disability; schoolteacher; mentor protégé relationship; racial issues; based on magazine, newspaper or article; father daughter relationship; uplifting",,,,Netflix; Kanopy; Hoopla; Amazon Video (rent); Apple TV (rent); Google Play Movies (rent); YouTube (rent); Fandango At Home (rent); Amazon Video (buy); Apple TV (buy); Google Play Movies (buy); YouTube (buy); Fandango At Home (buy),English,United States of America,,2025-09-25T17:31:45
Ralph Breaks the Internet,2018,tt5848272,404368,112,"Video game bad guy Ralph and fellow misfit Vanellope von Schweetz must risk it all by traveling to the World Wide Web in search of a replacement part to save Vanellope's video game, Sugar Rush. In way over their heads, Ralph and Vanellope rely on the citizens of the internet — the netizens — to help navigate their way, including an entrepreneur named Yesss, who is the head algorithm and the heart and soul of trend-making site BuzzzTube.",https://image.tmdb.org/t/p/w500/iVCrhBcpDaHGvv7CLYbK6PuXZo1.jpg,https://image.tmdb.org/t/p/w780/qDQEQbgP3v7B9IYLAUcYexNrVYP.jpg,Family; Animation; Comedy; Adventure; Adventure | Animation | Comedy | Family,,video game; cartoon; sequel; internet; lethal virus; aftercreditsstinger; duringcreditsstinger; online gaming; admiring,,,,Disney Plus; Amazon Video (rent); Apple TV (rent); Google Play Movies (rent); YouTube (rent); Fandango At Home (rent); Amazon Video (buy); Apple TV (buy); Google Play Movies (buy); YouTube (buy); Fandango At Home (buy),English,United States of America,Wreck-It Ralph Collection,2025-09-25T17:31:45
Rambo,2008,tt0462499,7555,92,"In Thailand, ex-Green Beret John James Rambo joins a group of mercenaries to venture into war-torn neighboring Myanmar to rescue a group of Christian aid workers who have been kidnapped by a ruthless local infantry unit.",https://image.tmdb.org/t/p/w500/3mInub5c8o00H7EJ1TrjAqOzIuc.jpg,https://image.tmdb.org/t/p/w780/8cX1Xt91RSpxpwNamNDQog0OeMq.jpg,Action; Thriller; War; Action | Thriller | War,,snake; fight; missionary; boat; river; pastor; border; mercenary; thailand; burma; sequel; hard; disturbed,,,,Starz Apple TV Channel; Starz Roku Premium Channel; Starz; Philo; Starz Amazon Channel; Amazon Video (rent); Apple TV (rent); Google Play Movies (rent); YouTube (rent); Fandango At Home (rent); Plex (rent); Amazon Video (buy); Apple TV (buy); Google Play Movies (buy); YouTube (buy); Fandango At Home (buy),English; Burmese; Thai,United States of America; Germany,Rambo Collection,2025-09-25T17:31:46
Rambo III,1988,tt0095956,1370,102,"Combat has taken its toll on Rambo, but he's finally begun to find inner peace in a monastery. When Rambo's friend and mentor Col. Trautman asks for his help on a top secret mission to Afghanistan, Rambo declines but must reconsider when Trautman is captured.",https://image.tmdb.org/t/p/w500/pTVm2HrqV5kOt8tG4ZURNuhrmAq.jpg,https://image.tmdb.org/t/p/w780/nEuPSz6LhmrtYp7K56dbsmomuqA.jpg,Action; Adventure; Thriller; War; Action | Adventure | Thriller | War,,submachine gun; competition; machinegun; liberation; soviet union; soviet military; thailand; freedom fighter; afghanistan; war on freedom; mujahid; hard,,,,Philo; Hoopla; Amazon Video (rent); Apple TV (rent); Google Play Movies (rent); YouTube (rent); Apple TV (buy); Google Play Movies (buy); YouTube (buy); Fandango At Home (buy),English; Russian,United States of America,Rambo Collection,2025-09-25T17:31:46
Rambo: First Blood,1985,tt0089880,1369,96,John Rambo is released from prison by the government for a top-secret covert mission to the last place on Earth he'd want to return - the jungles of Vietnam.,https://image.tmdb.org/t/p/w500/pzPdwOitmTleVE3YPMfIQgLh84p.jpg,https://image.tmdb.org/t/p/w780/oPWxyDC9MY5c00IjhDrQsdUoqq3.jpg,Action; Adventure; Thriller; War; Action | Adventure | Thriller | War,,vietnam war; vietnam veteran; vietnam; helicopter; government; prisoner; chase; submachine gun; liberation of prisoners; photography; machinegun; prisoner of war; liberation; leech; us army; forest; sequel; revenge; torture; soldier; explosion; bow and arrow; exploding body; agent; russian army; electrical torture; denunciation,,,,Hoopla; Amazon Video (rent); Apple TV (rent); Google Play Movies (rent); YouTube (rent); Fandango At Home (rent); Amazon Video (buy); Apple TV (buy); Google Play Movies (buy); YouTube (buy); Fandango At Home (buy),English; Vietnamese,United States of America; Mexico; Netherlands Antilles,Rambo Collection,2025-09-25T17:31:46
Rambo: Last Blood,2019,tt1206885,522938,89,"After fighting his demons for decades, John Rambo now lives in peace on his family ranch in Arizona, but his rest is interrupted when Gabriela, the granddaughter of his housekeeper María, disappears after crossing the border into Mexico to meet her biological father. Rambo, who has become a true father figure for Gabriela over the years, undertakes a desperate and dangerous journey to find her.",https://image.tmdb.org/t/p/w500/kTQ3J8oTTKofAVLYnds2cHUz9KO.jpg,https://image.tmdb.org/t/p/w780/pAsZ0ifQwKTHVab8bCHHn2qtizE.jpg,Action; Thriller; Drama; Action | Drama | Thriller,,post-traumatic stress disorder (ptsd); arizona; human trafficking; affectation; sequel; father figure; horse ranch; mexican american border; revenge plot; angry; mexican cartel; vindictive,,,,Philo; Amazon Video (rent); Apple TV (rent); Google Play Movies (rent); YouTube (rent); Fandango At Home (rent); Spectrum On Demand (rent); Plex (rent); Amazon Video (buy); Apple TV (buy); Google Play Movies (buy); YouTube (buy); Fandango At Home (buy),English; Spanish,China; United States of America,Rambo Collection,2025-09-25T17:31:46
Ran,1985,tt0089881,11645,160,Shakespeare's King Lear is reimagined as a singular historical epic set in sixteenth-century Japan where an aging warlord divides his kingdom between his three sons.,https://image.tmdb.org/t/p/w500/jQnUtWaHYfqnXPOIf77K7Ycqk4M.jpg,https://image.tmdb.org/t/p/w780/gfR3GEClL7WrNpQOg8mcPhM8fx6.jpg,Action; Drama; History; War,,epic; assassination; kingdom; gun; greed; castle; heir to the throne; revenge; descent into madness; historical fiction; seppuku; inheritance fight; ruins; jidaigeki; historical drama; king lear; feudal japan; black widow; somber; hopelessness; dramatic; tragic,,,,BFI Player Amazon Channel; Tubi TV; Kanopy,Japanese,Japan; France,,2025-09-25T17:31:47
Rango,2011,tt1192628,44896,112,"When Rango, a lost family pet, accidentally winds up in the gritty, gun-slinging town of Dirt, the less-than-courageous lizard suddenly finds he stands out. Welcomed as the last hope the town has been waiting for, new Sheriff Rango is forced to play his new role to the hilt.",https://image.tmdb.org/t/p/w500/A5MP1guV8pbruieG0tnpPIbaJtt.jpg,https://image.tmdb.org/t/p/w780/mOtKQlXdL5J4lwqcSFlkZmgmFeZ.jpg,Animation; Comedy; Family; Western; Adventure; Adventure | Animation | Comedy | Family | Western,,hero; gunslinger; sheriff; nevada; mayor; pet; native american; water supply; outlaw; water shortage; spirit; mariachi; disillusionment; desert; construction; frontier town; small western town; animal life; animal protagonist; old west; high noon,,,,Hoopla; Amazon Video (rent); Apple TV (rent); Google Play Movies (rent); YouTube (rent); Fandango At Home (rent); Spectrum On Demand (rent); Amazon Video (buy); Apple TV (buy); Google Play Movies (buy); YouTube (buy); Fandango At Home (buy),English,United States of America; United Kingdom,,2025-09-25T17:31:47
Ratatouille,2007,tt0382932,2062,111,"Remy, a resident of Paris, appreciates good food and has quite a sophisticated palate. He would love to become a chef so he can create and enjoy culinary masterpieces to his heart's delight. The only problem is, Remy is a rat. When he winds up in the sewer beneath one of Paris' finest restaurants, the rodent gourmet finds himself ideally placed to realize his dream.",https://image.tmdb.org/t/p/w500/t3vaWRPSf6WjDSamIkKDs1iQWna.jpg,https://image.tmdb.org/t/p/w780/xgDj56UWyeWQcxQ44f5A3RTWuSs.jpg,Animation; Comedy; Family; Fantasy; Animation | Comedy | Family | Fantasy,,"work; sibling relationship; paris, france; expensive restaurant; river; confidence; cooking; evacuation; mouse; leaving one's family; restaurant; villain; restaurant critic; spice; cookbook; food; chef; sewer; unlikely friendship; french restaurant; rat; french cuisine; fine dining",,,,Disney Plus; Amazon Video (rent); Apple TV (rent); Google Play Movies (rent); YouTube (rent); Fandango At Home (rent); Amazon Video (buy); Apple TV (buy); Google Play Movies (buy); YouTube (buy); Fandango At Home (buy),Danish; English; French,United States of America,,2025-09-25T17:31:47
Ratchet & Clank,1996,tt2865120,234004,94,"When the galaxy comes under the threat of a nefarious space captain, a mechanic and his newfound robot ally join an elite squad of combatants to save the universe.",https://image.tmdb.org/t/p/w500/649xP2LST4VIrZ5cLPw7Ys9movF.jpg,https://image.tmdb.org/t/p/w780/dmyWErK0752dyJnA0YT1Vfi9HzU.jpg,Action; Adventure; Animation; Family; Action | Adventure | Animation | Family,,spacecraft; saving the world; extraterrestrial technology; villain; alien; best friend; robot; based on video game; aftercreditsstinger; duringcreditsstinger; woman director; spaceship mechanic,,,,Amazon Video (rent); Apple TV (rent); Google Play Movies (rent); YouTube (rent); Fandango At Home (rent); Amazon Video (buy); Apple TV (buy); Google Play Movies (buy); YouTube (buy); Fandango At Home (buy),English,Canada; Hong Kong; United States of America,,2025-09-25T17:31:48
Ready Player One,2018,tt1677720,333339,140,"When the creator of a popular video game system dies, a virtual contest is created to compete for his fortune.",https://image.tmdb.org/t/p/w500/pU1ULUq8D3iRxl1fdX2lZIzdHuI.jpg,https://image.tmdb.org/t/p/w780/5a7lMDn3nAj2ByO0X1fg6BhUphR.jpg,Adventure; Action; Science Fiction; Action | Adventure | Science Fiction,,"future; based on novel or book; video game; virtual reality; dystopia; nostalgia; love; film in film; evil corporation; quest; 1980s; 2040s; based on young adult novel; columbus, ohio; inspirational; vrmmo",,,,Amazon Video (rent); Apple TV (rent); Google Play Movies (rent); YouTube (rent); Fandango At Home (rent); Spectrum On Demand (rent); Plex (rent); Amazon Video (buy); Apple TV (buy); Google Play Movies (buy); YouTube (buy); Fandango At Home (buy),English,United States of America; India; Singapore; Canada; United Kingdom; Japan; Australia,Ready Player One Collection,2025-09-25T17:31:48
Ready or Not,2019,tt7798634,567609,95,A young bride's wedding night turns into her worst nightmare when her ridiculously rich in-laws force her to play a gruesome game of hide-and-seek.,https://image.tmdb.org/t/p/w500/oJD9KQFoObZmxAS1je56SIFVNJt.jpg,https://image.tmdb.org/t/p/w780/oJ1MIABA0WF0a7MDVQnnMvBdex8.jpg,Horror; Comedy; Comedy | Horror,,escape; ritual; marriage; satanism; gore; pact with the devil; wealth; murder; wedding; game; exploding body; wedding dress; satanic cult; death game; absurd; frightened; horrified,,,,Disney Plus; Hulu; fuboTV; YouTube TV; FXNow; Amazon Video (rent); Apple TV (rent); Google Play Movies (rent); YouTube (rent); Fandango At Home (rent); Amazon Video (buy); Apple TV (buy); Google Play Movies (buy); YouTube (buy); Fandango At Home (buy),English,United States of America,Ready or Not Collection,2025-09-25T17:31:48
Red 2,2013,tt1821694,146216,116,Retired C.I.A. agent Frank Moses reunites his unlikely team of elite operatives for a global quest to track down a missing portable nuclear device.,https://image.tmdb.org/t/p/w500/tbksijr6g340yFWRgI4JfwrtM9h.jpg,https://image.tmdb.org/t/p/w780/gd2vQT8uMf1FAsiC0OdewL7XUFR.jpg,Action; Comedy; Crime; Thriller; Action | Comedy | Crime | Thriller,,"london, england; central intelligence agency (cia); paris, france; england; europe; based on comic; mi6; agent; hired killer; exploding airplane",,,,MovieSphere+ Amazon Channel; Amazon Video (rent); Apple TV (rent); Google Play Movies (rent); YouTube (rent); Fandango At Home (rent); Plex (rent); Amazon Video (buy); Apple TV (buy); Google Play Movies (buy); YouTube (buy); Fandango At Home (buy),English; French; Russian,United States of America,RED Collection,2025-09-25T17:31:49
Red Dragon,2002,tt0289765,9533,124,"Former FBI Agent Will Graham, who was once almost killed by the savage Hannibal 'The Cannibal' Lecter, now has no choice but to face him again, as it seems Lecter is the only one who can help Graham track down a new serial killer.",https://image.tmdb.org/t/p/w500/ou9ZKA2cms02b7CdCdVqGkKu0O0.jpg,https://image.tmdb.org/t/p/w780/7c65xpnYlea6VITznLLRS9cTuwS.jpg,Crime; Thriller; Horror; Crime | Horror | Thriller,,based on novel or book; psychopath; fbi; murder; serial killer; cannibal; dentures; megalomania; mind game; tabloid reporter; chloroform; police profiling; psychotronic film; fbi agent; stethoscope,,,,Amazon Prime Video; Amazon Prime Video with Ads; Amazon Video (rent); Apple TV (rent); Google Play Movies (rent); YouTube (rent); Fandango At Home (rent); Amazon Video (buy); Apple TV (buy); Google Play Movies (buy); YouTube (buy); Fandango At Home (buy),French; English,Germany; Italy; United States of America,The Hannibal Lecter Collection,2025-09-25T17:31:49
Red Riding Hood,2011,tt1486185,49730,100,"Valerie is in love with a brooding outsider, Peter, but her parents have arranged for her to marry another man. Unwilling to lose each other, Valerie and Peter plan to run away together when Valerie's older sister is killed by a werewolf that prowls the dark forest surrounding their village. Panic grips the town as Valerie discovers that she has a unique connection to the beast--one that inexorably draws them together, making her both suspect ... and bait.",https://image.tmdb.org/t/p/w500/dMI4XZCfC0VhUNN1Ds6ty6iRoyJ.jpg,https://image.tmdb.org/t/p/w780/r4A5SQSGTfleodMm45w7MJgE2WF.jpg,Thriller; Drama; Fantasy; Mystery; Horror; Romance; Drama | Fantasy | Horror | Mystery | Thriller,,winter; fairy tale; little red riding hood; hood; werewolf; aftercreditsstinger; duringcreditsstinger; woman director; tense; romantic; melodramatic,,,,VIX; Amazon Video (rent); Apple TV (rent); Google Play Movies (rent); YouTube (rent); Fandango At Home (rent); Amazon Video (buy); Apple TV (buy); Google Play Movies (buy); YouTube (buy); Fandango At Home (buy),English,Canada; United States of America,,2025-09-25T17:31:49
Red Rocket,2021,tt13453006,763329,130,"After hitting rock bottom in Los Angeles, former porn star Mikey Saber returns to his hometown in Texas to stay with his estranged wife and mother-in-law. Just as tensions begin to ease, he becomes infatuated with a young doughnut shop worker named Strawberry.",https://image.tmdb.org/t/p/w500/345gLhiNpItU1ICx8OxJQwjgPmH.jpg,https://image.tmdb.org/t/p/w780/nRfJFQQ6OUVW4NV7wFzNDu57J3E.jpg,Drama; Comedy; Comedy | Drama,,texas; narcissism; relationship problems; porn star; estranged wife; selfishness; ex-husband ex-wife relationship; return home; frantic; candid; anxious; 2010s; return to hometown; texas city; dramatic; unlikeable protagonist; admiring; adoring; ambiguous; ambivalent; antagonistic; audacious; brisk; cliché; dubious; exhilarated,,,,Amazon Video (rent); Apple TV (rent); Google Play Movies (rent); YouTube (rent); Fandango At Home (rent); Plex (rent); Amazon Video (buy); Apple TV (buy); Google Play Movies (buy); YouTube (buy); Fandango At Home (buy),English,United States of America,,2025-09-25T17:31:49
Red Sparrow,2018,tt2873282,401981,140,"Prima ballerina Dominika Egorova faces a bleak and uncertain future after she suffers an injury that ends her career. She soon turns to Sparrow School, a secret intelligence service that trains exceptional young people to use their minds and bodies as weapons. Dominika emerges as the most dangerous Sparrow after completing the sadistic training process. As she comes to terms with her new abilities, she meets a CIA agent who tries to convince her that he is the only person she can trust.",https://image.tmdb.org/t/p/w500/vLCogyfQGxVLDC1gqUdNAIkc29L.jpg,https://image.tmdb.org/t/p/w780/7k2LcmWJJTSf0FcP1Jd8v9S8vfQ.jpg,Thriller; Mystery; Mystery | Thriller,,"central intelligence agency (cia); sexual abuse; budapest, hungary; based on novel or book; self sacrifice; spy; patriotism; seduction; training; double agent; chechnya; hospital; torture; mole; female spy; mortal danger; deceit; uncle niece relationship; american embassy; moscow, russia; russian spy; spy thriller; bolshoi ballet; ballet performance; secret code; prima ballerina; mother daughter relationship; theatre; asset; home health aide; secret meeting; gorky park; intense; audacious",,,,Amazon Video (rent); Apple TV (rent); Google Play Movies (rent); YouTube (rent); Fandango At Home (rent); Amazon Video (buy); Apple TV (buy); Google Play Movies (buy); YouTube (buy); Fandango At Home (buy),English,United States of America,,2025-09-25T17:31:50
Reservoir Dogs,1992,tt0105236,500,99,"A botched robbery indicates a police informant, and the pressure mounts in the aftermath at a warehouse. Crime begets violence as the survivors -- veteran Mr. White, newcomer Mr. Orange, psychopathic parolee Mr. Blonde, bickering weasel Mr. Pink and Nice Guy Eddie -- unravel.",https://image.tmdb.org/t/p/w500/xi8Iu6qyTfyZVDVy60raIOYJJmk.jpg,https://image.tmdb.org/t/p/w780/eohMDv8x1XRSkPdjWv5xsFct4Dj.jpg,Crime; Thriller; Crime | Thriller,,escape; jewelry; psychopath; traitor; ear; heist; thief; betrayal; plan gone wrong; gang; nonlinear timeline; warehouse; told in flashback; heist gone wrong; botched robbery; foreshadowing; rendezvous; iconic; uneasy alliance; rag tag group; based on short,,,,Peacock Premium; Peacock Premium Plus; Plex Channel; Amazon Video (rent); Apple TV (rent); Google Play Movies (rent); YouTube (rent); Fandango At Home (rent); Spectrum On Demand (rent); Amazon Video (buy); Apple TV (buy); Google Play Movies (buy); YouTube (buy); Fandango At Home (buy),English,United States of America,,2025-09-25T17:31:50
Resident Evil,2002,tt0120804,133121,100,"U.S. federal agent Leon S. Kennedy sneaks into the ""East Slavic Republic"" to verify rumors that Bio-Organic Weapons (BOWs) are being used in the country's civil war, which the U.S. and Russia are making preparations to jointly intervene in. Right after his infiltration, the U.S. government orders him to leave immediately. Determined to uncover the truth, Leon ignores the order and enters the battlefield to end the chain of tragedies caused by the BOWs.",https://image.tmdb.org/t/p/w500/zkHSURVCrt7rpvDDgUXO75CV1v4.jpg,https://image.tmdb.org/t/p/w780/xbjOkrAaT4CAIrNJ38oQSBomHvg.jpg,Animation; Horror; Action; Science Fiction; Action | Animation | Horror | Science Fiction,,mind control; biological weapon; dystopia; political instability; gore; infection; zombie; based on video game; survival horror; adult animation; parasite underneath skin; military operation; anime; genetic mutation; unkillable monster,,,,Amazon Video (rent); Apple TV (rent); Google Play Movies (rent); YouTube (rent); Fandango At Home (rent); Amazon Video (buy); Apple TV (buy); Google Play Movies (buy); YouTube (buy); Fandango At Home (buy),Japanese; English,Japan,Resident Evil (Animated) Collection,2025-09-25T17:31:50
Resident Evil: Afterlife,2010,tt1220634,35791,97,"In a world ravaged by a virus infection, turning its victims into the Undead, Alice continues on her journey to find survivors and lead them to safety. Her deadly battle with the Umbrella Corporation reaches new heights, but Alice gets some unexpected help from an old friend. A new lead that promises a safe haven from the Undead takes them to Los Angeles, but when they arrive the city is overrun by thousands of Undead - and Alice and her comrades are about to step into a deadly trap.",https://image.tmdb.org/t/p/w500/xaEHOuIkoTzHQIiex0Ys306Ky05.jpg,https://image.tmdb.org/t/p/w780/lalUb4dtLbUhSOUxz4OfS8NRheW.jpg,Action; Adventure; Horror; Science Fiction; Action | Adventure | Horror | Science Fiction,,dystopia; post-apocalyptic future; undead; evil corporation; biohazard; zombie; based on video game; duringcreditsstinger,,,,Amazon Video (rent); Apple TV (rent); Google Play Movies (rent); YouTube (rent); Fandango At Home (rent); Spectrum On Demand (rent); Amazon Video (buy); Apple TV (buy); Google Play Movies (buy); YouTube (buy); Fandango At Home (buy),English; Spanish; Japanese,Canada; Germany; United States of America,Resident Evil Collection,2025-09-25T17:31:51
Resident Evil: Apocalypse,2004,tt0318627,1577,94,"As the city is locked down under quarantine, Alice finds out that the people that died from the previous incident at the Umbrella Corporation have turned into zombies. She then joins a small band of elite soldiers, who are enlisted to rescue the missing daughter of the creator of the mutating T-virus.  Once lack of luck and resources happen, they begin to wage an exhilarating battle to survive and escape before the Umbrella Corporation erases its experiment from the face of the earth.",https://image.tmdb.org/t/p/w500/yzNQSLlZb7NAkA4C5uADfNDJ7hm.jpg,https://image.tmdb.org/t/p/w780/5PJP3NaiH9ZJRzrEHLeqSY5rNxb.jpg,Horror; Action; Science Fiction; Action | Horror | Science Fiction,,rescue; martial arts; dystopia; mutant; conspiracy; evil corporation; zombie; based on video game; intense,,,,Amazon Video (rent); Apple TV (rent); Google Play Movies (rent); YouTube (rent); Fandango At Home (rent); Spectrum On Demand (rent); Amazon Video (buy); Apple TV (buy); Google Play Movies (buy); YouTube (buy); Fandango At Home (buy),English,Canada; United Kingdom; United States of America,Resident Evil Collection,2025-09-25T17:31:51
Resident Evil: Extinction,2007,tt0432021,7737,94,"Years after the Racoon City catastrophe, survivors travel across the Nevada desert, hoping to make it to Alaska. Alice joins the caravan and their fight against hordes of zombies and the evil Umbrella Corp.",https://image.tmdb.org/t/p/w500/6yaLr7Ymg5cvbtSVi5hHwBKx35I.jpg,https://image.tmdb.org/t/p/w780/u8QUvrq24pWB2x1DxCy4ulbKJG5.jpg,Horror; Action; Science Fiction; Action | Horror | Science Fiction,,clone; dystopia; mutant; post-apocalyptic future; conspiracy; evil corporation; zombie; based on video game; intense; awestruck; skräck,,,,Hulu; Starz Apple TV Channel; Amazon Video (rent); Apple TV (rent); Google Play Movies (rent); YouTube (rent); Fandango At Home (rent); Spectrum On Demand (rent); Amazon Video (buy); Apple TV (buy); Google Play Movies (buy); YouTube (buy); Fandango At Home (buy),English,Canada; France; Germany; United States of America,Resident Evil Collection,2025-09-25T17:31:51
Resident Evil: Retribution,2012,tt1855325,71679,95,"The Umbrella Corporation’s deadly T-virus continues to ravage the Earth, transforming the global population into legions of the flesh eating Undead. The human race’s last and only hope, Alice, awakens in the heart of Umbrella’s most clandestine operations facility and unveils more of her mysterious past as she delves further into the complex. Without a safe haven, Alice continues to hunt those responsible for the outbreak; a chase that takes her from Tokyo to New York, Washington, D.C. and Moscow, culminating in a mind-blowing revelation that will force her to rethink everything that she once thought to be true. Aided by new found allies and familiar friends, Alice must fight to survive long enough to escape a hostile world on the brink of oblivion. The countdown has begun.",https://image.tmdb.org/t/p/w500/ohdUDWVlcbuWphaLu6wS91xdJ73.jpg,https://image.tmdb.org/t/p/w780/qV8rVyw7tsNzJkmvgFvQa2mWRDQ.jpg,Action; Horror; Science Fiction; Action | Horror | Science Fiction,,"dystopia; mutant; sequel; conspiracy; tokyo, japan; zombie; based on video game; moscow, russia; hand to hand combat; virus; plague; pandemic",,,,Amazon Video (rent); Apple TV (rent); Google Play Movies (rent); YouTube (rent); Fandango At Home (rent); Amazon Video (buy); Apple TV (buy); Google Play Movies (buy); YouTube (buy); Fandango At Home (buy),English,Canada; Germany; United States of America,Resident Evil Collection,2025-09-25T17:31:52
Resident Evil: The Final Chapter,2016,tt2592614,173897,107,"Picking up immediately after the events in Resident Evil: Retribution, Alice is the only survivor of what was meant to be humanity's final stand against the undead. Now, she must return to where the nightmare began - The Hive in Raccoon City, where the Umbrella Corporation is gathering its forces for a final strike against the only remaining survivors of the apocalypse.",https://image.tmdb.org/t/p/w500/7glPlA0xPpxPxBu0TnY4ulQVCV1.jpg,https://image.tmdb.org/t/p/w780/sQRfWdDxH53Vk7ZJ1UqzcaBHocO.jpg,Action; Horror; Science Fiction; Action | Horror | Science Fiction,,helicopter; monster; underground; dystopia; mutant; post-apocalyptic future; sequel; end of the world; female soldier; zombie; armageddon; based on video game; heroine,,,,Amazon Video (rent); Apple TV (rent); Google Play Movies (rent); YouTube (rent); Fandango At Home (rent); Spectrum On Demand (rent); Amazon Video (buy); Apple TV (buy); Google Play Movies (buy); YouTube (buy); Fandango At Home (buy),English,Canada; France; Germany; United States of America,Resident Evil Collection,2025-09-25T17:31:52
Ride Along,2014,tt1408253,168530,99,"For the past two years, high-school security guard Ben has been trying to show decorated APD detective James that he's more than just a video-game junkie who's unworthy of James' sister, Angela. When Ben finally gets accepted into the academy, he thinks he's earned the seasoned policeman's respect and asks for his blessing to marry Angela. Knowing that a ride along will demonstrate if Ben has what it takes to take care of his sister, James invites him on a shift designed to scare the hell out of the trainee. But when the wild night leads them to the most notorious criminal in the city, James will find that his new partner's rapid-fire mouth is just as dangerous as the bullets speeding at it.",https://image.tmdb.org/t/p/w500/qrt65VVaP5DEEBZgB5XYctA82Qv.jpg,https://image.tmdb.org/t/p/w780/b7FwWsTgJ1lDcwvjnqu4uNqFdCd.jpg,Action; Comedy; Action | Comedy,,police operation; family relationships; police officer; duringcreditsstinger; hilarious; harsh,,,,Netflix; Starz Apple TV Channel; Netflix Standard with Ads; Amazon Video (rent); Apple TV (rent); Google Play Movies (rent); YouTube (rent); Fandango At Home (rent); Spectrum On Demand (rent); Amazon Video (buy); Apple TV (buy); Google Play Movies (buy); YouTube (buy); Fandango At Home (buy),English,United States of America,Ride Along Collection,2025-09-25T17:31:52
Ride Along 2,2016,tt2869728,323675,102,"As his wedding day approaches, Ben heads to Miami with his soon-to-be brother-in-law James to bring down a drug dealer who's supplying the dealers of Atlanta with product.",https://image.tmdb.org/t/p/w500/qKvVUHdiwqkXdlRsW4fHO7SAZef.jpg,https://image.tmdb.org/t/p/w780/cnunxkfoeEgOGoYPsvGxIBrzf2F.jpg,Action; Comedy; Action | Comedy,,police; family relationships; sequel; police officer; misadventure; buddy film,,,,Netflix; Netflix Standard with Ads; Amazon Video (rent); Apple TV (rent); Google Play Movies (rent); YouTube (rent); Fandango At Home (rent); Spectrum On Demand (rent); Amazon Video (buy); Apple TV (buy); Google Play Movies (buy); YouTube (buy); Fandango At Home (buy),English,United States of America,Ride Along Collection,2025-09-25T17:31:53
Rings,2017,tt0498381,91908,16,"Some time after the events of The Ring, a subculture of people voluntarily watch Samara Morgan's video and wait to see how close to the seven-day deadline they can get before showing it to the next person. They record everything they see and share their experiences on a secret website dedicated to the videotape. No one has ever recorded a day seven.",https://image.tmdb.org/t/p/w500/mjtAYGglfOO6T1jRov35jH46J6Z.jpg,https://image.tmdb.org/t/p/w780/lAScRnNCRiUSac6akPKJU1AWQtY.jpg,Horror; Thriller; Horror | Thriller,,high school; race against time; ladder; fear; videotape; dvd extra; short film,,,,,English,United States of America,,2025-09-25T17:31:53
Rio 2,2014,tt2357291,172385,101,"It's a jungle out there for Blu, Jewel and their three kids after they're hurtled from Rio de Janeiro to the wilds of the Amazon. As Blu tries to fit in, he goes beak-to-beak with the vengeful Nigel, and meets the most fearsome adversary of all: his father-in-law.",https://image.tmdb.org/t/p/w500/gVNTBrjxh2YRmQFjlaqrNbHVvrd.jpg,https://image.tmdb.org/t/p/w780/eg2jxQ1FFi6ENDfyMIMC5odpcU0.jpg,Animation; Adventure; Comedy; Family; Adventure | Animation | Comedy | Family,,villain; amazon rainforest; sequel; travel; jungle; audition; parrots; personification,,,,Disney Plus; Amazon Video (rent); Apple TV (rent); Google Play Movies (rent); YouTube (rent); Fandango At Home (rent); Spectrum On Demand (rent); Amazon Video (buy); Apple TV (buy); Google Play Movies (buy); YouTube (buy); Fandango At Home (buy),English; Portuguese,United States of America,Rio Collection,2025-09-25T17:31:53
Rise of the Planet of the Apes,2011,tt1318514,61791,105,"A highly intelligent chimpanzee named Caesar has been living a peaceful suburban life ever since he was born. But when he gets taken to a cruel primate facility, Caesar decides to revolt against those who have harmed him.",https://image.tmdb.org/t/p/w500/cjLsuP75UDlRdJVMXzXg3TJ4umX.jpg,https://image.tmdb.org/t/p/w780/dENLz9Np9EV5Ro8UIBhbKC8BmSS.jpg,Thriller; Action; Drama; Science Fiction; Action | Drama | Science Fiction | Thriller,,"san francisco, california; solidarity; gorilla; intelligence; dystopia; zoo; alzheimer's disease; death of father; cage; anthropomorphism; golden gate bridge; disease; ape; orangutan; chimpanzee; medical research; primate; duringcreditsstinger; sign languages; virus; animal testing; contagion; father son relationship; animal human friendship; cgi-live action hybrid; violence against animals; meddling neighbor; medical trials; amused; exhilarated",,,,HBO Max; HBO Max Amazon Channel; Amazon Video (rent); Apple TV (rent); Google Play Movies (rent); YouTube (rent); Fandango At Home (rent); Amazon Video (buy); Apple TV (buy); Google Play Movies (buy); YouTube (buy); Fandango At Home (buy),English,United Kingdom; United States of America,Planet of the Apes (Reboot) Collection,2025-09-25T17:31:53
Rock the Kasbah,2015,tt3164256,253414,100,"A washed-up music producer finds one last shot at redemption with a golden-voiced young girl in Afghanistan. However, when jealousy gets the better of a disgruntled ex-boyfriend, he decides to oppose the young star with talent of his own.",https://image.tmdb.org/t/p/w500/jGNOsJjpsJ4yWe3InuiXgYk8VuW.jpg,https://image.tmdb.org/t/p/w780/wldeDiuEBhYi1Q4FjSHzAQ3yS80.jpg,Comedy; Music; War; Comedy | Music | War,,jealousy; ex-boyfriend; redemption; afghanistan; record producer; last chance; singer,,,,fuboTV; Starz Apple TV Channel; Tubi TV; Amazon Video (rent); Apple TV (rent); Google Play Movies (rent); YouTube (rent); Fandango At Home (rent); Amazon Video (buy); Apple TV (buy); Google Play Movies (buy); YouTube (buy); Fandango At Home (buy),English,Morocco; United States of America,,2025-09-25T17:31:54
Rocketman,2019,tt2066051,504608,121,"The story of Elton John's life, from his years as a prodigy at the Royal Academy of Music through his influential and enduring musical partnership with Bernie Taupin.",https://image.tmdb.org/t/p/w500/f4FF18ia7yTvHf2izNrHqBmgH8U.jpg,https://image.tmdb.org/t/p/w780/isnJGDrfR9dIrHMsPTvHtJaGEpc.jpg,Music; Drama; Drama | Music,,"london, england; drug abuse; pop star; 1970s; musical; biography; based on true story; alcoholism; singer; rock music; los angeles, california; pianist; lgbt; rise to fame; 1960s; gay theme",,,,TNT; TBS; tru TV; Amazon Video (rent); Apple TV (rent); Google Play Movies (rent); YouTube (rent); Fandango At Home (rent); Plex (rent); Amazon Video (buy); Apple TV (buy); Google Play Movies (buy); YouTube (buy); Fandango At Home (buy),English,United Kingdom; United States of America; Canada,,2025-09-25T17:31:54
Rogue One: A Star Wars Story,2016,tt3748528,330459,133,A rogue band of resistance fighters unite for a mission to steal the Death Star plans and bring a new hope to the galaxy.,https://image.tmdb.org/t/p/w500/i0yw1mFbB7sNGHCs7EXZPzFkdA1.jpg,https://image.tmdb.org/t/p/w780/6t8ES1d12OzWyCGxBeDYLHoaDrT.jpg,Action; Adventure; Science Fiction; Action | Adventure | Science Fiction,,rebellion; spacecraft; rebel; space battle; space travel; prequel; female protagonist; space western; suicide mission; robot; spin off; space opera; alien language; against the odds; blind man,,,,Disney Plus; Amazon Video (rent); Apple TV (rent); Google Play Movies (rent); YouTube (rent); Fandango At Home (rent); Amazon Video (buy); Apple TV (buy); Google Play Movies (buy); YouTube (buy); Fandango At Home (buy),English,United States of America,,2025-09-25T17:31:54
Roman Holiday,1953,tt0046250,804,119,"Overwhelmed by her suffocating schedule, touring European princess Ann takes off for a night while in Rome. When a sedative she took from her doctor kicks in, however, she falls asleep on a park bench and is found by an American reporter, Joe Bradley, who takes her back to his apartment for safety. At work the next morning, Joe finds out Ann's regal identity and bets his editor he can get exclusive interview with her, but romance soon gets in the way.",https://image.tmdb.org/t/p/w500/8lI9dmz1RH20FAqltkGelY1v4BE.jpg,https://image.tmdb.org/t/p/w780/6f50k0bAekjxDvVvGC1SupJSzf4.jpg,Romance; Comedy; Drama; Comedy | Drama | Romance,,"dance; rome, italy; photography; boat; secret identity; intelligence; embassy; forbidden love; sightseeing; duty; black and white; romantic",,,,Kanopy; Hoopla; Amazon Video (rent); Apple TV (rent); Google Play Movies (rent); YouTube (rent); Fandango At Home (rent); Spectrum On Demand (rent); Amazon Video (buy); Apple TV (buy); Google Play Movies (buy); YouTube (buy); Fandango At Home (buy),English; Italian,United States of America,,2025-09-25T17:31:55
Rough Night,2017,tt4799050,397422,101,"Five best friends from college reunite 10 years later for a wild bachelorette weekend in Miami. Their hard partying takes a hilariously dark turn when they accidentally kill a male stripper. Amidst the craziness of trying to cover it up, they're ultimately brought closer together when it matters most.",https://image.tmdb.org/t/p/w500/ttC00xcQ5UIO04kU8y0h5OAIYYJ.jpg,https://image.tmdb.org/t/p/w780/dfpUzXTPq8IG9WHIyUPK3UhHcBi.jpg,Drama; Comedy; Comedy | Drama,,"friendship; miami, florida; dark comedy; female friendship; friends; drugs; drinking; male stripper; fiancé fiancée relationship; aftercreditsstinger; duringcreditsstinger; political candidate; accident; college friends; bachelorette party; comedy of errors",,,,Amazon Video (rent); Apple TV (rent); Google Play Movies (rent); YouTube (rent); Spectrum On Demand (rent); Amazon Video (buy); Apple TV (buy); Google Play Movies (buy); YouTube (buy),English,United States of America,,2025-09-25T17:31:55
Rush,2013,tt1979320,96721,123,"In the 1970s, a rivalry propels race car drivers Niki Lauda and James Hunt to fame and glory — until a horrible accident threatens to end it all.",https://image.tmdb.org/t/p/w500/cyfncP1YKDNcGb0agE7RQr6UOYr.jpg,https://image.tmdb.org/t/p/w780/D3eDUNEzJPBDG3TCJcR7RyRgTA.jpg,Drama; Action; Action | Drama,,car race; sports; world champion; based on true story; racing; adventurer; formula one (f1); serious; ambivalent; bold; compassionate,,,,Amazon Video (rent); Apple TV (rent); Google Play Movies (rent); YouTube (rent); Fandango At Home (rent); Spectrum On Demand (rent); Amazon Video (buy); Apple TV (buy); Google Play Movies (buy); YouTube (buy); Fandango At Home (buy),English; German; Italian; French,United Kingdom; United States of America,,2025-09-25T17:31:55
SCOOB!,2020,tt3152592,385103,93,"In Scooby-Doo’s greatest adventure yet, see the never-before told story of how lifelong friends Scooby and Shaggy first met and how they joined forces with young detectives Fred, Velma, and Daphne to form the famous Mystery Inc. Now, with hundreds of cases solved, Scooby and the gang face their biggest, toughest mystery ever: an evil plot to unleash the ghost dog Cerberus upon the world. As they race to stop this global “dogpocalypse,” the gang discovers that Scooby has a secret legacy and an epic destiny greater than anyone ever imagined.",https://image.tmdb.org/t/p/w500/jHo2M1OiH9Re33jYtUQdfzPeUkx.jpg,https://image.tmdb.org/t/p/w780/sJjuXNHNT7PfzcgkqM3oSIkVOXB.jpg,Animation; Comedy; Family; Mystery; Animation | Comedy | Family | Mystery,,friendship; superhero; villain; heroism; talking dog; prequel; friends; based on cartoon; criminal investigation; boy and dog; caveman; fright; bitter,,,,HBO Max; HBO Max Amazon Channel; Amazon Video (rent); Apple TV (rent); Google Play Movies (rent); YouTube (rent); Fandango At Home (rent); Spectrum On Demand (rent); Plex (rent); Amazon Video (buy); Apple TV (buy); Google Play Movies (buy); YouTube (buy); Fandango At Home (buy),English,United States of America; Canada,,2025-09-25T17:31:56
Sabotage,2014,tt1742334,12684,77,Karl Anton Verloc and his wife own a small cinema in a quiet London suburb where they live seemingly happily. But Mrs. Verloc does not know that her husband has a secret that will affect their relationship and threaten her teenage brother's life.,https://image.tmdb.org/t/p/w500/A6cyOt9mhmvWA2uHcVsGkcCaHCz.jpg,https://image.tmdb.org/t/p/w780/lZL7Z8102qbLJqtlC2cJutq0FQ7.jpg,Drama; Thriller; Crime; Crime | Drama | Thriller,,"london, england; husband wife relationship; based on novel or book; bomb; black and white; sabotage; terrorist plot; brother sister relationship",,,,HBO Max; Criterion Channel; The Roku Channel; Tubi TV; Pluto TV; Kanopy; Hoopla; JustWatchTV; FlixHouse; Plex; Plex Channel; Darkroom; Public Domain Movies; Fawesome; Amazon Video (rent); Apple TV (rent); Google Play Movies (rent); YouTube (rent); Amazon Video (buy); Apple TV (buy); Google Play Movies (buy); YouTube (buy),English,United Kingdom,,2025-09-25T17:31:56
Safe,2012,tt1656190,72387,94,"After a former elite agent rescues a 12-year-old Chinese girl who's been abducted, they find themselves in the middle of a standoff between Triads, the Russian Mafia and high-level corrupt New York City politicians and police.",https://image.tmdb.org/t/p/w500/kOCpkoMUVae9UIf85gO71SyjLbW.jpg,https://image.tmdb.org/t/p/w780/gc150q5RMjq5vXJddBk90dXFvlr.jpg,Action; Crime; Thriller; Action | Crime | Thriller,,new york city; triad; corrupt politician,,,,fuboTV; Paramount+ with Showtime; Paramount+ Amazon Channel; The CW; Plex Channel; Amazon Video (rent); Apple TV (rent); Google Play Movies (rent); YouTube (rent); Fandango At Home (rent); Amazon Video (buy); Apple TV (buy); Google Play Movies (buy); YouTube (buy); Fandango At Home (buy),English; Mandarin; Russian,India; United States of America,,2025-09-25T17:31:56
Safe House,2012,tt1599348,59961,115,"A dangerous CIA renegade resurfaces after a decade on the run. When the safe house he's remanded to is attacked by mercenaries, a rookie operative escapes with him. Now, the unlikely allies must stay alive long enough to uncover who wants them dead.",https://image.tmdb.org/t/p/w500/7CBhSjQa07LYt0RGejYjWugGmdV.jpg,https://image.tmdb.org/t/p/w780/kXRskNzFiTxi5xwsM6hDmOTGae7.jpg,Action; Thriller; Action | Thriller,,"martial arts; central intelligence agency (cia); microchip; betrayal; on the run; shootout; interrogation; safe house; rogue agent; cape town, south africa; football (soccer) stadium; consulate",,,,Netflix; Netflix Standard with Ads; Amazon Video (rent); Apple TV (rent); Google Play Movies (rent); YouTube (rent); Fandango At Home (rent); Spectrum On Demand (rent); Amazon Video (buy); Apple TV (buy); Google Play Movies (buy); YouTube (buy); Fandango At Home (buy),English; Afrikaans; Spanish,United States of America,,2025-09-25T17:31:56
San Andreas,2015,tt2126355,254128,114,"In the aftermath of a massive earthquake in California, a rescue-chopper pilot makes a dangerous journey across the state in order to rescue his estranged daughter.",https://image.tmdb.org/t/p/w500/2Gfjn962aaFSD6eST6QU3oLDZTo.jpg,https://image.tmdb.org/t/p/w780/zcySy6dnSmyqiichtDgO7AEeZoq.jpg,Action; Drama; Thriller; Action | Drama | Thriller,,"california; san francisco, california; looting; earthquake; tsunami; disaster; los angeles, california; helicopter pilot; scientist; teenage daughter; seismologist; catastrophe; disaster movie; divorced couple; san andreas, california; helicopter crash; mass destruction; rescue operation; tectonic plates; hoover dam; serious; search and rescue; intense; lafd - los angeles fire department; aftershocks",,,,Netflix; Netflix Standard with Ads; Amazon Video (rent); Apple TV (rent); Google Play Movies (rent); YouTube (rent); Fandango At Home (rent); Spectrum On Demand (rent); Plex (rent); Amazon Video (buy); Apple TV (buy); Google Play Movies (buy); YouTube (buy); Fandango At Home (buy),English,Canada; United States of America; Australia,,2025-09-25T17:31:57
Savages,2012,tt1615065,82525,131,Pot growers Ben and Chon face off against the Mexican drug cartel who kidnapped their shared girlfriend.,https://image.tmdb.org/t/p/w500/joyiyBwYY5QCpldqT1FzrTqsTJK.jpg,https://image.tmdb.org/t/p/w780/39FIOhhLT8mxvFRD6MaFzXCVgHr.jpg,Crime; Drama; Thriller; Crime | Drama | Thriller,,"explosive; widow; american abroad; eye gouging; dea agent; shot; southern california; surrogate daughter; laguna beach, california; enforcer; gardner; skull mask; dea; cruel",,,,Amazon Prime Video; Amazon Prime Video with Ads; Amazon Video (rent); Apple TV (rent); Google Play Movies (rent); YouTube (rent); Fandango At Home (rent); Spectrum On Demand (rent); Amazon Video (buy); Apple TV (buy); Google Play Movies (buy); YouTube (buy); Fandango At Home (buy),English,United States of America,,2025-09-25T17:31:57
Saving Mr. Banks,2013,tt2140373,140823,125,"Author P.L. Travers looks back on her childhood while reluctantly meeting with Walt Disney, who seeks to adapt her Mary Poppins books for the big screen.",https://image.tmdb.org/t/p/w500/4RkcUe5PKnYvrCwMjk8giUAoID7.jpg,https://image.tmdb.org/t/p/w780/8T0qNf0Kccen93L6GgvtGylheo3.jpg,Comedy; Drama; History; Comedy | Drama | History,,"biography; based on true story; alcoholism; author; writer; disneyland; 1960s; film production; queensland, australia; death of a father; childhood disappointment",,,,Disney Plus; Amazon Video (rent); Apple TV (rent); Google Play Movies (rent); YouTube (rent); Fandango At Home (rent); Amazon Video (buy); Apple TV (buy); Google Play Movies (buy); YouTube (buy); Fandango At Home (buy),English,Australia; United Kingdom; United States of America,,2025-09-25T17:31:57
Saving Private Ryan,1998,tt0120815,857,169,"As U.S. troops storm the beaches of Normandy, three brothers lie dead on the battlefield, with a fourth trapped behind enemy lines. Ranger captain John Miller and seven men are tasked with penetrating German-held territory and bringing the boy home.",https://image.tmdb.org/t/p/w500/uqx37cS8cpHg8U35f9U5IBlrCV3.jpg,https://image.tmdb.org/t/p/w780/rW2xRFlJRbTnBJlQTSjQmjevIwb.jpg,Drama; History; War; Drama | History | War,,"dying and death; epic; self sacrifice; bravery; world war ii; duty; normandy, france; troops; waffen ss; omaha beach; rescue mission; cowardice; us army; based on true story; d-day; military; german soldier; military operation; 1940s; bloody deaths; u.s. army soldier; u.s. army ranger; massive casualties",,,,Amazon Prime Video; AMC Plus Apple TV Channel; AMC+ Amazon Channel; AMC+ Roku Premium Channel; AMC+; AMC; Philo; Amazon Prime Video with Ads; Hoopla; Amazon Video (rent); Apple TV (rent); Google Play Movies (rent); YouTube (rent); Fandango At Home (rent); Spectrum On Demand (rent); Plex (rent); Amazon Video (buy); Apple TV (buy); Google Play Movies (buy); YouTube (buy); Fandango At Home (buy),Czech; German; English; French,United States of America,,2025-09-25T17:31:58
Saw,2004,tt0387564,246355,10,"David, an orderly at a hospital, tells his horrific story of being kidnapped and forced to play a vile game of survival.",https://image.tmdb.org/t/p/w500/uvjBl6LHmb5JpAbmSZzeWA1c7Sv.jpg,https://image.tmdb.org/t/p/w780/8d2s5MP8mc1OXaq7zn6PHv9kWY4.jpg,Crime; Horror; Thriller; Crime | Horror | Thriller,,kidnapping; paralysis; hospital; torture; short film,,,,,English,Australia,,2025-09-25T17:31:58
Saw 3D,2010,tt1477076,41439,90,"As a deadly battle rages over Jigsaw's brutal legacy, a group of Jigsaw survivors gathers to seek the support of self-help guru and fellow survivor Bobby Dagen, a man whose own dark secrets unleash a new wave of terror.",https://image.tmdb.org/t/p/w500/ua3HT736PfsJ8ymAFbZ7P5uqCEP.jpg,https://image.tmdb.org/t/p/w780/bXECndnt2fetBsopdQvsI3Cv970.jpg,Horror; Crime; Crime | Horror,,sadism; torture; self help guru; tricycle; prosthetic arm; pig mask; survival horror; death match; mind game; death game,,,,MovieSphere+ Amazon Channel; Plex Channel; Amazon Video (rent); Apple TV (rent); Google Play Movies (rent); YouTube (rent); Fandango At Home (rent); Plex (rent); Amazon Video (buy); Apple TV (buy); Google Play Movies (buy); YouTube (buy); Fandango At Home (buy),English,United States of America,Saw Collection,2025-09-25T17:31:58
Saw II,2005,tt0432348,215,93,"The chilling and relentless Jigsaw killer returns to terrorize the city once again. When a gruesome murder victim emerges with unmistakable traces of Jigsaw's sinister methods, Detective Eric Matthews is thrust into a high-stakes investigation. To his surprise, apprehending Jigsaw seems almost too easy, but what he doesn't realize is that being caught is merely another piece of Jigsaw's intricate puzzle.",https://image.tmdb.org/t/p/w500/gTnaTysN8HsvVQqTRUh8m35mmUA.jpg,https://image.tmdb.org/t/p/w780/1lWeIA03iGXTlDv0yzsN0wUdT9T.jpg,Horror,,sadism; riddle; serial killer; torture; survival horror; death match; macabre; mind game; death game,,,,Amazon Video (rent); Apple TV (rent); Google Play Movies (rent); YouTube (rent); Fandango At Home (rent); Plex (rent); Amazon Video (buy); Apple TV (buy); Google Play Movies (buy); YouTube (buy); Fandango At Home (buy),English,United States of America,Saw Collection,2025-09-25T17:31:59
Saw III,2006,tt0489270,214,108,"Jigsaw has disappeared. Along with his new apprentice Amanda, the puppet-master behind the cruel, intricate games that have terrified a community and baffled police has once again eluded capture and vanished. While city detective scrambles to locate him, Doctor Lynn Denlon and Jeff Reinhart are unaware that they are about to become the latest pawns on his vicious chessboard.",https://image.tmdb.org/t/p/w500/4iO9n24Rb10peXV0JH2EldIOrAp.jpg,https://image.tmdb.org/t/p/w780/qx8Pb3nVnHLBizI9792pbRN5nnm.jpg,Horror; Thriller; Crime; Crime | Horror | Thriller,,sadism; brain tumor; suffocation; torture; survival horror; death match; mutilation; mind game; brain surgery; death game; harsh,,,,MovieSphere+ Amazon Channel; Amazon Video (rent); Apple TV (rent); Google Play Movies (rent); YouTube (rent); Fandango At Home (rent); Plex (rent); Amazon Video (buy); Apple TV (buy); Google Play Movies (buy); YouTube (buy); Fandango At Home (buy),English,United States of America,Saw Collection,2025-09-25T17:31:59
Saw IV,2007,tt0890870,663,93,"Despite Jigsaw's death, and in order to save the lives of two of his colleagues, Lieutenant Rigg is forced to take part in a new game, which promises to test him to the limit.",https://image.tmdb.org/t/p/w500/ku1QdCXOU4ckz3zxLLlis8MIJVm.jpg,https://image.tmdb.org/t/p/w780/3lrNJ5jNqKq9UpQrXo8FNFzyoE4.jpg,Horror; Thriller; Crime; Crime | Horror | Thriller,,pain; sadism; psychopath; fbi; victim; electric chair; doctor; torture; police officer; miscarriage; game; survival horror; death match; mind game; female corpse; death game,,,,MovieSphere+ Amazon Channel; Amazon Video (rent); Apple TV (rent); Google Play Movies (rent); YouTube (rent); Fandango At Home (rent); Plex (rent); Amazon Video (buy); Apple TV (buy); Google Play Movies (buy); YouTube (buy); Fandango At Home (buy),English,United States of America,Saw Collection,2025-09-25T17:31:59
Saw V,2008,tt1132626,11917,95,"Following Jigsaw's grisly demise, Detective Mark Hoffman is commended as a hero, but Agent Strahm is suspicious, and delves into Hoffman's past. Meanwhile, another group of people are put through a series of gruesome tests.",https://image.tmdb.org/t/p/w500/rKl79KqLXg60KFyKsLe4wSSjQ08.jpg,https://image.tmdb.org/t/p/w780/jIjVPKDow5ai8dbs4PgWmtqg9Ol.jpg,Horror; Thriller; Crime; Crime | Horror | Thriller,,nazi; sadism; serial killer; police corruption; torture; pig mask; survival horror; death of sister; death match; mind game; jigsaw; death game,,,,MovieSphere+ Amazon Channel; Amazon Video (rent); Apple TV (rent); Google Play Movies (rent); YouTube (rent); Fandango At Home (rent); Plex (rent); Amazon Video (buy); Apple TV (buy); Google Play Movies (buy); YouTube (buy); Fandango At Home (buy),English,United States of America,Saw Collection,2025-09-25T17:32:00
Saw VI,2009,tt1233227,22804,90,"Special Agent Strahm is dead, and Detective Hoffman has emerged as the unchallenged successor to Jigsaw's legacy. However, when the FBI draws closer to Hoffman, he is forced to set a game into motion, and Jigsaw's grand scheme is finally understood.",https://image.tmdb.org/t/p/w500/cT7ufx1x6OKoi3bpUCWf2eV446G.jpg,https://image.tmdb.org/t/p/w780/gqR59DjJGr6i8mxRD1VfOzCueTI.jpg,Horror; Thriller; Horror | Thriller,,sacrifice; sadism; fbi; apprentice; murder; torture; killer; agent; death; survival horror; death match; aftercreditsstinger; mind game; healthcare; death game,,,,MovieSphere+ Amazon Channel; Amazon Video (rent); Google Play Movies (rent); YouTube (rent); Fandango At Home (rent); Plex (rent); Amazon Video (buy); Google Play Movies (buy); YouTube (buy); Fandango At Home (buy),English,United States of America,Saw Collection,2025-09-25T17:32:00
Saw X,2023,tt21807222,951491,118,"Between the events of 'Saw' and 'Saw II', a sick and desperate John Kramer travels to Mexico for a risky and experimental medical procedure in hopes of a miracle cure for his cancer, only to discover the entire operation is a scam to defraud the most vulnerable. Armed with a newfound purpose, the infamous serial killer returns to his work, turning the tables on the con artists in his signature visceral way through devious, deranged, and ingenious traps.",https://image.tmdb.org/t/p/w500/u7Lp1Hi8aBS73jv4KRMIv5aK4ax.jpg,https://image.tmdb.org/t/p/w780/uUJp5I4IbzuhdUiEx4R9OAoFpbz.jpg,Horror; Mystery; Horror | Mystery | Thriller,,"mexico; mexico city, mexico; sadism; riddle; gore; sequel; con artist; cancer; scam; serial killer; torture; drugs; survival horror; duringcreditsstinger; jigsaw; saw; death game",,,,Starz Apple TV Channel; Amazon Video (rent); Apple TV (rent); Google Play Movies (rent); YouTube (rent); Fandango At Home (rent); FlixFling (rent); Spectrum On Demand (rent); Plex (rent); Amazon Video (buy); Apple TV (buy); Google Play Movies (buy); YouTube (buy); Fandango At Home (buy),English; Spanish,United States of America,Saw Collection,2025-09-25T17:32:00
Scary Stories to Tell In the Dark,2019,tt3387520,417384,108,"Mill Valley, Pennsylvania, Halloween night, 1968. After playing a joke on a school bully, Stella and her friends decide to sneak into a supposedly haunted house that once belonged to the powerful Bellows family, unleashing dark forces that they will be unable to control.",https://image.tmdb.org/t/p/w500/uy0dNFbhRhHBLwpOGpcTw9UEwdX.jpg,https://image.tmdb.org/t/p/w780/snll1zUi2oxIah9qifXOvbfjcrG.jpg,Horror; Adventure; Mystery; Adventure | Horror | Mystery,,small town; based on novel or book; halloween; haunted house; scarecrow; family secrets; urban legend; racism; high school friends; aspiring writer; draft dodger; 1960s; folk horror,,,,Peacock Premium; Peacock Premium Plus; Tubi TV; Amazon Video (rent); Apple TV (rent); Google Play Movies (rent); YouTube (rent); Fandango At Home (rent); Plex (rent); Amazon Video (buy); Apple TV (buy); Google Play Movies (buy); YouTube (buy); Fandango At Home (buy),English,Canada; Hong Kong; United States of America,Scary Stories to Tell in the Dark Collection,2025-09-25T17:32:00
Schindler's List,1993,tt0108052,424,195,The true story of how businessman Oskar Schindler saved over a thousand Jewish lives from the Nazis while they worked as slaves in his factory during World War II.,https://image.tmdb.org/t/p/w500/sF1U4EUQS8YHUYjNl3pMGNIQyr0.jpg,https://image.tmdb.org/t/p/w780/zb6fM1CX41D9rF9hdgclu0peUmy.jpg,Drama; History; War; Drama | History | War,,"factory; hero; nazi; concentration camp; ss (nazi schutzstaffel); holocaust (shoah); world war ii; ghetto; jew persecution; kraków, poland; defense industry; auschwitz-birkenau concentration camp; biography; based on true story; industrialist; historical fiction; black and white; train; poland; evil; weapons manufacturer; nazi train",,,,Amazon Video (rent); Apple TV (rent); Google Play Movies (rent); YouTube (rent); Fandango At Home (rent); FlixFling (rent); Spectrum On Demand (rent); Amazon Video (buy); Apple TV (buy); Google Play Movies (buy); YouTube (buy); Fandango At Home (buy),German; Polish; Hebrew; English,United States of America,,2025-09-25T17:32:01
Scream,1996,tt0117571,646385,114,"Twenty-five years after a streak of brutal murders shocked the quiet town of Woodsboro, a new killer has donned the Ghostface mask and begins targeting a group of teenagers to resurrect secrets from the town’s deadly past.",https://image.tmdb.org/t/p/w500/1m3W6cpgwuIyjtg5nSnPx7yFkXW.jpg,https://image.tmdb.org/t/p/w780/ifUfE79O1raUwbaQRIB7XnFz5ZC.jpg,Horror; Mystery; Horror | Mystery,,mask; attempted murder; hallucination; murder; teen movie; serial killer; hospital; slasher; whodunit; killing spree; hometown; reboot; crime spree; illegitimate child; murder mystery; legacy; fandom; copycat killer; generation z; murder spree; sister sister relationship; retired cop; return to hometown; adoring; teen scream,,,,Hulu; Paramount Plus; Paramount+ Amazon Channel; Paramount+ Roku Premium Channel; Amazon Video (rent); Apple TV (rent); Google Play Movies (rent); YouTube (rent); Fandango At Home (rent); Spectrum On Demand (rent); Plex (rent); Amazon Video (buy); Apple TV (buy); Google Play Movies (buy); YouTube (buy); Fandango At Home (buy),English,United States of America,Scream Collection,2025-09-25T17:32:01
Seeking a Friend for the End of the World,2012,tt1307068,88005,101,"As an asteroid nears Earth, a man finds himself alone after his wife leaves in a panic. He decides to take a road trip to reunite with his high school sweetheart. Accompanying him is a neighbor who inadvertently puts a wrench in his plan.",https://image.tmdb.org/t/p/w500/rBbCwFLyt7Q25yaw2bEOQh7RMG1.jpg,https://image.tmdb.org/t/p/w780/tEJ3nvnp520AvNPbhCegHMo1EfM.jpg,Comedy; Drama; Romance; Adventure; Adventure | Comedy | Drama | Romance,,asteroid; road trip; end of the world; woman director; romantic,,,,Starz Apple TV Channel; Starz Roku Premium Channel; Starz; Starz Amazon Channel; Amazon Video (rent); Apple TV (rent); Google Play Movies (rent); YouTube (rent); Fandango At Home (rent); Amazon Video (buy); Apple TV (buy); Google Play Movies (buy); YouTube (buy); Fandango At Home (buy),English,United States of America,,2025-09-25T17:32:01
Self/Less,2015,tt2140379,238615,117,An extremely wealthy elderly man dying from cancer undergoes a radical medical procedure that transfers his consciousness to the body of a healthy young man but everything may not be as good as it seems when he starts to uncover the mystery of the body's origins and the secret organization that will kill to keep its secrets.,https://image.tmdb.org/t/p/w500/jhzjPJnwiQwBzW0nIHBC01fr9GG.jpg,https://image.tmdb.org/t/p/w780/vzbsqeoG7xH8EVOBiYBSIjU8wt1.jpg,Science Fiction; Action; Thriller; Action | Science Fiction | Thriller,,immortality; lie; terminal illness; laboratory; cancer; transhumanism; doctor; body-swap; death; false memory; soul transference; rich man; mind transfer; host body; body snatching; eternal,,,,Netflix; Netflix Standard with Ads; Amazon Video (rent); Apple TV (rent); Google Play Movies (rent); YouTube (rent); Fandango At Home (rent); Amazon Video (buy); Apple TV (buy); Google Play Movies (buy); YouTube (buy); Fandango At Home (buy),English,United States of America,,2025-09-25T17:32:02
Selma,2014,tt1020072,273895,127,"""Selma,"" as in Alabama, the place where segregation in the South was at its worst, leading to a march that ended in violence, forcing a famous statement by President Lyndon B. Johnson that ultimately led to the signing of the Voting Rights Act.",https://image.tmdb.org/t/p/w500/wq4lhMc4BuOyQqe1ZGzhxLyy3Uk.jpg,https://image.tmdb.org/t/p/w780/kVGUdR1CXKAyCFj5Tt4uyR2bpFx.jpg,History; Drama; Drama | History,,alabama; civil rights; martin luther king; president; protest march; woman director; selma; 1960s; african american history,,,,Kanopy; Hoopla; Amazon Video (rent); Apple TV (rent); Google Play Movies (rent); YouTube (rent); Fandango At Home (rent); Spectrum On Demand (rent); Amazon Video (buy); Apple TV (buy); Google Play Movies (buy); YouTube (buy); Fandango At Home (buy),English,United Kingdom; United States of America,,2025-09-25T17:32:02
Seven Psychopaths,2012,tt1931533,86838,110,A struggling screenwriter inadvertently becomes entangled in the Los Angeles criminal underworld after his oddball friends kidnap a gangster's beloved Shih Tzu.,https://image.tmdb.org/t/p/w500/4ukEYAxlSivFcDG6vLxJB6PjTjg.jpg,https://image.tmdb.org/t/p/w780/qIDUVp8EciOZ8WSzLBZkwGfENl4.jpg,Comedy; Crime; Comedy | Crime,,"suicide; alcohol; fight; kidnapping; gangster; screenwriter; black humor; murder; scam; los angeles, california; explosion; criminal; shih tzu; struggling; neo-noir; escritor",,,,Paramount Plus; Paramount+ Amazon Channel; Paramount+ Roku Premium Channel; MGM Plus; Kanopy; Amazon Video (rent); Apple TV (rent); Google Play Movies (rent); YouTube (rent); Fandango At Home (rent); Amazon Video (buy); Apple TV (buy); Google Play Movies (buy); YouTube (buy); Fandango At Home (buy),English; Vietnamese,United Kingdom,,2025-09-25T17:32:02
Seventh Son,2014,tt1121096,68737,102,"John Gregory, who is a seventh son of a seventh son and also the local spook, has protected the country from witches, boggarts, ghouls and all manner of things that go bump in the night. However John is not young anymore, and has been seeking an apprentice to carry on his trade. Most have failed to survive. The last hope is a young farmer's son named Thomas Ward. Will he survive the training to become the spook that so many others couldn't?",https://image.tmdb.org/t/p/w500/7Q8DfXSjcFSSQDOxz1Sk865wNqI.jpg,https://image.tmdb.org/t/p/w780/2EyK8wpLdYFaS35o0worjqsiuZn.jpg,Adventure; Fantasy; Adventure | Fantasy,,based on novel or book; magic; chosen one; witch hunt; dark fantasy; evil witch; sword and sorcery; based on young adult novel,,,,Amazon Video (rent); Apple TV (rent); Google Play Movies (rent); YouTube (rent); Fandango At Home (rent); Amazon Video (buy); Apple TV (buy); Google Play Movies (buy); YouTube (buy); Fandango At Home (buy),English,China; Canada; United States of America; United Kingdom,,2025-09-25T17:32:03
Sex and the City: The Movie,2008,tt16976248,4564,146,A New York writer on sex and love is finally getting married to her Mr. Big. But her three best girlfriends must console her after one of them inadvertently leads Mr. Big to jilt her.,https://image.tmdb.org/t/p/w500/AhNfnsGW95RKHQNLdgFH48UN0Zy.jpg,https://image.tmdb.org/t/p/w780/tr621aZaSZUSqKy49EhpvMSkEpk.jpg,Comedy; Drama; Romance; Comedy | Drama | Romance,,"hotel; new year's eve; new york city; forgiveness; city portrait; fashion journal; saint louis; female friendship; romcom; fashion designer; malibu; loss of libido; botox; couples therapy; best friend; wedding; break-up; fashion; manhattan, new york city; desire to have children; female sexuality; sequel to tv series",,,,Amazon Video (rent); Apple TV (rent); Google Play Movies (rent); YouTube (rent); Fandango At Home (rent); Spectrum On Demand (rent); Amazon Video (buy); Apple TV (buy); Google Play Movies (buy); YouTube (buy); Fandango At Home (buy),English,United States of America,Sex and the City Collection,2025-09-25T17:32:03
Shakespeare in Love,1998,tt0138097,1934,123,"Young Shakespeare is forced to stage his latest comedy, ""Romeo and Ethel, the Pirate's Daughter,"" before it's even written. When a lovely noblewoman auditions for a role, they fall into forbidden love -- and his play finds a new life (and title). As their relationship progresses, Shakespeare's comedy soon transforms into tragedy.",https://image.tmdb.org/t/p/w500/zdW7jdzPi4J9KZR3TyY2jn3Xh5e.jpg,https://image.tmdb.org/t/p/w780/i16MjvM9YsQ85ejdB63gtGXDu4W.jpg,Romance; History; Comedy; Comedy | History | Romance,,"london, england; theater play; queen elizabeth i; playwright; cross dressing; false history; francis bacon; 16th century; acting; elizabethan england; romantic",,,,Kanopy; Hoopla; Amazon Video (rent); Apple TV (rent); Google Play Movies (rent); YouTube (rent); Fandango At Home (rent); Spectrum On Demand (rent); Amazon Video (buy); Apple TV (buy); Google Play Movies (buy); YouTube (buy); Fandango At Home (buy),English,United States of America,,2025-09-25T17:32:03
Shaun of the Dead,2004,tt0365748,747,99,"Shaun lives a supremely uneventful life, which revolves around his girlfriend, his mother, and, above all, his local pub. This gentle routine is threatened when the dead return to life and make strenuous attempts to snack on ordinary Londoners.",https://image.tmdb.org/t/p/w500/dgXPhzNJH8HFTBjXPB177yNx6RI.jpg,https://image.tmdb.org/t/p/w780/wb34q3VgzHgL8frVMywrN3wXmqx.jpg,Horror; Comedy; Comedy | Horror,,"london, england; dark comedy; satire; surrey; parody; slacker; friends; survival; zombie; cynical; survival horror; british pub; boyfriend girlfriend relationship; taunting; zombie apocalypse; frantic; satirical; desperate; anxious; playful; dramatic; suspenseful; witty; amused; defiant; exuberant; farcical",,,,Starz Apple TV Channel; Amazon Video (rent); Apple TV (rent); Google Play Movies (rent); YouTube (rent); Fandango At Home (rent); Amazon Video (buy); Apple TV (buy); Google Play Movies (buy); YouTube (buy); Fandango At Home (buy),English,United Kingdom,,2025-09-25T17:32:04
Shazam!,2019,tt0448115,287947,132,A boy is given the ability to become an adult superhero in times of need with a single magic word.,https://image.tmdb.org/t/p/w500/xnopI5Xtky18MPhK40cZAGAOVeV.jpg,https://image.tmdb.org/t/p/w780/o7JVhqMmrex1TPbmuxl8YXVlcfl.jpg,Action; Comedy; Fantasy; Action | Comedy | Fantasy,,"philadelphia, pennsylvania; magic; secret identity; superhero; based on comic; wizard; superhuman strength; aftercreditsstinger; duringcreditsstinger; christmas; dc extended universe (dceu); flossing",,,,HBO Max; HBO Max Amazon Channel; Amazon Video (rent); Apple TV (rent); Google Play Movies (rent); YouTube (rent); Fandango At Home (rent); Plex (rent); Amazon Video (buy); Apple TV (buy); Google Play Movies (buy); YouTube (buy); Fandango At Home (buy),English,United States of America,Shazam! Collection,2025-09-25T17:32:04
Sherlock Gnomes,2018,tt2296777,370567,86,Garden gnomes Gnomeo & Juliet recruit renown detective Sherlock Gnomes to investigate the mysterious disappearance of other garden ornaments.,https://image.tmdb.org/t/p/w500/wqnzpJR3PwS4doVkAkt9seSEpoX.jpg,https://image.tmdb.org/t/p/w780/jVUR1W6cq8VuT4A6N4fd2yDNhji.jpg,Animation; Family; Fantasy; Comedy; Adventure; Mystery; Adventure | Animation | Comedy | Family | Fantasy | Mystery,,villain; sequel; missing person; animate statue; sherlock holmes,,,,Hoopla; Amazon Video (rent); Apple TV (rent); Google Play Movies (rent); YouTube (rent); Fandango At Home (rent); Amazon Video (buy); Apple TV (buy); Google Play Movies (buy); YouTube (buy); Fandango At Home (buy),English,United Kingdom; United States of America,Gnomeo & Juliet Collection,2025-09-25T17:32:04
Shrek,2001,tt0126029,808,90,"It ain't easy bein' green -- especially if you're a likable (albeit smelly) ogre named Shrek. On a mission to retrieve a gorgeous princess from the clutches of a fire-breathing dragon, Shrek teams up with an unlikely compatriot -- a wisecracking donkey.",https://image.tmdb.org/t/p/w500/iB64vpL3dIObOtMZgX3RqdVdQDc.jpg,https://image.tmdb.org/t/p/w780/40Wtp7kMG6mZ4d5T1jfrd8qrvD4.jpg,Animation; Comedy; Fantasy; Adventure; Family; Adventure | Animation | Comedy | Family | Fantasy,,princess; based on novel or book; magic; fairy tale; donkey; liberation; lordship; prince; castle; villain; robin hood; enchantment; swamp; parody; anthropomorphism; dragon; woman director; ogre; cartoon donkey,,,,Netflix; Peacock Premium; Netflix Standard with Ads; Peacock Premium Plus; Amazon Video (rent); Apple TV (rent); Google Play Movies (rent); YouTube (rent); Fandango At Home (rent); Spectrum On Demand (rent); Amazon Video (buy); Apple TV (buy); Google Play Movies (buy); YouTube (buy); Fandango At Home (buy),English,United States of America,Shrek Collection,2025-09-25T17:32:05
Shrek 2,2004,tt0298148,809,92,"Shrek, Fiona, and Donkey set off to Far, Far Away to meet Fiona's mother and father, the Queen and King. But not everyone is happily ever after. Shrek and the King find it difficult to get along, and there's tension in the marriage. The Fairy Godmother discovers that Fiona has married Shrek instead of her son Prince Charming and plots to destroy their marriage.",https://image.tmdb.org/t/p/w500/2yYP0PQjG8zVqturh1BAqu2Tixl.jpg,https://image.tmdb.org/t/p/w780/8ohobj5lAIbl5XWw11FywS3IRrS.jpg,Animation; Family; Comedy; Fantasy; Adventure; Adventure | Animation | Comedy | Family | Fantasy,,prison; princess; magic; kingdom; fairy tale; liberation; transformation; honeymoon; prince; villain; parents-in-law; enchantment; sequel; anthropomorphism; dragon; ogre; fairy godmother; cartoon donkey,,,,Netflix; Peacock Premium; Peacock Premium Plus; Amazon Video (rent); Apple TV (rent); Google Play Movies (rent); YouTube (rent); Fandango At Home (rent); Amazon Video (buy); Apple TV (buy); Google Play Movies (buy); YouTube (buy); Fandango At Home (buy),English,United States of America,Shrek Collection,2025-09-25T17:32:05
Shrek Forever After,2010,tt0892791,10192,93,"A bored and domesticated Shrek pacts with deal-maker Rumpelstiltskin to get back to feeling like a real ogre again, but when he's duped and sent to a twisted version of Far Far Away—where Rumpelstiltskin is king, ogres are hunted, and he and Fiona have never met—he sets out to restore his world and reclaim his true love.",https://image.tmdb.org/t/p/w500/6HrfPZtKcGmX2tUWW3cnciZTaSD.jpg,https://image.tmdb.org/t/p/w780/uzzTystB8lL0mRDII5Sfs5HxgkI.jpg,Comedy; Adventure; Fantasy; Animation; Family; Adventure | Animation | Comedy | Family | Fantasy,,witch; sequel; ogre,,,,Netflix; Netflix Standard with Ads; Amazon Video (rent); Apple TV (rent); Google Play Movies (rent); YouTube (rent); Fandango At Home (rent); Amazon Video (buy); Apple TV (buy); Google Play Movies (buy); YouTube (buy); Fandango At Home (buy),English,United States of America,Shrek Collection,2025-09-25T17:32:05
Shrek the Third,2007,tt0413267,810,93,"The King of Far Far Away has died and Shrek and Fiona are to become King & Queen. However, Shrek wants to return to his cozy swamp and live in peace and quiet, so when he finds out there is another heir to the throne, they set off to bring him back to rule the kingdom.",https://image.tmdb.org/t/p/w500/n4SexGGQzI26E269tfpa80MZaGV.jpg,https://image.tmdb.org/t/p/w780/wvXxKpFGXvQJRB0nvvfURhRD3C0.jpg,Fantasy; Adventure; Animation; Comedy; Family; Adventure | Animation | Comedy | Family | Fantasy,,ship; island; ambush; kingdom; boarding school; liberation of prisoners; pregnancy; traitor; shipwreck; stage; sadness; transformation; assault; prince; villain; theater play; tricks; heir to the throne; conciliation; sequel; teacher; best friend; dragon; cowardliness; capture; wizard; duringcreditsstinger; ogre; cartoon donkey; villains,,,,Netflix; Peacock Premium; Netflix Standard with Ads; Peacock Premium Plus; Amazon Video (rent); Apple TV (rent); Google Play Movies (rent); YouTube (rent); Fandango At Home (rent); Spectrum On Demand (rent); Amazon Video (buy); Apple TV (buy); Google Play Movies (buy); YouTube (buy); Fandango At Home (buy),English,United States of America,Shrek Collection,2025-09-25T17:32:06
Shutter Island,2010,tt1130884,11324,138,"World War II soldier-turned-U.S. Marshal Teddy Daniels investigates the disappearance of a patient from a hospital for the criminally insane, but his efforts are compromised by troubling visions and a mysterious doctor.",https://image.tmdb.org/t/p/w500/nrmXQ0zcZUL8jFLrakWc90IR8z9.jpg,https://image.tmdb.org/t/p/w780/rbZvGN1A1QyZuoKzhCw8QPmf2q0.jpg,Drama; Thriller; Mystery; Drama | Mystery | Thriller,,island; based on novel or book; hurricane; investigation; u.s. marshal; conspiracy theory; psychiatric hospital; psychological thriller; whodunit; neo-noir; 1950s; dreary; baffled,,,,fuboTV; Paramount Plus; Paramount+ Roku Premium Channel; Kanopy; Amazon Video (rent); Apple TV (rent); Google Play Movies (rent); YouTube (rent); Fandango At Home (rent); Spectrum On Demand (rent); Amazon Video (buy); Apple TV (buy); Google Play Movies (buy); YouTube (buy); Fandango At Home (buy),English; German,United States of America,,2025-09-25T17:32:06
Sicario,2015,tt3397884,273481,122,An idealistic FBI agent is enlisted by a government task force to aid in the escalating war against drugs at the border area between the U.S. and Mexico.,https://image.tmdb.org/t/p/w500/lz8vNyXeidqqOdJW9ZjnDAMb5Vr.jpg,https://image.tmdb.org/t/p/w780/fKPgObonYgPgCdu88yjV7Hpn7Dp.jpg,Action; Crime; Thriller; Action | Crime | Thriller,,"mission; assassin; central intelligence agency (cia); mexico; corruption; bomb; fbi; smoking; texas; border; manipulation; cynicism; revenge; murder; dirty cop; football (soccer); brutality; drugs; special forces; interrogation; desert; surveillance; night vision; death of daughter; moral dilemma; neo-noir; death of wife; mexican cartel; secret tunnel; violence; audacious; juárez, mexico",,,,Peacock Premium; Peacock Premium Plus; Amazon Video (rent); Apple TV (rent); Google Play Movies (rent); YouTube (rent); Fandango At Home (rent); Spectrum On Demand (rent); Amazon Video (buy); Apple TV (buy); Google Play Movies (buy); YouTube (buy); Fandango At Home (buy),Spanish; English,United States of America,Sicario Collection,2025-09-25T17:32:06
Silence,2016,tt0490215,68730,161,"In the 17th century, two Portuguese Jesuit priests travel to Japan in an attempt to locate their mentor, who is rumored to have committed apostasy, and to propagate Catholicism.",https://image.tmdb.org/t/p/w500/wO8XKAt3JUpdij27gIq6Maq4JMp.jpg,https://image.tmdb.org/t/p/w780/2tE0A6WjLowwQOUY8se1Xlf3O6U.jpg,Drama; History; Drama | History,,japan; based on novel or book; christianity; missionary; remake; betrayal; torture; martyrdom; crisis of faith; portuguese; jesuits (society of jesus); 17th century; shogunate; religious persecution; religious icon; apostasy,,,,Kanopy; Amazon Video (rent); Apple TV (rent); Google Play Movies (rent); YouTube (rent); Fandango At Home (rent); Amazon Video (buy); Apple TV (buy); Google Play Movies (buy); YouTube (buy); Fandango At Home (buy),Japanese; English,Mexico; Taiwan; United States of America,,2025-09-25T17:32:07
Silent Hill: Revelation,2012,tt0938330,61012,94,"Heather Mason and her father have been on the run, always one step ahead of dangerous forces that she doesn't fully understand. Now on the eve of her 18th birthday, plagued by horrific nightmares and the disappearance of her father, Heather discovers she's not who she thinks she is. The revelation leads her deeper into a demonic world that threatens to trap her forever.",https://image.tmdb.org/t/p/w500/2JOujdpYUeGg3886gigTAQq0na6.jpg,https://image.tmdb.org/t/p/w780/9puin7KvQBHKUEKLRuPsh6X9lC.jpg,Thriller; Horror; Mystery; Horror | Mystery | Thriller,,sequel; female protagonist; another dimension; based on video game; occult; mall; dark carnival; occult torture; aftercreditsstinger,,,,Xumo Play; Plex Channel; Amazon Video (rent); Apple TV (rent); Google Play Movies (rent); YouTube (rent); Fandango At Home (rent); Amazon Video (buy); Apple TV (buy); Google Play Movies (buy); YouTube (buy); Fandango At Home (buy),English,Canada; France; Japan,Silent Hill Collection,2025-09-25T17:32:07
Silent House,2011,tt1767382,92182,85,"Sarah returns with her father and uncle to fix up the family's longtime summerhouse after it was violated by squatters in the off-season. As they work in the dark, Sarah begins to hear sounds from within the walls of the boarded-up building. Although she barely remembers the place, Sarah senses the past may still haunt the home.",https://image.tmdb.org/t/p/w500/mbkvYlx1scovMi80rOOkNBvgU11.jpg,https://image.tmdb.org/t/p/w780/206lp1mTQf7TOjynKKXaWgt9lSS.jpg,Horror; Mystery; Drama; Drama | Horror | Mystery,,supernatural; remake; beer bottle; real time; candelabra; padlock; woman director,,,,Shout! Factory Amazon Channel; The Roku Channel; Tubi TV; Pluto TV; Shout! Factory TV; The CW; Plex; Plex Channel; Fawesome; Amazon Video (rent); Apple TV (rent); Google Play Movies (rent); YouTube (rent); Fandango At Home (rent); Amazon Video (buy); Apple TV (buy); Google Play Movies (buy); YouTube (buy); Fandango At Home (buy),English; French,France; United States of America,,2025-09-25T17:32:07
Silver Linings Playbook,2012,tt1045658,82693,122,"After losing his job and wife, and spending time in an institution, a former teacher winds up living with his parents. He wants to rebuild his life and reconcile with his wife, but his father would be happy if he shared his obsession with the Philadelphia Eagles. Things get complicated when he meets Tiffany Maxwell who offers to help him reconnect with his wife if he will do something very important for her in exchange.",https://image.tmdb.org/t/p/w500/y7iOVneBvITlBdhy6tVqXVOa1Js.jpg,https://image.tmdb.org/t/p/w780/92Ppi99LkZFHUgpxwYRxcKZVZNH.jpg,Drama; Comedy; Romance; Comedy | Drama | Romance,,"depression; infidelity; dancing; friendship; philadelphia, pennsylvania; based on novel or book; widow; superstition; letter; dance competition; teacher; mental institution; therapy; mental illness; ex-wife; institutionalization; death of husband; unfaithful wife; father son relationship",,,,HBO Max; HBO Max Amazon Channel; Amazon Video (rent); Apple TV (rent); Google Play Movies (rent); YouTube (rent); Plex (rent); Amazon Video (buy); Apple TV (buy); Google Play Movies (buy); YouTube (buy); Fandango At Home (buy),English,United States of America,,2025-09-25T17:32:07
Sing,2016,tt3470600,335797,107,A koala named Buster recruits his best friend to help him drum up business for his theater by hosting a singing competition.,https://image.tmdb.org/t/p/w500/b8UiFXwMrSXVTHM0fb2twl8uE8a.jpg,https://image.tmdb.org/t/p/w780/mtw5Chh2Ffl0qARklvIjGdaUygz.jpg,Family; Comedy; Music; Animation; Animation | Comedy | Family | Music,,anthropomorphism; singing; flood; singing competition; illumination; brisk,,,,Netflix; Netflix Standard with Ads; Amazon Video (rent); Apple TV (rent); Google Play Movies (rent); YouTube (rent); Fandango At Home (rent); FlixFling (rent); Spectrum On Demand (rent); Amazon Video (buy); Apple TV (buy); Google Play Movies (buy); YouTube (buy); Fandango At Home (buy),English,Japan; United States of America,Sing Collection,2025-09-25T17:32:08
Sing 2,2021,tt6467266,438695,109,"Buster and his new cast now have their sights set on debuting a new show at the Crystal Tower Theater in glamorous Redshore City. But with no connections, he and his singers must sneak into the Crystal Entertainment offices, run by the ruthless wolf mogul Jimmy Crystal, where the gang pitches the ridiculous idea of casting the lion rock legend Clay Calloway in their show. Buster must embark on a quest to find the now-isolated Clay and persuade him to return to the stage.",https://image.tmdb.org/t/p/w500/aWeKITRFbbwY8txG5uCj4rMCfSP.jpg,https://image.tmdb.org/t/p/w780/ztiFxuG0gC6wQ8y7JZFYbCQyN4Y.jpg,Family; Comedy; Music; Animation; Animation | Comedy | Family | Music,,wolf; stage; villain; sequel; anthropomorphism; singing; thug; animals; villain arrested; illumination; suspenseful,,,,fuboTV; Peacock Premium; NBC; USA Network; Peacock Premium Plus; Amazon Video (rent); Apple TV (rent); Google Play Movies (rent); YouTube (rent); Fandango At Home (rent); FlixFling (rent); Amazon Video (buy); Apple TV (buy); Google Play Movies (buy); YouTube (buy); Fandango At Home (buy),English,United States of America,Sing Collection,2025-09-25T17:32:08
Sinister,2012,tt1922777,82507,110,"True-crime writer Ellison Oswald is in a slump; he hasn't had a best seller in more than 10 years and is becoming increasingly desperate for a hit. So, when he discovers the existence of a snuff film showing the deaths of a family, he vows to solve the mystery. He moves his own family into the victims' home and gets to work. However, when old film footage and other clues hint at the presence of a supernatural force, Ellison learns that living in the house may be fatal.",https://image.tmdb.org/t/p/w500/nzx10sca3arCeYBAomHan4Q6wa1.jpg,https://image.tmdb.org/t/p/w780/jovIEk4cAxWmA2dBcPrfhn3jzYN.jpg,Horror; Thriller; Mystery; Horror | Mystery | Thriller,,"drowning; pennsylvania, usa; writing; child murder; snuff; tape; home movie footage; murder; massacre; power outage; held captive; hanging; death; car fire; novelist; attic; occult; super 8mm footage; moving in; book writing; supernatural horror",,,,MovieSphere+ Amazon Channel; Tubi TV; Amazon Video (rent); Apple TV (rent); Google Play Movies (rent); YouTube (rent); Fandango At Home (rent); Amazon Video (buy); Apple TV (buy); Google Play Movies (buy); YouTube (buy); Fandango At Home (buy),English; Portuguese; French; Breton,Canada; United States of America,Sinister Collection,2025-09-25T17:32:08
Sixteen Candles,1984,tt0088128,15144,93,"With the occasion all but overshadowed by her sister's upcoming wedding, angst-ridden Samantha faces her 16th birthday with typical adolescent dread. Samantha pines for studly older boy Jake, but worries that her chastity will be a turnoff for the popular senior. Meanwhile, she must constantly rebuff the affections of nerdy Ted, who is unfortunately the only boy in school who seems to take an interest in her.",https://image.tmdb.org/t/p/w500/A3WGCAgJF33kZdlxUdyXHYdbYax.jpg,https://image.tmdb.org/t/p/w780/6hgpBRaa1mWIrDGvkkf8BIusTZ4.jpg,Comedy; Romance; Comedy | Romance,,high school; birthday; nerd; convertible; crush; teenage crush; exchange student; night vision goggles; sweet sixteen; chastity; teenage angst; playful; high school romance; irreverent; lighthearted; sister's wedding; popular boy; whimsical; high school prom; cliché,,,,Amazon Prime Video; Amazon Prime Video with Ads; Amazon Video (rent); Apple TV (rent); Google Play Movies (rent); YouTube (rent); Fandango At Home (rent); Spectrum On Demand (rent); Amazon Video (buy); Apple TV (buy); Google Play Movies (buy); YouTube (buy); Fandango At Home (buy),English,United States of America,,2025-09-25T17:32:09
Skyfall,2012,tt1074638,37724,143,"When Bond's latest assignment goes gravely wrong, agents around the world are exposed and MI6 headquarters is attacked. While M faces challenges to her authority and position from Gareth Mallory, the new Chairman of the Intelligence and Security Committee, it's up to Bond, aided only by field agent Eve, to locate the mastermind behind the attack.",https://image.tmdb.org/t/p/w500/d0IVecFQvsGdSbnMAHqiYsNYaJT.jpg,https://image.tmdb.org/t/p/w780/mgcbG1w3lgj9lajGBXVUjLQti8P.jpg,Action; Adventure; Thriller; Action | Adventure | Thriller,,spy; secret agent; sociopath; police impersonator; mi6; killer; art gallery; british secret service; uzi; booby trap; macao; komodo dragon; intense; vibrant,,,,Amazon Video (rent); Apple TV (rent); Google Play Movies (rent); YouTube (rent); Fandango At Home (rent); Plex (rent); Amazon Video (buy); Apple TV (buy); Google Play Movies (buy); YouTube (buy); Fandango At Home (buy),English,United Kingdom; United States of America,James Bond Collection,2025-09-25T17:32:09
Skyscraper,2018,tt5758778,447200,102,"Framed and on the run, a former FBI agent must save his family from a blazing fire in the world's tallest building.",https://image.tmdb.org/t/p/w500/52ml62vClzrlqvXZq2FEW6UF6c1.jpg,https://image.tmdb.org/t/p/w780/oMKFQmoVgB69fyXfSMu0lGlHJP2.jpg,Action; Thriller; Adventure; Action | Adventure | Thriller,,fire; china; skyscraper; hong kong; high tech; security system; pearl; penthouse; world's tallest building; trapped in burning building,,,,Amazon Video (rent); Apple TV (rent); Google Play Movies (rent); YouTube (rent); Fandango At Home (rent); Amazon Video (buy); Apple TV (buy); Google Play Movies (buy); YouTube (buy); Fandango At Home (buy),Cantonese; Mandarin; English,Canada; Japan; United States of America,,2025-09-25T17:32:09
Sleepless,2017,tt2072233,324542,95,"Undercover Las Vegas police officer Vincent Downs, who has a lot of enemies, is caught in a high stakes web of corrupt cops and the mob-controlled casino underground. When a heist goes wrong, a crew of homicidal gangsters kidnap Downs’ teenage son T. In one sleepless night, Downs will have to rescue his son, evade an internal affairs investigation, and bring the kidnappers to justice.",https://image.tmdb.org/t/p/w500/9WkUSY33MDPGmz0vtzbsfaxTHVa.jpg,https://image.tmdb.org/t/p/w780/9VEOQvCnd8T8wILgyqjKgyhALw4.jpg,Action; Crime; Thriller; Action | Crime | Thriller,,robbery; kidnapping; gangster; mobster; organized crime; undercover cop; police corruption; las vegas; intense; bold,,,,Starz Apple TV Channel; Starz; Philo; Starz Amazon Channel; Plex Channel; Amazon Video (rent); Apple TV (rent); Google Play Movies (rent); YouTube (rent); Fandango At Home (rent); Amazon Video (buy); Apple TV (buy); Google Play Movies (buy); YouTube (buy); Fandango At Home (buy),English,United States of America,,2025-09-25T17:32:10
Sleepy Hollow,1999,tt0162661,2668,105,"Skeptical young detective Ichabod Crane gets transferred to the hamlet of Sleepy Hollow, New York, where he is tasked with investigating the decapitations of three people – murders the townsfolk attribute to a legendary specter, The Headless Horseman.",https://image.tmdb.org/t/p/w500/1GuK965FLJxqUw9fd1pmvjbFAlv.jpg,https://image.tmdb.org/t/p/w780/npFK2ywM4Bs96768eLeNLBmKktb.jpg,Fantasy; Thriller; Mystery; Horror; Drama | Fantasy | Horror | Mystery | Thriller,,small town; steampunk; police detective; new york state; skeptic; autumn; 19th century; headless horseman,,,,fuboTV; Paramount Plus; Paramount+ Amazon Channel; Paramount+ Roku Premium Channel; Kanopy; Hoopla; Amazon Video (rent); Apple TV (rent); Google Play Movies (rent); YouTube (rent); Fandango At Home (rent); Spectrum On Demand (rent); Plex (rent); Amazon Video (buy); Apple TV (buy); Google Play Movies (buy); YouTube (buy); Fandango At Home (buy),English,United States of America,,2025-09-25T17:32:10
Smile,2022,tt15474916,42264,113,"It's time again for California's ""Young American Miss"" beauty pageant, the biggest event of the year for Big Bob Freelander and Brenda DiCarlo, who give their all to put on a successful pageant. But Brenda is having marital difficulties and Bob's son is up to some mischief. Could this year's pageant be in jeopardy?",https://image.tmdb.org/t/p/w500/6j1YtyZ9DPzZknqGyuk5veajLnv.jpg,https://image.tmdb.org/t/p/w780/dQabL85QJgk9xNxyP5GtV5z5v62.jpg,Comedy,,california; beauty contest; satire; choreographer; used car salesman; grand; ambiguous,,,,,English,United States of America,,2025-09-25T17:32:10
Snatched,2017,tt2334871,373569,90,"When her boyfriend dumps Emily, a spontaneous woman in her 30s, she persuades her ultra-cautious mom to accompany her on a vacation to Ecuador. When these two very different women are trapped on this wild journey, their bond as mother and daughter is tested and strengthened while they attempt to navigate the jungle and escape.",https://image.tmdb.org/t/p/w500/gsleO1KultziWltEAngAEZkxQhf.jpg,https://image.tmdb.org/t/p/w780/6JsYyN0qmV6fD6wfXFH0VSb3hSB.jpg,Action; Comedy; Action | Comedy,,ransom; parent child relationship; kidnapping; tourist; vacation; ecuador,,,,HBO Max; HBO Max Amazon Channel; Amazon Video (rent); Apple TV (rent); Google Play Movies (rent); YouTube (rent); Fandango At Home (rent); Amazon Video (buy); Apple TV (buy); Google Play Movies (buy); YouTube (buy); Fandango At Home (buy),Spanish; English,United States of America,,2025-09-25T17:32:11
Snitch,2013,tt0882977,134411,112,"Construction company owner John Matthews learns that his estranged son, Jason, has been arrested for drug trafficking. Facing an unjust prison sentence for a first time offender courtesy of mandatory minimum sentence laws, Jason has nothing to offer for leniency in good conscience. Desperately, John convinces the DEA and the opportunistic DA Joanne Keeghan to let him go undercover to help make arrests big enough to free his son in return. With the unwitting help of an ex-con employee, John enters the narcotics underworld where every move could be his last in an operation that will demand all his resources, wits and courage to survive.",https://image.tmdb.org/t/p/w500/aucjDu8wv44jUgCyr2lBkJ92Bgk.jpg,https://image.tmdb.org/t/p/w780/80seex5P196f7pff3R8xqwd2Zo.jpg,Thriller; Drama; Action; Action | Drama | Thriller,,prison; undercover; parent child relationship; arrest; based on true story; drugs; agent; dea,,,,MovieSphere+ Amazon Channel; Amazon Video (rent); Apple TV (rent); Google Play Movies (rent); YouTube (rent); Fandango At Home (rent); Spectrum On Demand (rent); Amazon Video (buy); Apple TV (buy); Google Play Movies (buy); YouTube (buy); Fandango At Home (buy),English; Spanish,United Arab Emirates; United States of America,,2025-09-25T17:32:11
Snowden,2016,tt3774114,302401,134,CIA employee Edward Snowden leaks thousands of classified documents to the press.,https://image.tmdb.org/t/p/w500/yfK7zxNL63VWfluFuoUaJj5PdNw.jpg,https://image.tmdb.org/t/p/w780/mYZYVrQ2ghU3m79q7byeLzNXo1M.jpg,Drama; History; Crime; Thriller; Crime | Drama | History | Thriller,,biography; idealism; idealist; national security agency (nsa); surveillance; whistleblower; political thriller; fighting the system; five eyes,,,,Starz Apple TV Channel; Starz; Philo; Starz Amazon Channel; Kanopy; Plex Channel; Amazon Video (rent); Apple TV (rent); Google Play Movies (rent); YouTube (rent); Fandango At Home (rent); Amazon Video (buy); Apple TV (buy); Google Play Movies (buy); YouTube (buy); Fandango At Home (buy),English,France; Germany; United States of America,,2025-09-25T17:32:11
Snowpiercer,2013,tt1706620,110415,127,"In a future where a failed global-warming experiment kills off most life on the planet, a class system evolves aboard the Snowpiercer; a train that travels around the globe via a perpetual-motion engine.",https://image.tmdb.org/t/p/w500/9JPx09Rr0Txq2eSQfjq1DEBR5cx.jpg,https://image.tmdb.org/t/p/w780/33dV6HAnXBmwKl640gO3U4auqUN.jpg,Action; Science Fiction; Drama; Action | Drama | Science Fiction,,new year's eve; rebellion; cold; parent child relationship; winter; brothel; child labour; pregnancy; dystopia; allegory; post-apocalyptic future; bridge; hijacking of train; rifle; based on comic; dam; train; based on graphic novel; guilt; revolt; duplicity; tunnel; social class; cold weather; population control; perpetual winter; city ruin; 2030s; dramatic; suspenseful; intense; appreciative,,,,MovieSphere+ Amazon Channel; Plex; Plex Channel; Amazon Video (rent); Apple TV (rent); Google Play Movies (rent); YouTube (rent); Fandango At Home (rent); Amazon Video (buy); Apple TV (buy); Google Play Movies (buy); YouTube (buy); Fandango At Home (buy),English; French; Japanese; Korean,South Korea,,2025-09-25T17:32:11
Sonic The Hedgehog,2020,tt3794354,939243,110,"Sonic, Knuckles, and Tails reunite against a powerful new adversary, Shadow, a mysterious villain with powers unlike anything they have faced before. With their abilities outmatched in every way, Team Sonic must seek out an unlikely alliance in hopes of stopping Shadow and protecting the planet.",https://image.tmdb.org/t/p/w500/d8Ryb8AunYAuycVKDp5HpdWPKgC.jpg,https://image.tmdb.org/t/p/w780/zOpe0eHsq0A2NvNyBbtT6sj53qV.jpg,Action; Science Fiction; Comedy; Family; Action | Comedy | Family | Science Fiction,,moon; sequel; based on video game; psychotic; dual role; aftercreditsstinger; duringcreditsstinger; hedgehog; live action and animation; grandfather grandson relationship; animal human friendship; anthropomorphic animal; loss and grief; cliché; complicated; sceptical,,,,Amazon Prime Video; fuboTV; MGM+ Amazon Channel; Paramount Plus; Paramount+ Amazon Channel; Paramount+ Roku Premium Channel; MGM Plus; Philo; Amazon Prime Video with Ads; Amazon Video (rent); Apple TV (rent); Google Play Movies (rent); YouTube (rent); Fandango At Home (rent); Plex (rent); Amazon Video (buy); Apple TV (buy); Google Play Movies (buy); YouTube (buy); Fandango At Home (buy),English; Spanish; French; Japanese,United States of America; Japan,Sonic the Hedgehog Collection,2025-09-25T17:32:12
Sonic The Hedgehog 3,2024,tt18259086,939243,110,"Sonic, Knuckles, and Tails reunite against a powerful new adversary, Shadow, a mysterious villain with powers unlike anything they have faced before. With their abilities outmatched in every way, Team Sonic must seek out an unlikely alliance in hopes of stopping Shadow and protecting the planet.",https://image.tmdb.org/t/p/w500/d8Ryb8AunYAuycVKDp5HpdWPKgC.jpg,https://image.tmdb.org/t/p/w780/zOpe0eHsq0A2NvNyBbtT6sj53qV.jpg,Action; Science Fiction; Comedy; Family; Action | Comedy | Family | Science Fiction,,moon; sequel; based on video game; psychotic; dual role; aftercreditsstinger; duringcreditsstinger; hedgehog; live action and animation; grandfather grandson relationship; animal human friendship; anthropomorphic animal; loss and grief; cliché; complicated; sceptical,,,,Amazon Prime Video; fuboTV; MGM+ Amazon Channel; Paramount Plus; Paramount+ Amazon Channel; Paramount+ Roku Premium Channel; MGM Plus; Philo; Amazon Prime Video with Ads; Amazon Video (rent); Apple TV (rent); Google Play Movies (rent); YouTube (rent); Fandango At Home (rent); Plex (rent); Amazon Video (buy); Apple TV (buy); Google Play Movies (buy); YouTube (buy); Fandango At Home (buy),English; Spanish; French; Japanese,United States of America; Japan,Sonic the Hedgehog Collection,2025-09-25T17:32:12
Sonic the Hedgehog 2,2022,tt12412888,675353,123,"After settling in Green Hills, Sonic is eager to prove he has what it takes to be a true hero. His test comes when Dr. Robotnik returns, this time with a new partner, Knuckles, in search for an emerald that has the power to destroy civilizations. Sonic teams up with his own sidekick, Tails, and together they embark on a globe-trotting journey to find the emerald before it falls into the wrong hands.",https://image.tmdb.org/t/p/w500/6DrHO1jr3qVrViUO6s6kFiAGM7.jpg,https://image.tmdb.org/t/p/w780/xuLA0pii2IMJW2puT7EvJtgpg0H.jpg,Action; Adventure; Family; Comedy; Action | Adventure | Comedy | Family,,mad scientist; sequel; revenge; based on video game; duringcreditsstinger; hedgehog; live action and animation; relaxed; joyous,,,,Hulu; Paramount Plus; Paramount+ Amazon Channel; Paramount+ Roku Premium Channel; Amazon Video (rent); Apple TV (rent); Google Play Movies (rent); YouTube (rent); Fandango At Home (rent); Spectrum On Demand (rent); Plex (rent); Amazon Video (buy); Apple TV (buy); Google Play Movies (buy); YouTube (buy); Fandango At Home (buy),English,Japan; United States of America,Sonic the Hedgehog Collection,2025-09-25T17:32:12
Space Jam,1996,tt0117705,2300,87,"With their freedom on the line, the Looney Tunes seek the help of NBA superstar Michael Jordan to win a basketball game against a team of moronic aliens.",https://image.tmdb.org/t/p/w500/4RN5El3Pj2W4gpwgiAGLVfSJv2g.jpg,https://image.tmdb.org/t/p/w780/7zS8Sl9ngsO7nTDJgdPtso7pBYK.jpg,Family; Comedy; Animation; Science Fiction; Adventure | Animation | Comedy | Family | Science Fiction,,sports; cartoon; villain; basketball; slapstick comedy; alien; doctor; cartoon cat; basketball team; referee; cartoon chicken; cartoon skunk; live action and animation; anthropomorphic,,,,Hulu; Amazon Video (rent); Apple TV (rent); Google Play Movies (rent); YouTube (rent); Fandango At Home (rent); Spectrum On Demand (rent); Plex (rent); Amazon Video (buy); Apple TV (buy); Google Play Movies (buy); YouTube (buy); Fandango At Home (buy),English,United States of America,Space Jam Collection,2025-09-25T17:32:13
Spaceballs,1987,tt0094012,957,96,"When the nefarious Dark Helmet hatches a plan to snatch Princess Vespa and steal her planet's air, space-bum-for-hire Lone Starr and his clueless sidekick fly to the rescue. Along the way, they meet Yogurt, who puts Lone Starr wise to the power of ""The Schwartz."" Can he master it in time to save the day?",https://image.tmdb.org/t/p/w500/o624HTt93iIJIc1Sg5hNkDTnk5l.jpg,https://image.tmdb.org/t/p/w780/i45FVfTSDu2n2DVpp99XAZguQJt.jpg,Comedy; Science Fiction; Comedy | Science Fiction,,galaxy; android; space marine; laser gun; temple; swordplay; space battle; space travel; space mission; satire; altar; magnet beam; speed of light; plastic surgery; password; parody; spoof; gross out comedy,,,,HBO Max; HBO Max Amazon Channel; Amazon Video (rent); Apple TV (rent); Google Play Movies (rent); YouTube (rent); Fandango At Home (rent); Spectrum On Demand (rent); Plex (rent); Amazon Video (buy); Apple TV (buy); Google Play Movies (buy); YouTube (buy); Fandango At Home (buy),English,United States of America,Spaceballs Collection,2025-09-25T17:32:13
Spectre,2015,tt2379713,206647,148,"A cryptic message from Bond’s past sends him on a trail to uncover a sinister organization. While M battles political forces to keep the secret service alive, Bond peels back the layers of deceit to reveal the terrible truth behind SPECTRE.",https://image.tmdb.org/t/p/w500/xfrnnrKuoS1v6x2u2Y50RU50qry.jpg,https://image.tmdb.org/t/p/w780/8lBViysvNJBPkl6zG1LVAaW3qhj.jpg,Action; Adventure; Thriller; Action | Adventure | Thriller,,based on novel or book; spy; secret agent; sequel; mi6; british secret service; united kingdom,,,,Amazon Video (rent); Apple TV (rent); Google Play Movies (rent); YouTube (rent); Fandango At Home (rent); Spectrum On Demand (rent); Plex (rent); Amazon Video (buy); Apple TV (buy); Google Play Movies (buy); YouTube (buy); Fandango At Home (buy),French; English; Spanish; Italian; German,United Kingdom; United States of America,James Bond Collection,2025-09-25T17:32:13
Speed,1994,tt0111257,1637,116,"Jack Traven, an LAPD cop on SWAT detail, and veteran SWAT officer Harry Temple thwart an extortionist-bomber's scheme for a $3 million ransom. As they corner the bomber, he flees and detonates a bomb vest, seemingly killing himself. Weeks later, Jack witnesses a mass transit city bus explode and nearby a pay phone rings. On the phone is that same bomber looking for vengeance and the money he's owed. He gives a personal challenge to Jack: a bomb is rigged on another city bus - if it slows down below 50 mph, it will explode - bad enough any day, but a nightmare in LA traffic. And that's just the beginning...",https://image.tmdb.org/t/p/w500/o1Zs7VaS9y2GYH9CLeWxaVLWd3x.jpg,https://image.tmdb.org/t/p/w780/kJQS6jxxtNTaWI8jw7ynck97rgl.jpg,Action; Thriller; Action | Thriller,,"s.w.a.t.; bomber; bus bomb; los angeles, california; falling elevator; bomb planting; lapd; trapped in an elevator; subway train; bomb explosion; ransom demand; extortionist; santa monica, california; life or death; bomb vest; city bus; dead man switch; bus passengers; trapped in a vehicle",,,,HBO Max; HBO Max Amazon Channel; Cinemax Amazon Channel; Cinemax Apple TV Channel; Amazon Video (rent); Apple TV (rent); Google Play Movies (rent); YouTube (rent); Fandango At Home (rent); Spectrum On Demand (rent); Amazon Video (buy); Apple TV (buy); Google Play Movies (buy); YouTube (buy); Fandango At Home (buy),English,United States of America,Speed Collection,2025-09-25T17:32:14
Spell,2020,tt10736580,621151,91,"A father survives a plane crash in rural Appalachia, but becomes suspicious of the elderly couple who take him in to nurse him back to health with the ancient remedies.",https://image.tmdb.org/t/p/w500/9clw9UBQXmi3EFgjgIPGJSluQr7.jpg,https://image.tmdb.org/t/p/w780/en7GPLCPwTRA0KxiR5BxjlSCqaG.jpg,Thriller; Horror; Fantasy; Fantasy | Horror | Thriller,,sheriff; prisoner; escape; gas station; cult; appalachia; lawyer; cell phone; backwoods; ceremony; faith healer; voodoo doll; appalachian mountains; plane crash; rural setting; cannibalism; blood moon; violence,,,,Paramount Plus; Paramount+ Amazon Channel; Paramount+ Roku Premium Channel; Apple TV (rent); Plex (rent); Apple TV (buy),English,South Africa; United States of America,,2025-09-25T17:32:14
Spider-Man,2002,tt0145487,315635,133,"Following the events of Captain America: Civil War, Peter Parker, with the help of his mentor Tony Stark, tries to balance his life as an ordinary high school student in Queens, New York City, with fighting crime as his superhero alter ego Spider-Man as a new threat, the Vulture, emerges.",https://image.tmdb.org/t/p/w500/c24sv2weTHPsmDa7jEMN0m2P3RT.jpg,https://image.tmdb.org/t/p/w780/fn4n6uOYcB6Uh89nbNPoU2w80RV.jpg,Action; Adventure; Science Fiction; Action | Adventure | Drama | Science Fiction,,"high school; new york city; washington dc, usa; superhero; based on comic; reboot; aftercreditsstinger; duringcreditsstinger; marvel cinematic universe (mcu); enthusiastic",,,,Disney Plus; fuboTV; YouTube TV; FXNow; Amazon Video (rent); Apple TV (rent); Google Play Movies (rent); YouTube (rent); Fandango At Home (rent); Amazon Video (buy); Apple TV (buy); Google Play Movies (buy); YouTube (buy); Fandango At Home (buy),English,United States of America,Spider-Man (MCU) Collection,2025-09-25T17:32:14
Spider-Man 2,2004,tt0316654,558,127,"Peter Parker is going through a major identity crisis. Burned out from being Spider-Man, he decides to shelve his superhero alter ego, which leaves the city suffering in the wake of carnage left by the evil Doc Ock. In the meantime, Parker still can't act on his feelings for Mary Jane Watson, a girl he's loved since childhood. A certain anger begins to brew in his best friend Harry Osborn as well...",https://image.tmdb.org/t/p/w500/aGuvNAaaZuWXYQQ6N2v7DeuP6mB.jpg,https://image.tmdb.org/t/p/w780/8G6HCS82vNxgg5wp7oBDSk32XpF.jpg,Action; Adventure; Science Fiction; Action | Adventure | Science Fiction,,new york city; dual identity; love of one's life; secret identity; superhero; pizza boy; based on comic; sequel; romance; doctor; scientist; tentacle; death; super villain; young adult; marvel,,,,Disney Plus; fuboTV; YouTube TV; FXNow; Amazon Video (rent); Apple TV (rent); Google Play Movies (rent); YouTube (rent); Fandango At Home (rent); Amazon Video (buy); Apple TV (buy); Google Play Movies (buy); YouTube (buy); Fandango At Home (buy),English; Russian; Mandarin,United States of America,Spider-Man Collection,2025-09-25T17:32:14
Spider-Man 3,2007,tt0413300,559,139,"The seemingly invincible Spider-Man goes up against an all-new crop of villains—including the shape-shifting Sandman. While Spider-Man’s superpowers are altered by an alien organism, his alter ego, Peter Parker, deals with nemesis Eddie Brock and also gets caught up in a love triangle.",https://image.tmdb.org/t/p/w500/qFmwhVUoUSXjkKRmca5yGDEXBIj.jpg,https://image.tmdb.org/t/p/w780/w1oD1MzHjnBJc5snKupIQaSBLIh.jpg,Action; Adventure; Science Fiction; Action | Adventure | Science Fiction,,amnesia; dual identity; love of one's life; loss of loved one; forgiveness; hostility; superhero; sandstorm; spider; wretch; sand; narcissism; egomania; based on comic; sequel; revenge; symbiote; amused; marvel,,,,Disney Plus; fuboTV; YouTube TV; FXNow; Amazon Video (rent); Apple TV (rent); Google Play Movies (rent); YouTube (rent); Fandango At Home (rent); Spectrum On Demand (rent); Amazon Video (buy); Apple TV (buy); Google Play Movies (buy); YouTube (buy); Fandango At Home (buy),English; French,United States of America,Spider-Man Collection,2025-09-25T17:32:15
Spider-Man: Across the Spider-Verse,2023,tt9362722,569094,140,"After reuniting with Gwen Stacy, Brooklyn’s full-time, friendly neighborhood Spider-Man is catapulted across the Multiverse, where he encounters the Spider Society, a team of Spider-People charged with protecting the Multiverse’s very existence. But when the heroes clash on how to handle a new threat, Miles finds himself pitted against the other Spiders and must set out on his own to save those he loves most.",https://image.tmdb.org/t/p/w500/8Vt6mWEReuy4Of61Lnj5Xj704m8.jpg,https://image.tmdb.org/t/p/w780/kVd3a9YeLGkoeR50jGEXM6EqseS.jpg,Animation; Action; Adventure; Science Fiction; Action | Adventure | Animation | Science Fiction,,"new york city; hero; sacrifice; superhero; villain; portal; based on comic; sequel; romance; alter ego; alternate dimension; parenting; family; alternate version; super power; brooklyn, new york city; superhero team; spider bite; super villain; cliffhanger; teenage romance; young heroes; teen superhero; teen social issues; chelsea; alternate universe; superhero teamup; female superhero; slow burn romance; interdimensional travel; sentimental",,,,Disney Plus; fuboTV; FXNow; Amazon Video (rent); Apple TV (rent); Google Play Movies (rent); YouTube (rent); Fandango At Home (rent); Spectrum On Demand (rent); Amazon Video (buy); Apple TV (buy); Google Play Movies (buy); YouTube (buy); Fandango At Home (buy),English; Hindi; Italian; Spanish,United States of America,Spider-Man: Spider-Verse Collection,2025-09-25T17:32:15
Spider-Man: Far From Home,2019,tt6320628,429617,129,"Peter Parker and his friends go on a summer trip to Europe. However, they will hardly be able to rest - Peter will have to agree to help Nick Fury uncover the mystery of creatures that cause natural disasters and destruction throughout the continent.",https://image.tmdb.org/t/p/w500/4q2NNj4S5dG2RLF9CpXsej7yXl.jpg,https://image.tmdb.org/t/p/w780/vamhMTvh9m9zFHDoR0v1nRtf6T4.jpg,Action; Adventure; Science Fiction; Action | Adventure | Science Fiction,,"venice, italy; superhero; school trip; europe; based on comic; sequel; destruction; aftercreditsstinger; duringcreditsstinger; marvel cinematic universe (mcu); tower of london; hilarious",,,,Disney Plus; fuboTV; YouTube TV; FXNow; Amazon Video (rent); Apple TV (rent); Google Play Movies (rent); YouTube (rent); Fandango At Home (rent); Amazon Video (buy); Apple TV (buy); Google Play Movies (buy); YouTube (buy); Fandango At Home (buy),Czech; Dutch; English; German; Italian,United States of America,Spider-Man (MCU) Collection,2025-09-25T17:32:15
Spider-Man: Homecoming,2017,tt2250912,315635,133,"Following the events of Captain America: Civil War, Peter Parker, with the help of his mentor Tony Stark, tries to balance his life as an ordinary high school student in Queens, New York City, with fighting crime as his superhero alter ego Spider-Man as a new threat, the Vulture, emerges.",https://image.tmdb.org/t/p/w500/c24sv2weTHPsmDa7jEMN0m2P3RT.jpg,https://image.tmdb.org/t/p/w780/fn4n6uOYcB6Uh89nbNPoU2w80RV.jpg,Action; Adventure; Science Fiction; Action | Adventure | Drama | Science Fiction,,"high school; new york city; washington dc, usa; superhero; based on comic; reboot; aftercreditsstinger; duringcreditsstinger; marvel cinematic universe (mcu); enthusiastic",,,,Disney Plus; fuboTV; YouTube TV; FXNow; Amazon Video (rent); Apple TV (rent); Google Play Movies (rent); YouTube (rent); Fandango At Home (rent); Amazon Video (buy); Apple TV (buy); Google Play Movies (buy); YouTube (buy); Fandango At Home (buy),English,United States of America,Spider-Man (MCU) Collection,2025-09-25T17:32:16
Spider-Man: No Way Home,2021,tt10872600,634649,148,"Peter Parker is unmasked and no longer able to separate his normal life from the high-stakes of being a super-hero. When he asks for help from Doctor Strange the stakes become even more dangerous, forcing him to discover what it truly means to be Spider-Man.",https://image.tmdb.org/t/p/w500/1g0dhYtq4irTY1GPXvft6k4YLjm.jpg,https://image.tmdb.org/t/p/w780/zD5v1E4joAzFvmAEytt7fM3ivyT.jpg,Action; Adventure; Science Fiction; Action | Adventure | Science Fiction,,new york city; hero; showdown; magic; loss of loved one; secret identity; superhero; villain; portal; sequel; vigilante; superhero team; masked vigilante; spider web; alternative reality; aftercreditsstinger; duringcreditsstinger; marvel cinematic universe (mcu); fight for justice; teen superhero; superhero teamup; returning hero; crossover; teamwork; ambiguous,,,,Starz Apple TV Channel; Starz Roku Premium Channel; Starz; Philo; Amazon Video (rent); Apple TV (rent); Google Play Movies (rent); YouTube (rent); Fandango At Home (rent); Spectrum On Demand (rent); Amazon Video (buy); Apple TV (buy); Google Play Movies (buy); YouTube (buy); Fandango At Home (buy),English; Tagalog,United States of America,Spider-Man (MCU) Collection,2025-09-25T17:32:16
Spotlight,2015,tt1895587,314365,129,"The true story of how the Boston Globe uncovered the massive scandal of child molestation and cover-up within the local Catholic Archdiocese, shaking the entire Catholic Church to its core.",https://image.tmdb.org/t/p/w500/8DPGG400FgaFWaqcv11n8mRd2NG.jpg,https://image.tmdb.org/t/p/w780/8FbbcmwmpGd7brfiC7f7lWFNGdi.jpg,Drama; History; Drama | History,,"pedophilia; florida; newspaper; journalist; child abuse; court; judge; boston, massachusetts; journalism; sex scandal; victim; based on true story; cover-up; priest; conspiracy; lawyer; historical fiction; biting; catholic; roman catholic church; lgbt; catholicism; 9/11; child molestation; archdiocese; investigative journalism; cardinal; serious; understated; critical; tense; powerful; tragic",,,,Starz Apple TV Channel; Tubi TV; Kanopy; Plex Channel; Amazon Video (rent); Apple TV (rent); Google Play Movies (rent); YouTube (rent); Fandango At Home (rent); Amazon Video (buy); Apple TV (buy); Google Play Movies (buy); YouTube (buy); Fandango At Home (buy),English,United States of America,,2025-09-25T17:32:16
Star Trek Beyond,2016,tt2660888,188927,122,"The USS Enterprise crew explores the furthest reaches of uncharted space, where they encounter a mysterious new enemy who puts them and everything the Federation stands for to the test.",https://image.tmdb.org/t/p/w500/yOnd3XQIg7JBmu0UuBjZyLdsxQD.jpg,https://image.tmdb.org/t/p/w780/2WahZQM3ESZnucCpgINYyznltja.jpg,Action; Adventure; Science Fiction; Action | Adventure | Science Fiction,,spacecraft; sequel; stranded; hatred; lgbt; space opera; gay theme,,,,Paramount Plus; Paramount+ Amazon Channel; Paramount+ Roku Premium Channel; Paramount+ Originals Amazon Channel; Kanopy; Hoopla; Amazon Video (rent); Apple TV (rent); Google Play Movies (rent); YouTube (rent); Fandango At Home (rent); Spectrum On Demand (rent); Plex (rent); Amazon Video (buy); Apple TV (buy); Google Play Movies (buy); YouTube (buy); Fandango At Home (buy),English,United States of America,Star Trek: Alternate Reality Collection,2025-09-25T17:32:17
Star Trek Into Darkness,2013,tt1408101,54138,132,"When the crew of the Enterprise is called back home, they find an unstoppable force of terror from within their own organization has detonated the fleet and everything it stands for, leaving our world in a state of crisis.  With a personal score to settle, Captain Kirk leads a manhunt to a war-zone world to capture a one man weapon of mass destruction. As our heroes are propelled into an epic chess game of life and death, love will be challenged, friendships will be torn apart, and sacrifices must be made for the only family Kirk has left: his crew.",https://image.tmdb.org/t/p/w500/7XrRkhMa9lQ71RszzSyVrJVvhyS.jpg,https://image.tmdb.org/t/p/w780/k3PqsPLkKLDyjZupZ6gqZHPxMv3.jpg,Action; Adventure; Science Fiction; Action | Adventure | Science Fiction,,spacecraft; friendship; sequel; alien; futuristic; space; mysterious force; space opera; terrorist bombing; new beginning,,,,fuboTV; Paramount Plus; Paramount+ Amazon Channel; Paramount+ Roku Premium Channel; Paramount+ Originals Amazon Channel; Kanopy; Hoopla; Amazon Video (rent); Apple TV (rent); Google Play Movies (rent); YouTube (rent); Fandango At Home (rent); Spectrum On Demand (rent); Plex (rent); Amazon Video (buy); Apple TV (buy); Google Play Movies (buy); YouTube (buy); Fandango At Home (buy),English,United States of America,Star Trek: Alternate Reality Collection,2025-09-25T17:32:17
Star Wars: The Force Awakens,2015,tt10321138,140607,136,"Thirty years after defeating the Galactic Empire, Han Solo and his allies face a new threat from the evil Kylo Ren and his army of Stormtroopers.",https://image.tmdb.org/t/p/w500/wqnLdwVXoBjKibFRR5U3y0aDUhs.jpg,https://image.tmdb.org/t/p/w780/8BTsTfln4jlQrLXUBquXJ0ASQy9.jpg,Adventure; Action; Science Fiction; Action | Adventure | Science Fiction,,android; spacecraft; space opera,,,,Disney Plus; Starz Apple TV Channel; Amazon Video (rent); Apple TV (rent); Google Play Movies (rent); YouTube (rent); Fandango At Home (rent); Amazon Video (buy); Apple TV (buy); Google Play Movies (buy); YouTube (buy); Fandango At Home (buy),English,United States of America,Star Wars Collection,2025-09-25T17:32:17
Star Wars: The Rise of Skywalker,2019,tt15662564,181812,142,"The surviving Resistance faces the First Order once again as the journey of Rey, Finn and Poe Dameron continues. With the power and knowledge of generations behind them, the final battle begins.",https://image.tmdb.org/t/p/w500/db32LaOibwEliAmSL2jjDF6oDdj.jpg,https://image.tmdb.org/t/p/w780/SPkEiZGxq5aHWQ2Zw7AITwSEo2.jpg,Adventure; Action; Science Fiction; Action | Adventure | Science Fiction,,space opera,,,,Disney Plus; Amazon Video (rent); Apple TV (rent); Google Play Movies (rent); YouTube (rent); Fandango At Home (rent); Amazon Video (buy); Apple TV (buy); Google Play Movies (buy); YouTube (buy); Fandango At Home (buy),English,United States of America,Star Wars Collection,2025-09-25T17:32:18
Stardust,2007,tt0486655,579400,109,"In 1971, rock star David Bowie travels to America for the first time to promote his third album, The Man Who Sold the World. There, he embarks on a coast-to-coast publicity tour. During this tour, Bowie creates his iconic Ziggy Stardust persona, inspired by artists like Iggy Pop and Lou Reed.",https://image.tmdb.org/t/p/w500/4auKoOWYVbLwmVBv0fdZUwTyiwk.jpg,https://image.tmdb.org/t/p/w780/md5KiBEC3D9vszDka53uroJT9ak.jpg,Music; Drama; Drama | Music,,rock star; 1970s; biography; rock music; glam rock; unofficial; based on real person; biographical drama; biographical fiction,,,,AMC+ Amazon Channel; Philo; Acorn TV; Sundance Now; AcornTV Amazon Channel; Acorn TV Apple TV; IFC Films Unlimited Apple TV Channel; Kanopy; Apple TV (rent); Google Play Movies (rent); YouTube (rent); Amazon Video (buy); Apple TV (buy); Google Play Movies (buy); YouTube (buy); Fandango At Home (buy),English,Canada; United Kingdom,,2025-09-25T17:32:18
Stargate,1994,tt0111282,2164,121,"An interstellar teleportation device, found in Egypt, leads to a planet with humans resembling ancient Egyptians who worship the god Ra.",https://image.tmdb.org/t/p/w500/4T6Po0XnZlevmhfPh3ZfEs5butR.jpg,https://image.tmdb.org/t/p/w780/s2bqHApZlliCuwgyHod0qucrYqZ.jpg,Action; Adventure; Science Fiction; Action | Adventure | Science Fiction,,egypt; teleportation; pyramid; space travel; uprising; space; androgyny; space western; timebomb; death of son; nuclear weapons; space opera; hieroglyph; egyptian mythology; egyptology,,,,fuboTV; MGM+ Amazon Channel; MGM Plus Roku Premium Channel; YouTube TV; MGM Plus; Philo; Hoopla; Spectrum On Demand (rent),English; Norwegian; Swedish,United States of America; France,,2025-09-25T17:32:18
Step Brothers,2008,tt0838283,12133,98,"Brennan Huff and Dale Doback might be grown men. But that doesn't stop them from living at home and turning into jealous, competitive stepbrothers when their single parents marry. Brennan's constant competition with Dale strains his mom's marriage to Dale's dad, leaving everyone to wonder whether they'll ever see eye to eye.",https://image.tmdb.org/t/p/w500/tY2FpgzPVx92JrYveWt4bn3cMyD.jpg,https://image.tmdb.org/t/p/w780/n53EPBWZiz69sYzNDZmamYHdo6Q.jpg,Comedy,,becoming an adult; hostility; autonomy; childhood trauma; stepbrother; slacker; man child; buddy; aftercreditsstinger; duringcreditsstinger; absurd; hilarious; farcical; ridiculous,,,,Paramount Plus; Paramount+ Amazon Channel; Paramount+ Roku Premium Channel; Amazon Video (rent); Apple TV (rent); Google Play Movies (rent); YouTube (rent); Fandango At Home (rent); Spectrum On Demand (rent); Amazon Video (buy); Apple TV (buy); Google Play Movies (buy); YouTube (buy); Fandango At Home (buy),English; Spanish,United States of America,,2025-09-25T17:32:18
Subservience,2024,tt24871974,1064028,105,"With his wife out sick, a struggling father brings home a lifelike AI, only to have his self-aware new help want everything her new family has to offer... Like the affection of her owner and she'll kill to get it.",https://image.tmdb.org/t/p/w500/gBenxR01Uy0Ev9RTIw6dVBPoyQU.jpg,https://image.tmdb.org/t/p/w780/co7oxvpWxgd6FZU24DnljDDHYQA.jpg,Science Fiction; Horror; Thriller; Horror | Science Fiction | Thriller,,artificial intelligence (a.i.); robot; suspenseful; tense; intense; android horror,,,,Netflix; Netflix Standard with Ads; Kanopy; Hoopla; Amazon Video (rent); Apple TV (rent); Google Play Movies (rent); YouTube (rent); Fandango At Home (rent); Spectrum On Demand (rent); Amazon Video (buy); Apple TV (buy); Google Play Movies (buy); YouTube (buy); Fandango At Home (buy),English,United States of America,,2025-09-25T17:32:19
Superman Returns,2006,tt0348150,1452,154,"Superman returns to discover his 5-year absence has allowed Lex Luthor to walk free, and that those he was closest to felt abandoned and have moved on. Luthor plots his ultimate revenge that could see millions killed and change the face of the planet forever, as well as ridding himself of the Man of Steel.",https://image.tmdb.org/t/p/w500/qIegbn6DSUYmggfwxOBNOVS35q.jpg,https://image.tmdb.org/t/p/w780/8eRscFbRYl681zDfkjv1jjW1KAA.jpg,Science Fiction; Action; Adventure; Action | Adventure | Science Fiction,,saving the world; superhero; invulnerability; based on comic; sequel; super power; kryptonite; superhuman strength,,,,HBO Max; HBO Max Amazon Channel; YouTube TV; Amazon Video (rent); Apple TV (rent); Google Play Movies (rent); YouTube (rent); Fandango At Home (rent); Spectrum On Demand (rent); Plex (rent); Amazon Video (buy); Apple TV (buy); Google Play Movies (buy); YouTube (buy); Fandango At Home (buy),English,United States of America,,2025-09-25T17:32:19
Superman: The Movie,2016,tt5852184,457825,52,"Ernie Anderson narrates this look at the making of Richard Donner's blockbuster 1978 film. Behind-the-scenes footage, as well as scenes from the film, reveal just how audiences were able to ""believe a man can fly."" This program features interviews with key cast and crew.",https://image.tmdb.org/t/p/w500/64dBPF3v7KcxfG3V1zCIHxJcNqS.jpg,,Documentary,,,,,,,English,,,2025-09-25T17:32:19
Sweeney Todd: The Demon Barber of Fleet Street,2007,tt0408236,1280646,173,"In 1846, Anthony Hope sails into London with the mysterious Sweeney Todd, a once-naive barber whose life and marriage was uprooted by a corrupt justice system. Todd confides in Nellie Lovett, the owner of a local meat pie shop, and the two become partners, as Todd swears revenge on those that have wronged him and decides to take up his old profession.",https://image.tmdb.org/t/p/w500/a6kO24Nkt56tU4RnDLP4H4tivGe.jpg,https://image.tmdb.org/t/p/w780/7rgchppvgrrqECds9wkIBueDltx.jpg,TV Movie; Horror; Drama; Music; Thriller; Drama | Horror | Music | Thriller | Tv Movie,,,,,,Paramount Plus Apple TV Channel; Hoopla; Amazon Video (rent); Apple TV (rent); Google Play Movies (rent); YouTube (rent); Fandango At Home (rent); Microsoft Store (rent); Amazon Video (buy); Apple TV (buy); Google Play Movies (buy); YouTube (buy); Fandango At Home (buy); Microsoft Store (buy),Spanish,Spain,,2025-09-25T17:32:20
Swingers,1996,tt0117802,93685,93,"Despite Diana's insecure nature, she and her husband Julian agree with the idea to sexually experiment with another couple. They put out an ad on the net to which the well experienced Alex and Timo react. We follow Diana and Julian as they prepare for the arrival of Alex and Timo, who they have invited to their home for the weekend. Diana is nervous. As soon as she is confronted with the self-confident and ravishingly sexy Alex, her insecurity increases even more. Timo seems disinterested, a sharp contrast to the boyish excitement of Julian. But as night falls and their sexual exploration begins, we notice Timo may not be as casual as he initially seemed and Diana on the other hand contains hidden strength. And so we realize there's more to 'Swingers' than just sex. Swingers: could your relationship stand the test?",https://image.tmdb.org/t/p/w500/vsctdCbDHApN003Fs3QzJB8Nl9B.jpg,https://image.tmdb.org/t/p/w780/8B8mdhvEy6mnu1whpLbd6ASoOOl.jpg,Romance; Drama; Drama | Romance,,husband wife relationship; sexploitation; swinger,,,,fuboTV; The Roku Channel; Tubi TV; Plex; Plex Channel; Fawesome,Dutch,Netherlands,,2025-09-25T17:32:20
Taken,2008,tt0936501,8681,94,"Bryan Mills, a former government operative, is trying to reconnect with his teenage daughter Kim. After reluctantly agreeing with his ex-wife to let Kim go to Paris on vacation with a friend, his worst nightmare comes true. While on the phone with his daughter shortly after she arrives in Paris, she and her friend are abducted by a gang of human traffickers. Working against the clock, Bryan relies on his extensive training and skills to track down the ruthless gang that abducted her and launch a one-man war to rescue his daughter.",https://image.tmdb.org/t/p/w500/y5Va1WXDX6nZElVirPrGxf6w99B.jpg,https://image.tmdb.org/t/p/w780/d9ISNkCasZmkvL7YFw2J4ddQv3j.jpg,Action; Thriller; Action | Thriller,,"rescue; paris, france; kidnapping; prostitution; sex trafficking; albanian; missing daughter; ex special forces; ex-cia agent; abduction; search for daughter; army veteran",,,,fuboTV; YouTube TV; Amazon Video (rent); Apple TV (rent); Google Play Movies (rent); YouTube (rent); Fandango At Home (rent); Amazon Video (buy); Apple TV (buy); Google Play Movies (buy); YouTube (buy); Fandango At Home (buy),English; French; Arabic; Albanian,France; United States of America,Taken Collection,2025-09-25T17:32:20
Taken 2,2012,tt1397280,82675,91,"In Istanbul, retired CIA operative Bryan Mills and his wife are taken hostage by the father of a kidnapper Mills killed while rescuing his daughter.",https://image.tmdb.org/t/p/w500/mGRtQS39DYIu6gXu5mXQsXFGZPO.jpg,https://image.tmdb.org/t/p/w780/dvz4VvkSb3nA0hY6coyNsatXsZ4.jpg,Action; Crime; Thriller; Action | Crime | Thriller,,kidnapping; fbi; turkey; police chase; teenage daughter; stealing a car; ex-husband ex-wife relationship; albanian; u.s. embassy; aggressive; furious,,,,Hulu; fuboTV; YouTube TV; FXNow; Amazon Video (rent); Apple TV (rent); Google Play Movies (rent); YouTube (rent); Fandango At Home (rent); Amazon Video (buy); Apple TV (buy); Google Play Movies (buy); YouTube (buy); Fandango At Home (buy),English; Turkish; Arabic,France; Turkey; United States of America,Taken Collection,2025-09-25T17:32:21
Taken 3,2014,tt2446042,260346,109,"Ex-government operative Bryan Mills finds his life is shattered when he's falsely accused of a murder that hits close to home. As he's pursued by a savvy police inspector, Mills employs his particular set of skills to track the real killer and exact his unique brand of justice.",https://image.tmdb.org/t/p/w500/vzvMXMypMq7ieDofKThsxjHj9hn.jpg,https://image.tmdb.org/t/p/w780/vFm4pF0BgaWPj0i2zEiZO6TqEQ0.jpg,Thriller; Action; Action | Thriller,,california; escape; funeral; gas station; detective; bodyguard; suspicion of murder; golf; penthouse apartment; morgue; car crash; sequel; confusion; murder; fugitive; on the run; shootout; police chase; explosion; foot chase; anger; group of friends; death of mother; surveillance camera; murder investigation; failing marriage; ex-husband ex-wife relationship; police surveillance; wanted man; police inspector; framed for murder; protective father; gps; money problems; elevator; prime suspect; curious; college student; rich husband; thoughtful; ex special forces; ex-cia agent; unhappy marriage; unplanned pregnancy; spetsnaz; secret hideout; innocent suspect; lost money; father daughter relationship; army veteran; associates; secret investigation; homicide investigation; russian; deep sadness; enemy; evasion; understated; mystery; honorable; stepfather stepdaughter relationship; death of ex; spy tech; outsmart; special skills; owe money to criminals; amused; awestruck; enthusiastic,,,,fuboTV; YouTube TV; FXNow; Amazon Video (rent); Apple TV (rent); Google Play Movies (rent); YouTube (rent); Fandango At Home (rent); Amazon Video (buy); Apple TV (buy); Google Play Movies (buy); YouTube (buy); Fandango At Home (buy),English,France; United States of America; Spain,Taken Collection,2025-09-25T17:32:21
Tales from the Darkside: The Movie,1990,tt0100740,20701,93,A young boy tells three stories of horror to distract a witch who plans to eat him.,https://image.tmdb.org/t/p/w500/5q8WK4gW45Knxhpb29IVOCbbfI7.jpg,https://image.tmdb.org/t/p/w780/fGEOTZQHYrfB509jdhmfo1rpref.jpg,Thriller; Comedy; Fantasy; Horror; Comedy | Fantasy | Horror | Thriller,,witch; monster; heart attack; mummy; dark comedy; anthology; paperboy; decapitation; gargoyle; darkside; black cat; severed hand; horror anthology,,,,Amazon Video (rent); Apple TV (rent); Google Play Movies (rent); YouTube (rent); Fandango At Home (rent); Amazon Video (buy); Apple TV (buy); Google Play Movies (buy); YouTube (buy); Fandango At Home (buy),English,United States of America,,2025-09-25T17:32:21
Talk To Me,2022,tt10638522,1008042,95,"When a group of friends discover how to conjure spirits using an embalmed hand, they become hooked on the new thrill, until one of them goes too far and unleashes terrifying supernatural forces.",https://image.tmdb.org/t/p/w500/kdPMUMJzyYAc4roD52qavX0nLIC.jpg,https://image.tmdb.org/t/p/w780/46Os8U0DEPmI0OnvKDxucl6SLVZ.jpg,Horror,,suicide; trauma; possession; female friendship; addiction; grief; female protagonist; death of mother; self mutilation; mental health; dead parent; social media; peer pressure; disembodied hand; generation z; self-harm; supernatural horror; cautionary tale; adelaide australia; body horror; teenager; modern australia,,,,Netflix; fuboTV; Paramount+ with Showtime; Paramount+ Amazon Channel; Netflix Standard with Ads; Amazon Video (rent); Apple TV (rent); Google Play Movies (rent); YouTube (rent); Fandango At Home (rent); Spectrum On Demand (rent); Amazon Video (buy); Apple TV (buy); Google Play Movies (buy); YouTube (buy); Fandango At Home (buy),English; French; Greek,Australia; United Kingdom,Talk to Me Collection,2025-09-25T17:32:21
Taxi Driver,1976,tt0075314,103,114,"Suffering from insomnia, disturbed loner Travis Bickle takes a job as a New York City cabbie, haunting the streets nightly, growing increasingly detached from reality as he dreams of cleaning up the filthy city.",https://image.tmdb.org/t/p/w500/ekstpH614fwDX8DUln1a2Opz0N8.jpg,https://image.tmdb.org/t/p/w780/6aoyUbvu0419XLKLIMoH0TkEicH.jpg,Crime; Drama; Crime | Drama,,"drug dealer; vietnam veteran; new york city; taxi; pornography; obsession; taxi driver; 1970s; pimp; observer; firearm; politician; alienation; junk food; misanthrophy; vigilante; political campaign; cynical; illegal prostitution; urban decay; character study; loner; manhattan, new york city; meditative; neo-noir; child prostitution; complex; new hollywood; dreary; cautionary; drives; provocative; antagonistic; audacious; callous",,,,Criterion Channel; Kanopy; Amazon Video (rent); Apple TV (rent); Google Play Movies (rent); YouTube (rent); Fandango At Home (rent); Spectrum On Demand (rent); Amazon Video (buy); Apple TV (buy); Google Play Movies (buy); YouTube (buy); Fandango At Home (buy),English; Spanish,United States of America,,2025-09-25T17:32:22
Ted,2012,tt1637725,72105,107,"John Bennett, a man whose childhood wish of bringing his teddy bear to life came true, now must decide between keeping the relationship with the bear or his girlfriend, Lori.",https://image.tmdb.org/t/p/w500/tZPTcdGTpxq4yJx1YxqBl0gthNz.jpg,https://image.tmdb.org/t/p/w780/oSU1pEm2V6Ikj4N5pP6gO1nYNJe.jpg,Comedy; Fantasy,,friendship; dreams; love; buddy; teddy bear; toy comes to life; wishes come true,,,,Peacock Premium; Peacock Premium Plus; Amazon Video (rent); Apple TV (rent); Google Play Movies (rent); YouTube (rent); Fandango At Home (rent); Spectrum On Demand (rent); Amazon Video (buy); Apple TV (buy); Google Play Movies (buy); YouTube (buy); Fandango At Home (buy),English,United States of America,Ted Collection,2025-09-25T17:32:22
Teenage Mutant Ninja Turtles: Out of the Shadows,2016,tt3949660,308531,112,"After supervillain Shredder escapes custody, he joins forces with mad scientist Baxter Stockman and two dimwitted henchmen, Bebop and Rocksteady, to unleash a diabolical plan to take over the world. As the Turtles prepare to take on Shredder and his new crew, they find themselves facing an even greater evil with similar intentions: the notorious Krang.",https://image.tmdb.org/t/p/w500/euVaCiCWz3AALcQXHT6aUqdGUo6.jpg,https://image.tmdb.org/t/p/w780/41objfan7PDTBG5MFXQl4ownQzJ.jpg,Action; Adventure; Comedy; Family; Science Fiction; Action | Adventure | Comedy | Family | Science Fiction,,sibling relationship; turtle; based on comic; sequel; ninja; rat; bebop and rocksteady,,,,Paramount Plus; Paramount+ Amazon Channel; Paramount+ Roku Premium Channel; Hoopla; Amazon Video (rent); Apple TV (rent); Google Play Movies (rent); YouTube (rent); Fandango At Home (rent); Plex (rent); Amazon Video (buy); Apple TV (buy); Google Play Movies (buy); YouTube (buy); Fandango At Home (buy),English,United States of America,Teenage Mutant Ninja Turtles (Remake) Collection,2025-09-25T17:32:22
Tenacious D In the Pick of Destiny,2006,tt0365830,2179,93,"In Venice Beach, naive Midwesterner JB bonds with local slacker KG and they form the rock band Tenacious D. Setting out to become the world's greatest band is no easy feat, so they set out to steal what could be the answer to their prayers... a magical guitar pick housed in a rock-and-roll museum some 300 miles away.",https://image.tmdb.org/t/p/w500/7NmDIj5I1OFOZfYFnS3uWtM7WMO.jpg,https://image.tmdb.org/t/p/w780/phWTf9WMNXeCO7W96QdX9Yp0n38.jpg,Comedy; Music; Fantasy; Adventure; Adventure | Comedy | Fantasy | Music,,rock 'n' roll; guitar; rock star; music competition; satan; devil,,,,Tubi TV; Plex; Plex Channel; Amazon Video (rent); Apple TV (rent); Google Play Movies (rent); YouTube (rent); Fandango At Home (rent); Amazon Video (buy); Apple TV (buy); Google Play Movies (buy); YouTube (buy); Fandango At Home (buy),English,United States of America; Germany,,2025-09-25T17:32:23
Tenet,2020,tt6723592,577922,150,"Armed with only one word - Tenet - and fighting for the survival of the entire world, the Protagonist journeys through a twilight world of international espionage on a mission that will unfold in something beyond real time.",https://image.tmdb.org/t/p/w500/aCIFMriQh8rvhxpN1IWGgvH0Tlg.jpg,https://image.tmdb.org/t/p/w780/yY76zq9XSuJ4nWyPDuwkdV7Wt0c.jpg,Action; Thriller; Science Fiction; Action | Science Fiction | Thriller,,"assassin; espionage; spy; time travel; mumbai (bombay), india; arms dealer; terrorism; terrorist attack; nuclear weapons; terrorist plot; backwards; alternate timeline; oslo, norway; time paradox; kyiv (kiev), ukraine; intense",,,,Amazon Video (rent); Apple TV (rent); Google Play Movies (rent); YouTube (rent); Fandango At Home (rent); Spectrum On Demand (rent); Plex (rent); Amazon Video (buy); Apple TV (buy); Google Play Movies (buy); YouTube (buy); Fandango At Home (buy),English; Estonian,United Kingdom; United States of America,,2025-09-25T17:32:23
Terminator 2: Judgment Day,1991,tt0103064,280,137,"Ten years after the events of the original, a reprogrammed T-800 is sent back in time to protect young John Connor from the shape-shifting T-1000. Together with his mother Sarah, he fights to stop Skynet from triggering a nuclear apocalypse.",https://image.tmdb.org/t/p/w500/weVXMD5QBGeQil4HEATZqAkXeEc.jpg,https://image.tmdb.org/t/p/w780/vINgGecnz95iDL6fjQMARDsocgG.jpg,Action; Thriller; Science Fiction; Action | Science Fiction | Thriller,,man vs machine; cyborg; shotgun; dystopia; moral ambiguity; post-apocalyptic future; villain; time travel; mental institution; juvenile delinquent; fictional war; urban setting; troubled teen; morphing; nuclear weapons; shape shifter; savior; catch phrase; aggressive; action hero; complex; good versus evil; sinister; depressing; commanding; compassionate; exhilarated,,,,Paramount Plus; Paramount+ Roku Premium Channel; Kanopy; Hoopla; Amazon Video (rent); Apple TV (rent); Google Play Movies (rent); YouTube (rent); Fandango At Home (rent); Spectrum On Demand (rent); Plex (rent); Apple TV (buy); Google Play Movies (buy); YouTube (buy); Fandango At Home (buy),English; Spanish,France; United States of America,The Terminator Collection,2025-09-25T17:32:23
Terminator 3: Rise of the Machines,2003,tt0181852,296,109,"It's been 10 years since John Connor saved Earth from Judgment Day, and he's now living under the radar, steering clear of using anything Skynet can trace. That is, until he encounters T-X, a robotic assassin ordered to finish what T-1000 started. Good thing Connor's former nemesis, the Terminator, is back to aid the now-adult Connor … just like he promised.",https://image.tmdb.org/t/p/w500/vvevzdYIrk2636maNW4qeWmlPFG.jpg,https://image.tmdb.org/t/p/w780/kbXMOnz2RhTSAbLtHX5hy5AXtwv.jpg,Action; Thriller; Science Fiction; Action | Science Fiction | Thriller,,man vs machine; artificial intelligence (a.i.); saving the world; leather jacket; cyborg; killer robot; dystopia; nanotechnology; rocket launcher; veterinarian; fire engine; villain; time travel; psychiatrist; urban setting; female villain; firefighter; action hero; 2030s; good versus evil,,,,,English,Germany; United Kingdom; United States of America,The Terminator Collection,2025-09-25T17:32:24
Terminator Genisys,2015,tt1340138,87101,126,"The year is 2029. John Connor, leader of the resistance continues the war against the machines. At the Los Angeles offensive, John's fears of the unknown future begin to emerge when TECOM spies reveal a new plot by SkyNet that will attack him from both fronts; past and future, and will ultimately change warfare forever.",https://image.tmdb.org/t/p/w500/oZRVDpNtmHk8M1VYy1aeOWUXgbC.jpg,https://image.tmdb.org/t/p/w780/wvlIoof1FnKPLv9jAYanuP31V0C.jpg,Science Fiction; Action; Thriller; Adventure; Action | Adventure | Science Fiction | Thriller,,future; artificial intelligence (a.i.); saving the world; cyborg; killer robot; dystopia; time travel; sequel; robot; duringcreditsstinger; aggressive; intense; amused,,,,Paramount Plus; Paramount+ Amazon Channel; Paramount+ Roku Premium Channel; Hoopla; Amazon Video (rent); Apple TV (rent); Google Play Movies (rent); YouTube (rent); Fandango At Home (rent); Plex (rent); Amazon Video (buy); Apple TV (buy); Google Play Movies (buy); YouTube (buy); Fandango At Home (buy),English,United States of America,The Terminator Collection,2025-09-25T17:32:24
Terminator: Dark Fate,2019,tt6450804,290859,128,"Decades after Sarah Connor prevented Judgment Day, a lethal new Terminator is sent to eliminate the future leader of the resistance. In a fight to save mankind, battle-hardened Sarah Connor teams up with an unexpected ally and an enhanced super soldier to stop the deadliest Terminator yet.",https://image.tmdb.org/t/p/w500/vqzNJRH4YyquRiWxCCOH0aXggHI.jpg,https://image.tmdb.org/t/p/w780/a6cDxdwaQIFjSkXf7uskg78ZyTq.jpg,Science Fiction; Action; Adventure; Thriller; Action | Adventure | Science Fiction | Thriller,,"helicopter; mexico city, mexico; artificial intelligence (a.i.); cyborg; dystopia; time travel; sequel; plane crash",,,,fuboTV; Paramount Plus; Paramount+ Amazon Channel; Paramount+ Roku Premium Channel; Amazon Video (rent); Apple TV (rent); Google Play Movies (rent); YouTube (rent); Fandango At Home (rent); Plex (rent); Amazon Video (buy); Apple TV (buy); Google Play Movies (buy); YouTube (buy); Fandango At Home (buy),English; Spanish,United States of America; China,The Terminator Collection,2025-09-25T17:32:24
Texas Chainsaw,2013,tt1572315,9373,98,"After picking up a traumatized young hitchhiker, five friends find themselves stalked and hunted by a chainsaw-wielding killer and his family of equally psychopathic killers.",https://image.tmdb.org/t/p/w500/pIv8TpKhPb02mmU1Gcej0yMLOlP.jpg,https://image.tmdb.org/t/p/w780/joj4ONoHmLGDoNGYph8ZPISphZ.jpg,Horror,,suicide; sheriff; psychopath; trauma; telephone; gore; stalker; friends; remake; murder; hitchhiker; slaughterhouse; chainsaw; torture; cannibal; killer; family; human skin mask,,,,AMC+ Amazon Channel; AMC+ Roku Premium Channel; AMC; Amazon Video (rent); Apple TV (rent); Google Play Movies (rent); YouTube (rent); Fandango At Home (rent); Amazon Video (buy); Apple TV (buy); Google Play Movies (buy); YouTube (buy); Fandango At Home (buy),English,United States of America,Texas Chainsaw (Reboot) Collection,2025-09-25T17:32:25
The Adjustment Bureau,2011,tt1385826,38050,106,"A man glimpses the future Fate has planned for him – and chooses to fight for his own destiny. Battling the powerful Adjustment Bureau across, under and through the streets of New York, he risks his destined greatness to be with the only woman he's ever loved.",https://image.tmdb.org/t/p/w500/5ZzeR8iz1nEFLp94OBnbakLZawo.jpg,https://image.tmdb.org/t/p/w780/jE3deh9kkOKgl3MISqmpWpqLUjl.jpg,Science Fiction; Thriller; Romance; Romance | Science Fiction | Thriller,,hotel; future; plan; dancer; hat; marriage; senator; kiss; politician; honesty; alone; speech; fate; foot chase; covert agency; courthouse; political campaign; destiny; time freeze; based on short story,,,,Amazon Video (rent); Apple TV (rent); Google Play Movies (rent); YouTube (rent); Fandango At Home (rent); Amazon Video (buy); Apple TV (buy); Google Play Movies (buy); YouTube (buy); Fandango At Home (buy),English,United States of America,,2025-09-25T17:32:25
The Age of Adaline,2015,tt1655441,293863,112,"After 29-year-old Adaline recovers from a nearly lethal accident, she inexplicably stops growing older. As the years stretch on and on, Adaline keeps her secret to herself  until she meets a man who changes her life.",https://image.tmdb.org/t/p/w500/MbILysGhjAbnZi1Okae9wYqLMx.jpg,https://image.tmdb.org/t/p/w780/wTvDGO0xGMmnScqjuiDeWU7PkcB.jpg,Romance; Fantasy; Drama; Drama | Fantasy | Romance,,"immortality; san francisco, california; love; forever",,,,Peacock Premium; Peacock Premium Plus; Amazon Video (rent); Apple TV (rent); Google Play Movies (rent); YouTube (rent); Fandango At Home (rent); Spectrum On Demand (rent); Amazon Video (buy); Apple TV (buy); Google Play Movies (buy); YouTube (buy); Fandango At Home (buy),English,United States of America,,2025-09-25T17:32:25
The Amazing Spider-Man 2,2014,tt1872181,102382,141,"For Peter Parker, life is busy. Between taking out the bad guys as Spider-Man and spending time with the person he loves, Gwen Stacy, high school graduation cannot come quickly enough. Peter has not forgotten about the promise he made to Gwen’s father to protect her by staying away, but that is a promise he cannot keep. Things will change for Peter when a new villain, Electro, emerges, an old friend, Harry Osborn, returns, and Peter uncovers new clues about his past.",https://image.tmdb.org/t/p/w500/dGjoPttcbKR5VWg1jQuNFB247KL.jpg,https://image.tmdb.org/t/p/w780/k0hlAzTryCYX1O1LyC6P8tAa8s0.jpg,Action; Adventure; Science Fiction; Action | Adventure | Science Fiction,,experiment; obsession; superhero; based on comic; sequel; electrocution; super power,,,,Netflix; Disney Plus; fuboTV; Starz Apple TV Channel; YouTube TV; FXNow; Amazon Video (rent); Apple TV (rent); Google Play Movies (rent); YouTube (rent); Fandango At Home (rent); Spectrum On Demand (rent); Amazon Video (buy); Apple TV (buy); Google Play Movies (buy); YouTube (buy); Fandango At Home (buy),English,United States of America,The Amazing Spider-Man Collection,2025-09-25T17:32:26
The Batman,2022,tt1877830,414906,177,"In his second year of fighting crime, Batman uncovers corruption in Gotham City that connects to his own family while facing a serial killer known as the Riddler.",https://image.tmdb.org/t/p/w500/74xTEgt7R36Fpooo50r9T25onhq.jpg,https://image.tmdb.org/t/p/w780/b0PlSFdDwbyK0cf5RxwDpaOJQvQ.jpg,Crime; Mystery; Thriller; Crime | Mystery | Thriller,,police; psychopath; secret identity; crime fighter; superhero; nightclub; politician; based on comic; vigilante; organized crime; serial killer; millionaire; social injustice; murder investigation; aftercreditsstinger; masked superhero; political corruption; neo-noir; urban gothic; vengeance; mayoral election; amused; excited,,,,HBO Max; HBO Max Amazon Channel; Amazon Video (rent); Apple TV (rent); Google Play Movies (rent); YouTube (rent); Fandango At Home (rent); Spectrum On Demand (rent); Plex (rent); Amazon Video (buy); Apple TV (buy); Google Play Movies (buy); YouTube (buy); Fandango At Home (buy),English,United States of America,The Batman Collection,2025-09-25T17:32:26
The Big Lebowski,1998,tt0118715,115,117,"Jeffrey 'The Dude' Lebowski, a Los Angeles slacker who only wants to bowl and drink White Russians, is mistaken for another Jeffrey Lebowski, a wheelchair-bound millionaire, and finds himself dragged into a strange series of events involving nihilists, adult film producers, ferrets, errant toes, and large sums of money.",https://image.tmdb.org/t/p/w500/9mprbw31MGdd66LR0AQKoDMoFRv.jpg,https://image.tmdb.org/t/p/w780/ti6kJ80ZB8RZTiDIzPkhaCJMoqq.jpg,Comedy; Crime; Comedy | Crime,,"vietnam veteran; white russian; bowling; carpet; nihilism; heart attack; kidnapping; lsd; marijuana; los angeles, california; millionaire; cowboy; ashes; impregnation; bowling team; unemployed; bowling ball; neo-noir; weeds; absurd; shaggy dog story",,,,HBO Max; HBO Max Amazon Channel; Starz Apple TV Channel; Amazon Video (rent); Apple TV (rent); Google Play Movies (rent); YouTube (rent); Fandango At Home (rent); Spectrum On Demand (rent); Plex (rent); Amazon Video (buy); Apple TV (buy); Google Play Movies (buy); YouTube (buy); Fandango At Home (buy),English; Hebrew; Spanish; German,United Kingdom; United States of America,,2025-09-25T17:32:26
The Big Short,2015,tt1596363,318846,131,The men who made millions from a global economic meltdown.,https://image.tmdb.org/t/p/w500/scVEaJEwP8zUix8vgmMoJJ9Nq0w.jpg,https://image.tmdb.org/t/p/w780/i7UCf0ysjbYYaqcSKUox9BJz4Kp.jpg,Comedy; Drama; Comedy | Drama,,based on novel or book; bank; fraud; wall street; biography; based on true story; finances; animated scene; historical fiction; loan; financial crisis; real estate; mortgage; factual,,,,Hoopla; Amazon Video (rent); Apple TV (rent); Google Play Movies (rent); YouTube (rent); Fandango At Home (rent); Plex (rent); Amazon Video (buy); Apple TV (buy); Google Play Movies (buy); YouTube (buy); Fandango At Home (buy),English,United States of America,,2025-09-25T17:32:26
The Birdcage,1996,tt0115685,11000,119,A gay cabaret owner and his drag queen partner agree to put up a false heterosexual front so that their son can introduce them to his fiancée's conservative parents.,https://image.tmdb.org/t/p/w500/hU2XeckncHS61TWZKDtw1BrKmOO.jpg,https://image.tmdb.org/t/p/w780/40UqrWf4ncxWN71r2otCq9RxvSZ.jpg,Comedy,,coming out; florida; homophobia; drag queen; nightclub; senator; politician; based on play or musical; remake; conservative; cross dressing; gay parent; lgbt; political conflict; south beach; playing straight; drag club,,,,Amazon Prime Video; MGM Plus Roku Premium Channel; MGM Plus; Amazon Prime Video with Ads; The Roku Channel; Tubi TV; Amazon Prime Video Free with Ads; Hoopla; Amazon Video (rent); Apple TV (rent); Google Play Movies (rent); YouTube (rent); Fandango At Home (rent); Plex (rent); Amazon Video (buy); Apple TV (buy); Google Play Movies (buy); YouTube (buy); Fandango At Home (buy),English,United States of America,,2025-09-25T17:32:27
The Black Phone,2021,tt7144666,756999,103,"Finney Blake, a shy but clever 13-year-old boy, is abducted by a sadistic killer and trapped in a soundproof basement where screaming is of little use. When a disconnected phone on the wall begins to ring, Finney discovers that he can hear the voices of the killer’s previous victims. And they are dead set on making sure that what happened to them doesn’t happen to Finney.",https://image.tmdb.org/t/p/w500/p9ZUzCyy9wRTDuuQexkQ78R2BgF.jpg,https://image.tmdb.org/t/p/w780/syKiIOqEoOi1Hb0Oh0n9cImcBab.jpg,Horror; Thriller; Horror | Thriller,,mask; small town; child abuse; dreams; sibling relationship; kidnapping; sadistic; 1970s; supernatural; cellar; affectation; colorado; bullying; basement; serial killer; slasher; based on short story; alcoholic father; child kidnapping; taunting; speculative; meditative; angry; zealous; unassuming; inspirational; understated; absurd; sentimental; whimsical; admiring; adoring; informative; matter of fact; straightforward; sympathetic; vibrant,,,,fuboTV; Peacock Premium; NBC; Peacock Premium Plus; Fandango at Home Free; Amazon Video (rent); Apple TV (rent); Google Play Movies (rent); YouTube (rent); Fandango At Home (rent); FlixFling (rent); Spectrum On Demand (rent); Amazon Video (buy); Apple TV (buy); Google Play Movies (buy); YouTube (buy); Fandango At Home (buy),English; Portuguese; Spanish,United States of America,The Black Phone Collection,2025-09-25T17:32:27
The Bourne Identity,2002,tt0258463,2501,119,"Wounded to the brink of death and suffering from amnesia, Jason Bourne is rescued at sea by a fisherman. With nothing to go on but a Swiss bank account number, he starts to reconstruct his life, but finds that many people he encounters want him dead. However, Bourne realizes that he has the combat and mental skills of a world-class spy—but who does he work for?",https://image.tmdb.org/t/p/w500/aP8swke3gmowbkfZ6lmNidu0y9p.jpg,https://image.tmdb.org/t/p/w780/kJaRWmy1BGq3pHyE94LOTteiHer.jpg,Action; Drama; Mystery; Thriller; Action | Drama | Mystery | Thriller,,"sniper; assassin; amnesia; paris, france; based on novel or book; escape; barcelona, spain; spy; secret identity; passport; mission of murder; lovers; flashback; shootout; foot chase; cell phone; multiple identities; surveillance camera; hamburg, germany; fishing boat; langley virginia; safe deposit box; hand to hand combat; action hero; bourne; jason bourne; intense; powerful",,,,Amazon Prime Video; Amazon Prime Video with Ads; Amazon Video (rent); Apple TV (rent); Google Play Movies (rent); YouTube (rent); Fandango At Home (rent); Spectrum On Demand (rent); Amazon Video (buy); Apple TV (buy); Google Play Movies (buy); YouTube (buy); Fandango At Home (buy),English; French; German; Dutch; Italian,United States of America; Germany; Czech Republic,The Bourne Collection,2025-09-25T17:32:27
The Bourne Legacy,2012,tt1194173,49040,135,New CIA operative Aaron Cross experiences life-or-death stakes that have been triggered by the previous actions of Jason Bourne.,https://image.tmdb.org/t/p/w500/1aExL5DTGHj25ZfIC3dDwS84RWi.jpg,https://image.tmdb.org/t/p/w780/gKbCRKm0SMV81u3lJ1FntlawRO5.jpg,Action; Thriller; Action | Thriller,,assassin; espionage; wolf; maryland; covert operation; rooftop; exploding house; laptop; tracking device; fake id; pharmaceutical lab; government conspiracy; manila philippines; hunted; false passport; alberta canada; dramatic; intense; admiring,,,,Amazon Prime Video; Amazon Prime Video with Ads; Amazon Video (rent); Apple TV (rent); Google Play Movies (rent); YouTube (rent); Fandango At Home (rent); Spectrum On Demand (rent); Amazon Video (buy); Apple TV (buy); Google Play Movies (buy); YouTube (buy); Fandango At Home (buy),English; Russian,United States of America,The Bourne Collection,2025-09-25T17:32:28
The Bourne Supremacy,2004,tt0372183,2502,108,"A CIA operation to purchase classified Russian documents is blown by a rival agent, who then shows up in the sleepy seaside village where Bourne and Marie have been living. The pair run for their lives and Bourne, who promised retaliation should anyone from his former life attempt contact, is forced to once again take up his life as a trained assassin to survive.",https://image.tmdb.org/t/p/w500/g09UIYfShY8uWGMGP3HkvWp8L8n.jpg,https://image.tmdb.org/t/p/w780/xTl1KkHSnMIYnYMukoAQUOewcrY.jpg,Action; Drama; Thriller; Action | Drama | Thriller,,"sniper; assassin; berlin, germany; amnesia; based on novel or book; espionage; lie; sequel; on the run; shootout; foot chase; exploding house; one against many; rail car; dark past; moscow, russia; hand to hand combat; action hero; bourne; jason bourne; dramatic; suspenseful",,,,Amazon Prime Video; Starz Apple TV Channel; Amazon Prime Video with Ads; Amazon Video (rent); Apple TV (rent); Google Play Movies (rent); YouTube (rent); Fandango At Home (rent); Spectrum On Demand (rent); Amazon Video (buy); Apple TV (buy); Google Play Movies (buy); YouTube (buy); Fandango At Home (buy),English; Russian; German; Italian,United States of America,The Bourne Collection,2025-09-25T17:32:28
The Bourne Ultimatum,2007,tt0440963,2503,115,"Bourne is brought out of hiding once again by reporter Simon Ross who is trying to unveil Operation Blackbriar, an upgrade to Project Treadstone, in a series of newspaper columns. Information from the reporter stirs a new set of memories, and Bourne must finally uncover his dark past while dodging The Company's best efforts to eradicate him.",https://image.tmdb.org/t/p/w500/15rMz5MRXFp7CP4VxhjYw4y0FUn.jpg,https://image.tmdb.org/t/p/w780/qiBILuWhv7ipF0pxiEqIJdkQzj8.jpg,Action; Drama; Mystery; Thriller; Action | Drama | Mystery | Thriller,,"assassin; central intelligence agency (cia); corruption; paris, france; based on novel or book; madrid, spain; espionage; prosecution; fake identity; revelation; europe; interpol; sequel; flashback; on the run; conspiracy; shootout; motorcycle; foot chase; dark past; langley virginia; moscow, russia; frantic; action hero; security leak; investigative reporter; jason bourne; furious; intense",,,,Amazon Prime Video; Starz Apple TV Channel; Amazon Prime Video with Ads; Amazon Video (rent); Apple TV (rent); Google Play Movies (rent); YouTube (rent); Fandango At Home (rent); Spectrum On Demand (rent); Amazon Video (buy); Apple TV (buy); Google Play Movies (buy); YouTube (buy); Fandango At Home (buy),English; French; Arabic; Russian; Spanish,United States of America; United Kingdom,The Bourne Collection,2025-09-25T17:32:28
The Boxtrolls,2014,tt0787474,170687,97,"An orphaned boy raised by underground creatures called Boxtrolls comes up from the sewers and out of his box to save his family and the town from the evil exterminator, Archibald Snatcher.",https://image.tmdb.org/t/p/w500/npBf0yc5Gt7aAyyVOcYtFyT2IPa.jpg,https://image.tmdb.org/t/p/w780/q2vz5DeLbegD2teJU29Gtb4t2sO.jpg,Animation; Comedy; Family; Fantasy; Animation | Comedy | Family | Fantasy,,based on novel or book; parent child relationship; stop motion; unlikely friendship; duringcreditsstinger,,,,The Roku Channel; Tubi TV; Amazon Video (rent); Apple TV (rent); Google Play Movies (rent); YouTube (rent); Fandango At Home (rent); Spectrum On Demand (rent); Amazon Video (buy); Apple TV (buy); Google Play Movies (buy); YouTube (buy); Fandango At Home (buy),English,United States of America,,2025-09-25T17:32:29
The Breakfast Club,1985,tt0088847,2108,98,"Five high school students from different walks of life endure a Saturday detention under a power-hungry principal. The disparate group includes rebel John, princess Claire, outcast Allison, brainy Brian and Andrew, the jock. Each has a chance to tell his or her story, making the others see them a little differently -- and when the day ends, they question whether school will ever be the same.",https://image.tmdb.org/t/p/w500/wM9ErA8UVdcce5P4oefQinN8VVV.jpg,https://image.tmdb.org/t/p/w780/qpPFF8Sed5lkXngWraJdN8WkwDG.jpg,Comedy; Drama; Comedy | Drama,,high school; coming of age; teen angst; detention; teenage rebellion; stereotype; 1980s; teenager; wry,,,,Peacock Premium; Starz Apple TV Channel; YouTube TV; Peacock Premium Plus; Amazon Video (rent); Apple TV (rent); Google Play Movies (rent); YouTube (rent); Fandango At Home (rent); FlixFling (rent); Amazon Video (buy); Apple TV (buy); Google Play Movies (buy); YouTube (buy); Fandango At Home (buy),English,United States of America,,2025-09-25T17:32:29
The Broken Hearts Gallery,2020,tt2140571,616251,109,"Lucy is a young gallery assistant who collects mementos from her relationships. She discovers that she must let go of her past to move forward, and comes up with a lovely, artistic way to help herself and others who have suffered heartbreak.",https://image.tmdb.org/t/p/w500/wGkr4r1e8nubmSNKJpv3HL6sFrA.jpg,https://image.tmdb.org/t/p/w780/ahW9vTY0ZM5OaFOV40EhxDOxmbF.jpg,Comedy; Romance; Comedy | Romance,,infidelity; new york city; roommates; break-up; art gallery; chance meeting; woman director; compulsive hoarding; hotel renovation; memorabilia; fired from a job,,,,Hulu; fuboTV; Starz Apple TV Channel; YouTube TV; FXNow; Amazon Video (rent); Apple TV (rent); Google Play Movies (rent); YouTube (rent); Fandango At Home (rent); Amazon Video (buy); Apple TV (buy); Google Play Movies (buy); YouTube (buy); Fandango At Home (buy),English,United States of America,,2025-09-25T17:32:29
The Bye Bye Man,2017,tt4030600,292280,96,"When three college students move into an old house off campus, they unwittingly unleash a supernatural entity known as The Bye Bye Man, who comes to prey upon them once they discover his name. The friends must try to save each other, all the while keeping The Bye Bye Man's existence a secret to save others from the same deadly fate.",https://image.tmdb.org/t/p/w500/bape74Eeli5NJ6x4UKuUr604xXh.jpg,https://image.tmdb.org/t/p/w780/9NHAlsuQkMv4IyAR1gLkGrE7XoU.jpg,Horror; Thriller; Horror | Thriller,,wisconsin; supernatural; urban legend; hooded figure; woman director; young adult; college student,,,,Amazon Prime Video; fuboTV; Paramount+ with Showtime; Paramount+ Amazon Channel; Paramount+ Roku Premium Channel; Amazon Prime Video with Ads; Amazon Prime Video Free with Ads; Amazon Video (rent); Google Play Movies (rent); YouTube (rent); Fandango At Home (rent); Amazon Video (buy); Google Play Movies (buy); YouTube (buy); Fandango At Home (buy),English,United States of America,,2025-09-25T17:32:30
The Cabin In the Woods,2011,tt1259521,22970,95,A group of teens journey to a remote cabin in the woods where their fate is unknowingly controlled by technicians as part of a worldwide conspiracy where all horror movie clichés are revealed to be part of an elaborate sacrifice ritual.,https://image.tmdb.org/t/p/w500/zZZe5wn0udlhMtdlDjN4NB72R6e.jpg,https://image.tmdb.org/t/p/w780/dWLoSzvw52y1gt7ni9gZXdy693e.jpg,Horror; Mystery; Comedy; Horror | Mystery,,giant snake; school party; motorcycle crash; abandoned house; woods; marijuana; cabin; apocalypse; zombie; werewolf; creature; cabin in the woods; video wall; speaker phone; young adult; college student; lovecraftian; indifferent; 林中小屋; teen scream,,,,HBO Max; HBO Max Amazon Channel; AMC Plus Apple TV Channel; AMC+ Amazon Channel; AMC+; AMC; Philo; Tubi TV; Amazon Video (rent); Apple TV (rent); Google Play Movies (rent); YouTube (rent); Fandango At Home (rent); Plex (rent); Amazon Video (buy); Apple TV (buy); Google Play Movies (buy); YouTube (buy); Fandango At Home (buy),English; Japanese,United States of America; Canada,,2025-09-25T17:32:30
The Cable Guy,1996,tt0115798,9894,96,"When recently single Steven moves into his new apartment, cable guy Chip comes to hook him up—and doesn't let go. Initially, Chip is just overzealous in his desire to be Steven's pal, but when Steven tries to end the 'friendship', Chip shows his dark side. He begins stalking Steven, who's left to fend for himself because no one else can believe Chip's capable of such behaviour.",https://image.tmdb.org/t/p/w500/YJt9l3RdrRohI95btQKPXwpdii.jpg,https://image.tmdb.org/t/p/w780/nj0rIFyjZ0GUOQYnGM8YyGR3CmS.jpg,Comedy; Drama; Thriller; Comedy | Drama | Thriller,,prison; prostitute; karaoke; obsession; dark comedy; medieval; cable guy; frenemies; satirical; bold; farcical; sardonic,,,,Amazon Video (rent); Apple TV (rent); Google Play Movies (rent); YouTube (rent); Fandango At Home (rent); Amazon Video (buy); Apple TV (buy); Google Play Movies (buy); YouTube (buy); Fandango At Home (buy),English,United States of America,,2025-09-25T17:32:30
The Call of the Wild,2020,tt7504726,481848,100,"Buck is a big-hearted dog whose blissful domestic life is turned upside down when he is suddenly uprooted from his California home and transplanted to the exotic wilds of the Yukon during the Gold Rush of the 1890s. As the newest rookie on a mail delivery dog sled team—and later its leader—Buck experiences the adventure of a lifetime, ultimately finding his true place in the world and becoming his own master.",https://image.tmdb.org/t/p/w500/33VdppGbeNxICrFUtW2WpGHvfYc.jpg,https://image.tmdb.org/t/p/w780/1GZCV0dwIoAn6jpWPfVAbeMTVC2.jpg,Adventure; Family; Drama; Adventure | Drama | Family,,"based on novel or book; affectation; gold rush; dog; sled dogs; yukon, canada; 19th century; pets; appreciative",,,,Disney Plus; fuboTV; YouTube TV; Amazon Video (rent); Apple TV (rent); Google Play Movies (rent); YouTube (rent); Fandango At Home (rent); Amazon Video (buy); Apple TV (buy); Google Play Movies (buy); YouTube (buy); Fandango At Home (buy),English; French,United States of America,,2025-09-25T17:32:30
The Choice,2016,tt3797868,330483,111,Travis and Gabby first meet as neighbors in a small coastal town and wind up in a relationship that is tested by life's most defining events.,https://image.tmdb.org/t/p/w500/6MF3cdAasnF17SG9bmeamQ066iJ.jpg,https://image.tmdb.org/t/p/w780/zHkQEQzoLAJwlMif4QJP1jjbsky.jpg,Drama; Romance; Drama | Romance,,based on novel or book; cheating; love; opposites attract; girl next door,,,,fuboTV; MovieSphere+ Amazon Channel; Hoopla; Plex Channel; Amazon Video (rent); Apple TV (rent); Google Play Movies (rent); YouTube (rent); Fandango At Home (rent); Amazon Video (buy); Apple TV (buy); Google Play Movies (buy); YouTube (buy); Fandango At Home (buy),English,United States of America,,2025-09-25T17:32:31
The Cider House Rules,1999,tt0124315,1715,126,"Homer is an orphan who was never adopted, becoming the favorite of orphanage director Dr. Larch. Dr. Larch imparts his full medical knowledge on Homer, who becomes a skilled, albeit unlicensed, physician. But Homer yearns for a self-chosen life outside the orphanage. What will Homer learn about life and love in the cider house? What of the destiny that Dr. Larch has planned for him?",https://image.tmdb.org/t/p/w500/qAECAgqjSFRVZzEEGbFAZqZNiDh.jpg,https://image.tmdb.org/t/p/w780/7ZJ8caqGFoqSclAfRueyU85udQD.jpg,Drama,,based on novel or book; orphanage; pregnancy; drug addiction; cigarette; cider; maine; orphan; incest; drug overdose; war injury; apple cider; anesthetic; incinerator; picking apples; 1940s; abortion; abortionist,,,,fuboTV; MGM+ Amazon Channel; MGM Plus Roku Premium Channel; MGM Plus; Philo; Amazon Video (rent); Apple TV (rent); Google Play Movies (rent); YouTube (rent); Fandango At Home (rent); Spectrum On Demand (rent); Amazon Video (buy); Apple TV (buy); Google Play Movies (buy); YouTube (buy); Fandango At Home (buy),English,United States of America,,2025-09-25T17:32:31
The Conjuring,2013,tt1457767,138843,112,"Paranormal investigators Ed and Lorraine Warren work to help a family terrorized by a dark presence in their farmhouse. Forced to confront a powerful entity, the Warrens find themselves caught in the most terrifying case of their lives.",https://image.tmdb.org/t/p/w500/wVYREutTvI2tmxr6ujrHT704wGF.jpg,https://image.tmdb.org/t/p/w780/fMlAg1CyHTsCktwQrp74rl9RMwJ.jpg,Horror; Thriller; Horror | Thriller,,sibling relationship; 1970s; cellar; exorcism; haunted house; possession; rhode island; based on true story; paranormal investigation; crucifix; ghost; disturbed; demonic; demonic spirit; detective couple; demonology; psychic vision; malevolent spirit; the conjuring universe,,,,HBO Max; Amazon Video (rent); Apple TV (rent); Google Play Movies (rent); YouTube (rent); Fandango At Home (rent); Plex (rent); Amazon Video (buy); Apple TV (buy); Google Play Movies (buy); YouTube (buy); Fandango At Home (buy),English,United States of America,The Conjuring Collection,2025-09-25T17:32:31
The Conjuring: The Devil Made Me Do It,2021,tt7069210,423108,111,"Paranormal investigators Ed and Lorraine Warren encounter what would become one of the most sensational cases from their files. The fight for the soul of a young boy takes them beyond anything they'd ever seen before, to mark the first time in U.S. history that a murder suspect would claim demonic possession as a defense.",https://image.tmdb.org/t/p/w500/rQfX2xx8TUoNvyk892yKWNikJaM.jpg,https://image.tmdb.org/t/p/w780/6Z0FhoZM56YkuXhvklMTpc7rc5u.jpg,Horror; Mystery; Thriller; Horror | Mystery | Thriller,,supernatural; exorcism; connecticut; sequel; paranormal investigation; 1980s; religious horror; intense; the conjuring universe,,,,HBO Max; HBO Max Amazon Channel; Amazon Video (rent); Apple TV (rent); Google Play Movies (rent); YouTube (rent); Fandango At Home (rent); Spectrum On Demand (rent); Plex (rent); Amazon Video (buy); Apple TV (buy); Google Play Movies (buy); YouTube (buy); Fandango At Home (buy),English; Portuguese,United States of America,The Conjuring Collection,2025-09-25T17:32:32
The Count of Monte Cristo,2002,tt0245844,11362,131,"Edmond Dantés's life and plans to marry the beautiful Mercedes are shattered when his best friend, Fernand, deceives him. After spending 13 miserable years in prison, Dantés escapes with the help of a fellow inmate and plots his revenge, cleverly insinuating himself into the French nobility.",https://image.tmdb.org/t/p/w500/ifMgDAUXVQLY4DeOu3VTTi55jSP.jpg,https://image.tmdb.org/t/p/w780/AmN8ozRE0AbMGgZhqBu4fUjZkRt.jpg,Adventure; Drama; History; Action; Thriller; Adventure | Drama | History,,"treasure; based on novel or book; loss of loved one; marseille, france; female lover; ex-lover; napoleon bonaparte; prison escape; sword fight; torture; period drama; historical; swashbuckler; betrayal by friend; 19th century; awestruck",,,,Amazon Video (rent); Apple TV (rent); Google Play Movies (rent); YouTube (rent); Fandango At Home (rent); Amazon Video (buy); Apple TV (buy); Google Play Movies (buy); YouTube (buy); Fandango At Home (buy),Italian; English; Spanish,Ireland; United States of America,,2025-09-25T17:32:32
The Curious Case of Benjamin Button,2008,tt0421715,4922,166,"Born under unusual circumstances, Benjamin Button springs into being as an elderly man in a New Orleans nursing home and ages in reverse. Twelve years after his birth, he meets Daisy, a child who flits in and out of his life as she grows up to be a dancer. Though he has all sorts of unusual adventures over the course of his life, it is his relationship with Daisy, and the hope that they will come together at the right time, that drives Benjamin forward.",https://image.tmdb.org/t/p/w500/26wEWZYt6yJkwRVkjcbwJEFh9IS.jpg,https://image.tmdb.org/t/p/w780/2fswjyrY3GEzeoVn6mF8pNeNcgf.jpg,Drama; Fantasy; Romance; Drama | Fantasy | Romance,,new york city; navy; funeral; diary; tea; travel; hospital; historical fiction; period drama; magic realism; based on short story; fictional biography; reverse aging; introspective; serene; intense,,,,Kanopy; Hoopla; Amazon Video (rent); Apple TV (rent); Google Play Movies (rent); YouTube (rent); Fandango At Home (rent); Spectrum On Demand (rent); Amazon Video (buy); Apple TV (buy); Google Play Movies (buy); YouTube (buy); Fandango At Home (buy),English,United States of America,,2025-09-25T17:32:32
The DUFF,2015,tt1666801,272693,100,"Bianca's universe turns upside down when she learns that her high school refers to her as a ‘DUFF' (Designated Ugly Fat Friend). Hoping to erase that label, she enlists the help of a charming jock and her favorite teacher. Together they'll face the school's mean girl and remind everyone that we are all someone's DUFF… and that's totally fine.",https://image.tmdb.org/t/p/w500/aHzdMSKwq9ucnP2yXl5zYIfKgGl.jpg,https://image.tmdb.org/t/p/w780/ujGYYCFZkJV1wX2q4BcdjRFPWyt.jpg,Romance; Comedy; Comedy | Romance,,high school; friendship; based on novel or book; geek; relationship; high school student; teen comedy; duringcreditsstinger; girl next door; based on young adult novel; teenager; american high school,,,,MovieSphere+ Amazon Channel; The Roku Channel; Plex Channel; Amazon Video (rent); Apple TV (rent); Google Play Movies (rent); YouTube (rent); Fandango At Home (rent); Amazon Video (buy); Apple TV (buy); Google Play Movies (buy); YouTube (buy); Fandango At Home (buy),English,United States of America,,2025-09-25T17:32:33
The Da Vinci Code,2006,tt0382625,591,149,"A murder in Paris’ Louvre Museum and cryptic clues in some of Leonardo da Vinci’s most famous paintings lead to the discovery of a religious mystery. For 2,000 years a secret society closely guards information that — should it come to light — could rock the very foundations of Christianity.",https://image.tmdb.org/t/p/w500/9ejKfNk0LBhSI9AahH4f9NJNZNM.jpg,https://image.tmdb.org/t/p/w780/vlnSG1EQi0ez2A6MkFfjovPfkES.jpg,Thriller; Mystery; Mystery | Thriller,,"paris, france; based on novel or book; holy grail; christianity; monk; secret society; louvre museum; heresy; mona lisa (la gioconda); freemason; pentagram; conspiracy; tomb; catholicism; cryptologist; iconography; albino; sect",,,,Starz Apple TV Channel; TNT; TBS; tru TV; Amazon Video (rent); Apple TV (rent); Google Play Movies (rent); YouTube (rent); Fandango At Home (rent); Spectrum On Demand (rent); Amazon Video (buy); Apple TV (buy); Google Play Movies (buy); YouTube (buy); Fandango At Home (buy),English; French; Latin; Spanish,United States of America,Robert Langdon Collection,2025-09-25T17:32:33
The Danish Girl,2015,tt0810819,306819,119,"When Gerda Wegener asks her husband Einar to fill in as a portrait model, Einar discovers the person she's meant to be and begins living her life as Lili Elbe. Having realized her true self and with Gerda's love and support, Lili embarks on a groundbreaking journey as a transgender pioneer.",https://image.tmdb.org/t/p/w500/mXZZIacI5FC8thzSC0lgQBQ2uAX.jpg,https://image.tmdb.org/t/p/w780/hHvvGvodFPADcbn0svgmSBYM9TU.jpg,Drama,,"paris, france; based on novel or book; denmark; copenhagen, denmark; artist; painter; historical fiction; art; transsexual; surgery; lgbt; mourning; 1920s; desperate; dramatic; cliché; derogatory",,,,Amazon Video (rent); Apple TV (rent); Google Play Movies (rent); YouTube (rent); Fandango At Home (rent); FlixFling (rent); Spectrum On Demand (rent); Amazon Video (buy); Apple TV (buy); Google Play Movies (buy); YouTube (buy); Fandango At Home (buy),English; French; German,Belgium; United Kingdom; United States of America,,2025-09-25T17:32:33
The Dark Knight,2008,tt0468569,155,152,"Batman raises the stakes in his war on crime. With the help of Lt. Jim Gordon and District Attorney Harvey Dent, Batman sets out to dismantle the remaining criminal organizations that plague the streets. The partnership proves to be effective, but they soon find themselves prey to a reign of chaos unleashed by a rising criminal mastermind known to the terrified citizens of Gotham as the Joker.",https://image.tmdb.org/t/p/w500/qJ2tW6WMUDux911r6m7haRef0WH.jpg,https://image.tmdb.org/t/p/w780/enNubozHn9pXi0ycTVYUWfpHZm.jpg,Drama; Action; Crime; Thriller; Action | Crime | Drama | Thriller,,sadism; chaos; secret identity; crime fighter; superhero; anti hero; scarecrow; based on comic; vigilante; organized crime; tragic hero; anti villain; criminal mastermind; district attorney; super power; super villain; neo-noir; bold,,,,HBO Max; HBO Max Amazon Channel; Amazon Video (rent); Apple TV (rent); Google Play Movies (rent); YouTube (rent); Fandango At Home (rent); Spectrum On Demand (rent); Amazon Video (buy); Apple TV (buy); Google Play Movies (buy); YouTube (buy); Fandango At Home (buy),English; Mandarin,United Kingdom; United States of America,The Dark Knight Collection,2025-09-25T17:32:34
The Dark Knight Rises,2012,tt1345836,49026,165,"Following the death of District Attorney Harvey Dent, Batman assumes responsibility for Dent's crimes to protect the late attorney's reputation and is subsequently hunted by the Gotham City Police Department. Eight years later, Batman encounters the mysterious Selina Kyle and the villainous Bane, a new terrorist leader who overwhelms Gotham's finest. The Dark Knight resurfaces to protect a city that has branded him an enemy.",https://image.tmdb.org/t/p/w500/hr0L2aueqlP2BYUblTTjmtn0hw4.jpg,https://image.tmdb.org/t/p/w780/y2DB71C4nyIdMrANijz8mzvQtk6.jpg,Action; Crime; Drama; Thriller; Action | Crime | Drama | Thriller,,airplane; fight; burglar; hostage; secret identity; crime fighter; superhero; villainess; time bomb; based on comic; cover-up; vigilante; tragic hero; mobile; terrorism; destruction; fighting; criminal underworld; cat burglar; flood,,,,HBO Max; HBO Max Amazon Channel; Amazon Video (rent); Apple TV (rent); Google Play Movies (rent); YouTube (rent); Fandango At Home (rent); Spectrum On Demand (rent); Plex (rent); Amazon Video (buy); Apple TV (buy); Google Play Movies (buy); YouTube (buy); Fandango At Home (buy),English,United Kingdom; United States of America,The Dark Knight Collection,2025-09-25T17:32:34
The Darkness,2016,tt1878841,257345,92,A family returns from a Grand Canyon vacation with a supernatural presence in tow.,https://image.tmdb.org/t/p/w500/7i7yuJoXCv12rQwYdSWcImhryrL.jpg,https://image.tmdb.org/t/p/w780/e7iYPtFq1qjNRdMd8gwl8w8xmPC.jpg,Horror; Thriller; Horror | Thriller,,infidelity; snake; self sacrifice; autism; bulimia; haunted house; haunting; grand canyon; demon; dog; native american folklore; portal to hell,,,,History Vault; Amazon Video (rent); Apple TV (rent); Google Play Movies (rent); YouTube (rent); Fandango At Home (rent); Amazon Video (buy); Apple TV (buy); Google Play Movies (buy); YouTube (buy); Fandango At Home (buy),English,United States of America,,2025-09-25T17:32:34
The Day After Tomorrow,2004,tt0319262,435,123,"After paleoclimatologist Jack Hall is largely ignored by UN officials when presenting his environmental concerns about the beginning of a new Ice Age, his research proves true when a superstorm develops, setting off catastrophic natural disasters throughout the world. Trying to get to his son, Sam, who is trapped in New York City with his friend Laura and others, Jack and his crew must travel to get to Sam before it's too late.",https://image.tmdb.org/t/p/w500/Wr4HeYQRvwVCxzOV5TmGE7UkXq.jpg,https://image.tmdb.org/t/p/w780/smqQ71MIn1DSdSiQzCzCOV6rgRq.jpg,Science Fiction; Thriller; Adventure; Action | Adventure | Science Fiction | Thriller,,"new york city; philadelphia, pennsylvania; saving the world; scotland; climate change; greenhouse effect; tornado; hurricane; hail; temperature drop; ice age; polar zone; barrier ice; ice melting; evacuation; flooding; rescue mission; global warming; tsunami; end of the world; snow; scientist; united nations; high school student; climatologist; freezing; frozen alive; disaster movie; snowed in; typhoon; cataclysmic storm; new york public library; global catastrophe; climate science; climate crisis; superstorm; torrential rain; mass casualties",,,,Hulu; fuboTV; YouTube TV; Amazon Video (rent); Apple TV (rent); Google Play Movies (rent); YouTube (rent); Fandango At Home (rent); Amazon Video (buy); Apple TV (buy); Google Play Movies (buy); YouTube (buy); Fandango At Home (buy),English; Japanese; French; Arabic; Spanish,United States of America,,2025-09-25T17:32:34
The Dead Zone,1983,tt0085407,352128,83,A young man awakens from a six-year coma with the ability to see into peoples futures. This is the first two episodes of the television series.,https://image.tmdb.org/t/p/w500/oxH3j0MMMcuHIIWDaKiWCEZXWcB.jpg,https://image.tmdb.org/t/p/w780/auJ2qTrNzCWqf7KAUZqzKPhIGaG.jpg,Drama; Science Fiction; Thriller; TV Movie; Drama | Science Fiction | Thriller | Tv Movie,,coma; based on novel or book; remake; vision; car accident; school teacher,,,,,English; Vietnamese,Canada; United States of America,,2025-09-25T17:32:35
The Descent,2005,tt0435625,9392,100,"After a personal tragedy, Sarah joins her friends on a caving expedition in the Appalachian Mountains. But when a rockfall traps them deep underground, their adventure turns into a nightmare. As they search for a way out, the group discovers they are not alone—lurking in the darkness are savage, cave-dwelling creatures. With rising tension and dwindling trust, the women must fight to survive against both the predators and each other.",https://image.tmdb.org/t/p/w500/mxFPI4KYBk5ri9cPteIS8jiDFgj.jpg,https://image.tmdb.org/t/p/w780/yERDHEaOezMqsRXhrulS9t6sAqC.jpg,Adventure; Horror; Adventure | Horror,,panic; darkness; mutant; expedition; cave; claustrophobia; trauma; gore; female friendship; rope; climbing; appalachia; friends; female protagonist; best friend; creature; survival horror; grieving; speleology; camcorder; suspenseful,,,,fuboTV; BFI Player Amazon Channel; MovieSphere+ Amazon Channel; The Roku Channel; Fandango at Home Free; VIX; Mometu; Kanopy; Hoopla; Plex Channel; Fawesome; Amazon Video (rent); Apple TV (rent); Google Play Movies (rent); YouTube (rent); Fandango At Home (rent); Amazon Video (buy); Apple TV (buy); Google Play Movies (buy); YouTube (buy); Fandango At Home (buy),English,United Kingdom,The Descent Collection,2025-09-25T17:32:35
The Devil Wears Prada,2006,tt0458352,350,109,"Andy moves to New York to work in the fashion industry. Her boss is extremely demanding, cruel and won't let her succeed if she doesn't fit into the high class elegant look of their magazine.",https://image.tmdb.org/t/p/w500/8912AsVuS7Sj915apArUFbv6F9L.jpg,https://image.tmdb.org/t/p/w780/3tWw50B1xXlCnJ9A7NX4nNzZF4j.jpg,Drama; Comedy; Comedy | Drama,,"new york city; journalist; paris, france; based on novel or book; journalism; fashion journal; assistant; job entrant; job interview; editor-in-chief; fashion; fashion magazine; bullied; city life; fashion industry; bold",,,,Disney Plus; Hulu; fuboTV; YouTube TV; FXNow; Amazon Video (rent); Apple TV (rent); Google Play Movies (rent); YouTube (rent); Fandango At Home (rent); Spectrum On Demand (rent); Amazon Video (buy); Apple TV (buy); Google Play Movies (buy); YouTube (buy); Fandango At Home (buy),English; French,United States of America,The Devil Wears Prada Collection,2025-09-25T17:32:35
The Disappearance of Eleanor Rigby: Them,2014,tt3729920,157829,119,A New York couple's relationship is tested after the loss of their child. This film is the wide-released combination of the original two :him and :her volumes that premiered at the Cannes Film Festival.,https://image.tmdb.org/t/p/w500/rFBfW5RJbjgOYufLvu2DP4A71JW.jpg,https://image.tmdb.org/t/p/w780/5p58QwB13mYjIJ9fJmT36ZZWWnu.jpg,Drama,,new york city; loss of loved one; couple,,,,Fandango at Home Free; Tubi TV; Plex; Plex Channel; Fawesome; Amazon Video (rent); Google Play Movies (rent); YouTube (rent); Fandango At Home (rent); Amazon Video (buy); Google Play Movies (buy); YouTube (buy); Fandango At Home (buy),English,United States of America,The Disappearance Of Eleanor Rigby Collection,2025-09-25T17:32:36
The Divergent Series: Insurgent,2015,tt2908446,262500,119,Beatrice Prior must confront her inner demons and continue her fight against a powerful alliance which threatens to tear her society apart.,https://image.tmdb.org/t/p/w500/dP5Fb6YRfzmCQtRbHOr2kO7tJW9.jpg,https://image.tmdb.org/t/p/w780/8YNNyQiPZlF9qv5EGOUK20mnXVk.jpg,Action; Science Fiction; Thriller; Action | Science Fiction | Thriller,,based on novel or book; revolution; dystopia; sequel; based on young adult novel,,,,AMC Plus Apple TV Channel; AMC+ Amazon Channel; Philo; MovieSphere+ Amazon Channel; Amazon Video (rent); Apple TV (rent); Google Play Movies (rent); YouTube (rent); Fandango At Home (rent); Plex (rent); Amazon Video (buy); Apple TV (buy); Google Play Movies (buy); YouTube (buy); Fandango At Home (buy),English,Canada; United States of America,Divergent Collection,2025-09-25T17:32:36
The Endless,2017,tt3986820,430231,112,Two brothers return to the cult they fled from years ago to discover that the group's beliefs may be more sane than they once thought.,https://image.tmdb.org/t/p/w500/49sb3kEZplzudQBhJDSt0mNJm4V.jpg,https://image.tmdb.org/t/p/w780/nvCMi8ZhH1Z8i9ZFHYrXBl8uBw0.jpg,Science Fiction; Horror; Thriller; Horror | Science Fiction | Thriller,,suicide; sibling relationship; brother; supernatural; cult; childhood trauma; time loop; resolution; lovecraftian; time manipulation,,,,Amazon Prime Video; Peacock Premium; Philo; Fandor Amazon Channel; Screambox Amazon Channel; Amazon Prime Video with Ads; Peacock Premium Plus; The Roku Channel; Tubi TV; Pluto TV; Kanopy; Hoopla; Plex; Plex Channel; Amazon Video (rent); Apple TV (rent); Google Play Movies (rent); YouTube (rent); Fandango At Home (rent); Amazon Video (buy); Apple TV (buy); Google Play Movies (buy); YouTube (buy); Fandango At Home (buy),English,United States of America,,2025-09-25T17:32:36
The English Patient,1996,tt0116209,409,162,"In the 1930s, Count Almásy is a Hungarian map maker employed by the Royal Geographical Society to chart the vast expanses of the Sahara Desert along with several other prominent explorers. As World War II unfolds, Almásy enters into a world of love, betrayal, and politics.",https://image.tmdb.org/t/p/w500/8eHHqMg8qEYtVw8LQLygsHXSR2q.jpg,https://image.tmdb.org/t/p/w780/yYe63HwFBNFDcnWtBm8KR6NSAeg.jpg,Drama; Romance; War; Drama | Romance | War,,egypt; secret love; amnesia; airplane; cairo; identity; intelligence; traitor; burn; world war ii; landmine; expedition; cave; sandstorm; cave painting; prisoner of war; map; mine clearer; hearing; desert scientist; desert,,,,Netflix; Kanopy; Hoopla; Amazon Video (rent); Apple TV (rent); Google Play Movies (rent); YouTube (rent); Fandango At Home (rent); Spectrum On Demand (rent); Amazon Video (buy); Apple TV (buy); Google Play Movies (buy); YouTube (buy); Fandango At Home (buy),German; Italian; Arabic; English,United Kingdom; United States of America,,2025-09-25T17:32:37
The Expendables,2010,tt1320253,27578,103,"Barney Ross leads a band of highly skilled mercenaries including knife enthusiast Lee Christmas, a martial arts expert Yin Yang, heavy weapons specialist Hale Caesar, demolitionist Toll Road, and a loose-cannon sniper Gunner Jensen. When the group is commissioned by the mysterious Mr. Church to assassinate the dictator of a small South American island, Barney and Lee visit the remote locale to scout out their opposition and discover the true nature of the conflict engulfing the city.",https://image.tmdb.org/t/p/w500/j09ZkH6R4JWVylBcDai1laCmGw7.jpg,https://image.tmdb.org/t/p/w780/sJpbDELfC8VjlRBOOkMJxxWpUg7.jpg,Thriller; Adventure; Action; Action | Adventure | Thriller,,rescue; sniper; island; martial arts; tattoo; escape; mercenary; bridge; church; drugs; blade; duringcreditsstinger; exhilarated,,,,Peacock Premium; Amazon Video (rent); Google Play Movies (rent); YouTube (rent); Fandango At Home (rent); Amazon Video (buy); Apple TV (buy); Google Play Movies (buy); YouTube (buy); Fandango At Home (buy),English; Spanish,United States of America; Bulgaria; Germany,The Expendables Collection,2025-09-25T17:32:37
The Expendables 2,2012,tt1764651,76163,103,"Mr. Church reunites the Expendables for what should be an easy paycheck, but when one of their men is murdered on the job, their quest for revenge puts them deep in enemy territory and up against an unexpected threat.",https://image.tmdb.org/t/p/w500/74rTIGyGoIu5KSxDVMdr8H3MtMo.jpg,https://image.tmdb.org/t/p/w780/41QdmNKbwmVD7R6A7hMqMe9FYMy.jpg,Action; Adventure; Thriller; Action | Adventure | Thriller,,airplane; loss of loved one; mercenary; airplane crash; beard; wisecrack humor; airport lounge; asian woman,,,,Peacock Premium; Amazon Video (rent); Apple TV (rent); Google Play Movies (rent); YouTube (rent); Fandango At Home (rent); Spectrum On Demand (rent); Plex (rent); Amazon Video (buy); Apple TV (buy); Google Play Movies (buy); YouTube (buy); Fandango At Home (buy),English,United States of America; Bulgaria; Germany,The Expendables Collection,2025-09-25T17:32:37
The Family Stone,2005,tt0356680,9043,103,"An uptight, conservative businesswoman accompanies her boyfriend to his eccentric and outgoing family's annual Christmas celebration and finds that she's a fish out of water in their free-spirited way of life.",https://image.tmdb.org/t/p/w500/3QPSWIx14H7sfaLqY5bh1qDNQhZ.jpg,https://image.tmdb.org/t/p/w780/yJav7yjKcYnP7C9QbFLECThWv4a.jpg,Comedy; Drama; Romance; Comedy | Drama | Romance,,marriage proposal; holiday; affectation; big family; terminal illness; connecticut; family relationships; falling in love; engagement ring; curious; christmas; anxious; christmas tradition; christmas romance; christmas dinner; christmas present; critical; ambiguous; appreciative; assertive; cliché; enthusiastic,,,,Amazon Prime Video; Amazon Prime Video with Ads; Amazon Video (rent); Apple TV (rent); Google Play Movies (rent); YouTube (rent); Fandango At Home (rent); Amazon Video (buy); Apple TV (buy); Google Play Movies (buy); YouTube (buy); Fandango At Home (buy),English,United States of America,,2025-09-25T17:32:37
The Farewell,2019,tt8637428,515593,99,"Jang-gun lives in a remote country, Kkachigol, with his loving mom. His name, Jang-gun, means ‘General’ in Korean which his mother named wishing him to be a great person. But he just want to be a ordinary farmer and his only wish is growing potato well and getting married Kkotbuni someday. One day, Jang-gun receives a draft notice and conscripted into the army even not knowing the meaning of the war.",https://image.tmdb.org/t/p/w500/9IMokIMW1ZvbKwXBMWqdBtZxsTy.jpg,https://image.tmdb.org/t/p/w780/u6tDNciqxQnSdPqfZOKPzYoyO08.jpg,War; Drama; Comedy,Heartfelt,inter-korean relations,,,,,Korean,South Korea,,2025-09-25T17:32:38
The Fast and the Furious,2001,tt0232500,9799,106,"Dominic Toretto is a Los Angeles street racer suspected of masterminding a series of big-rig hijackings. When undercover cop Brian O'Conner infiltrates Toretto's iconoclastic crew, he falls for Toretto's sister and must choose a side: the gang or the LAPD.",https://image.tmdb.org/t/p/w500/gqY0ITBgT7A82poL9jv851qdnIb.jpg,https://image.tmdb.org/t/p/w780/gH8pdqF9H3xzYjtSrz4xZt1rLpJ.jpg,Action; Crime; Thriller; Action | Crime | Thriller,,"street gang; undercover; car race; auto-tuning; street race; los angeles, california; aftercreditsstinger; duringcreditsstinger; based on magazine, newspaper or article; cars; earnest; excited",,,,Netflix; Netflix Standard with Ads; Amazon Video (rent); Apple TV (rent); Google Play Movies (rent); YouTube (rent); Fandango At Home (rent); Spectrum On Demand (rent); Amazon Video (buy); Apple TV (buy); Google Play Movies (buy); YouTube (buy); Fandango At Home (buy),English,Germany; United States of America,The Fast and the Furious Collection,2025-09-25T17:32:38
The Fast and the Furious: Tokyo Drift,2006,tt0463985,9615,104,"In order to avoid a jail sentence, Sean Boswell heads to Tokyo to live with his military father. In a low-rent section of the city, Shaun gets caught up in the underground world of drift racing",https://image.tmdb.org/t/p/w500/46xqGOwHbh2TH2avWSw3SMXph4E.jpg,https://image.tmdb.org/t/p/w780/dMARcKLrv0T7kVJ4iQR3vqTTdtT.jpg,Action; Crime; Drama; Thriller; Action | Crime | Drama | Thriller,,"car race; auto-tuning; street race; drifting; tokyo, japan; cars",,,,Netflix; Netflix Standard with Ads; Amazon Video (rent); Apple TV (rent); Google Play Movies (rent); YouTube (rent); Fandango At Home (rent); Spectrum On Demand (rent); Amazon Video (buy); Apple TV (buy); Google Play Movies (buy); YouTube (buy); Fandango At Home (buy),English; Japanese,Germany; Japan; United States of America,The Fast and the Furious Collection,2025-09-25T17:32:38
The Fate of the Furious,2017,tt4630562,337339,136,"When a mysterious woman seduces Dom into the world of crime and a betrayal of those closest to him, the crew face trials that will test them as never before.",https://image.tmdb.org/t/p/w500/dImWM7GJqryWJO9LHa3XQ8DD5NH.jpg,https://image.tmdb.org/t/p/w780/awuUwOAGCPqC4mIDQmeKdPiiLR5.jpg,Action; Crime; Thriller; Action | Crime | Thriller,,new york city; submarine; rescue mission; sequel; street race; betrayal; criminal mastermind; mysterious woman; cars,,,,HBO Max; HBO Max Amazon Channel; Amazon Video (rent); Apple TV (rent); Google Play Movies (rent); YouTube (rent); Fandango At Home (rent); Spectrum On Demand (rent); Amazon Video (buy); Apple TV (buy); Google Play Movies (buy); YouTube (buy); Fandango At Home (buy),English; Spanish,United States of America,The Fast and the Furious Collection,2025-09-25T17:32:39
The Fifth Element,1997,tt0119116,18,126,"In 2257, a taxi driver is unintentionally given the task of saving a young girl who is part of the key that will ensure the survival of humanity.",https://image.tmdb.org/t/p/w500/fPtlCO1yQtnoLHOwKtWz7db6RGU.jpg,https://image.tmdb.org/t/p/w780/dwN0kPGrLbFRxyL3F3J3t4ShQx.jpg,Science Fiction; Action; Adventure; Action | Adventure | Science Fiction,,new york city; flying car; taxi; egypt; race against time; saving the world; cyborg; dystopia; anti hero; stowaway; space travel; chosen one; arms dealer; alien life-form; end of the world; priest; shootout; police chase; cab driver; cyberpunk; archaeologist; space opera; military; nostalgic; opera singer; futuristic city; ancient evil; cruise liner; hieroglyphics; spaceship; good versus evil; science fantasy; amused,,,,fuboTV; YouTube TV; AMC; TNT; Tubi TV; Amazon Video (rent); Apple TV (rent); Google Play Movies (rent); YouTube (rent); Fandango At Home (rent); Amazon Video (buy); Apple TV (buy); Google Play Movies (buy); YouTube (buy); Fandango At Home (buy),English; Swedish; German,France,,2025-09-25T17:32:39
The Fighter,2010,tt0964517,45317,116,"Boxer ""Irish"" Micky Ward's unlikely road to the world light welterweight title. His Rocky-like rise was shepherded by half-brother Dicky, a boxer-turned-trainer who rebounded in life after nearly being KO'd by drugs and crime.",https://image.tmdb.org/t/p/w500/xfsFerGhO1h6rLk8vwLgMyQ8WVJ.jpg,https://image.tmdb.org/t/p/w780/2kqmEQZqime0G3ULgrKtAq3WVdH.jpg,Drama; Action; Biography,,sports; irish-american; boxer; biography; family business; dysfunctional family; family conflict; hometown; boxing trainer; crack addict; lowell massachusetts; jumping rope; shadow boxing; boxing; boxer hero; professional athlete; black sheep; devoted girlfriend; local hero,,,,Paramount Plus; Paramount+ Amazon Channel; Kanopy; Amazon Video (rent); Apple TV (rent); Google Play Movies (rent); YouTube (rent); Fandango At Home (rent); Spectrum On Demand (rent); Amazon Video (buy); Apple TV (buy); Google Play Movies (buy); YouTube (buy); Fandango At Home (buy),English,United States of America,,2025-09-25T17:32:39
The First Purge,2018,tt6133466,442249,97,"To push the crime rate below one percent for the rest of the year, the New Founding Fathers of America test a sociological theory that vents aggression for one night in one isolated community. But when the violence of oppressors meets the rage of the others, the contagion will explode from the trial-city borders and spread across the nation.",https://image.tmdb.org/t/p/w500/litjsBoiydO6JlO70uOX4N3WnNL.jpg,https://image.tmdb.org/t/p/w780/r4clWIxKeWoqrHspQP0XunuUmB7.jpg,Action; Horror; Thriller; Action | Horror | Thriller,,"new york city; new jersey; dystopia; sequel; prequel; murder; church; survival horror; social media; staten island, new york city; purge; abuse of power; apartment buildings",,,,Amazon Video (rent); Apple TV (rent); Google Play Movies (rent); YouTube (rent); Fandango At Home (rent); Amazon Video (buy); Apple TV (buy); Google Play Movies (buy); YouTube (buy); Fandango At Home (buy),English,United States of America,The Purge Collection,2025-09-25T17:32:40
The Forest,2016,tt3387542,329440,95,"Set in the Aokigahara Forest, a real-life place in Japan where people go to end their lives. Against this backdrop, a young American woman comes in search of her twin sister, who has mysteriously disappeared.",https://image.tmdb.org/t/p/w500/1TohqCqMbaiuRLJPrPW0vnQP3lE.jpg,https://image.tmdb.org/t/p/w780/c6GGumaw3bvhX15NXK30heuCnaC.jpg,Horror; Thriller; Mystery; Horror | Mystery | Thriller,,"suicide attempt; supernatural; childhood trauma; female protagonist; tokyo, japan; identical twin; lost in the woods; sister sister relationship; mount fuji, japan; aokigahara; haunted forest",,,,Amazon Video (rent); Apple TV (rent); Google Play Movies (rent); YouTube (rent); Fandango At Home (rent); Amazon Video (buy); Apple TV (buy); Google Play Movies (buy); YouTube (buy); Fandango At Home (buy),English,United States of America,,2025-09-25T17:32:40
The Gambler,2014,tt2039393,284536,111,"Literature professor Jim Bennett leads a secret life as a high-stakes gambler. Always a risk-taker, Bennett bets it all when he borrows from a gangster and offers his own life as collateral. Staying one step ahead, he pits his creditor against the operator of an illicit gambling ring while garnering the attention of Frank, a paternalistic loan shark. As his relationship with a student deepens, Bennett must risk everything for a second chance.",https://image.tmdb.org/t/p/w500/hIgU3cxn7Y87joQGM3srofnXOm5.jpg,https://image.tmdb.org/t/p/w780/yNz3HMbPDIawT7WH0MzkTrBBa1w.jpg,Thriller; Crime; Drama; Crime | Drama | Thriller,,gambling; gun; professor; beating; gambler; loan shark; reflective,,,,Kanopy; Amazon Video (rent); Apple TV (rent); Google Play Movies (rent); YouTube (rent); Fandango At Home (rent); Spectrum On Demand (rent); Amazon Video (buy); Apple TV (buy); Google Play Movies (buy); YouTube (buy); Fandango At Home (buy),English,United States of America,,2025-09-25T17:32:40
The Gentlemen,2019,tt8367814,522627,113,"American expat Mickey Pearson has built a highly profitable marijuana empire in London. When word gets out that he’s looking to cash out of the business forever it triggers plots, schemes, bribery and blackmail in an attempt to steal his domain out from under him.",https://image.tmdb.org/t/p/w500/jtrhTYB7xSrJxR1vusu99nvnZ1g.jpg,https://image.tmdb.org/t/p/w780/tintsaQ0WLzZsTMkTiqtMB3rfc8.jpg,Comedy; Crime; Comedy | Crime,,"london, england; robbery; businessman; gangster; dark comedy; betrayal; marijuana; business; jewish american; gunfight; brutality; american abroad; irishman; scheme; playful; casual",,,,Netflix; Netflix Standard with Ads; Amazon Video (rent); Apple TV (rent); Google Play Movies (rent); YouTube (rent); Fandango At Home (rent); Spectrum On Demand (rent); Amazon Video (buy); Apple TV (buy); Google Play Movies (buy); YouTube (buy); Fandango At Home (buy),English,United Kingdom; United States of America,,2025-09-25T17:32:40
The Girl on the Train,2016,tt3631112,346685,112,"Rachel Watson, devastated by her recent divorce, spends her daily commute fantasizing about the seemingly perfect couple who live in a house that her train passes every day, until one morning she sees something shocking happen there and becomes entangled in the mystery that unfolds.",https://image.tmdb.org/t/p/w500/AhTO2QWG0tug7yDoh0XoaMhPt3J.jpg,https://image.tmdb.org/t/p/w780/4SO6pbGJTpM9YYovYxFLY3MXqZn.jpg,Crime; Drama; Mystery; Thriller,,infidelity; new york city; amnesia; based on novel or book; obsession; homicide; blackout; alcoholism; flashback; confusion; memory loss; domestic abuse; disappearance; female protagonist; psychological thriller; train; divorcee; missing person; police investigation; ex-husband ex-wife relationship; unreliable narrator; voyeurism; abuse; alcoholics anonymous,,,,fuboTV; Paramount+ with Showtime; Paramount+ Amazon Channel; Paramount+ Roku Premium Channel; Amazon Video (rent); Apple TV (rent); Google Play Movies (rent); YouTube (rent); Fandango At Home (rent); Amazon Video (buy); Apple TV (buy); Google Play Movies (buy); YouTube (buy); Fandango At Home (buy),Spanish; English,India; United States of America,,2025-09-25T17:32:41
The Godfather,1972,tt0068646,238,175,"Spanning the years 1945 to 1955, a chronicle of the fictional Italian-American Corleone crime family. When organized crime family patriarch, Vito Corleone barely survives an attempt on his life, his youngest son, Michael steps in to take care of the would-be killers, launching a campaign of bloody revenge.",https://image.tmdb.org/t/p/w500/3bhkrj58Vtu7enYsRolD1fZdja1.jpg,https://image.tmdb.org/t/p/w780/tmU7GeKVybMWFButWEGl2M4GeiP.jpg,Drama; Crime; Crime | Drama,,based on novel or book; loss of loved one; love at first sight; italy; gangster; symbolism; patriarch; europe; organized crime; mafia; religion; lawyer; revenge motive; crime family; sicilian mafia; religious hypocrisy; gun violence; rise to power; dead horse; gang violence; 1940s; 1950s; mafia war; amused; compassionate; enchant; le parrain; ο νονός; крёстный отец,,,,fuboTV; MGM+ Amazon Channel; MGM Plus Roku Premium Channel; MGM Plus; Philo; Amazon Video (rent); Apple TV (rent); Google Play Movies (rent); YouTube (rent); Fandango At Home (rent); Spectrum On Demand (rent); Amazon Video (buy); Apple TV (buy); Google Play Movies (buy); YouTube (buy); Fandango At Home (buy),English; Italian; Latin,United States of America,The Godfather Collection,2025-09-25T17:32:41
The Godfather Part II,1974,tt0071562,240,202,"In the continuing saga of the Corleone crime family, a young Vito Corleone grows up in Sicily and in 1910s New York. In the 1950s, Michael Corleone attempts to expand the family business into Las Vegas, Hollywood and Cuba.",https://image.tmdb.org/t/p/w500/hek3koDUyRQk7FIhPXsa6mT2Zc3.jpg,https://image.tmdb.org/t/p/w780/kGzFbGhp99zva6oZODW5atUtnqi.jpg,Drama; Crime; Crime | Drama,,new year's eve; new york city; based on novel or book; italian american; cuba; italy; gangster; praise; blackmail; symbolism; senator; revenge; murder; betrayal; organized crime; extortion; mafia; lawyer; suburb; sicilian mafia; corrupt politician; aggressive; 1950s; new year; vindictive; cautionary; violence; admiring; audacious,,,,fuboTV; MGM+ Amazon Channel; MGM Plus; Philo; Amazon Video (rent); Apple TV (rent); Google Play Movies (rent); YouTube (rent); Fandango At Home (rent); Spectrum On Demand (rent); Plex (rent); Amazon Video (buy); Apple TV (buy); Google Play Movies (buy); YouTube (buy); Fandango At Home (buy),English; Italian; Latin; Spanish,United States of America,The Godfather Collection,2025-09-25T17:32:41
The Good Liar,2019,tt5563334,511322,109,"Career con man Roy sets his sights on his latest mark: recently widowed Betty, worth millions. And he means to take it all. But as the two draw closer, what should have been another simple swindle takes on the ultimate stakes.",https://image.tmdb.org/t/p/w500/6kmxXfg3aSWrzUlEPt2L0YD4jz9.jpg,https://image.tmdb.org/t/p/w780/esbAmV6KtabDibldf3PZWddlT4O.jpg,Crime,,based on novel or book; con artist,,,,Amazon Video (rent); Apple TV (rent); Google Play Movies (rent); YouTube (rent); Fandango At Home (rent); Spectrum On Demand (rent); Plex (rent); Amazon Video (buy); Apple TV (buy); Google Play Movies (buy); YouTube (buy); Fandango At Home (buy),German; English; Russian,Canada; United States of America,,2025-09-25T17:32:42
The Grand Budapest Hotel,2014,tt2278388,120467,100,"The Grand Budapest Hotel tells of a legendary concierge at a famous European hotel between the wars and his friendship with a young employee who becomes his trusted protégé. The story involves the theft and recovery of a priceless Renaissance painting, the battle for an enormous family fortune and the slow and then sudden upheavals that transformed Europe during the first half of the 20th century.",https://image.tmdb.org/t/p/w500/eWdyYQreja6JGCzqHWXpWHDrrPo.jpg,https://image.tmdb.org/t/p/w780/xHDynIimfsgj0ZOs0j5ma8v1vmM.jpg,Comedy; Drama; Comedy | Drama,,hotel; painting; wartime; eastern europe; melancholy; author; gunfight; theft; nostalgic; bellboy; mentor protégé relationship; european; hotel lobby; renaissance painting; 1960s; 1930s; satirical; playful; whimsical; wry,,,,Amazon Video (rent); Apple TV (rent); Google Play Movies (rent); YouTube (rent); Fandango At Home (rent); Amazon Video (buy); Apple TV (buy); Google Play Movies (buy); YouTube (buy); Fandango At Home (buy),English; French,United States of America; Germany,,2025-09-25T17:32:42
The Great Gatsby,2013,tt1343092,64682,143,"An adaptation of F. Scott Fitzgerald's Long Island-set novel, where Midwesterner Nick Carraway is lured into the lavish world of his neighbor, Jay Gatsby. Soon enough, however, Carraway will see through the cracks of Gatsby's nouveau riche existence, where obsession, madness, and tragedy await.",https://image.tmdb.org/t/p/w500/nimh1rrDDLhgpG8XAYoUZXHYwb6.jpg,https://image.tmdb.org/t/p/w780/5mQZqk2qSJCsYmvw1cQJLEcLNYM.jpg,Drama; Romance,,"infidelity; based on novel or book; obsession; hope; long island, new york; 1920s; voiceover",,,,Amazon Video (rent); Apple TV (rent); Google Play Movies (rent); YouTube (rent); Fandango At Home (rent); Spectrum On Demand (rent); Amazon Video (buy); Apple TV (buy); Google Play Movies (buy); YouTube (buy); Fandango At Home (buy),English,United States of America; Australia,,2025-09-25T17:32:42
The Great Wall,2016,tt2034800,311324,103,European mercenaries searching for black powder become embroiled in the defense of the Great Wall of China against a horde of monstrous creatures.,https://image.tmdb.org/t/p/w500/p70dq1YxabemdZDm5K6Q8G10wSn.jpg,https://image.tmdb.org/t/p/w780/th26RNksfM9nn7DPH06OqiV6BA2.jpg,Action; Adventure; Fantasy; Action | Adventure | Fantasy,,monster; china; archer; female soldier; historical fiction; explosion; period drama; british soldier; great wall of china; 15th century; female general; war; appreciative; bold,,,,HBO Max; HBO Max Amazon Channel; Amazon Video (rent); Apple TV (rent); Google Play Movies (rent); YouTube (rent); Fandango At Home (rent); Amazon Video (buy); Apple TV (buy); Google Play Movies (buy); YouTube (buy); Fandango At Home (buy),Mandarin; English; Spanish,China; United States of America,,2025-09-25T17:32:43
The Green Inferno,2013,tt2403021,171424,100,"A group of student activists travel from New York City to the Amazon to save the rainforest.  However, once they arrive in this vast green landscape, they soon discover that they are not alone… and that no good deed goes unpunished.",https://image.tmdb.org/t/p/w500/dTnAYyUwp6lT0cKrt4aNujj5mdF.jpg,https://image.tmdb.org/t/p/w780/qJcUobr34c77YRQQ7zacTNrBdKj.jpg,Adventure; Horror; Adventure | Horror,,amazon rainforest; chile; jungle; cannibal; south america,,,,Amazon Video (rent); Apple TV (rent); Google Play Movies (rent); YouTube (rent); Fandango At Home (rent); Amazon Video (buy); Apple TV (buy); Google Play Movies (buy); YouTube (buy); Fandango At Home (buy),English,Canada; Chile; United States of America,,2025-09-25T17:32:43
The Grey,2011,tt1601913,75174,117,"Following a grueling five-week shift at an Alaskan oil refinery, workers led by sharpshooter John Ottway are flying home for a much-needed vacation. But a brutal storm causes their plane to crash in the frozen wilderness, and only eight men, including Ottway, survive. As they trek southward toward civilization and safety, Ottway and his companions must battle mortal injuries, the icy elements, and a pack of hungry wolves.",https://image.tmdb.org/t/p/w500/a0Vt3wx8ciKmPt4iXPx9sH4HBVU.jpg,https://image.tmdb.org/t/p/w780/1qXwGPLvlLVod4EFN6X5Mm3ZiaS.jpg,Action; Adventure; Drama; Thriller; Action | Adventure | Drama | Thriller,,wolf; flashback; alaska; airplane crash; struggle for survival; based on short story; campfire; male camaraderie; oil rig; aftercreditsstinger; wolf pack; american wilderness; aggressive; grieving man; outdoors; wolf hunter,,,,Netflix; YouTube TV; Netflix Standard with Ads; Kanopy; Amazon Video (rent); Apple TV (rent); Google Play Movies (rent); YouTube (rent); Fandango At Home (rent); Amazon Video (buy); Apple TV (buy); Google Play Movies (buy); YouTube (buy); Fandango At Home (buy),English,United Kingdom; United States of America,,2025-09-25T17:32:43
The Grudge,2004,tt0391198,1970,92,"An American nurse living and working in Tokyo is exposed to a mysterious supernatural curse, one that locks a person in a powerful rage before claiming their life and spreading to another victim.",https://image.tmdb.org/t/p/w500/5AGB8FVELnhMMw3nO372sw1xp58.jpg,https://image.tmdb.org/t/p/w780/yefSD6lp3jOBYkBeY5QxRRKTJME.jpg,Horror; Mystery; Thriller; Horror | Mystery | Thriller,,"nurse; house; remake; curse; tokyo, japan; old woman; catatonia; suspenseful; sinister; frightened; ominous",,,,Amazon Prime Video; fuboTV; YouTube TV; Amazon Prime Video with Ads; MovieSphere+ Amazon Channel; Amazon Prime Video Free with Ads; Plex; Plex Channel,Japanese; English,United States of America,The Grudge Collection,2025-09-25T17:32:44
The Guest,2014,tt2980592,241848,101,"A soldier introduces himself to the Peterson family, claiming to be a friend of their son who died in action. After the young man is welcomed into their home, a series of accidental deaths seem to be connected to his presence.",https://image.tmdb.org/t/p/w500/8hGMD8PhOJrzkew0RZyOWqDhGJR.jpg,https://image.tmdb.org/t/p/w780/tooNIFHXIY3rBjCMLCET8yC8cIb.jpg,Mystery; Thriller; Action; Action | Mystery | Thriller,,high school; psychopath; harassment; halloween; diner; bullying; arms dealer; iraq war veteran; sociopath; grief; murder; soldier; killing spree; ex soldier; brawl; halloween costume; paranoid; aggressive; clinical; harsh,,,,Amazon Video (rent); Apple TV (rent); Google Play Movies (rent); YouTube (rent); Fandango At Home (rent); Amazon Video (buy); Apple TV (buy); Google Play Movies (buy); YouTube (buy); Fandango At Home (buy),English,United States of America; United Kingdom,,2025-09-25T17:32:44
The Guilt Trip,2012,tt1694020,82687,95,An inventor and his mom hit the road together so he can sell his latest invention.,https://image.tmdb.org/t/p/w500/55JqWqocsMNx5uanELDRDFqu40J.jpg,https://image.tmdb.org/t/p/w780/wlZ29Zkryj8exANbj3Wr52kiILx.jpg,Comedy,,mother; inventor; parent child relationship; road trip; guilt; woman director,,,,Amazon Video (rent); Apple TV (rent); Google Play Movies (rent); YouTube (rent); Fandango At Home (rent); Amazon Video (buy); Apple TV (buy); Google Play Movies (buy); YouTube (buy); Fandango At Home (buy),English,United States of America,,2025-09-25T17:32:44
The Hangover,2009,tt1119646,18785,100,"When three friends finally come to after a raucous night of bachelor-party revelry, they find a baby in the closet and a tiger in the bathroom. But they can't seem to locate their best friend, Doug – who's supposed to be tying the knot. Launching a frantic search for Doug, the trio perseveres through a nasty hangover to try to make it to the church on time.",https://image.tmdb.org/t/p/w500/A0uS9rHR56FeBtpjVki16M5xxSW.jpg,https://image.tmdb.org/t/p/w780/iuRVt8tFiXDPGgzavhuSa3QHRxD.jpg,Comedy,,blackjack; stag night; lost weekend; chapel; hit with tire iron; memory loss; las vegas; drugs; irreverent; absurd; dramatic; hilarious; amused; celebratory; farcical; shaggy dog story,,,,HBO Max; HBO Max Amazon Channel; Amazon Video (rent); Apple TV (rent); Google Play Movies (rent); YouTube (rent); Fandango At Home (rent); Spectrum On Demand (rent); Plex (rent); Amazon Video (buy); Apple TV (buy); Google Play Movies (buy); YouTube (buy); Fandango At Home (buy),English,United States of America,The Hangover Collection,2025-09-25T17:32:44
The Hangover Part II,2011,tt1411697,45243,102,"The Hangover crew heads to Thailand for Stu's wedding. After the disaster of a bachelor party in Las Vegas last year, Stu is playing it safe with a mellow pre-wedding brunch. However, nothing goes as planned and Bangkok is the perfect setting for another adventure with the rowdy group.",https://image.tmdb.org/t/p/w500/7sGkjqorTHkaHTz8Q4WWHj8JL9t.jpg,https://image.tmdb.org/t/p/w780/aGmsekNU5cMOkJMpbdRutkvmVMl.jpg,Comedy,,stag night; memory loss; undercover cop; drugs,,,,TNT; TBS; tru TV; Amazon Video (rent); Apple TV (rent); Google Play Movies (rent); YouTube (rent); Fandango At Home (rent); Spectrum On Demand (rent); Plex (rent); Amazon Video (buy); Apple TV (buy); Google Play Movies (buy); YouTube (buy); Fandango At Home (buy),English; Thai,United States of America,The Hangover Collection,2025-09-25T17:32:45
The Happytime Murders,2018,tt1308728,412988,90,"In a world where human beings and puppets live together, when the members of the cast of a children's television show aired during the 1990s begin to get murdered one by one, puppet Phil Philips, a former LAPD detective who fell in disgrace and turned into a private eye, takes on the case at the request of his old boss in order to assist detective Edwards, who was his partner in the past.",https://image.tmdb.org/t/p/w500/rWxkur51srfVnMn2QOFjE7mbq6h.jpg,https://image.tmdb.org/t/p/w780/nMEGEPQIyS30KIJpZETGpluFquJ.jpg,Action; Comedy; Crime; Fantasy; Mystery; Thriller; Action | Comedy | Crime,,prostitute; fbi; adult humor; puppet; spoof; puppetry; drug lord; buddy cop,,,,Netflix; Netflix Standard with Ads; Amazon Video (rent); Google Play Movies (rent); YouTube (rent); Fandango At Home (rent); Amazon Video (buy); Google Play Movies (buy); YouTube (buy); Fandango At Home (buy),English,China; United States of America,,2025-09-25T17:32:45
The Harvey Girls,1946,tt0038589,28907,104,"On a train trip out west to become a mail-order bride, Susan Bradley meets a cheery crew of young women traveling out to open a ""Harvey House"" restaurant at a remote whistle-stop.",https://image.tmdb.org/t/p/w500/jk38rtmtxoLkHDLjLP7u7QhfkRH.jpg,https://image.tmdb.org/t/p/w780/kC4AOQAvk9g6oybMpniplAiKkbw.jpg,Music; Western; Romance; Comedy; Comedy | Music | Romance | Western,,saloon; waitress; restaurant; love letter; musical; mail order bride; train; saloon owner; dancehall girl; restaurant chain; saloon singer; saloon brawl; bar brawl; working women; charming hostess; friendship between women; group of young women; working girl; many beautiful girls; restaurant management; dancing girls; cheerful girl,,,,YouTube TV; Amazon Video (rent); Apple TV (rent); Google Play Movies (rent); YouTube (rent); Fandango At Home (rent); Amazon Video (buy); Apple TV (buy); Google Play Movies (buy); YouTube (buy); Fandango At Home (buy),English,United States of America,,2025-09-25T17:32:45
The Hateful Eight,2015,tt3460252,273248,188,Bounty hunters seek shelter from a raging blizzard and get caught up in a plot of betrayal and deception.,https://image.tmdb.org/t/p/w500/jIywvdPjia2t3eKYbjVTcwBQlG8.jpg,https://image.tmdb.org/t/p/w780/7gfDVfaw0VaIkUGiEH13o3TIC7A.jpg,Drama; Mystery; Western; Drama | Mystery | Western,,"bounty hunter; wyoming, usa; narration; mountain; hangman; whodunit; stagecoach; blizzard; post civil war; 19th century; dramatic; male rape",,,,Netflix; Peacock Premium; Peacock Premium Plus; Amazon Video (rent); Google Play Movies (rent); YouTube (rent); Fandango At Home (rent); Amazon Video (buy); Apple TV (buy); Google Play Movies (buy); YouTube (buy); Fandango At Home (buy),Spanish; English,United States of America,,2025-09-25T17:32:46
The Heat,2013,tt2404463,136795,117,"Uptight and straight-laced, FBI Special Agent Sarah Ashburn is a methodical investigator with a reputation for excellence--and hyper-arrogance. Shannon Mullins, one of Boston P.D.'s ""finest,"" is foul-mouthed and has a very short fuse, and uses her gut instinct and street smarts to catch the most elusive criminals. Neither has ever had a partner, or a friend for that matter. When these two wildly incompatible law officers join forces to bring down a ruthless drug lord, they become the last thing anyone expected: buddies.",https://image.tmdb.org/t/p/w500/yERBa1y5zNUOTRKQPiDCPIc2fuv.jpg,https://image.tmdb.org/t/p/w780/c0V8KAiuoWLXf7TfvwHK4yhIfb9.jpg,Action; Comedy; Crime; Action | Comedy | Crime,,"drug dealer; police; undercover; workaholic; boston, massachusetts; fbi; crime boss; witness protection; ambition; murder; drugs; female cop; drinking; interrogation; drug lord; family conflict; female detective; buddy cop; buddy comedy; opposites; tough cop; arrogance; dea; drunkenness; special agent; zealous; brother sister relationship; playful; relaxed; fbi agent; irreverent; no friends; whimsical; amused; familiar; vibrant",,,,Hulu; YouTube TV; Amazon Video (rent); Apple TV (rent); Google Play Movies (rent); YouTube (rent); Fandango At Home (rent); Spectrum On Demand (rent); Amazon Video (buy); Apple TV (buy); Google Play Movies (buy); YouTube (buy); Fandango At Home (buy),English; Spanish; Bulgarian,United Kingdom; United States of America,,2025-09-25T17:32:46
The Hitman's Bodyguard,2017,tt1959563,390043,118,"The world’s top bodyguard gets a new client, a hitman who must testify at the International Court of Justice. They must put their differences aside and work together to make it to the trial on time.",https://image.tmdb.org/t/p/w500/5CGjlz2vyBhW5xHW4eNOZIdgzYq.jpg,https://image.tmdb.org/t/p/w780/7KsqfXDECZMryX1Rv4RKsT7SIjQ.jpg,Action; Comedy; Crime; Thriller; Action | Comedy | Crime | Thriller,,assassin; court; england; hitman; bodyguard; travel; on the run; criminal; killer; courtroom; opposites attract; buddy comedy; aftercreditsstinger; testify,,,,fuboTV; Peacock Premium; YouTube TV; NBC; USA Network; Peacock Premium Plus; Amazon Video (rent); Apple TV (rent); Google Play Movies (rent); YouTube (rent); Plex (rent); Amazon Video (buy); Apple TV (buy); Google Play Movies (buy); YouTube (buy); Fandango At Home (buy),French; English; Russian,Bulgaria; Canada; France; Hong Kong; Netherlands; United States of America,The Hitman's Bodyguard Collection,2025-09-25T17:32:46
The Hobbit: An Unexpected Journey,2012,tt0903624,49051,169,"Bilbo Baggins, a hobbit enjoying his quiet life, is swept into an epic quest by Gandalf the Grey and thirteen dwarves who seek to reclaim their mountain home from Smaug, the dragon.",https://image.tmdb.org/t/p/w500/yHA9Fc37VmpUA5UncTxxo3rTGVA.jpg,https://image.tmdb.org/t/p/w780/xyXmtuvsoM5J3yNad0nvcetpBdY.jpg,Adventure; Fantasy; Action; Action | Adventure | Fantasy,,based on novel or book; elves; dwarf; magic; horseback riding; sword; burglar; legend; riddle; mountain; contract; travel; troll; creature; thunderstorm; fantasy world; wizard; epic battle; lost ring; journey; ring; tunnel; underground lake; buried treasure; invisibility; quest; live action and animation; high fantasy; sword and sorcery; trekking; goblins; good versus evil; fantasy creature; amused,,,,HBO Max; HBO Max Amazon Channel; YouTube TV; Amazon Video (rent); Apple TV (rent); Google Play Movies (rent); YouTube (rent); Fandango At Home (rent); Spectrum On Demand (rent); Plex (rent); Amazon Video (buy); Apple TV (buy); Google Play Movies (buy); YouTube (buy); Fandango At Home (buy),English,New Zealand; United States of America,The Hobbit Collection,2025-09-25T17:32:47
The Hobbit: The Battle of the Five Armies,2014,tt2310332,122917,144,"Following Smaug's attack on Laketown, Bilbo and the dwarves try to defend Erebor's mountain of treasure from others who claim it: the men of the ruined Laketown and the elves of Mirkwood. Meanwhile an army of Orcs led by Azog the Defiler is marching on Erebor, fueled by the rise of the dark lord Sauron. Dwarves, elves and men must unite, and the hope for Middle-Earth falls into Bilbo's hands.",https://image.tmdb.org/t/p/w500/xT98tLqatZPQApyRmlPL12LtiWp.jpg,https://image.tmdb.org/t/p/w780/zn13a7U9eMTJq8sHthe3bCgsVm4.jpg,Action; Adventure; Fantasy; Action | Adventure | Fantasy,,gold; corruption; based on novel or book; elves; dwarf; mine; mountain; sequel; troll; dragon; battle; unlikely friendship; fantasy world; wizard; epic battle; ring; invisibility; live action and animation; high fantasy; sword and sorcery; good versus evil; armies,,,,HBO Max; HBO Max Amazon Channel; Amazon Video (rent); Apple TV (rent); Google Play Movies (rent); YouTube (rent); Fandango At Home (rent); Plex (rent); Amazon Video (buy); Apple TV (buy); Google Play Movies (buy); YouTube (buy); Fandango At Home (buy),English,New Zealand; United States of America,The Hobbit Collection,2025-09-25T17:32:47
The Hobbit: The Desolation of Smaug,2013,tt1170358,57158,161,"The Dwarves, Bilbo and Gandalf have successfully escaped the Misty Mountains, and Bilbo has gained the One Ring. They all continue their journey to get their gold back from the Dragon, Smaug.",https://image.tmdb.org/t/p/w500/xQYiXsheRCDBA39DOrmaw1aSpbk.jpg,https://image.tmdb.org/t/p/w780/hwPnxzIgQFfXl5zP0Yh8bViCMzf.jpg,Fantasy; Adventure; Action; Action | Adventure | Fantasy,,gold; lake; based on novel or book; elves; dwarf; shapeshifting; mountain; giant spider; melancholy; sequel; bear; troll; dragon; turns into animal; barrel; fantasy world; wizard; journey; ring; invisibility; captured; live action and animation; high fantasy; sword and sorcery; trekking; good versus evil; earnest; sincere,,,,HBO Max; HBO Max Amazon Channel; Amazon Video (rent); Apple TV (rent); Google Play Movies (rent); YouTube (rent); Fandango At Home (rent); Spectrum On Demand (rent); Plex (rent); Amazon Video (buy); Apple TV (buy); Google Play Movies (buy); YouTube (buy); Fandango At Home (buy),English,New Zealand; United States of America,The Hobbit Collection,2025-09-25T17:32:47
The Holiday,2006,tt0457939,1581,136,"Two women, one American and one British, swap homes at Christmastime following bad breakups. Each woman finds romance with a local man but realizes that the imminent return home may end the relationship.",https://image.tmdb.org/t/p/w500/h1ITOpvJN3Tw4Sy60w2QTfYMvdd.jpg,https://image.tmdb.org/t/p/w780/9Ebn8atCcGk5OZrx4xmoTobAxoh.jpg,Comedy; Romance; Comedy | Romance,,"london, england; holiday; movie business; christmas party; country house; vacation; surrey; romance; los angeles, california; multiple storylines; woman director; christmas; christmas romance; house swapping; holiday romance",,,,Amazon Video (rent); Apple TV (rent); Google Play Movies (rent); YouTube (rent); Fandango At Home (rent); Spectrum On Demand (rent); Amazon Video (buy); Apple TV (buy); Google Play Movies (buy); YouTube (buy); Fandango At Home (buy),French; English,United States of America,,2025-09-25T17:32:47
The House With a Clock In Its Walls,2018,tt2119543,463821,105,"When ten-year-old Lewis is suddenly orphaned, he is sent to live with his Uncle Jonathan in a creaky (and creepy) old mansion with a mysterious ticking noise that emanates from the walls. Upon discovering that his uncle is a warlock, Lewis begins learning magic, but when he rebelliously resurrects an evil warlock he must find the secret of the house and save the world from destruction.",https://image.tmdb.org/t/p/w500/qM66Hv4ByAxnilr0jaqCA9uOD4Y.jpg,https://image.tmdb.org/t/p/w780/tQvvRReWhrXnj28s4AIp2PblByg.jpg,Comedy; Fantasy; Family; Horror; Comedy | Family | Fantasy | Horror,,based on novel or book; clock; haunted house; uncle; pumpkin; orphan; warlock; secret passageway; 1950s; magician; amused,,,,fuboTV; Paramount+ with Showtime; Paramount+ Amazon Channel; Paramount+ Roku Premium Channel; Amazon Video (rent); Apple TV (rent); Google Play Movies (rent); YouTube (rent); Fandango At Home (rent); Amazon Video (buy); Apple TV (buy); Google Play Movies (buy); YouTube (buy); Fandango At Home (buy),English,India; United States of America,,2025-09-25T17:32:48
The Hunger Games,2012,tt1392170,70160,142,"In a dystopian society where the Capitol forces each district to send two young tributes to fight to the death in a televised spectacle, a girl volunteers to take her sister’s place, setting the stage for a struggle of survival and defiance.",https://image.tmdb.org/t/p/w500/yXCbOiVDCxO71zI7cuwBRXdftq8.jpg,https://image.tmdb.org/t/p/w780/yVBQ65YBYZ9UhzJ4NGdRgeXtyTL.jpg,Science Fiction; Adventure; Action; Thriller; Adventure | Fantasy | Science Fiction,,based on novel or book; revolution; dystopia; monarchy; female protagonist; fashion; bow and arrow; game; hunting; archery; death match; futuristic city; survival competition; forced to kill; complex; world hunger; based on young adult novel; futuristic architecture; battle royale; critical; romantic; bold; compassionate; futuristic world,,,,HBO Max; HBO Max Amazon Channel; Amazon Video (rent); Apple TV (rent); Google Play Movies (rent); YouTube (rent); Fandango At Home (rent); Plex (rent); Amazon Video (buy); Apple TV (buy); Google Play Movies (buy); YouTube (buy); Fandango At Home (buy),English,United States of America,The Hunger Games Collection,2025-09-25T17:32:48
The Hunger Games: Catching Fire,2013,tt1951264,101299,146,"After surviving the Hunger Games, Katniss and Peeta struggle with the consequences of their victory as unrest spreads across Panem. Forced back into the spotlight, they become symbols of hope and resistance while the Capitol prepares a new and deadly challenge that will change the future of the nation forever.",https://image.tmdb.org/t/p/w500/vrQHDXjVmbYzadOXQ0UaObunoy2.jpg,https://image.tmdb.org/t/p/w780/eHaazLxM5LRMh0ySkVy7SK6wUWt.jpg,Adventure; Action; Science Fiction; Action | Adventure | Science Fiction,,rebellion; based on novel or book; propaganda; dystopia; affectation; uprising; sequel; president; survival; murder; conspiracy; female protagonist; tournament; game; aggressive; survival competition; based on young adult novel; lighthearted; bold; cheerful; objective,,,,HBO Max; HBO Max Amazon Channel; Amazon Video (rent); Apple TV (rent); Google Play Movies (rent); YouTube (rent); Fandango At Home (rent); Plex (rent); Amazon Video (buy); Apple TV (buy); Google Play Movies (buy); YouTube (buy); Fandango At Home (buy),English,United States of America,The Hunger Games Collection,2025-09-25T17:32:48
The Hunger Games: Mockingjay - Part 1,2014,tt1951265,131631,123,"After surviving the Quarter Quell, Katniss finds herself in the hidden stronghold of District 13, where the rebellion against the Capitol is gaining momentum. Struggling with the weight of becoming the symbol of resistance, she must navigate fragile alliances while trying to protect those she loves. As propaganda battles rage and Panem moves closer to full-scale war, Katniss is forced to confront the true cost of revolution.",https://image.tmdb.org/t/p/w500/4FAA18ZIja70d1Tu5hr5cj2q1sB.jpg,https://image.tmdb.org/t/p/w780/lV1P1Q5gLDXVG1ZYCxZHStkcQC3.jpg,Science Fiction; Adventure; Thriller; Adventure | Science Fiction | Thriller,,based on novel or book; resistance; dystopia; post-apocalyptic future; sequel; female protagonist; bow and arrow; game; future war; revolt; class prejudice; human subjugation; based on young adult novel,,,,HBO Max; HBO Max Amazon Channel; Amazon Video (rent); Apple TV (rent); Google Play Movies (rent); YouTube (rent); Fandango At Home (rent); Plex (rent); Amazon Video (buy); Apple TV (buy); Google Play Movies (buy); YouTube (buy); Fandango At Home (buy),English,United States of America,The Hunger Games Collection,2025-09-25T17:32:49
The Hunger Games: Mockingjay - Part 2,2015,tt1951266,131634,137,"As the war between the Capitol and the districts reaches its peak, Katniss Everdeen embarks on a perilous mission to liberate Panem and confront President Snow. Joined by a team of trusted allies, she navigates deadly traps, shifting loyalties, and the heavy cost of rebellion, determined to bring freedom to her people and end the Hunger Games once and for all.",https://image.tmdb.org/t/p/w500/lImKHDfExAulp16grYm8zD5eONE.jpg,https://image.tmdb.org/t/p/w780/qVgLMRVNB5bHU0inmRa0ueShacN.jpg,Action; Adventure; Science Fiction; Action | Adventure | Science Fiction,,strong woman; based on novel or book; revolution; dystopia; death match; aggressive; complex; based on young adult novel; romantic; ambiguous; bold; comforting; compassionate; hopeful,,,,HBO Max; HBO Max Amazon Channel; Amazon Video (rent); Apple TV (rent); Google Play Movies (rent); YouTube (rent); Fandango At Home (rent); Plex (rent); Amazon Video (buy); Apple TV (buy); Google Play Movies (buy); YouTube (buy); Fandango At Home (buy),English,Germany; United States of America,The Hunger Games Collection,2025-09-25T17:32:49
The Hunt,2012,tt8244784,514847,90,"Twelve strangers wake up in a clearing. They don't know where they are—or how they got there. In the shadow of a dark internet conspiracy theory, ruthless elitists gather at a remote location to hunt humans for sport. But their master plan is about to be derailed when one of the hunted turns the tables on her pursuers.",https://image.tmdb.org/t/p/w500/wxPhn4ef1EAo5njxwBkAEVrlJJG.jpg,https://image.tmdb.org/t/p/w780/naXUDz0VGK7aaPlEpsuYW8kNVsr.jpg,Action; Thriller; Horror,,dark comedy; gore; satire; murder; death game,,,,Peacock Premium; Peacock Premium Plus; Amazon Video (rent); Apple TV (rent); Fandango At Home (rent); Amazon Video (buy); Apple TV (buy); Fandango At Home (buy),Arabic; Croatian; English,United States of America,,2025-09-25T17:32:49
The Incredibles,2004,tt0317705,9806,115,"Bob Parr has given up his superhero days to log in time as an insurance adjuster and raise his three children with his formerly heroic wife in suburbia. But when he receives a mysterious assignment, it's time to get back into costume.",https://image.tmdb.org/t/p/w500/2LqaLgk4Z226KkgPJuiOQ58wvrm.jpg,https://image.tmdb.org/t/p/w780/se5Hxz7PArQZOG3Nx2bpfOhLhtV.jpg,Action; Adventure; Animation; Family; Action | Adventure | Animation | Family,,hero; secret identity; superhero; villain; family relationships; super power; supervillain; 1950s; 1960s; superhero family,,,,Disney Plus; Amazon Video (rent); Apple TV (rent); Google Play Movies (rent); YouTube (rent); Fandango At Home (rent); Amazon Video (buy); Apple TV (buy); Google Play Movies (buy); YouTube (buy); Fandango At Home (buy),French; English,United States of America,The Incredibles Collection,2025-09-25T17:32:50
The Internship,2013,tt2234155,613130,12,"The Internship is a short film about race, class and privilege within the creative industries. It follows Josh, a young design graduate working in a dead end job has a chance meeting with his idol, a famous design magazine editor who offers him a rare and prestigious internship. However, he must convince a family to who internships mean an extra financial burden, and in an industry in which their culture has never really been well represented; that it’s a chance worth taking.",https://image.tmdb.org/t/p/w500/lKZYAaDOh26nwISWVXxVERX7lKU.jpg,,Nan,,,,,,,,,,2025-09-25T17:32:50
The Invisible Man,2020,tt1051906,570670,124,"When Cecilia's abusive ex takes his own life and leaves her his fortune, she suspects his death was a hoax. As a series of coincidences turn lethal, Cecilia works to prove that she is being hunted by someone nobody can see.",https://image.tmdb.org/t/p/w500/5EufsDwXdY2CVttYOk2WtYhgKpa.jpg,https://image.tmdb.org/t/p/w780/tweDJNQzBGgsWVF5MC8JhSAk07p.jpg,Thriller; Science Fiction; Horror; Drama; Mystery,,based on novel or book; pregnancy; architect; fake suicide; stalker; murder; domestic abuse; scientist; police detective; death; invisible person; mental hospital; angry; woman in peril; invisible man; frightened,,,,fuboTV; Peacock Premium; NBC; USA Network; Peacock Premium Plus; Amazon Video (rent); Apple TV (rent); Google Play Movies (rent); YouTube (rent); Fandango At Home (rent); Amazon Video (buy); Apple TV (buy); Google Play Movies (buy); YouTube (buy); Fandango At Home (buy),English,Australia; United States of America,,2025-09-25T17:32:50
The Italian Job,2003,tt0317740,9654,110,"Charlie Croker pulled off the crime of a lifetime. The one thing that he didn't plan on was being double-crossed. Along with a drop-dead gorgeous safecracker, Croker and his team take off to re-steal the loot and end up in a pulse-pounding, pedal-to-the-metal chase that careens up, down, above and below the streets of Los Angeles.",https://image.tmdb.org/t/p/w500/eSkjK4kctyrWpFhxl35GPvSs6tI.jpg,https://image.tmdb.org/t/p/w780/haIHcieOlTlyAUr9cWukqyK5SaU.jpg,Action; Crime; Action | Crime,,"gold; california; helicopter; hacker; venice, italy; chase; subway; master thief; safe; heist; revenge; murder; double crossed; boat chase; los angeles, california; explosion; safecracker; television repair; based on movie; mentor protégé relationship; mini cooper; vengeance; father daughter relationship; heist thriller; suspenseful; gold heist; defiant",,,,Paramount Plus; Paramount+ Amazon Channel; Paramount+ Roku Premium Channel; History Vault; Tubi TV; Hoopla; Amazon Video (rent); Apple TV (rent); Google Play Movies (rent); YouTube (rent); Fandango At Home (rent); Spectrum On Demand (rent); Plex (rent); Amazon Video (buy); Apple TV (buy); Google Play Movies (buy); YouTube (buy); Fandango At Home (buy),Ukrainian; English; Italian,France; United Kingdom; United States of America,,2025-09-25T17:32:51
The Judge,2014,tt1872194,205587,141,"A successful lawyer returns to his hometown for his mother's funeral only to discover that his estranged father, the town's judge, is suspected of murder.",https://image.tmdb.org/t/p/w500/3K93GWotLXe4FqpErri0xkpLaD5.jpg,https://image.tmdb.org/t/p/w780/sPantp0oQ9idos7Jdwko2r6ZOIa.jpg,Drama,,"small town; indiana, usa; judge; parent child relationship; dysfunctional family; trial; family relationships; lawyer; courtroom; courtroom drama; father son relationship; legal thriller",,,,YouTube; Amazon Video (rent); Apple TV (rent); Google Play Movies (rent); Fandango At Home (rent); Amazon Video (buy); Apple TV (buy); Google Play Movies (buy); Fandango At Home (buy),English,United States of America,,2025-09-25T17:32:51
The Karate Kid,1984,tt0087538,38575,140,"12-year-old Dre Parker could've been the most popular kid in Detroit, but his mother's latest career move has landed him in China. Dre immediately falls for his classmate Mei Ying but the cultural differences make such a friendship impossible. Even worse, Dre's feelings make him an enemy of the class bully, Cheng. With no friends in a strange land, Dre has nowhere to turn but maintenance man Mr. Han, who is a kung fu master. As Han teaches Dre that kung fu is not about punches and parries, but maturity and calm, Dre realizes that facing down the bullies will be the fight of his life.",https://image.tmdb.org/t/p/w500/b1RBy3l297N0c7PHjlz35cClWju.jpg,https://image.tmdb.org/t/p/w780/v8DepuF6gizphLzIyNZeQiB0hij.jpg,Action; Adventure; Drama; Family; Action | Adventure | Drama | Family,,martial arts; duringcreditsstinger; karate kid; intense; pretentious; straightforward; tragic,,,,Netflix; Amazon Video (rent); Apple TV (rent); Google Play Movies (rent); YouTube (rent); Fandango At Home (rent); Amazon Video (buy); Apple TV (buy); Google Play Movies (buy); YouTube (buy); Fandango At Home (buy),Mandarin; English,China; Hong Kong; United States of America,The Karate Kid Collection,2025-09-25T17:32:51
The LEGO Movie,2014,tt1490017,137106,100,"An ordinary Lego mini-figure, mistakenly thought to be the extraordinary MasterBuilder, is recruited to join a quest to stop an evil Lego tyrant from conquering the universe.",https://image.tmdb.org/t/p/w500/lbctonEnewCYZ4FYoTZhs8cidAl.jpg,https://image.tmdb.org/t/p/w780/5N2mfRrvJUnCVpsMIebfosEyo1i.jpg,Animation; Family; Adventure; Comedy; Fantasy; Adventure | Animation | Comedy | Family | Fantasy,,friendship; parent child relationship; prophecy; superhero; villain; based on comic; part live action; based on toy; falling in love; anti villain; super power; good cop bad cop; duringcreditsstinger; live action and animation; lego; father son relationship; loving; mischievous; playful; irreverent; evil tyrant; witty; hilarious; whimsical; celebratory; euphoric; exhilarated; exuberant; ridiculous,,,,Amazon Video (rent); Apple TV (rent); Google Play Movies (rent); YouTube (rent); Fandango At Home (rent); Spectrum On Demand (rent); Plex (rent); Amazon Video (buy); Apple TV (buy); Google Play Movies (buy); YouTube (buy); Fandango At Home (buy),English,Australia; Denmark; United States of America,The Lego Movie Collection,2025-09-25T17:32:51
The Last Exorcism,2010,tt1320244,38358,87,"After years of performing “exorcisms” and taking believers’ money, Reverend Marcus travels to rural Louisiana with a film crew so he can dispel what he believes is the myth of demonic possession. The dynamic reverend is certain that this will be another routine “exorcism” on a disturbed religious fanatic but instead comes upon the blood-soaked farm of the Sweetzer family and a true evil he would have never thought imaginable.",https://image.tmdb.org/t/p/w500/eOo9tgGjxdsQEgqc6g7E1NL8460.jpg,https://image.tmdb.org/t/p/w780/fyNEA2BZ5Yixu6Wub9OtIqlmJBQ.jpg,Horror; Thriller; Mystery; Horror | Mystery | Thriller,,farm; exorcism; louisiana; fraud; mockumentary; evil spirit; human sacrifice; evangelical; preacher; satanic ritual; found footage; satanic cult; documentary crew,,,,Amazon Prime Video; Amazon Prime Video with Ads; MovieSphere+ Amazon Channel; The Roku Channel; Fandango at Home Free; Amazon Prime Video Free with Ads; Hoopla; Plex; Plex Channel; Amazon Video (rent); Apple TV (rent); Google Play Movies (rent); YouTube (rent); Fandango At Home (rent); Amazon Video (buy); Apple TV (buy); Google Play Movies (buy); YouTube (buy); Fandango At Home (buy),English; Latin,United States of America; France,The Last Exorcism Collection,2025-09-25T17:32:52
The Last Voyage of the Demeter,2023,tt1001520,635910,119,The crew of the merchant ship Demeter attempts to survive the ocean voyage from Carpathia to London as they are stalked each night by a merciless presence onboard the ship.,https://image.tmdb.org/t/p/w500/nrtbv6Cew7qC7k9GsYSf5uSmuKh.jpg,https://image.tmdb.org/t/p/w780/dKC5qWi6S8SKkSzrP6LxTk0cb98.jpg,Horror; Fantasy; Fantasy | Horror | Thriller,,ship; monster; based on novel or book; sacrifice; vampire; supernatural; gothic horror; supernatural horror; dracula; 1890s,,,,Amazon Video (rent); Apple TV (rent); Google Play Movies (rent); YouTube (rent); Fandango At Home (rent); Amazon Video (buy); Apple TV (buy); Google Play Movies (buy); YouTube (buy); Fandango At Home (buy),English; Russian,Germany; India; United Kingdom; United States of America,,2025-09-25T17:32:52
The Last Witch Hunter,2015,tt1618442,274854,106,"The modern world holds many secrets, but by far the most astounding is that witches still live among us; vicious supernatural creatures intent on unleashing the Black Death upon the world and putting an end to the human race once and for all. Armies of witch hunters have battled this unnatural enemy for centuries, including Kaulder, a valiant warrior who many years ago slayed the all-powerful Witch Queen, decimating her followers in the process. In the moments right before her death, the Queen cursed Kaulder with immortality, forever separating him from his beloved wife and daughter. Today, Kaulder is the last living hunter who has spent his immortal life tracking down rogue witches, all the while yearning for his long-lost family.",https://image.tmdb.org/t/p/w500/gPA6PFBQPlAY7sCOCKKSSB7HyNl.jpg,https://image.tmdb.org/t/p/w780/mXmvN6drkdU1PWFF92AGklEVIa3.jpg,Action; Adventure; Fantasy; Action | Adventure | Fantasy | Horror,,witch; new york city; magic; superstition; black magic; man; aircraft; woman murder; witch hunter,,,,fuboTV; Peacock Premium; NBC; USA Network; Peacock Premium Plus; Plex; Plex Channel; Apple TV (rent); Amazon Video (buy); Apple TV (buy); Google Play Movies (buy); YouTube (buy); Fandango At Home (buy),English,Canada; Hong Kong; United States of America,The Last Witch Hunter Collection,2025-09-25T17:32:52
The Legend of Hercules,2014,tt1043726,188207,99,"In Ancient Greece 1200 B.C., a queen succumbs to the lust of Zeus to bear a son promised to overthrow the tyrannical rule of the king and restore peace to a land in hardship. But this prince, Hercules, knows nothing of his real identity or his destiny. He desires only one thing: the love of Hebe, Princess of Crete, who has been promised to his own brother. When Hercules learns of his greater purpose, he must choose: to flee with his true love or to fulfill his destiny and become the true hero of his time. The story behind one of the greatest myths is revealed in this action-packed epic - a tale of love, sacrifice and the strength of the human spirit.",https://image.tmdb.org/t/p/w500/aAnRHLq50AbGWEibXHjmLbp2Tze.jpg,https://image.tmdb.org/t/p/w780/1OlinE4r38dgYbGSvkTVgY6iNDk.jpg,Action; Adventure; Action | Adventure,,mythology; zeus; ancient greece; demigod; city of argos; mistaken parentage,,,,MovieSphere+ Amazon Channel; Fandango at Home Free; Amazon Video (rent); Apple TV (rent); Google Play Movies (rent); YouTube (rent); Fandango At Home (rent); Amazon Video (buy); Apple TV (buy); Google Play Movies (buy); YouTube (buy); Fandango At Home (buy),English,Bulgaria; United States of America,,2025-09-25T17:32:53
The Limey,1999,tt0165854,10388,89,"The Limey follows Wilson, a tough English ex-con who travels to Los Angeles to avenge his daughter's death. Upon arrival, Wilson goes to task battling Valentine and an army of L.A.'s toughest criminals, hoping to find clues and piece together what happened. After surviving a near-death beating, getting thrown from a building and being chased down a dangerous mountain road, the Englishman decides to dole out some bodily harm of his own.",https://image.tmdb.org/t/p/w500/efAnFInZYrenNvBlLIXN2oLYyNc.jpg,https://image.tmdb.org/t/p/w780/mKm56aTBr34ciZTpTWX6WoPubUY.jpg,Crime; Drama; Thriller; Mystery; Crime | Drama | Mystery | Thriller,,prison; daughter; release from prison; investigation; suitcase; record producer; loss; revenge; stakeout; ex-con; warehouse; hired killer; narcotics; motel room; neo-noir; 1960s,,,,Amazon Prime Video; Amazon Prime Video with Ads; Fandango at Home Free; Tubi TV; Amazon Prime Video Free with Ads; Kanopy; Hoopla; Plex; Plex Channel; Fawesome; Amazon Video (rent); Apple TV (rent); Google Play Movies (rent); YouTube (rent); Fandango At Home (rent); Amazon Video (buy); Apple TV (buy); Google Play Movies (buy); YouTube (buy); Fandango At Home (buy),English,United States of America,,2025-09-25T17:32:53
The Lincoln Lawyer,2011,tt1189340,50348,119,"Mick Haller is a charismatic defense attorney who does business out of his Lincoln Continental sedan. Mick spends most of his time defending petty crooks and other bottom-feeders, so it comes as quite a surprise when he lands the case of a lifetime: defending a Beverly Hills playboy who is accused of attempted murder. However, what Mick initially thinks is an open-and-shut case with a big monetary reward develops into something more sinister.",https://image.tmdb.org/t/p/w500/gOn8Ve9Yi8fxjRkmLr5BZoOc7KV.jpg,https://image.tmdb.org/t/p/w780/j9QaQVuyQIEwckUbjHpAgA7E4jJ.jpg,Crime; Drama; Thriller; Crime | Drama | Thriller,,california; prostitute; based on novel or book; judge; attempted murder; video surveillance; jury; playboy; private investigator; lawyer; crime scene; motorcycle gang; courtroom; defense attorney; divorced father; courtroom drama; car driver; innocent in jail; murder of a prostitute; legal thriller; defense lawyer; attorney client privilege; high-profile client,,,,Apple TV (rent); Google Play Movies (rent); YouTube (rent); Fandango At Home (rent); Plex (rent); Apple TV (buy); Google Play Movies (buy); YouTube (buy); Fandango At Home (buy),English,United States of America,,2025-09-25T17:32:53
The Lion King,1994,tt6105098,420818,118,"Simba idolizes his father, King Mufasa, and takes to heart his own royal destiny. But not everyone in the kingdom celebrates the new cub's arrival. Scar, Mufasa's brother—and former heir to the throne—has plans of his own. The battle for Pride Rock is ravaged with betrayal, tragedy and drama, ultimately resulting in Simba's exile. With help from a curious pair of newfound friends, Simba will have to figure out how to grow up and take back what is rightfully his.",https://image.tmdb.org/t/p/w500/dzBtMocZuJbjLOXvrl4zGYigDzh.jpg,https://image.tmdb.org/t/p/w780/4G7SzRAaXYZ5hYfS05wbTzjv2Tn.jpg,Adventure; Drama; Family; Animation,,africa; lion; prince; redemption; musical; uncle; remake; grief; king; family; sidekick; live action and animation; father son relationship; live action remake,,,,Disney Plus; Amazon Video (rent); Apple TV (rent); Google Play Movies (rent); YouTube (rent); Amazon Video (buy); Apple TV (buy); Google Play Movies (buy); YouTube (buy); Fandango At Home (buy),English,United States of America,The Lion King (Reboot) Collection,2025-09-25T17:32:54
The Lodge,2019,tt7347846,35247,83,A young couple's weekend getaway at a secluded mountain ranch becomes an unfathomable nightmare when they discover the truth about the caretaker.,https://image.tmdb.org/t/p/w500/13Z36tF6dxpBrkDQOsGaabxwHoz.jpg,,Horror; Thriller; Horror | Thriller,,rape; attempted murder; lodge; vacation; physicist,,,,Tubi TV; Fawesome; Amazon Video (rent); Amazon Video (buy),English,United States of America,,2025-09-25T17:32:54
The Loft,2014,tt1850397,72784,108,"For five men, the opportunity to share a penthouse in the city -- in which to carry on extramarital affairs -- is a dream come true, until the dead body of an unknown woman turns up. Realizing that her killer must be one of their group, the men are gripped by paranoia as each one suspects another. Friendships are tested, loyalties are questioned, and marriages crumble while fear and suspicion run rampant.",https://image.tmdb.org/t/p/w500/msHg4MRKZBcGwIakhMEaYRSdYag.jpg,https://image.tmdb.org/t/p/w780/1VVKplZXTgOzP0MF1PbX9Qzn8CA.jpg,Thriller,,male friendship; murder; love affair; extramarital affair; murder mystery,,,,Tubi TV; Amazon Video (rent); Apple TV (rent); Google Play Movies (rent); YouTube (rent); Fandango At Home (rent); Amazon Video (buy); Apple TV (buy); Google Play Movies (buy); YouTube (buy); Fandango At Home (buy),English,United States of America; Belgium,,2025-09-25T17:32:54
The Longest Ride,2015,tt2726560,228205,128,The lives of a young couple intertwine with a much older man as he reflects back on a lost love while he's trapped in an automobile crash.,https://image.tmdb.org/t/p/w500/qdUVfvPBvT6cetDDM7rn8y2CNZE.jpg,https://image.tmdb.org/t/p/w780/gmCo8EaYhvHx2zRw70KcjhVA7wn.jpg,Drama; Romance; Drama | Romance,,based on novel or book; art student; love; cowboy; injury; bull riding; young adult,,,,Amazon Video (rent); Apple TV (rent); Google Play Movies (rent); YouTube (rent); Fandango At Home (rent); Amazon Video (buy); Apple TV (buy); Google Play Movies (buy); YouTube (buy); Fandango At Home (buy),English,United States of America,,2025-09-25T17:32:54
The Lord of the Rings: The Fellowship of the Ring,2001,tt0120737,120,179,"Young hobbit Frodo Baggins, after inheriting a mysterious ring from his uncle Bilbo, must leave his home in order to keep it from falling into the hands of its evil creator. Along the way, a fellowship is formed to protect the ringbearer and make sure that the ring arrives at its final destination: Mt. Doom, the only place where it can be destroyed.",https://image.tmdb.org/t/p/w500/6oom5QYQ2yQTMJIbnvbkBL9cHo6.jpg,https://image.tmdb.org/t/p/w780/z51Wzj94hvAIsWfknifKTqKJRwp.jpg,Adventure; Fantasy; Action; Action | Adventure | Fantasy,,based on novel or book; elves; dwarf; magic; obsession; bravery; fireworks; mine; maze; mountain; castle; birthday party; troll; battle; demon; blizzard; uncle nephew relationship; fantasy world; journey; ring; invisibility; live action and animation; hero's journey; wraith; sword and sorcery; trekking; good versus evil; dramatic,,,,HBO Max; HBO Max Amazon Channel; Amazon Video (rent); Apple TV (rent); Google Play Movies (rent); YouTube (rent); Fandango At Home (rent); Spectrum On Demand (rent); Plex (rent); Amazon Video (buy); Apple TV (buy); Google Play Movies (buy); YouTube (buy); Fandango At Home (buy),English,New Zealand; United States of America,The Lord of the Rings Collection,2025-09-25T17:32:55
The Lost Boys,1987,tt0093437,1405651,9,The Lost Boys is an exploration of grief through the lens of film. It aims to stretch the bounds of what we think of the horror genre is capable and aims to tell a story that can only be told with the power of cinema. It's a picture with heart...and perhaps a tear.,https://image.tmdb.org/t/p/w500/qVMuCSCs8bceXGm7hVdXJqnL53V.jpg,,Horror; Drama; Drama | Horror,,,,,,,English,,,2025-09-25T17:32:55
The Lost World: Jurassic Park,1997,tt0119567,330,129,"Four years after Jurassic Park's genetically bred dinosaurs ran amok, multimillionaire John Hammond shocks chaos theorist Ian Malcolm by revealing that he has been breeding more beasties at a secret location. Malcolm, his paleontologist ladylove and a wildlife videographer join an expedition to document the lethal lizards' natural behavior in this action-packed thriller.",https://image.tmdb.org/t/p/w500/6fSkhv35nPSw9hwPVCMINQFG1WD.jpg,https://image.tmdb.org/t/p/w780/A4rYaPdzgocCjQ0n9LUSYUxyvpS.jpg,Adventure; Action; Science Fiction; Action | Adventure | Science Fiction,,"exotic island; island; velociraptor; dna; tyrannosaurus rex; paleontology; san diego, california; sequel; dinosaur; creature; scientist; amusement park; theme park; costa rica; animal horror; father daughter relationship; absurd; cliché",,,,Netflix; Netflix Standard with Ads; Amazon Video (rent); Apple TV (rent); Google Play Movies (rent); YouTube (rent); Fandango At Home (rent); Amazon Video (buy); Apple TV (buy); Google Play Movies (buy); YouTube (buy); Fandango At Home (buy),English,United States of America,Jurassic Park Collection,2025-09-25T17:32:55
The Martian,2015,tt3659388,286217,141,"During a manned mission to Mars, Astronaut Mark Watney is presumed dead after a fierce storm and left behind by his crew. But Watney has survived and finds himself stranded and alone on the hostile planet. With only meager supplies, he must draw upon his ingenuity, wit and spirit to subsist and find a way to signal to Earth that he is alive.",https://image.tmdb.org/t/p/w500/3ndAx3weG6KDkJIRMCi5vXX6Dyb.jpg,https://image.tmdb.org/t/p/w780/9pubUbDX3eKB6ZuKxbFgv4cBZrz.jpg,Drama; Adventure; Science Fiction; Adventure | Drama | Science Fiction,,spacecraft; planet mars; based on novel or book; nasa; isolation; botanist; alone; survival; space; engineering; stranded; astronaut; struggle for survival; duringcreditsstinger; deep space; potatoes; 2030s,,,,Amazon Video (rent); Apple TV (rent); Google Play Movies (rent); YouTube (rent); Fandango At Home (rent); Amazon Video (buy); Apple TV (buy); Google Play Movies (buy); YouTube (buy); Fandango At Home (buy),English; Mandarin,United States of America,,2025-09-25T17:32:56
The Matrix,1999,tt0133093,603,136,"Set in the 22nd century, The Matrix tells the story of a computer hacker who joins a group of underground insurgents fighting the vast and powerful computers who now rule the earth.",https://image.tmdb.org/t/p/w500/p96dm7sCMn4VYAStA6siNz30G1r.jpg,https://image.tmdb.org/t/p/w780/8K9qHeM6G6QjQN0C5XKFGvK5lzM.jpg,Action; Science Fiction; Action | Science Fiction,,man vs machine; martial arts; dreams; artificial intelligence (a.i.); saving the world; hacker; self sacrifice; virtual reality; fight; prophecy; truth; philosophy; dystopia; insurgence; simulated reality; cyberpunk; dream world; messiah; action hero; gnosticism; allegory of the cave,,,,Amazon Video (rent); Apple TV (rent); Google Play Movies (rent); YouTube (rent); Fandango At Home (rent); Spectrum On Demand (rent); Plex (rent); Amazon Video (buy); Apple TV (buy); Google Play Movies (buy); YouTube (buy); Fandango At Home (buy),English,United States of America,The Matrix Collection,2025-09-25T17:32:56
The Matrix Reloaded,2003,tt0234215,604,138,"The Resistance builds in numbers as humans are freed from the Matrix and brought to the city of Zion. Neo discovers his superpowers, including the ability to see the code inside the Matrix. With machine sentinels digging to Zion in 72 hours, Neo, Morpheus and Trinity must find the Keymaker to ultimately reach the Source.",https://image.tmdb.org/t/p/w500/9TGHDvWrqKBzwDxDodHYXEmOE6J.jpg,https://image.tmdb.org/t/p/w780/96WHK0TiIslmM8rGVIejMtMtaPG.jpg,Adventure; Action; Thriller; Science Fiction; Action | Adventure | Science Fiction | Thriller,,dying and death; future; mission; man vs machine; underground world; martial arts; kung fu; hero; dreams; artificial intelligence (a.i.); computer; saving the world; computer virus; virtual reality; fight; prophecy; faith; truth; key; dystopia; simulation; plato; precognition; rave; car crash; cyberpunk; action hero; gnosticism; oracle; grand; romantic; defiant; sardonic,,,,Amazon Video (rent); Apple TV (rent); Google Play Movies (rent); YouTube (rent); Fandango At Home (rent); Spectrum On Demand (rent); Plex (rent); Amazon Video (buy); Apple TV (buy); Google Play Movies (buy); YouTube (buy); Fandango At Home (buy),English; French,United States of America,The Matrix Collection,2025-09-25T17:32:56
The Matrix Revolutions,2003,tt0242653,605,129,The human city of Zion defends itself against the massive invasion of the machines as Neo fights to end the war at another front while also opposing the rogue Agent Smith.,https://image.tmdb.org/t/p/w500/t1wm4PgOQ8e4z1C6tk1yDNrps4T.jpg,https://image.tmdb.org/t/p/w780/533xAMhhVyjTy8hwMUFEt5TuDfR.jpg,Adventure; Action; Thriller; Science Fiction; Action | Adventure | Science Fiction | Thriller,,dying and death; rescue; future; mission; man vs machine; underground world; machine town; martial arts; kung fu; hero; dreams; fortune teller; artificial intelligence (a.i.); computer; saving the world; flying; temple; computer virus; virtual reality; fight; faith; truth; philosophy; key; killer robot; subway; dystopia; sun; sunlight; precognition; super computer; ying yang; cyberpunk; philosophical; action hero; gnosticism; grand,,,,Amazon Video (rent); Apple TV (rent); Google Play Movies (rent); YouTube (rent); Fandango At Home (rent); Spectrum On Demand (rent); Plex (rent); Amazon Video (buy); Apple TV (buy); Google Play Movies (buy); YouTube (buy); Fandango At Home (buy),English; French,United States of America,The Matrix Collection,2025-09-25T17:32:57
The Maze Runner,2014,tt1790864,198663,113,"A teenager with no memory of his past finds himself among a group of boys living in a walled enclosure surrounded by a massive, ever-changing maze. As he struggles to adapt to their rules and society, he begins to uncover clues that may lead to escape and the truth behind their confinement.",https://image.tmdb.org/t/p/w500/ode14q7WtDugFDp78fo9lCsmay9.jpg,https://image.tmdb.org/t/p/w780/eTlcNXGv32zkVI7ZDHhfeaKHXKQ.jpg,Action; Mystery; Science Fiction; Thriller; Action | Mystery | Science Fiction | Thriller,,based on novel or book; escape; dystopia; maze; post-apocalyptic future; memory loss; trapped; based on young adult novel,,,,Amazon Video (rent); Apple TV (rent); Google Play Movies (rent); YouTube (rent); Fandango At Home (rent); Amazon Video (buy); Apple TV (buy); Google Play Movies (buy); YouTube (buy); Fandango At Home (buy),English,United States of America; United Kingdom,The Maze Runner Collection,2025-09-25T17:32:57
The Meg,2018,tt4779682,345940,113,"A deep sea submersible pilot revisits his past fears in the Mariana Trench, and accidentally unleashes the seventy foot ancestor of the Great White Shark believed to be extinct.",https://image.tmdb.org/t/p/w500/eyWICPcxOuTcDDDbTMOZawoOn8d.jpg,https://image.tmdb.org/t/p/w780/ibKeXahq4JD63z6uWQphqoJLvNw.jpg,Action; Science Fiction; Horror; Action | Horror | Science Fiction,,beach; based on novel or book; deep sea; underwater; shark; oceanic expedition; kaiju; animal horror; underwater facility; mariana trench; amused; antagonistic; frightened,,,,Hulu; Amazon Video (rent); Apple TV (rent); Google Play Movies (rent); YouTube (rent); Fandango At Home (rent); Spectrum On Demand (rent); Plex (rent); Amazon Video (buy); Apple TV (buy); Google Play Movies (buy); YouTube (buy); Fandango At Home (buy),Mandarin; English; Japanese; Thai,China; United States of America,The Meg Collection,2025-09-25T17:32:57
The Menu,2022,tt9764362,593643,107,"A young couple travels to a remote island to eat at an exclusive restaurant where the chef has prepared a lavish menu, with some shocking surprises.",https://image.tmdb.org/t/p/w500/fPtUgMcLIboqlTlPrq0bQpKK8eq.jpg,https://image.tmdb.org/t/p/w780/mSyQoValhBsJdq3JNGXJww2Q5yL.jpg,Comedy; Horror; Thriller; Comedy | Horror | Thriller,,psychopath; obsession; mass murder; restaurant; dark comedy; revenge; food; dinner; chef; food critic; remote island; french cuisine; culinary arts; fine dining; haute cuisine; direct; absurd; appreciative; foreboding; pessimistic,,,,fuboTV; YouTube TV; FXNow; Amazon Video (rent); Apple TV (rent); Google Play Movies (rent); YouTube (rent); Fandango At Home (rent); Amazon Video (buy); Apple TV (buy); Google Play Movies (buy); YouTube (buy); Fandango At Home (buy),Spanish; English,United States of America,,2025-09-25T17:32:58
The Midnight Meat Train,2008,tt0805570,10185,98,"A photographer's obsessive pursuit of dark subject matter leads him into the path of a serial killer who stalks late night commuters, ultimately butchering them in the most gruesome ways.",https://image.tmdb.org/t/p/w500/x5YbfyUA8huK0shr008xwzNVJ5Y.jpg,https://image.tmdb.org/t/p/w780/rlFaYFHwUmetf6VhKDIwrYEOeez.jpg,Horror; Mystery; Fantasy; Fantasy | Horror | Mystery,,photographer; gore; butcher; vegetarian; stalking; subway train; urban gothic,,,,fuboTV; MovieSphere+ Amazon Channel; The Roku Channel; Fandango at Home Free; Hoopla; Plex; Plex Channel; Fawesome; Amazon Video (rent); Apple TV (rent); Google Play Movies (rent); YouTube (rent); Fandango At Home (rent); Amazon Video (buy); Apple TV (buy); Google Play Movies (buy); YouTube (buy); Fandango At Home (buy),English,United States of America,,2025-09-25T17:32:58
The Mummy,1999,tt0120616,564,124,Dashing legionnaire Rick O'Connell stumbles upon the hidden ruins of Hamunaptra while in the midst of a battle to claim the area in 1920s Egypt. It has been over three thousand years since former High Priest Imhotep suffered a fate worse than death as a punishment for a forbidden love—along with a curse that guarantees eternal doom upon the world if he is ever awoken.,https://image.tmdb.org/t/p/w500/yhIsVvcUm7QxzLfT6HW2wLf5ajY.jpg,https://image.tmdb.org/t/p/w780/8zLS8p1tRyWFLRFfmgQq0j5WE6z.jpg,Adventure; Action; Fantasy; Action | Adventure | Fantasy,,egypt; cairo; library; secret passage; pastor; pyramid; sandstorm; solar eclipse; mummy; foreign legion; nile; secret society; treasure hunt; remake; archaeologist; tomb; book of the dead; ancient egypt; opposites attract; 1920s; pharoah; good versus evil,,,,Peacock Premium; Peacock Premium Plus; Amazon Video (rent); Apple TV (rent); Google Play Movies (rent); YouTube (rent); Fandango At Home (rent); Spectrum On Demand (rent); Amazon Video (buy); Apple TV (buy); Google Play Movies (buy); YouTube (buy); Fandango At Home (buy),English; Arabic,United States of America,The Mummy Collection,2025-09-25T17:32:58
The Mummy,1999,tt2345759,282035,110,"Though safely entombed in a crypt deep beneath the unforgiving desert, an ancient queen whose destiny was unjustly taken from her is awakened in our current day, bringing with her malevolence grown over millennia, and terrors that defy human comprehension.",https://image.tmdb.org/t/p/w500/zxkY8byBnCsXodEYpK8tmwEGXBI.jpg,https://image.tmdb.org/t/p/w780/i4ZougHEyBAboDpi6jsaTUDTjUl.jpg,Fantasy; Thriller; Action; Adventure; Horror,,egypt; monster; supernatural; mummy; remake; tomb; egyptian mythology; dark universe,,,,YouTube TV; Amazon Video (rent); Apple TV (rent); Google Play Movies (rent); YouTube (rent); Fandango At Home (rent); Amazon Video (buy); Apple TV (buy); Google Play Movies (buy); YouTube (buy); Fandango At Home (buy),Arabic; English,United States of America,,2025-09-25T17:32:59
The Mummy: Tomb of the Dragon Emperor,2008,tt0859163,1735,112,"Archaeologist Rick O'Connell travels to China, pitting him against an emperor from the 2,000-year-old Han dynasty who's returned from the dead to pursue a quest for world domination. This time, O'Connell enlists the help of his wife and son to quash the so-called 'Dragon Emperor' and his abuse of supernatural power.",https://image.tmdb.org/t/p/w500/A3acM1lX5PNWQa6r5qeMAJOxbnT.jpg,https://image.tmdb.org/t/p/w780/W034dd7w2malON26KWyZm4y37W.jpg,Adventure; Action; Fantasy; Action | Adventure | Fantasy,,china; sword; pyramid; mummy; yeti; chinese emperor; tomb; great wall of china; terracotta army; 1940s; 3rd century bc,,,,Amazon Video (rent); Apple TV (rent); Google Play Movies (rent); YouTube (rent); Fandango At Home (rent); Amazon Video (buy); Apple TV (buy); Google Play Movies (buy); YouTube (buy); Fandango At Home (buy),English; Mandarin; Sanskrit,China; Germany; United States of America,The Mummy Collection,2025-09-25T17:32:59
The Neverending Story,1984,tt0088323,34584,102,"While hiding from bullies in his school's attic, a young boy discovers the extraordinary land of Fantasia, through a magical book called The Neverending Story. The book tells the tale of Atreyu, a young warrior who, with the help of a luck dragon named Falkor, must save Fantasia from the destruction of The Nothing.",https://image.tmdb.org/t/p/w500/ddYCa91iDXfJCxaqSYzwi2fjfnl.jpg,https://image.tmdb.org/t/p/w780/or6DXSUr7vhqwjFgxP4MqghYr6U.jpg,Adventure; Fantasy; Family; Drama; Adventure | Drama | Family | Fantasy,,based on novel or book; wolf; magic; fairy tale; horse; mythology; child hero; anthropomorphism; bully; school; creature; reading; book store; fantasy world; giant; gnome; quest; child protagonist; father son relationship; based on young adult novel; magical necklace,,,,Amazon Video (rent); Apple TV (rent); Google Play Movies (rent); YouTube (rent); Fandango At Home (rent); Plex (rent); Amazon Video (buy); Apple TV (buy); Google Play Movies (buy); YouTube (buy); Fandango At Home (buy),English,Germany,The NeverEnding Story Collection,2025-09-25T17:32:59
The Nice Guys,2016,tt3799694,290250,116,A private eye investigates the apparent suicide of a fading porn star in 1970s Los Angeles and uncovers a conspiracy.,https://image.tmdb.org/t/p/w500/clq4So9spa9cXk3MZy2iMdqkxP2.jpg,https://image.tmdb.org/t/p/w780/vTNzXPvFRn8Z4vn2myhkNpq26J6.jpg,Comedy; Crime; Action; Action | Comedy | Crime,,daughter; pornography; detective; 1970s; investigation; alcoholism; private investigator; conspiracy; whodunit; alcoholic; buddy cop; private eye; neo-noir; father daughter relationship; lighthearted; hilarious; amused; earnest; vibrant,,,,Amazon Video (rent); Apple TV (rent); Google Play Movies (rent); YouTube (rent); Fandango At Home (rent); Spectrum On Demand (rent); Amazon Video (buy); Apple TV (buy); Google Play Movies (buy); YouTube (buy); Fandango At Home (buy),English,United States of America,,2025-09-25T17:32:59
The Nightmare Before Christmas,1993,tt0107688,9479,76,"Tired of scaring humans every October 31 with the same old bag of tricks, Jack Skellington, the spindly king of Halloween Town, kidnaps Santa Claus and plans to deliver shrunken heads and other ghoulish gifts to children on Christmas morning. But as Christmas approaches, Jack's rag-doll girlfriend, Sally, tries to foil his misguided plans.",https://image.tmdb.org/t/p/w500/oQffRNjK8e19rF7xVYEN8ew0j7b.jpg,https://image.tmdb.org/t/p/w780/xWT5F1DNxciNLEMXRl49iq8zvN7.jpg,Fantasy; Animation; Family; Animation | Family | Fantasy,,skeleton; fire; magic; holiday; santa claus; halloween; villain; musical; christmas tree; saving christmas; pumpkin; woods; stop motion; christmas horror; christmas,,,,Disney Plus; Amazon Video (rent); Apple TV (rent); Google Play Movies (rent); YouTube (rent); Fandango At Home (rent); Amazon Video (buy); Apple TV (buy); Google Play Movies (buy); YouTube (buy); Fandango At Home (buy),English,United States of America,,2025-09-25T17:33:00
The Northman,2022,tt11138512,639933,137,"Prince Amleth is on the verge of becoming a man when his father is brutally murdered by his uncle, who kidnaps the boy's mother. Two decades later, Amleth is now a Viking who's on a mission to save his mother, kill his uncle and avenge his father.",https://image.tmdb.org/t/p/w500/aSSJMnHknzKjlZ6zybwD7eyJ4Po.jpg,https://image.tmdb.org/t/p/w780/qZYvF1M7y8Gfp4S6OBHbYfB0Lgc.jpg,Action; Adventure; Fantasy; Action | Adventure | Fantasy,,"father murder; sword; prince; gore; vikings (norsemen); iceland; death of father; northern ireland; sword fight; revenge; fate; king; brutality; hamlet; based on myths, legends or folklore; disturbed; aggressive; grim; nordic; 10th century; fantasy",,,,fuboTV; Peacock Premium; Starz Apple TV Channel; YouTube TV; NBC; USA Network; Peacock Premium Plus; Fandango at Home Free; Amazon Video (rent); Apple TV (rent); Google Play Movies (rent); YouTube (rent); Fandango At Home (rent); FlixFling (rent); Spectrum On Demand (rent); Amazon Video (buy); Apple TV (buy); Google Play Movies (buy); YouTube (buy); Fandango At Home (buy),English; Icelandic,United States of America,,2025-09-25T17:33:00
The Nun,2018,tt5814060,439079,96,A priest with a dark past and a novice nearing her final vows are sent by the Vatican to Romania to investigate a nun's death and face a demonic force.,https://image.tmdb.org/t/p/w500/sFC1ElvoKGdHJIWRpNB3xWJ9lJA.jpg,https://image.tmdb.org/t/p/w780/cMnVmutb5mVgIBeiMOncAbwNjvG.jpg,Horror; Mystery; Thriller,,"rome, italy; nun; supernatural; exorcism; father; priest; spirit; demon; spin off; evil nun; demonic possession; romania; murder mystery; ancient evil; the conjuring universe",,,,HBO Max; HBO Max Amazon Channel; Amazon Video (rent); Apple TV (rent); Google Play Movies (rent); YouTube (rent); Fandango At Home (rent); Plex (rent); Amazon Video (buy); Apple TV (buy); Google Play Movies (buy); YouTube (buy); Fandango At Home (buy),Mandarin; English; French; Latin; Romanian,United States of America,The Nun Collection,2025-09-25T17:33:00
The Other Side of the Door,2016,tt3702652,364116,96,"Grieving over the loss of her son, a mother struggles with her feelings for her daughter and her husband. She seeks out a ritual that allows her say goodbye to her dead child, opening the veil between the world of the dead and the living. Her daughter becomes the focus of terror. She must now protect against the evil that was once her beloved son.",https://image.tmdb.org/t/p/w500/z5HubVaGLp1EXQbEXhg6hbEYee9.jpg,https://image.tmdb.org/t/p/w780/k6OumxPkrJ4KuirkOU0Gw1KhzdM.jpg,Horror; Thriller; Horror | Thriller,,ritual; india; death; grieving; grieving parents,,,,Amazon Video (rent); Apple TV (rent); Google Play Movies (rent); YouTube (rent); Fandango At Home (rent); Amazon Video (buy); Apple TV (buy); Google Play Movies (buy); YouTube (buy); Fandango At Home (buy),English,India; United Kingdom,,2025-09-25T17:33:01
The Other Woman,2014,tt2203939,52505,98,"Emilia, a law-school graduate, falls in love with her married boss, Jack. After Emilia marries Jack, her happiness turns unexpectedly to grief following the death of her infant daughter. Devastated, Emilia nonetheless carries on, attempting to forge a connection with her stepson William and to resist the interference of Jack's jealous ex-wife.",https://image.tmdb.org/t/p/w500/kKzKxip6Qezdw5pSR9ozib0RB2F.jpg,https://image.tmdb.org/t/p/w780/nCKebrEB0kTPN10NUxoHumMTsnM.jpg,Drama,,based on novel or book; romantic rivalry; candlelight vigil,,,,fuboTV; Paramount+ with Showtime; AMC Plus Apple TV Channel; Paramount+ Amazon Channel; AMC+ Amazon Channel; Paramount+ Roku Premium Channel; AMC+; Philo; Tubi TV; Kanopy; Apple TV (rent); Apple TV (buy); Google Play Movies (buy); YouTube (buy),English,United States of America,,2025-09-25T17:33:01
The Perfect Storm,2000,tt0177971,2133,130,"In October 1991, a confluence of weather conditions combined to form a killer storm in the North Atlantic. Caught in the storm was the sword-fishing boat Andrea Gail.",https://image.tmdb.org/t/p/w500/vJPoxqgpfFNbGi0HyoNsjFeLCio.jpg,https://image.tmdb.org/t/p/w780/tO1wEUOSmZLyttwkhOMzUxTiR7k.jpg,Drama; Adventure; Action; Action | Adventure | Drama,,based on novel or book; natural disaster; u.s. air force; biography; based on true story; marine; disaster; shark; tragic event; thunderstorm; new england; jamaican; meteorologist; rescue boat; city hall; the flemish cap; male camaraderie; storm at sea; 1990s; man vs nature,,,,YouTube TV; Amazon Video (rent); Apple TV (rent); Google Play Movies (rent); YouTube (rent); Fandango At Home (rent); Spectrum On Demand (rent); Amazon Video (buy); Apple TV (buy); Google Play Movies (buy); YouTube (buy); Fandango At Home (buy),English,United States of America,,2025-09-25T17:33:01
The Place Beyond the Pines,2012,tt1817273,97367,140,"A motorcycle stunt rider considers committing a crime in order to provide for his wife and child, an act that puts him on a collision course with a cop-turned-politician.",https://image.tmdb.org/t/p/w500/vY5j2xQzMGWmxBuhQo0HfA4Lxqb.jpg,https://image.tmdb.org/t/p/w780/qnYwh0tGs0wvjkf7pGPr3TmVFh6.jpg,Drama; Crime; Crime | Drama,,corruption; parent child relationship; hostage; motel; carnival; stuntman; house party; mechanic; religion; bag of money; motorcycle; police officer; bank robbery; rookie cop; haunted by the past; legacy; evidence room; dreary; tragic; diverging narrative,,,,Amazon Video (rent); Apple TV (rent); Google Play Movies (rent); YouTube (rent); Fandango At Home (rent); Amazon Video (buy); Apple TV (buy); Google Play Movies (buy); YouTube (buy); Fandango At Home (buy),English; Spanish,United States of America,,2025-09-25T17:33:02
The Polar Express,2004,tt0338348,5255,100,"When a doubting young boy takes an extraordinary train ride to the North Pole, he embarks on a journey of self-discovery that shows him that the wonder of life never fades for those who believe.",https://image.tmdb.org/t/p/w500/eOoCzH0MqeGr2taUZO4SwG416PF.jpg,https://image.tmdb.org/t/p/w780/y8Mabq84N0d5fm83CWb9Zkltkwr.jpg,Animation; Adventure; Family; Fantasy; Adventure | Animation | Family | Fantasy,,faith; holiday; santa claus; nerd; bell; train; beard; north pole; trestle; ticket; train travel; christmas,,,,Amazon Video (rent); Apple TV (rent); Google Play Movies (rent); YouTube (rent); Fandango At Home (rent); Spectrum On Demand (rent); Plex (rent); Amazon Video (buy); Apple TV (buy); Google Play Movies (buy); YouTube (buy); Fandango At Home (buy),English,United States of America,The Polar Express Collection,2025-09-25T17:33:02
The Possession,2012,tt0431021,77883,92,"A young girl buys an antique box at a yard sale, unaware that inside the collectible lives a malicious ancient spirit. The girl's father teams with his ex-wife to find a way to end the curse upon their child.",https://image.tmdb.org/t/p/w500/4VxIbGO5A9HRlkAPMi70zimosDY.jpg,https://image.tmdb.org/t/p/w780/A83Y5I16txh9lZGlhHP37PhBh33.jpg,Horror; Thriller; Horror | Thriller,,exorcism; house; rabbi; hospital; demonic possession; divorced parents; basketball coach; dybbuk box; sister sister relationship; hebrew text; jewish folklore,,,,fuboTV; Starz Apple TV Channel; MovieSphere+ Amazon Channel; The Roku Channel; Amazon Video (rent); Apple TV (rent); Google Play Movies (rent); YouTube (rent); Fandango At Home (rent); Amazon Video (buy); Apple TV (buy); Google Play Movies (buy); YouTube (buy); Fandango At Home (buy),English; Yiddish; Polish,United States of America; Canada,,2025-09-25T17:33:02
The Prestige,2006,tt0482571,1124,130,"A mysterious story of two magicians whose intense rivalry leads them on a life-long battle for supremacy -- full of obsession, deceit and jealousy with dangerous and deadly consequences.",https://image.tmdb.org/t/p/w500/2ZOzyhoW08neG27DVySMCcq2emd.jpg,https://image.tmdb.org/t/p/w780/yCnJT53HMXAK87xzPAdjdYhZ3JE.jpg,Drama; Mystery; Science Fiction; Drama | Mystery | Science Fiction,,"dying and death; suicide; class society; london, england; magic; competition; obsession; hostility; class; diary; twist; tricks; illusion; rivalry; partner; steampunk; cruelty; hanging; jail cell; 19th century; nikola tesla; magician; tesla coil; bittersweet; secret; absurd; mind-blowing",,,,Amazon Video (rent); Apple TV (rent); Google Play Movies (rent); YouTube (rent); Fandango At Home (rent); Amazon Video (buy); Apple TV (buy); Google Play Movies (buy); YouTube (buy); Fandango At Home (buy),English,United Kingdom; United States of America,,2025-09-25T17:33:03
The Princess Bride,1987,tt0093779,2493,99,"In this enchantingly cracked fairy tale, the beautiful Princess Buttercup and the dashing Westley must overcome staggering odds to find happiness amid six-fingered swordsmen, murderous princes, Sicilians and rodents of unusual size. But even death can't stop these true lovebirds from triumphing.",https://image.tmdb.org/t/p/w500/dvjqlp2sAhUeFjUOfQDgqwpphHj.jpg,https://image.tmdb.org/t/p/w780/aQ2ZbNqIaecoQsryNe33UmDtms.jpg,Adventure; Family; Fantasy; Comedy; Romance; Adventure | Comedy | Family | Fantasy | Romance,,dreams; based on novel or book; narration; wrestling; miracle; sword fight; revenge; boat chase; pirate; wedding; swashbuckler; evil prince; screwball; impersonation; giant man; nostalgic; story within the story; hidden identity; fictitious country; grandfather grandson relationship; battle of wits; comforting; fairytale,,,,Disney Plus; Amazon Video (buy); Apple TV (buy); Google Play Movies (buy); YouTube (buy); Fandango At Home (buy),English,United States of America,,2025-09-25T17:33:03
The Purge,2013,tt2184339,158015,86,"Given the country's overcrowded prisons, the U.S. government begins to allow 12-hour periods of time in which all illegal activity is legal. During one of these free-for-alls, a family must protect themselves from a home invasion.",https://image.tmdb.org/t/p/w500/46X1ei9uf13nkkr0OhWldGyr5Uh.jpg,https://image.tmdb.org/t/p/w780/9J3HHP3kQ5ZStyirJyWPWtvvrHY.jpg,Science Fiction; Horror; Thriller; Horror | Science Fiction | Thriller,,california; dystopia; barricade; bloody fight; home invasion; survival horror; blood lust; rich vs poor; constitutional convention; legalized murder; social allegory; purge; bloody; bloody death; bloody deaths; family's house,,,,Amazon Video (rent); Apple TV (rent); Google Play Movies (rent); YouTube (rent); Fandango At Home (rent); Spectrum On Demand (rent); Amazon Video (buy); Apple TV (buy); Google Play Movies (buy); YouTube (buy); Fandango At Home (buy),English,France; United States of America,The Purge Collection,2025-09-25T17:33:03
The Purge: Anarchy,2014,tt2975578,238636,103,"One night per year, the government sanctions a 12-hour period in which citizens can commit any crime they wish -- including murder -- without fear of punishment or imprisonment. Leo, a sergeant who lost his son, plans a vigilante mission of revenge during the mayhem. However, instead of a death-dealing avenger, he becomes the unexpected protector of four innocent strangers who desperately need his help if they are to survive the night.",https://image.tmdb.org/t/p/w500/qwqHHZLZSUvMkAMQ47ymtfjEifY.jpg,https://image.tmdb.org/t/p/w780/blfZnm6StMPnTY35kaooPBCsSVp.jpg,Horror; Thriller; Horror | Thriller,,sniper; psychopath; bus; assault rifle; dystopia; machete; sequel; revenge; murder; rampage; motorcycle; masked man; death; survival horror; martyr; gatling gun; purge; cautionary,,,,fuboTV; NBC; USA Network; Amazon Video (rent); Apple TV (rent); Google Play Movies (rent); YouTube (rent); Fandango At Home (rent); Spectrum On Demand (rent); Amazon Video (buy); Apple TV (buy); Google Play Movies (buy); YouTube (buy); Fandango At Home (buy),English,France; United States of America,The Purge Collection,2025-09-25T17:33:03
The Purge: Election Year,2016,tt4094724,316727,109,"Two years after choosing not to kill the man who killed his son, former police sergeant Leo Barnes has become head of security for Senator Charlene Roan, the front runner in the next Presidential election due to her vow to eliminate the Purge. On the night of what should be the final Purge, a betrayal from within the government forces Barnes and Roan out onto the street where they must fight to survive the night.",https://image.tmdb.org/t/p/w500/gg7tlp45xqGWMra0sqQVPvybje2.jpg,https://image.tmdb.org/t/p/w780/a7V3ZXCDAk3P7GjpgfN0IInjh0r.jpg,Action; Horror; Thriller; Action | Horror | Thriller,,dystopia; sequel; survival horror; calvary; legalized murder; purge; attack on politician; military attack,,,,Cinemax Amazon Channel; Cinemax Apple TV Channel; Amazon Video (rent); Apple TV (rent); Google Play Movies (rent); YouTube (rent); Fandango At Home (rent); Spectrum On Demand (rent); Amazon Video (buy); Apple TV (buy); Google Play Movies (buy); YouTube (buy); Fandango At Home (buy),English,France; Japan; United States of America,The Purge Collection,2025-09-25T17:33:04
The Revenant,2015,tt1663202,281957,157,"In the 1820s, a frontiersman, Hugh Glass, sets out on a path of vengeance against those who left him for dead after a bear mauling.",https://image.tmdb.org/t/p/w500/ji3ecJphATlVgWNY0B0RVXZizdf.jpg,https://image.tmdb.org/t/p/w780/sGOw65ZmfgGfistCjuNsazjs6j9.jpg,Western; Drama; Adventure; Adventure | Drama | Western,,rape; based on novel or book; parent child relationship; winter; child murder; mountain; grizzly bear; animal attack; wilderness; gore; native american; forest; based on true story; liar; fur trapping; frontier; remake; revenge; survival; murder; bear; snow; scalping; animals; nature; wild west; bear attack; indian attack; dead horse; starvation; 19th century; grim; wolves; ice,,,,Amazon Video (rent); Apple TV (rent); Google Play Movies (rent); YouTube (rent); Fandango At Home (rent); Amazon Video (buy); Apple TV (buy); Google Play Movies (buy); YouTube (buy); Fandango At Home (buy),English; French,Canada; Hong Kong; Taiwan; United States of America,,2025-09-25T17:33:04
The River Wild,1994,tt0110997,8987,111,"Gail and Tom Hartman are struggling to stay together and decide to take a white-water rafting holiday adventure in Montana for their son Roarke's 10th birthday, only to meet up with a pair of mysterious men whose desperation grows, turning their vacation into a nightmare.",https://image.tmdb.org/t/p/w500/cvnEUdVXeuiE1qUXsmMzs8IrNl7.jpg,https://image.tmdb.org/t/p/w780/tx0OOALA0yDNOtoyITxT1xwgYdl.jpg,Adventure; Thriller; Drama; Adventure | Drama | Thriller,,"husband wife relationship; strong woman; marriage crisis; boston, massachusetts; montana; river; married couple; robber; architect; matter of life and death; dysfunctional family; hostage-taking; rafting; teacher; raft; family vacation; criminal; dog; park ranger; rowing; adventurer; heist gone wrong; gauntlet; smoke signal; sign languages; experience; escape attempt; whitewater river rafting; camping trip; father son relationship; mother son relationship; rapids; married parents; suspense; family in danger; heist thriller; teacher for the deaf; unable to swim; gripping",,,,Amazon Video (rent); Apple TV (rent); Google Play Movies (rent); YouTube (rent); Fandango At Home (rent); Spectrum On Demand (rent); Amazon Video (buy); Apple TV (buy); Google Play Movies (buy); YouTube (buy); Fandango At Home (buy),English,United States of America,,2025-09-25T17:33:04
The Rocky Horror Picture Show,1975,tt0073629,36685,100,"After getting a flat tire in the middle of nowhere, newly engaged couple Brad and Janet encounter the eerie mansion of the flamboyant, seductive Dr. Frank-N-Furter and a variety of eccentric characters. Through elaborate dance and rock music, the mad scientist unveils his latest creation: a perfect, muscular man.",https://image.tmdb.org/t/p/w500/3pyE6ZqDbuJi7zrNzzQzcKTWdmN.jpg,https://image.tmdb.org/t/p/w780/a53EGF0NzHRGKuRItsrtXBM8FCD.jpg,Comedy; Science Fiction; Fantasy; Horror; Comedy | Fantasy | Horror | Science Fiction,,sexual identity; rock 'n' roll; transvestism; time warp; transylvania; transvestite; group sex; seduction; castle; sex addiction; musical; based on play or musical; cross dressing; homoeroticism; psychotronic; horror musical; castelo,,,,BroadwayHD; Broadway HD Amazon Channel; Amazon Video (rent); Apple TV (rent); Google Play Movies (rent); YouTube (rent); Fandango At Home (rent); Amazon Video (buy); Apple TV (buy); Google Play Movies (buy); YouTube (buy); Fandango At Home (buy),German; English,United Kingdom; United States of America,The Rocky Horror Picture Show Collection,2025-09-25T17:33:05
The Running Man,1987,tt0093894,144299,103,"An Englishman with a grudge against an insurance company for a disallowed claim fakes his own death and escapes to Spain, but is soon pursued by an insurance investigator.",https://image.tmdb.org/t/p/w500/4tKUyNMhnhWeezI0AwLWc6tWyZG.jpg,https://image.tmdb.org/t/p/w780/pRvZdvB0G4PwqQbdmBmDuX4bHIf.jpg,Crime; Drama; Thriller; Crime | Drama | Thriller,,"spain; gibraltar; insurance fraud; insurance investigator; fake death; glider; ironic ending; plane wreck; málaga, spain; rock of gibraltar; relentless investigator",,,,Amazon Video (rent); Amazon Video (buy),English,United Kingdom; United States of America,,2025-09-25T17:33:05
The Sandlot,1993,tt0108037,11528,101,"During a summer of friendship and adventure, one boy becomes a part of the gang, nine boys become a team and their leader becomes a legend by confronting the terrifying mystery beyond the right field wall.",https://image.tmdb.org/t/p/w500/7PYqz0viEuW8qTvuGinUMjDWMnj.jpg,https://image.tmdb.org/t/p/w780/kFm4FbjD2mBWtK9uyXryFtOD0Ut.jpg,Family; Comedy; Comedy | Family,,sports; baseball; tree house; dog; fourth of july; san fernando valley; fence; 1960s; mastiff; kids' sports team,,,,Disney Plus; Hulu; Amazon Video (rent); Apple TV (rent); Google Play Movies (rent); YouTube (rent); Fandango At Home (rent); Amazon Video (buy); Apple TV (buy); Google Play Movies (buy); YouTube (buy); Fandango At Home (buy),French; English,United States of America,The Sandlot Collection,2025-09-25T17:33:05
The Santa Clause,1994,tt0111070,11395,97,"On Christmas Eve, divorced dad Scott Calvin and his son discover Santa Claus has fallen off their roof. When Scott takes the reins of the magical sleigh, he finds he is now the new Santa, and must convince a world of disbelievers, including himself.",https://image.tmdb.org/t/p/w500/hvV2rI60qOYELT7tHHLpxtafnBZ.jpg,https://image.tmdb.org/t/p/w780/wOoZPg0ZCJ1z1KZhVXRvX1eDZqb.jpg,Fantasy; Drama; Comedy; Family; Comedy | Drama | Family | Fantasy,,"chicago, illinois; holiday; christmas party; deal; santa claus; christmas tree; nostalgic; child custody; christmas; father son relationship; christmas eve",,,,Disney Plus; Amazon Video (rent); Apple TV (rent); Google Play Movies (rent); YouTube (rent); Fandango At Home (rent); Amazon Video (buy); Apple TV (buy); Google Play Movies (buy); YouTube (buy); Fandango At Home (buy),English,United States of America,The Santa Clause Collection,2025-09-25T17:33:06
The Scorpion King 3: Battle for Redemption,2012,tt1781896,78049,106,"Since his triumphant rise to power in the original blockbuster ""The Scorpion King"", Mathayus' kingdom has fallen and he's lost his queen to plague. Now an assassin for hire, he must defend a kingdom from an evil tyrant and his ghost warriors for the chance to regain the power and glory he once knew. Starring Ron Perlman (""Hellboy"") and Billy Zane (""Titanic""), and featuring 6-time WWE champion Dave Bautista and UFC star Kimbo Slice, ""The Scorpion King 3: Battle for Redemption"" takes ""The Mummy"" phenomenon to an all-new level of epic action and non-stop adventure.",https://image.tmdb.org/t/p/w500/chDnDwzv9njnYHDr2lhsvujSaPb.jpg,https://image.tmdb.org/t/p/w780/oNGw9appaywtcZwf64GABeTPBgL.jpg,Action; Adventure; Fantasy; Drama; Action | Adventure | Drama | Fantasy,,blunt; understated; furious; disdainful; doubtful; dubious,,,,Amazon Video (rent); Apple TV (rent); Google Play Movies (rent); YouTube (rent); Fandango At Home (rent); Amazon Video (buy); Apple TV (buy); Google Play Movies (buy); YouTube (buy); Fandango At Home (buy),English; Italian,United States of America,The Scorpion King Collection,2025-09-25T17:33:06
The Secret Life of Pets,2016,tt2709768,328111,86,"The quiet life of a terrier named Max is upended when his owner takes in Duke, a stray whom Max instantly dislikes.",https://image.tmdb.org/t/p/w500/bc3rCMgP4bbxNqGQCRlpJyU8otF.jpg,https://image.tmdb.org/t/p/w780/c1Ywtvlqls6tPBZ3BqbPtBwHyng.jpg,Family; Comedy; Adventure; Animation; Adventure | Animation | Comedy | Family,,"bunny; pet; anthropomorphism; dog; animals; apartment building; sewer; terrier; manhattan, new york city; rodent; pets; mongrel; illumination",,,,Netflix; Netflix Standard with Ads; Amazon Video (rent); Apple TV (rent); Google Play Movies (rent); YouTube (rent); Fandango At Home (rent); Spectrum On Demand (rent); Amazon Video (buy); Apple TV (buy); Google Play Movies (buy); YouTube (buy); Fandango At Home (buy),English,United States of America,The Secret Life of Pets Collection,2025-09-25T17:33:06
The Secret Life of Walter Mitty,2013,tt0359950,116745,114,A timid magazine photo manager who lives life vicariously through daydreams embarks on a true-life adventure when a negative goes missing.,https://image.tmdb.org/t/p/w500/tY6ypjKOOtujhxiSwTmvA4OZ5IE.jpg,https://image.tmdb.org/t/p/w780/pzMrxeP9XkKOtQVUBPTq5yk4ck5.jpg,Adventure; Comedy; Drama; Fantasy; Adventure | Comedy | Drama | Fantasy,,himalaya mountain range; photographer; iceland; daydream; magazine; photograph; shark; fired from the job; dreamer; online dating; daydreaming,,,,Hulu; Amazon Video (rent); Apple TV (rent); Google Play Movies (rent); YouTube (rent); Fandango At Home (rent); Amazon Video (buy); Apple TV (buy); Google Play Movies (buy); YouTube (buy); Fandango At Home (buy),English; Icelandic; Spanish,United Kingdom; United States of America; Australia; Canada,,2025-09-25T17:33:07
The Shack,2017,tt2872518,345938,132,"A grieving man receives a mysterious, personal invitation to meet with God at a place called 'The Shack'.",https://image.tmdb.org/t/p/w500/doAzav9kfdtsoSdw1MDFvjKq3J4.jpg,https://image.tmdb.org/t/p/w780/bAup7FGUlmNVOuhZFlLgmDPo0Eg.jpg,Drama; Family; Drama | Family,,based on novel or book; loss of loved one; christianity; guilt; death of daughter; family trip; christian film; christian; hopeful; straightforward,,,,MovieSphere+ Amazon Channel; Plex Channel; Amazon Video (rent); Apple TV (rent); Google Play Movies (rent); YouTube (rent); Amazon Video (buy); Apple TV (buy); Google Play Movies (buy); YouTube (buy); Fandango At Home (buy),English,Canada; Hong Kong; United States of America,,2025-09-25T17:33:07
The Shawshank Redemption,1994,tt0111161,278,142,"Imprisoned in the 1940s for the double murder of his wife and her lover, upstanding banker Andy Dufresne begins a new life at the Shawshank prison, where he puts his accounting skills to work for an amoral warden. During his long stretch in prison, Dufresne comes to be admired by the other inmates -- including an older prisoner named Red -- for his integrity and unquenchable sense of hope.",https://image.tmdb.org/t/p/w500/9cqNxx0GxF0bflZmeSMuL5tnGzr.jpg,https://image.tmdb.org/t/p/w780/pNjh59JSxChQktamG3LMp9ZoQzp.jpg,Drama; Crime; Crime | Drama,,prison; friendship; police brutality; corruption; based on novel or book; freedom; hope; prison cell; delinquent; redemption; parole board; prison escape; wrongful imprisonment; interracial friendship; framed for murder; 1940s; voiceover,,,,Philo; Amazon Video (rent); Apple TV (rent); Google Play Movies (rent); YouTube (rent); Fandango At Home (rent); Spectrum On Demand (rent); Plex (rent); Amazon Video (buy); Apple TV (buy); Google Play Movies (buy); YouTube (buy); Fandango At Home (buy),English,United States of America,,2025-09-25T17:33:07
The Shining,1980,tt0081505,694,144,"Jack Torrance accepts a caretaker job at the Overlook Hotel, where he, along with his wife Wendy and their son Danny, must live isolated from the rest of the world for the winter. But they aren't prepared for the madness that lurks within.",https://image.tmdb.org/t/p/w500/xazWoLealQwEgqZ89MLZklLZD3k.jpg,https://image.tmdb.org/t/p/w780/mmd1HnuvAzFc4iuVJcnBrhDNEKr.jpg,Horror; Thriller; Horror | Thriller,,hotel; new year's eve; child abuse; based on novel or book; isolation; telepathy; delusion; halloween; snowstorm; colorado; seclusion; surrealism; writer's block; alcoholism; premonition; psychic power; caretaker; loneliness; vision; domestic violence; postmodern; psychological thriller; writer; twins; labyrinth; alcoholic; blizzard; mutilation; bloody body of child; extrasensory perception; uxoricide; motherhood; filicide; snowed in; burial ground; hypothermia; haunted hotel; psychological disintegration; paranoid; afi; pediatrician; repetition; mother son relationship; malicious; supernatural power; anxious; new year; supernatural horror; ghost child; psychotronic film; dreary; cabin fever; psychological horror; deal with the devil; nuclear family; avant garde; suspenseful; new year's party; identical twins,,,,Amazon Video (rent); Apple TV (rent); Google Play Movies (rent); YouTube (rent); Fandango At Home (rent); Plex (rent); Amazon Video (buy); Apple TV (buy); Google Play Movies (buy); YouTube (buy); Fandango At Home (buy),English,United Kingdom; United States of America,The Shining Collection,2025-09-25T17:33:07
The Sound of Music,1965,tt0059742,15121,174,"In the years before the Second World War, a tomboyish postulant at an Austrian abbey is hired as a governess in the home of a widowed naval captain with seven children, and brings a new love of life and music into the home.",https://image.tmdb.org/t/p/w500/c6CrUZypAsBCaRWX0M3RVRDbhNS.jpg,https://image.tmdb.org/t/p/w780/ioQYjcRnU54ir5ltgyS7k53zw5x.jpg,Drama; Family; Music; Romance; Drama | Family | Music | Romance,,resistance; world war ii; musical; austria; based on true story; music competition; based on play or musical; alps mountains; governess; convent (nunnery); novice; puppet show; nun in love; nazi occupation; 1930s; cheerful; comforting; joyful,,,,Disney Plus; Amazon Video (rent); Apple TV (rent); Google Play Movies (rent); YouTube (rent); Fandango At Home (rent); Spectrum On Demand (rent); Amazon Video (buy); Apple TV (buy); Google Play Movies (buy); YouTube (buy); Fandango At Home (buy),English; German,United States of America,,2025-09-25T17:33:08
The Space Between Us,2017,tt3922818,365942,121,A young man raised by scientists on Mars returns to Earth to find his father.,https://image.tmdb.org/t/p/w500/lRBl9mfvUbZeaAyXoP09XwPOo0W.jpg,https://image.tmdb.org/t/p/w780/5SGAJrTVpWXKNdEwspTG9s60YOp.jpg,Romance; Adventure; Science Fiction; Drama; Adventure | Drama | Romance | Science Fiction,,future; planet mars; space colony; fish out of water; scientist; teenage love; search for father,,,,fuboTV; Paramount+ with Showtime; Paramount+ Amazon Channel; Paramount+ Roku Premium Channel; MovieSphere+ Amazon Channel; Amazon Video (rent); Google Play Movies (rent); YouTube (rent); Fandango At Home (rent); Amazon Video (buy); Google Play Movies (buy); YouTube (buy); Fandango At Home (buy),English,China; United States of America,,2025-09-25T17:33:08
The Spy Who Dumped Me,2018,tt6663582,454992,116,A couple of thirtysomething best friends unwittingly become entangled in an international conspiracy when one’s ex-boyfriend shows up at their apartment with a team of deadly assassins on his trail.,https://image.tmdb.org/t/p/w500/szEKivKPOdRyogROoQIldwbMl.jpg,https://image.tmdb.org/t/p/w780/9CqzJn0nLaDNM6QWfGkuox2Oi93.jpg,Comedy; Action; Adventure; Action | Adventure | Comedy,,"berlin, germany; paris, france; spy; prague, czech republic; female friendship; best friend; los angeles, california; save the day; acrobats; edward snowden",,,,Amazon Video (rent); Apple TV (rent); Google Play Movies (rent); YouTube (rent); Plex (rent); Amazon Video (buy); Apple TV (buy); Google Play Movies (buy); YouTube (buy),English; French; German; Lithuanian; Russian,United States of America,,2025-09-25T17:33:08
The Super Mario Bros. Movie,2023,tt6718170,502356,93,"While working underground to fix a water main, Brooklyn plumbers—and brothers—Mario and Luigi are transported down a mysterious pipe and wander into a magical new world. But when the brothers are separated, Mario embarks on an epic quest to find Luigi.",https://image.tmdb.org/t/p/w500/qNBAXBIQlnOThrVvA6mA2B5ggV6.jpg,https://image.tmdb.org/t/p/w780/9n2tJBplPbgR2ca05hS5CKXwP2c.jpg,Family; Comedy; Adventure; Animation; Adventure | Animation | Comedy | Family,,gorilla; plumber; villain; anthropomorphism; magic mushroom; based on video game; toad; aftercreditsstinger; duringcreditsstinger; damsel in distress; piano; brother brother relationship; illumination; evil king,,,,Amazon Prime Video; Amazon Prime Video with Ads; Amazon Video (rent); Apple TV (rent); Google Play Movies (rent); YouTube (rent); Fandango At Home (rent); Spectrum On Demand (rent); Amazon Video (buy); Apple TV (buy); Google Play Movies (buy); YouTube (buy); Fandango At Home (buy),English,Japan; United States of America,The Super Mario Bros. Collection,2025-09-25T17:33:09
The Terminator,1984,tt0088247,218,108,"In the post-apocalyptic future, reigning tyrannical supercomputers teleport a cyborg assassin known as the ""Terminator"" back to 1984 to kill Sarah Connor, whose unborn son is destined to lead insurgents against 21st century mechanical hegemony. Meanwhile, the human-resistance movement dispatches a lone warrior to safeguard Sarah. Can he stop the virtually indestructible killing machine?",https://image.tmdb.org/t/p/w500/hzXSE66v6KthZ8nPoLZmsi2G05j.jpg,https://image.tmdb.org/t/p/w780/ffdqHMWkh1h9MABwIfbfRJhgFW6.jpg,Action; Thriller; Science Fiction; Action | Science Fiction | Thriller,,"man vs machine; artificial intelligence (a.i.); saving the world; laser gun; cyborg; killer robot; shotgun; rebel; dystopia; villain; time travel; los angeles, california; urban setting; future war; savior; tech noir; time paradox; action hero; griffith observatory; good versus evil; intense",,,,HBO Max; HBO Max Amazon Channel; MGM+ Amazon Channel; Amazon Video (rent); Apple TV (rent); Google Play Movies (rent); YouTube (rent); Fandango At Home (rent); Spectrum On Demand (rent); Plex (rent); Amazon Video (buy); Apple TV (buy); Google Play Movies (buy); YouTube (buy); Fandango At Home (buy),English; Spanish,United Kingdom; United States of America,The Terminator Collection,2025-09-25T17:33:09
The Theory of Everything,2014,tt2980516,266856,123,"The Theory of Everything is the extraordinary story of one of the world’s greatest living minds, the renowned astrophysicist Stephen Hawking, who falls deeply in love with fellow Cambridge student Jane Wilde.",https://image.tmdb.org/t/p/w500/kJuL37NTE51zVP3eG5aGMyKAIlh.jpg,https://image.tmdb.org/t/p/w780/ke3lanTAgCqPMpOyutIfXzYih2s.jpg,Drama; Romance; Drama | Romance,,husband wife relationship; biography; based on true story; physicist; based on memoir or autobiography; fictional biography; motor neuron disease; als; cambridge university; inspirational; admiring,,,,Netflix; Netflix Standard with Ads; Amazon Video (rent); Apple TV (rent); Google Play Movies (rent); YouTube (rent); Fandango At Home (rent); FlixFling (rent); Spectrum On Demand (rent); Amazon Video (buy); Apple TV (buy); Google Play Movies (buy); YouTube (buy); Fandango At Home (buy),Latin; English; French; Italian,United Kingdom; United States of America,,2025-09-25T17:33:09
The Three Musketeers Part I: D'Artagnan,2023,tt12672536,796185,121,"D'Artagnan, a spirited young Gascon, is left for dead after trying to save a noblewoman from being kidnapped. Once in Paris, he tries by all means to find his attackers, unaware that his quest will lead him to the very heart of a war where the future of France is at stake. Aided by King's Musketeers Athos, Porthos and Aramis, he faces the machinations of villainous Cardinal Richelieu and Milady de Winter, while falling in love with Constance, the Queen's confidante.",https://image.tmdb.org/t/p/w500/hfExJPcbBtDeFDEb7I1By72Drlr.jpg,https://image.tmdb.org/t/p/w780/lx89oBeJIastndjbQxznnfSYpmR.jpg,Adventure; Action; Drama; History; Action | Adventure | Drama | History,,sword; musketeer; 1620s; three musketeers,,,,Hulu; Kanopy; Hoopla; Amazon Video (rent); Apple TV (rent); Google Play Movies (rent); YouTube (rent); Fandango At Home (rent); Amazon Video (buy); Apple TV (buy); Google Play Movies (buy); YouTube (buy); Fandango At Home (buy),German; English; Spanish; French; Italian; Latin,Belgium; France; Germany; Spain,The Three Musketeers Collection,2025-09-25T17:33:10
The Three Musketeers Part II: Milady,2023,tt12672620,845111,115,"D'Artagnan, on a quest to rescue the abducted Constance, runs into the mysterious Milady de Winter again. The tension between the Catholics and the Protestants finally escalates, as the king declares war — forcing the now four musketeers into battle. But as the war goes on, they are tested physically, mentally and emotionally.",https://image.tmdb.org/t/p/w500/3biswIjw14uDVil12nMOxcTAfmH.jpg,https://image.tmdb.org/t/p/w780/tWVXGyDNQM7zRKp162PSdBSgCzb.jpg,Adventure; Action; Drama; History; Action | Adventure | Drama | History,,musketeer; 1620s; three musketeers,,,,Hulu; Hoopla; Amazon Video (rent); Apple TV (rent); Google Play Movies (rent); YouTube (rent); Fandango At Home (rent); Spectrum On Demand (rent); Amazon Video (buy); Apple TV (buy); Google Play Movies (buy); YouTube (buy); Fandango At Home (buy),English; French,France; Germany; Spain; Belgium,The Three Musketeers Collection,2025-09-25T17:33:10
The Truman Show,1998,tt0120382,37165,103,An insurance salesman begins to suspect that his whole life is actually some sort of reality TV show.,https://image.tmdb.org/t/p/w500/vuza0WqY239yBXOadKlGwJsZJFE.jpg,https://image.tmdb.org/t/p/w780/rmiG2uwcNoGFmBKMoa1pIcf514L.jpg,Comedy; Drama; Comedy | Drama,,escape; paranoia; dystopia; suspicion; video surveillance; deception; hidden camera; simulated reality; television producer; tv show in film; make believe; actor; tv show; allegory of the cave,,,,Tubi TV; Kanopy; Hoopla; Amazon Video (rent); Apple TV (rent); Google Play Movies (rent); YouTube (rent); Fandango At Home (rent); Spectrum On Demand (rent); Plex (rent); Amazon Video (buy); Apple TV (buy); Google Play Movies (buy); YouTube (buy); Fandango At Home (buy),English; Italian; Japanese; Spanish,United States of America,,2025-09-25T17:33:10
The Turning,2020,tt7510346,725582,125,"A live, one-night-only filmed production of Will Arbery's Pulitzer-finalist play. It’s nearing midnight in Wyoming, where four young conservatives have gathered at a backyard after-party. They’ve returned home to toast their mentor Gina, newly inducted as president of a tiny Catholic college. But as their reunion spirals into spiritual chaos and clashing generational politics, it becomes less a celebration than a vicious fight to be understood.",https://image.tmdb.org/t/p/w500/hw3P9munKNl8P9k6xBmv4AUFOVi.jpg,https://image.tmdb.org/t/p/w780/hE2GarOAeUg6QuEklBmrEDvIXC5.jpg,Drama; Horror; Mystery,,,,,,,,,,2025-09-25T17:33:11
The Twilight Saga: Breaking Dawn - Part 2,2012,tt1673434,50620,115,"After the birth of Renesmee, the Cullens gather other vampire clans in order to protect the child from a false allegation that puts the family in front of the Volturi.",https://image.tmdb.org/t/p/w500/7IGdPaKujv0BjI0Zd0m0a4CzEjJ.jpg,https://image.tmdb.org/t/p/w780/qkl57wzSFrpi2sRpoc2mZJbMuLP.jpg,Adventure; Fantasy; Drama; Romance; Adventure | Drama | Fantasy | Romance,,based on novel or book; vampire; villainess; affectation; romance; teen movie; werewolf; supernatural creature; super strength; imprinting; cross breed; bloodsucker; grudge; chief of police; wolf pack; misinformation; seeing the future; based on young adult novel,,,,fuboTV; Amazon Video (rent); Apple TV (rent); Google Play Movies (rent); YouTube (rent); Fandango At Home (rent); Spectrum On Demand (rent); Plex (rent); Amazon Video (buy); Apple TV (buy); Google Play Movies (buy); YouTube (buy); Fandango At Home (buy),English,United States of America,The Twilight Collection,2025-09-25T17:33:11
The Unbearable Weight of Massive Talent,2022,tt11291274,648579,107,"Creatively unfulfilled and facing financial ruin, Nick Cage must accept a $1 million offer to attend the birthday of a dangerous superfan. Things take a wildly unexpected turn when Cage is recruited by a CIA operative and forced to live up to his own legend, channeling his most iconic and beloved on-screen characters in order to save himself and his loved ones.",https://image.tmdb.org/t/p/w500/aqhLeieyTpTUKPOfZ3jzo2La0Mq.jpg,https://image.tmdb.org/t/p/w780/M7Kiquud2bjrhQvZXeIrvW0J4a.jpg,Action; Comedy; Crime; Action | Comedy | Crime,,central intelligence agency (cia); undercover; screenplay; satire; birthday party; drug lord; struggling actor; father daughter relationship; ambiguous; cheerful; euphoric,,,,MovieSphere+ Amazon Channel; Amazon Video (rent); Apple TV (rent); Google Play Movies (rent); YouTube (rent); Fandango At Home (rent); Spectrum On Demand (rent); Plex (rent); Amazon Video (buy); Apple TV (buy); Google Play Movies (buy); YouTube (buy); Fandango At Home (buy),English; Spanish,United States of America,,2025-09-25T17:33:11
The Visit,2015,tt3567288,298312,94,"A brother and sister are sent to their grandparents' remote Pennsylvania farm for a week, where they discover that the elderly couple is involved in something deeply disturbing.",https://image.tmdb.org/t/p/w500/hDrToKMpKYTdwdpOhshL8ko6WVp.jpg,https://image.tmdb.org/t/p/w780/yYvQXiX4KPN0cfPzVBcWOD5OuRJ.jpg,Horror; Mystery; Thriller; Horror | Mystery | Thriller,,"farm; rap music; sibling relationship; pennsylvania, usa; grandparents; murder; single mother; oven; found footage; hide and seek; mysterious; diaper; suspenseful; tense",,,,Amazon Video (rent); Apple TV (rent); Google Play Movies (rent); YouTube (rent); Fandango At Home (rent); Spectrum On Demand (rent); Amazon Video (buy); Apple TV (buy); Google Play Movies (buy); YouTube (buy); Fandango At Home (buy),English,United States of America,,2025-09-25T17:33:11
The Voices,2014,tt1567437,244458,104,"A mentally unhinged factory worker must decide whether to listen to his talking cat and become a killer, or follow his dog's advice to keep striving for normalcy.",https://image.tmdb.org/t/p/w500/weY5OVSFmxvA3D4lfyhgvugklEh.jpg,https://image.tmdb.org/t/p/w780/d5tcsjdLw3uxBd318EIcTn9e35X.jpg,Comedy; Crime; Horror; Fantasy; Comedy | Crime | Fantasy | Horror,,serial killer; psychiatrist; killer; evil; woman director,,,,Amazon Prime Video; Peacock Premium; Amazon Prime Video with Ads; Peacock Premium Plus; The Roku Channel; Amazon Prime Video Free with Ads; Plex Channel; Fawesome; Amazon Video (rent); Apple TV (rent); Google Play Movies (rent); YouTube (rent); Fandango At Home (rent); Amazon Video (buy); Apple TV (buy); Google Play Movies (buy); YouTube (buy); Fandango At Home (buy),English,Germany; United States of America,,2025-09-25T17:33:12
The Way Back,2010,tt1023114,529485,108,"A former basketball all-star, who has lost his wife and family foundation in a struggle with addiction, attempts to regain his soul and salvation by becoming the coach of a disparate ethnically mixed high school basketball team at his alma mater.",https://image.tmdb.org/t/p/w500/ylPnfaphW3FrLBUVwAREVtiL9My.jpg,https://image.tmdb.org/t/p/w780/iTLGqoHkiSqUts9nPIdYLPtOz8C.jpg,Drama,,change; alcoholism; widower; basketball team; basketball coach; addiction recovery; dramatic; admiring,,,,Amazon Video (rent); Apple TV (rent); Google Play Movies (rent); YouTube (rent); Fandango At Home (rent); Spectrum On Demand (rent); Plex (rent); Amazon Video (buy); Apple TV (buy); Google Play Movies (buy); YouTube (buy); Fandango At Home (buy),English; Italian,United States of America; Canada,,2025-09-25T17:33:12
The Wizard of Oz,1939,tt0032138,630,102,"Young Dorothy finds herself in a magical world where she makes friends with a lion, a scarecrow and a tin man as they make their way along the yellow brick road to talk with the Wizard and ask for the things they miss most in their lives. The Wicked Witch of the West is the only thing that could stop them.",https://image.tmdb.org/t/p/w500/pfAZFD7I2hxW9HCChTuAzsdE6UX.jpg,https://image.tmdb.org/t/p/w780/nRsr98MFztBGm532hCVMGXV6qOp.jpg,Adventure; Fantasy; Family; Adventure | Family | Fantasy,,"witch; adolescence; dreams; based on novel or book; secret identity; lion; tornado; twister; scarecrow; villain; musical; kansas, usa; imaginary land; cowardliness; monkey; female villain; fantasy world; wizard; sepia color; hourglass; christmas; red shoes; based on young adult novel; tin man; playful; grand; admiring; adoring; bold; cheerful; comforting; compassionate; exuberant; joyful; powerful",,,,HBO Max; HBO Max Amazon Channel; AMC+ Amazon Channel; Philo; Amazon Video (rent); Apple TV (rent); Google Play Movies (rent); YouTube (rent); Fandango At Home (rent); Spectrum On Demand (rent); Plex (rent); Amazon Video (buy); Apple TV (buy); Google Play Movies (buy); YouTube (buy); Fandango At Home (buy),English,United States of America,,2025-09-25T17:33:12
The Wolf of Wall Street,2013,tt0993846,106646,180,"A New York stockbroker refuses to cooperate in a large securities fraud case involving corruption on Wall Street, corporate banking world and mob infiltration. Based on Jordan Belfort's autobiography.",https://image.tmdb.org/t/p/w500/kW9LmvYHAaS9iA0tHmZVq8hQYoq.jpg,https://image.tmdb.org/t/p/w780/7Nwnmyzrtd0FkcRyPqmdzTPppQa.jpg,Crime; Drama; Comedy; Comedy | Crime | Drama,,corruption; based on novel or book; drug addiction; anti hero; con man; fraud; wall street; based on true story; rise and fall; con artist; money; stockbroker; wealthy; drugs; cynical; stripping; hedonism; decadence; taunting; corrupt; shocking; 1980s; sharemarket fraud; desire for fame; financial market; fame-seeking; black monday; cautionary; hilarious; audacious; callous; disrespectful; based on real person,,,,fuboTV; MGM+ Amazon Channel; Paramount Plus; Paramount+ Amazon Channel; Paramount+ Roku Premium Channel; MGM Plus; Philo; Amazon Video (rent); Apple TV (rent); Google Play Movies (rent); YouTube (rent); Fandango At Home (rent); Plex (rent); Amazon Video (buy); Apple TV (buy); Google Play Movies (buy); YouTube (buy); Fandango At Home (buy),English; French,United States of America,,2025-09-25T17:33:13
The Wolf's Call,2019,tt7458762,484468,116,"Shown from the perspective of a young submariner with unusually sensitive hearing and uncannily precise sound recognition. The fate of many often depends on his ability, and one time, whilst highly stressed, he makes a incorrect call which put his entire crew in mortal danger.  Trying to regain the confidence of his comrades, he conducts an unauthorised investigation of an apparent plot which, it turns out, risks escalating into a nuclear apocalypse. Suddenly working under pressure with the fleet admiral, they must do whatever is necessary, even the unthinkable, to prevent a nuclear war, since a confirmed nuclear strike order cannot be countermanded.",https://image.tmdb.org/t/p/w500/8bxIzp9w9l9ZzGVwNaIKOaem05A.jpg,https://image.tmdb.org/t/p/w780/ujd2rMIVb0Z8orWrEbMWdJsBRYd.jpg,Thriller; Action; Adventure; Action | Adventure | Thriller,,nuclear missile; chain of command; sonar; nuclear submarine; french army,,,,Amazon Prime Video; Amazon Prime Video with Ads; Amazon Video (rent); Apple TV (rent); Google Play Movies (rent); YouTube (rent); Fandango At Home (rent); Amazon Video (buy); Apple TV (buy); Google Play Movies (buy); YouTube (buy); Fandango At Home (buy),French,France,,2025-09-25T17:33:13
The Wolverine,2013,tt1430132,76170,126,"Wolverine faces his ultimate nemesis - and tests of his physical, emotional, and mortal limits - in a life-changing voyage to modern-day Japan.",https://image.tmdb.org/t/p/w500/8lzmovtARDXnE7kTDOum02i6fXv.jpg,https://image.tmdb.org/t/p/w780/7D2PgX369YYePs4m44IQvROWM42.jpg,Action; Science Fiction; Adventure; Action | Adventure | Science Fiction,,japan; samurai; superhero; mutant; world war ii; based on comic; superhuman; duringcreditsstinger,,,,Disney Plus; Hulu; fuboTV; Amazon Video (rent); Apple TV (rent); Google Play Movies (rent); YouTube (rent); Fandango At Home (rent); Amazon Video (buy); Apple TV (buy); Google Play Movies (buy); YouTube (buy); Fandango At Home (buy),English; Japanese,United States of America,The Wolverine Collection,2025-09-25T17:33:13
The Woman In Black,2012,tt1596365,65086,95,"The story follows a young lawyer, Arthur Kipps, who is ordered to travel to a remote village and sort out a recently deceased client’s papers. As he works alone in the client’s isolated house, Kipps begins to uncover tragic secrets, his unease growing when he glimpses a mysterious woman dressed only in black. Receiving only silence from the locals, Kipps is forced to uncover the true identity of the Woman in Black on his own, leading to a desperate race against time when he discovers her true identity.",https://image.tmdb.org/t/p/w500/nghQnDZE4EsQJ4J4zxR3UqItTpO.jpg,https://image.tmdb.org/t/p/w780/jJ3yFKs6xeVGxtmm7GXZYQ3XAvz.jpg,Drama; Horror; Thriller; Drama | Horror | Thriller,,"london, england; remake; revenge; lawyer; dead child; photograph; gothic horror; period drama; super power; estate; ghost",,,,fuboTV; Paramount Plus; Paramount+ Amazon Channel; Paramount+ Roku Premium Channel; MGM Plus; Kanopy; Hoopla; Amazon Video (rent); Apple TV (rent); Google Play Movies (rent); YouTube (rent); Fandango At Home (rent); Amazon Video (buy); Apple TV (buy); Google Play Movies (buy); YouTube (buy); Fandango At Home (buy),English,Canada; United Kingdom,The Woman in Black Collection,2025-09-25T17:33:14
The Woman King,2022,tt8093700,724495,135,"The story of the Agojie, the all-female unit of warriors who protected the African Kingdom of Dahomey in the 1800s with skills and a fierceness unlike anything the world has ever seen, and General Nanisca as she trains the next generation of recruits and readies them for battle against an enemy determined to destroy their way of life.",https://image.tmdb.org/t/p/w500/438QXt1E3WJWb3PqNniK0tAE5c1.jpg,https://image.tmdb.org/t/p/w780/v4YV4ne1nwNni35iz4WmpZRZpCD.jpg,Action; Drama; History; Action | Drama | History,,africa; arranged marriage; warrior woman; based on true story; slave trade; duringcreditsstinger; woman director; military unit; aggressive; 19th century; mother daughter reunion; freed slave; female warrior; west africa; weapons training; factual; reminiscent; admiring; celebratory; commanding; exhilarated,,,,Hulu; fuboTV; HBO Max; HBO Max Amazon Channel; YouTube TV; FXNow; Amazon Video (rent); Apple TV (rent); Google Play Movies (rent); YouTube (rent); Fandango At Home (rent); Amazon Video (buy); Apple TV (buy); Google Play Movies (buy); YouTube (buy); Fandango At Home (buy),English; Portuguese,Canada; United States of America,,2025-09-25T17:33:14
The World Is Not Enough,1999,tt0143145,36643,128,"Greed, revenge, world dominance and high-tech terrorism – it's all in a day's work for Bond, who's on a mission to protect a beautiful oil heiress from a notorious terrorist. In a race against time that culminates in a dramatic submarine showdown, Bond works to defuse the international power struggle that has the world's oil supply hanging in the balance.",https://image.tmdb.org/t/p/w500/wCb2msgoZPK01WIqry24M4xsM73.jpg,https://image.tmdb.org/t/p/w780/n2jVDMcBEWsLFooO7W1ZkcMUtWS.jpg,Adventure; Action; Thriller; Action | Adventure | Thriller,,"mission; oil; mi6; heiress; bilbao, spain; british secret service",,,,Amazon Video (rent); Apple TV (rent); Google Play Movies (rent); YouTube (rent); Fandango At Home (rent); Spectrum On Demand (rent); Plex (rent); Amazon Video (buy); Apple TV (buy); Google Play Movies (buy); YouTube (buy); Fandango At Home (buy),English; Russian,United Kingdom,James Bond Collection,2025-09-25T17:33:14
The World's End,2013,tt1213663,107985,109,Five friends who reunite in an attempt to top their epic pub crawl from 20 years earlier unwittingly become humankind's only hope for survival.,https://image.tmdb.org/t/p/w500/kpglnOBYmKn0AkkWDzGxzKHDbds.jpg,https://image.tmdb.org/t/p/w780/stAPkorBeBkvEZ6DQs30Ke4cPyr.jpg,Comedy; Action; Science Fiction; Action | Comedy | Science Fiction,,addiction; alcoholism; end of the world; apocalypse; homage; pub; hilarious; pub crawl,,,,Amazon Video (rent); Apple TV (rent); Google Play Movies (rent); YouTube (rent); Fandango At Home (rent); Spectrum On Demand (rent); Amazon Video (buy); Apple TV (buy); Google Play Movies (buy); YouTube (buy); Fandango At Home (buy),English,United Kingdom; United States of America,,2025-09-25T17:33:14
The Young Messiah,2016,tt1002563,318850,120,"Tells the story of Jesus Christ at age seven as he and his family depart Egypt to return home to Nazareth. Told from his childhood perspective, it follows young Jesus as he grows into his religious identity.",https://image.tmdb.org/t/p/w500/ubehK1ZnM0NQphchuaMeE4A1BZk.jpg,https://image.tmdb.org/t/p/w780/6dzAELFO8H9s7g9RVmKan4mvH6F.jpg,Drama,,egypt; bible; gospel; journey,,,,Amazon Video (rent); Apple TV (rent); Google Play Movies (rent); YouTube (rent); Fandango At Home (rent); Amazon Video (buy); Apple TV (buy); Google Play Movies (buy); YouTube (buy); Fandango At Home (buy),English,United States of America; South Korea,,2025-09-25T17:33:15
There's Something About Mary,1998,tt0129387,544,120,"For Ted, prom night went about as bad as it’s possible for any night to go. Thirteen years later, he finally gets another chance with his old prom date, only to run up against other suitors including the sleazy detective he hired to find her.",https://image.tmdb.org/t/p/w500/slJD1Dvnsf15LoeqhERsyzisAdn.jpg,https://image.tmdb.org/t/p/w780/egJQ3nIon5fT8wyXcKRHzvmtZpD.jpg,Romance; Comedy; Comedy | Romance,,surgeon; romcom; stalker; dream girl; taboo; screwball comedy; frisbee; troubadour; intellectual disability,,,,Hulu; YouTube TV; Amazon Video (rent); Apple TV (rent); Google Play Movies (rent); YouTube (rent); Fandango At Home (rent); Spectrum On Demand (rent); Amazon Video (buy); Apple TV (buy); Google Play Movies (buy); YouTube (buy); Fandango At Home (buy),English,United States of America,,2025-09-25T17:33:15
This Is 40,2012,tt1758830,89492,134,"Pete and Debbie are both about to turn 40, their kids hate each other, both of their businesses are failing, they're on the verge of losing their house, and their relationship is threatening to fall apart.",https://image.tmdb.org/t/p/w500/mzUuOIFoVkRTHACRb58vm6mkbBN.jpg,https://image.tmdb.org/t/p/w780/botG6F4zvVD6WnDxQCWTU7U5cTD.jpg,Comedy,,husband wife relationship; family relationships; love; parenting; parents; financial problem; duringcreditsstinger; dubious,,,,Amazon Video (rent); Apple TV (rent); Google Play Movies (rent); YouTube (rent); Fandango At Home (rent); Spectrum On Demand (rent); Amazon Video (buy); Apple TV (buy); Google Play Movies (buy); YouTube (buy); Fandango At Home (buy),English,United States of America,Knocked Up Collection,2025-09-25T17:33:15
This Is the End,2013,tt1245492,109414,106,"While attending a party at James Franco's house, Seth Rogen, Jay Baruchel and many other celebrities are faced with the apocalypse.",https://image.tmdb.org/t/p/w500/tNIW0NhX1hKvUsy6PQ80DOKUhkD.jpg,https://image.tmdb.org/t/p/w780/iprzo263c5kGIBYidwvB5D2lH6v.jpg,Action; Comedy; Action | Comedy,,friendship; monster; panic; painting; exorcism; dark comedy; possession; satire; celebrity; friends; end of the world; house party; apocalypse; hollywood; creature; drugs; demon; self-referential; macabre; end; disturbed; frantic; claustrophobic; other worldly; mischievous; dreary; biblical; amused,,,,Amazon Video (rent); Apple TV (rent); Google Play Movies (rent); YouTube (rent); Fandango At Home (rent); Spectrum On Demand (rent); Amazon Video (buy); Apple TV (buy); Google Play Movies (buy); YouTube (buy); Fandango At Home (buy),English,United States of America,,2025-09-25T17:33:16
Thor,2011,tt0800369,10195,115,"Against his father Odin's will, The Mighty Thor - a powerful but arrogant warrior god - recklessly reignites an ancient war. Thor is cast down to Earth and forced to live among humans as punishment. Once here, Thor learns what it takes to be a true hero when the most dangerous villain of his world sends the darkest forces of Asgard to invade Earth.",https://image.tmdb.org/t/p/w500/prSfAi1xGrhLQNxVSUFh61xQ4Qy.jpg,https://image.tmdb.org/t/p/w780/cDJ61O1STtbWNBwefuqVrRe3d7l.jpg,Adventure; Fantasy; Action; Action | Adventure | Fantasy,,new mexico; superhero; redemption; banishment; based on comic; brother against brother; norse mythology; aftercreditsstinger; marvel cinematic universe (mcu); worlds collide; god of thunder; lighthearted; fantasy; egotistical; melodramatic,,,,Disney Plus; Amazon Video (rent); Apple TV (rent); Google Play Movies (rent); YouTube (rent); Fandango At Home (rent); Amazon Video (buy); Apple TV (buy); Google Play Movies (buy); YouTube (buy); Fandango At Home (buy),English,United States of America,Thor Collection,2025-09-25T17:33:16
Thor: Ragnarok,2017,tt3501632,284053,131,"Thor is imprisoned on the other side of the universe and finds himself in a race against time to get back to Asgard to stop Ragnarok, the destruction of his home-world and the end of Asgardian civilization, at the hands of a powerful new threat, the ruthless Hela.",https://image.tmdb.org/t/p/w500/rzRwTcFvttcN1ZpX2xv4j3tSdJu.jpg,https://image.tmdb.org/t/p/w780/6G2fLCVm9fiLyHvBrccq6GSe2ih.jpg,Action; Adventure; Science Fiction; Action | Adventure | Science Fiction,,superhero; based on comic; sequel; alien planet; female villain; norse mythology; aftercreditsstinger; duringcreditsstinger; marvel cinematic universe (mcu); norse god,,,,Disney Plus; Amazon Video (rent); Apple TV (rent); Google Play Movies (rent); Amazon Video (buy); Apple TV (buy); Google Play Movies (buy),English,United States of America,Thor Collection,2025-09-25T17:33:16
Thor: The Dark World,2013,tt1981115,76338,112,"Thor fights to restore order across the cosmos… but an ancient race led by the vengeful Malekith returns to plunge the universe back into darkness. Faced with an enemy that even Odin and Asgard cannot withstand, Thor must embark on his most perilous and personal journey yet, one that will reunite him with Jane Foster and force him to sacrifice everything to save us all.",https://image.tmdb.org/t/p/w500/wp6OxE4poJ4G7c0U2ZIXasTSMR7.jpg,https://image.tmdb.org/t/p/w780/4zTsF0RtO0av3YX1NaKDqGKPxYF.jpg,Action; Adventure; Fantasy; Action | Adventure | Fantasy,,superhero; based on comic; hostile takeover; norse mythology; aftercreditsstinger; duringcreditsstinger; marvel cinematic universe (mcu); mythological place,,,,Disney Plus; Starz Apple TV Channel; Amazon Video (rent); Apple TV (rent); Google Play Movies (rent); YouTube (rent); Fandango At Home (rent); Amazon Video (buy); Apple TV (buy); Google Play Movies (buy); YouTube (buy); Fandango At Home (buy),English,United States of America,Thor Collection,2025-09-25T17:33:17
Titanic,1997,tt0120338,597,194,"101-year-old Rose DeWitt Bukater tells the story of her life aboard the Titanic, 84 years later. A young Rose boards the ship with her mother and fiancé. Meanwhile, Jack Dawson and Fabrizio De Rossi win third-class tickets aboard the ship. Rose tells the whole story from Titanic's departure through to its death—on its first and last voyage—on April 15, 1912.",https://image.tmdb.org/t/p/w500/9xjZS2rlVxm8SFx8kPC3aIGCOYQ.jpg,https://image.tmdb.org/t/p/w780/tupgjqhWx5oieQrdyesO3aclUX9.jpg,Drama; Romance; Drama | Romance,,epic; ship; drowning; soulmates; panic; shipwreck; atlantic ocean; evacuation; iceberg; titanic; forbidden love; ocean liner; based on true story; rich woman poor man; romance; love; tragedy; tragic love; disaster; historical fiction; class differences; love affair; historical event; lifeboat; star crossed lovers; sinking ship; steerage; rich snob; tragic romance; disaster movie; 1910s; sunken ship; soulmate,,,,MGM Plus; Kanopy; Hoopla; Amazon Video (rent); Apple TV (rent); Google Play Movies (rent); YouTube (rent); Fandango At Home (rent); Spectrum On Demand (rent); Plex (rent); Amazon Video (buy); Apple TV (buy); Google Play Movies (buy); YouTube (buy); Fandango At Home (buy),English; French; German; Swedish; Italian; Russian,United States of America,,2025-09-25T17:33:17
Tommy Boy,1995,tt0114694,11381,98,"To save the family business, two ne’er-do-well traveling salesmen hit the road with disastrously funny consequences.",https://image.tmdb.org/t/p/w500/jeEM8v1OA9u6F5NC2lzXD04Ls1U.jpg,https://image.tmdb.org/t/p/w780/chJF1c4coUtVkQdv5u1YUn6H1Wm.jpg,Comedy,,road trip; buddy,,,,Netflix; YouTube TV; Netflix Standard with Ads; Hoopla; Amazon Video (rent); Apple TV (rent); Google Play Movies (rent); YouTube (rent); Fandango At Home (rent); Plex (rent); Amazon Video (buy); Apple TV (buy); Google Play Movies (buy); YouTube (buy); Fandango At Home (buy),English,United States of America,,2025-09-25T17:33:17
Tomorrow Never Dies,1997,tt0120347,714,119,A deranged media mogul is staging international incidents to pit the world's superpowers against each other. Now James Bond must take on this evil mastermind in an adrenaline-charged battle to end his reign of terror and prevent global pandemonium.,https://image.tmdb.org/t/p/w500/gZm002w7q9yLOkltxT76TWGfdZX.jpg,https://image.tmdb.org/t/p/w780/fesAgiKA0pc04vScDTAQe1f9nd4.jpg,Adventure; Action; Thriller; Action | Adventure | Thriller,,"media tycoon; navy; london, england; china; england; missile; spy; secret intelligence service; intelligence; manipulation of the media; special car; motorcycle; secret service; hamburg, germany",,,,Amazon Video (rent); Apple TV (rent); Google Play Movies (rent); YouTube (rent); Fandango At Home (rent); Spectrum On Demand (rent); Plex (rent); Amazon Video (buy); Apple TV (buy); Google Play Movies (buy); YouTube (buy); Fandango At Home (buy),German; English; Danish; Mandarin; Cantonese,United Kingdom,James Bond Collection,2025-09-25T17:33:18
Tomorrowland,2015,tt1964418,158852,130,"Bound by a shared destiny, a bright, optimistic teen bursting with scientific curiosity and a former boy-genius inventor jaded by disillusionment embark on a danger-filled mission to unearth the secrets of an enigmatic place somewhere in time and space that exists in their collective memory as ""Tomorrowland.""",https://image.tmdb.org/t/p/w500/kziYpr5Nfw60P0My8aj1sgCEqed.jpg,https://image.tmdb.org/t/p/w780/2nBCue2izIVpIXcKvdzNJnUJgaM.jpg,Adventure; Family; Mystery; Science Fiction; Adventure | Family | Mystery | Science Fiction,,inventor; apocalypse; destiny; dreamer; futuristic car; futuristic city; uplifting; disneyana; superversive,,,,Disney Plus; Hulu; Amazon Video (rent); Apple TV (rent); Google Play Movies (rent); YouTube (rent); Fandango At Home (rent); Amazon Video (buy); Apple TV (buy); Google Play Movies (buy); YouTube (buy); Fandango At Home (buy),English,United States of America,,2025-09-25T17:33:18
Top Gun,1986,tt0092099,744,110,"For Lieutenant Pete 'Maverick' Mitchell and his friend and co-pilot Nick 'Goose' Bradshaw, being accepted into an elite training school for fighter pilots is a dream come true. But a tragedy, as well as personal demons, will threaten Pete's dreams of becoming an ace pilot.",https://image.tmdb.org/t/p/w500/xUuHj3CgmZQ9P2cMaqQs4J0d4Zc.jpg,https://image.tmdb.org/t/p/w780/jILeJ60zPpIjjJHGSmIeY4eO30t.jpg,Action; Drama; Action | Drama,,"dying and death; secret love; lovesickness; airplane; loss of loved one; self-discovery; hostility; fighter pilot; pilot; training camp; battle assignment; u.s. navy; cowardliness; pilot school; based on magazine, newspaper or article; inspirational; admiring; bold; celebratory; commanding; exuberant; melodramatic; gay interest",,,,fuboTV; Paramount Plus; Paramount+ Amazon Channel; Paramount+ Roku Premium Channel; Amazon Video (rent); Apple TV (rent); Google Play Movies (rent); YouTube (rent); Fandango At Home (rent); Spectrum On Demand (rent); Plex (rent); Amazon Video (buy); Apple TV (buy); Google Play Movies (buy); YouTube (buy); Fandango At Home (buy),English,United States of America,Top Gun Collection,2025-09-25T17:33:18
Tower Heist,2011,tt0471042,59108,104,"A luxury condo manager leads a staff of workers to seek payback on the Wall Street swindler who defrauded them. With only days until the billionaire gets away with the perfect crime, the unlikely crew of amateur thieves enlists the help of petty crook Slide to steal the $20 million they’re sure is hidden in the penthouse.",https://image.tmdb.org/t/p/w500/jQrroNwP8hbFiUlNMs20emauwPE.jpg,https://image.tmdb.org/t/p/w780/7BtEvieL4QRNW3j7OAw6Zv2CDap.jpg,Action; Comedy; Action | Comedy,,new york city; skyscraper; fbi; thanksgiving; heist; billionaire; parade; high rise; female agent; ponzi scheme; caper comedy; planning; safecracker; recruiting; deceit; lobby,,,,Netflix; Starz Apple TV Channel; Netflix Standard with Ads; Amazon Video (rent); Apple TV (rent); Google Play Movies (rent); YouTube (rent); Fandango At Home (rent); Amazon Video (buy); Apple TV (buy); Google Play Movies (buy); YouTube (buy); Fandango At Home (buy),English,United States of America,,2025-09-25T17:33:18
Toy Story 3,2010,tt0435761,10193,103,"Woody, Buzz, and the rest of Andy's toys haven't been played with in years. With Andy about to go to college, the gang find themselves accidentally left at a nefarious day care center. The toys must band together to escape and return home to Andy.",https://image.tmdb.org/t/p/w500/AbbXspMOwdvwWZgVN0nabZq03Ec.jpg,https://image.tmdb.org/t/p/w780/wE5JGzujfvDPMIfFjJyrhXFjZLc.jpg,Animation; Family; Comedy; Animation | Comedy | Family,,escape; hostage; college; villain; sequel; buddy; daycare; teddy bear; duringcreditsstinger; toy comes to life; personification; inanimate objects come to life,,,,Disney Plus; Amazon Video (rent); Apple TV (rent); Google Play Movies (rent); YouTube (rent); Fandango At Home (rent); Amazon Video (buy); Apple TV (buy); Google Play Movies (buy); YouTube (buy); Fandango At Home (buy),English; Spanish,United States of America,Toy Story Collection,2025-09-25T17:33:19
Toy Story 4,2019,tt1979376,301528,100,"Woody has always been confident about his place in the world and that his priority is taking care of his kid, whether that's Andy or Bonnie. But when Bonnie adds a reluctant new toy called ""Forky"" to her room, a road trip adventure alongside old and new friends will show Woody how big the world can be for a toy.",https://image.tmdb.org/t/p/w500/w9kR8qbmQ01HwnvK4alvnQ2ca0L.jpg,https://image.tmdb.org/t/p/w780/q62bpQ67qaXY0u6b2wFEnQYIbPd.jpg,Family; Adventure; Animation; Comedy; Fantasy; Adventure | Animation | Comedy | Family | Fantasy,,friendship; cartoon; rescue mission; sequel; anti villain; buddy; cowboy; duringcreditsstinger; toy comes to life; dedication; awestruck,,,,Disney Plus; Amazon Video (rent); Apple TV (rent); Google Play Movies (rent); YouTube (rent); Fandango At Home (rent); Amazon Video (buy); Apple TV (buy); Google Play Movies (buy); YouTube (buy); Fandango At Home (buy),English,United States of America,Toy Story Collection,2025-09-25T17:33:19
Tracks,2013,tt2167266,108322,92,"A soldier returns from Vietnam on special assignment, accompanying the body of his friend by train to California for burial. During the trip, he falls in love with a gentle college student. But their relationship is shattered by his flashbacks to combat.",https://image.tmdb.org/t/p/w500/1hzdbJS5WNMzCY7sV6qSmOaOT10.jpg,https://image.tmdb.org/t/p/w780/zQ1LInLSdYFnpQJYqNSU02MVgBw.jpg,Drama,,vietnam; love; train; soldier; ambiguous,,,,The Roku Channel; Fandango at Home Free; Plex; Plex Channel; Fawesome; Amazon Video (rent); Fandango At Home (rent); Amazon Video (buy); Fandango At Home (buy),English,United States of America,,2025-09-25T17:33:19
Trading Places,1983,tt0086465,1621,116,A snobbish investor and a wily street con-artist find their positions reversed as part of a bet by two callous millionaires.,https://image.tmdb.org/t/p/w500/8mBuLCOcpWnmYtZc4aqtvDXslv6.jpg,https://image.tmdb.org/t/p/w780/2pViauhiZLhAUb1lsY6wRir69SF.jpg,Comedy,,"new year's eve; prostitute; philadelphia, pennsylvania; butler; christmas party; rags to riches; broker; beggar; wager; stockbroker; fish out of water; millionaire; commodities; investor; hoodlum; wrongful arrest; rich snob; christmas; riches to rags; new year; mischievous; christmas eve; irreverent; absurd; dramatic; hilarious; amused; disrespectful; exhilarated; african american lead",,,,YouTube TV; The Roku Channel; Kanopy; Hoopla; Plex; Plex Channel; Amazon Video (rent); Apple TV (rent); Google Play Movies (rent); YouTube (rent); Fandango At Home (rent); Spectrum On Demand (rent); Plex (rent); Amazon Video (buy); Apple TV (buy); Google Play Movies (buy); YouTube (buy); Fandango At Home (buy),English,United States of America,,2025-09-25T17:33:20
Trainwreck,2015,tt3152624,271718,125,"Having thought that monogamy was never possible, a commitment-phobic career woman may have to face her fears when she meets a good guy.",https://image.tmdb.org/t/p/w500/wrY629UTCUAKLJ4CxQXz6DCE7pr.jpg,https://image.tmdb.org/t/p/w780/aI0fOlVoWNkEZ6rq90gqxoviOsh.jpg,Comedy; Romance; Comedy | Romance,,alcohol; surgeon; interview; romcom; one-night stand; fear of commitment; doctor; falling in love; drinking; nursing home; multiple sclerosis; serial dating; party girl; sleeping around; sick father; sister sister relationship; free spirited; pattern; magazine writer; amused,,,,Philo; Starz Amazon Channel; Amazon Video (rent); Apple TV (rent); Google Play Movies (rent); YouTube (rent); Fandango At Home (rent); Spectrum On Demand (rent); Amazon Video (buy); Apple TV (buy); Google Play Movies (buy); YouTube (buy); Fandango At Home (buy),English,United States of America,,2025-09-25T17:33:20
Transformers: Age of Extinction,2014,tt2109248,91314,165,"As humanity picks up the pieces after the battle of Chicago, a shadowy group reveals itself in an attempt to control the direction of history…while an ancient, powerful new menace sets Earth in its crosshairs. With help from Cade Yeager, Optimus Prime and the Autobots rise to meet their most fearsome challenge yet.",https://image.tmdb.org/t/p/w500/jyzrfx2WaeY60kYZpPYepSjGz4S.jpg,https://image.tmdb.org/t/p/w780/ojwiCGkC7Bv7Ol7jDSkQbTGBY3I.jpg,Science Fiction; Action; Adventure; Action | Adventure | Science Fiction,,sequel; alien; on the run; based on toy; giant robot; robot; metal,,,,Paramount Plus; Paramount+ Amazon Channel; Paramount+ Roku Premium Channel; Hoopla; Amazon Video (rent); Apple TV (rent); Google Play Movies (rent); YouTube (rent); Fandango At Home (rent); Spectrum On Demand (rent); Plex (rent); Amazon Video (buy); Apple TV (buy); Google Play Movies (buy); YouTube (buy); Fandango At Home (buy),Mandarin; English,United States of America,Transformers Collection,2025-09-25T17:33:20
Transformers: Dark of the Moon,2011,tt1399103,38356,154,"The Autobots continue to work for NEST, now no longer in secret. But after discovering a strange artifact during a mission in Chernobyl, it becomes apparent to Optimus Prime that the United States government has been less than forthright with them.",https://image.tmdb.org/t/p/w500/28YlCLrFhONteYSs9hKjD1Km0Cj.jpg,https://image.tmdb.org/t/p/w780/c9SDd0yIb5gyqiOw9iTB87LEfP7.jpg,Action; Science Fiction; Adventure; Action | Adventure | Science Fiction,,"chicago, illinois; spacecraft; moon; traitor; bodyguard; alien planet; based on toy; giant robot; sabotage; word domination; commando; duringcreditsstinger",,,,Amazon Prime Video; Paramount Plus; Paramount+ Amazon Channel; Paramount+ Roku Premium Channel; Amazon Prime Video with Ads; Hoopla; Amazon Video (rent); Apple TV (rent); Google Play Movies (rent); YouTube (rent); Fandango At Home (rent); Plex (rent); Amazon Video (buy); Apple TV (buy); Google Play Movies (buy); YouTube (buy); Fandango At Home (buy),English,United States of America,Transformers Collection,2025-09-25T17:33:21
Transformers: The Last Knight,2017,tt3371366,335988,154,"Humans and Transformers are at war. Optimus Prime is gone. The key to saving our future lies buried in the secrets of the past, in the hidden history of Transformers on Earth. Saving our world falls upon the shoulders of an unlikely alliance: Cade Yeager; Bumblebee; an English Lord; and an Oxford Professor.",https://image.tmdb.org/t/p/w500/s5HQf2Gb3lIO2cRcFwNL9sn1o1o.jpg,https://image.tmdb.org/t/p/w780/1n00NlOGRFZVs8coBxyZLm5l4EC.jpg,Action; Adventure; Science Fiction; Action | Adventure | Science Fiction,,england; chosen one; based on toy; knight; planet; robot; duringcreditsstinger; planet earth; arthurian mythology; secret history,,,,fuboTV; Paramount Plus; Paramount+ Amazon Channel; Paramount+ Roku Premium Channel; YouTube TV; FXNow; Amazon Video (rent); Apple TV (rent); Google Play Movies (rent); YouTube (rent); Fandango At Home (rent); Spectrum On Demand (rent); Plex (rent); Amazon Video (buy); Apple TV (buy); Google Play Movies (buy); YouTube (buy); Fandango At Home (buy),English,United States of America,Transformers Collection,2025-09-25T17:33:21
Tremors,1990,tt0100814,9362,96,"Val McKee and Earl Bassett are in a fight for their lives when they discover that their desolate town has been infested with gigantic, man-eating creatures that live below the ground.",https://image.tmdb.org/t/p/w500/cA4ggkZ3r1d5r9hOAUWC8x5ul2i.jpg,https://image.tmdb.org/t/p/w780/ojVlJoGsysPmdmLrIbGW7ljn7JH.jpg,Horror; Action; Science Fiction; Comedy; Action | Comedy | Horror | Science Fiction,,small town; nevada; old town; stranded; rural area; creature; tentacle; graboids; seismologist; binoculars; man eating monster; town; cursed town; amused; antagonistic; giant worms; old tractor,,,,Amazon Video (rent); Apple TV (rent); Google Play Movies (rent); Fandango At Home (rent); Spectrum On Demand (rent); Amazon Video (buy); Apple TV (buy); Google Play Movies (buy); Fandango At Home (buy),English,United States of America,Tremors Collection,2025-09-25T17:33:21
Triple 9,2016,tt1712261,146198,115,A gang of criminals and corrupt cops plan the murder of a police officer in order to pull off their biggest heist yet across town.,https://image.tmdb.org/t/p/w500/q2kIq9yzEkOVhl1aeo0alJHtdfz.jpg,https://image.tmdb.org/t/p/w780/kVchIyTFulZtFJmxq8e0SPvc3tH.jpg,Action; Crime; Adventure; Thriller; Action | Adventure | Crime | Thriller,,"bomb; bratva (russian mafia); detective; assault rifle; ghetto; cocaine; strip club; heist; murder; betrayal; bag of money; dirty cop; bank robbery; death of brother; atlanta, georgia",,,,fuboTV; Shout! Factory Amazon Channel; The Roku Channel; Shout! Factory TV; Kanopy; Plex; Plex Channel; Fawesome; Amazon Video (rent); Apple TV (rent); Google Play Movies (rent); YouTube (rent); Fandango At Home (rent); Amazon Video (buy); Apple TV (buy); Google Play Movies (buy); YouTube (buy); Fandango At Home (buy),English,United States of America,,2025-09-25T17:33:21
Trolls World Tour,2020,tt6587640,446893,91,"Queen Poppy and Branch make a surprising discovery — there are other Troll worlds beyond their own, and their distinct differences create big clashes between these various tribes. When a mysterious threat puts all of the Trolls across the land in danger, Poppy, Branch, and their band of friends must embark on an epic quest to create harmony among the feuding Trolls to unite them against certain doom.",https://image.tmdb.org/t/p/w500/7W0G3YECgDAfnuiHG91r8WqgIOe.jpg,https://image.tmdb.org/t/p/w780/qsxhnirlp7y4Ae9bd11oYJSX59j.jpg,Family; Animation; Comedy; Fantasy; Adventure; Music; Adventure | Animation | Comedy | Family | Fantasy | Music,,dancing; friendship; concert; country music; guitar; cloud; saxophone; sequel; jail; based on toy; rock music; alien abduction; singing; king; desert; pop music; flute; mirage; electronic music; k-pop; spaceship; jukebox musical,,,,Peacock Premium; Peacock Premium Plus; Amazon Video (rent); Apple TV (rent); Google Play Movies (rent); YouTube (rent); Fandango At Home (rent); Amazon Video (buy); Apple TV (buy); Google Play Movies (buy); YouTube (buy); Fandango At Home (buy),English,Japan; United States of America,The Trolls Collection,2025-09-25T17:33:22
Turbo,2013,tt1860353,77950,96,The tale of an ordinary garden snail who dreams of winning the Indy 500.,https://image.tmdb.org/t/p/w500/w6GdF5hcnsU5IwaRhyhnysNy5hO.jpg,https://image.tmdb.org/t/p/w780/dxmp5eHarPlNyeRyuzD6oMWqTjs.jpg,Animation; Family; Adventure; Comedy,,underdog; dreams; car race; sports; speed; villain; fast; anthropomorphism; friends; super power; racer; aftercreditsstinger; duringcreditsstinger; snail,,,,Amazon Video (rent); Apple TV (rent); Google Play Movies (rent); YouTube (rent); Fandango At Home (rent); Spectrum On Demand (rent); Amazon Video (buy); Apple TV (buy); Google Play Movies (buy); YouTube (buy); Fandango At Home (buy),English,United States of America,,2025-09-25T17:33:22
Twisters,2024,tt12584954,718821,123,"As storm season intensifies, the paths of former storm chaser Kate Carter and reckless social-media superstar Tyler Owens collide when terrifying phenomena never seen before are unleashed. The pair and their competing teams find themselves squarely in the paths of multiple storm systems converging over central Oklahoma in the fight of their lives.",https://image.tmdb.org/t/p/w500/pjnD08FlMAIXsfOLKQbvmO0f0MD.jpg,https://image.tmdb.org/t/p/w780/58D6ZAvOKxlHjyX9S8qNKSBE9Y.jpg,Action; Thriller; Action | Thriller,,dying and death; rodeo; climate; twister; natural disaster; oklahoma; storm chaser; meteorologist; duringcreditsstinger; disaster movie; weather chasers; social media influencer; youtuber; extreme weather; hilarious; exhilarated; science experiment,,,,Amazon Prime Video; Amazon Prime Video with Ads; Amazon Video (rent); Apple TV (rent); Google Play Movies (rent); YouTube (rent); Fandango At Home (rent); FlixFling (rent); Amazon Video (buy); Apple TV (buy); Google Play Movies (buy); YouTube (buy); Fandango At Home (buy),English,United States of America,Twister Collection,2025-09-25T17:33:22
Unbroken,2014,tt1809398,227306,137,"A chronicle of the life of Louis Zamperini, an Olympic runner who was taken prisoner by Japanese forces during World War II.",https://image.tmdb.org/t/p/w500/vAlHUjHwLWMV5mg4epGR9WSIfiy.jpg,https://image.tmdb.org/t/p/w780/3sRj3VnrSUYhp6j1V43LXgKKdux.jpg,Drama; War; Drama | War,,"japan; berlin, germany; based on novel or book; sports; world war ii; prisoner of war; u.s. air force; biography; pacific war; raft; shark; woman director; olympic athlete",,,,Netflix; Netflix Standard with Ads; Amazon Video (rent); Apple TV (rent); Google Play Movies (rent); YouTube (rent); Fandango At Home (rent); Amazon Video (buy); Apple TV (buy); Google Play Movies (buy); YouTube (buy); Fandango At Home (buy),Italian; English; Japanese,United States of America,Unbroken Collection,2025-09-25T17:33:23
Uncharted,2022,tt1464335,335787,116,"A young street-smart, Nathan Drake and his wisecracking partner Victor “Sully” Sullivan embark on a dangerous pursuit of “the greatest treasure never found” while also tracking clues that may lead to Nathan’s long-lost brother.",https://image.tmdb.org/t/p/w500/rJHC1RUORuUhtfNb4Npclx0xnOf.jpg,https://image.tmdb.org/t/p/w780/fwrqW8Lp5VQuppFrODd4iJ8LySE.jpg,Action; Adventure; Action | Adventure,,lighter; treasure hunt; treasure map; based on video game; lost treasure; duringcreditsstinger; missing relative; assertive,,,,Amazon Prime Video; Hulu; fuboTV; YouTube TV; Amazon Prime Video with Ads; FXNow; Amazon Video (rent); Apple TV (rent); Google Play Movies (rent); YouTube (rent); Fandango At Home (rent); Spectrum On Demand (rent); Amazon Video (buy); Apple TV (buy); Google Play Movies (buy); YouTube (buy); Fandango At Home (buy),English; Spanish,United States of America,Uncharted Collection,2025-09-25T17:33:23
Uncut Gems,2019,tt5727208,473033,136,"A charismatic New York City jeweler always on the lookout for the next big score makes a series of high-stakes bets that could lead to the windfall of a lifetime. Howard must perform a precarious high-wire act, balancing business, family, and encroaching adversaries on all sides in his relentless pursuit of the ultimate win.",https://image.tmdb.org/t/p/w500/sg0xxJeb3u1C4kAxhSuTwTNpEDt.jpg,https://image.tmdb.org/t/p/w780/eGljNfNCrPhFYG2RXXmmE0OKu5.jpg,Drama; Thriller; Crime; Crime | Drama | Thriller,,bet; infidelity; new york city; gambling; auction; ethiopia; dark comedy; basketball; money; art house; debt; apartment building; opal; pawnshop; character study; jeweler; city life; neo-noir; anxious; independent film; black opal; suspenseful; distressing,,,,Amazon Video (rent); Apple TV (rent); Google Play Movies (rent); YouTube (rent); Fandango At Home (rent); Spectrum On Demand (rent); Amazon Video (buy); Apple TV (buy); Google Play Movies (buy); YouTube (buy); Fandango At Home (buy),English,United States of America,,2025-09-25T17:33:23
Underwater,2020,tt5774060,443791,95,"After an earthquake destroys their underwater station, six researchers must navigate two miles along the dangerous, unknown depths of the ocean floor to make it to safety in a race against time.",https://image.tmdb.org/t/p/w500/gzlbb3yeVISpQ3REd3Ga1scWGTU.jpg,https://image.tmdb.org/t/p/w780/tya34K7D4jtDrVbvExyvTx97Aen.jpg,Horror; Science Fiction; Action; Adventure; Action | Adventure | Horror | Science Fiction,,monster; self sacrifice; deep sea; animal attack; giant monster; earthquake; survival; nuclear explosion; disaster; cryptozoology; female protagonist; underwater; survival horror; animal killing; creature feature; mechanical engineering; researcher; trapped underwater; lovecraftian; humanoid alien; 2050s,,,,fuboTV; YouTube TV; FXNow; Amazon Video (rent); Apple TV (rent); Google Play Movies (rent); YouTube (rent); Fandango At Home (rent); Amazon Video (buy); Apple TV (buy); Google Play Movies (buy); YouTube (buy); Fandango At Home (buy),English,United States of America,,2025-09-25T17:33:24
Up In Smoke,1978,tt0078446,1208810,5,A zany character has his first day operating a mobile crematory service.,https://image.tmdb.org/t/p/w500/6lJDREsl6uVSnT4IdPUWhI84Xy.jpg,,Animation; Comedy; Animation | Comedy,,dark comedy; screwball comedy; 3d animation,,,,,English,,,2025-09-25T17:33:24
Up In the Air,2009,tt1193138,22947,110,"Corporate downsizing expert Ryan Bingham spends his life in planes, airports, and hotels, but just as he’s about to reach a milestone of ten million frequent flyer miles, he meets a woman who causes him to rethink his transient life.",https://image.tmdb.org/t/p/w500/f4PpmOZHFWSJBTF0kX4cOW5TLiK.jpg,https://image.tmdb.org/t/p/w780/yTweHAwEokqAgZg1Io8e0zCJQvt.jpg,Drama; Romance; Drama | Romance,,suitcase; business; omaha; las vegas; on the road; downsizing; cross country; videoconferencing; employment termination; business trip; airport lounge; duringcreditsstinger; airline; motivational speaker; public speaking; laid off; mature romance; traveler; fired from a job; airport ending; travel packing; travel gift; air travel; frequent flyer,,,,Kanopy; Hoopla; Apple TV (rent); Google Play Movies (rent); YouTube (rent); Fandango At Home (rent); Spectrum On Demand (rent); Amazon Video (buy); Apple TV (buy); Google Play Movies (buy); YouTube (buy); Fandango At Home (buy),English,United States of America,,2025-09-25T17:33:24
Upgrade,2018,tt6499752,500664,100,"A brutal mugging leaves Grey Trace paralyzed in the hospital and his beloved wife dead. A billionaire inventor soon offers Trace a cure — an artificial intelligence implant called STEM that will enhance his body. Now able to walk, Grey finds that he also has superhuman strength and agility — skills he uses to seek revenge against the thugs who destroyed his life.",https://image.tmdb.org/t/p/w500/5f28TXtvHioXirX2n1XH8EJ314v.jpg,https://image.tmdb.org/t/p/w780/q9HocL5f8WwPldwpvmpk8ZaNZkC.jpg,Action; Thriller; Science Fiction; Action | Science Fiction | Thriller,,future; artificial intelligence (a.i.); hacker; police; technology; cyborg; dystopia; revenge; murder; drone; cyberpunk; transhumanism; brutality; implant; surgery; quadriplegic; near future; body enhancement; body horror; violence; microship; android horror,,,,Netflix; Netflix Standard with Ads; Amazon Video (rent); Apple TV (rent); Google Play Movies (rent); YouTube (rent); Fandango At Home (rent); Amazon Video (buy); Apple TV (buy); Google Play Movies (buy); YouTube (buy); Fandango At Home (buy),English,Australia; United States of America,,2025-09-25T17:33:25
Us,2019,tt6857112,458723,116,"Husband and wife Gabe and Adelaide Wilson take their kids to their beach house expecting to unplug and unwind with friends. But as night descends, their serenity turns to tension and chaos when some shocking visitors arrive uninvited.",https://image.tmdb.org/t/p/w500/ux2dU1jQ2ACIMShzB3yP93Udpzc.jpg,https://image.tmdb.org/t/p/w780/sC0b8iPUHfZdD8kseLiHw3N8gkp.jpg,Horror; Mystery; Thriller,,"mask; boardwalk; murder; psychological thriller; fear; family vacation; home invasion; amusement park; doppelgänger; santa cruz, california; 1980s; duality",,,,YouTube TV; Amazon Video (rent); Apple TV (rent); Google Play Movies (rent); YouTube (rent); Fandango At Home (rent); Amazon Video (buy); Apple TV (buy); Google Play Movies (buy); YouTube (buy); Fandango At Home (buy),English,United States of America,,2025-09-25T17:33:25
V for Vendetta,2005,tt0434409,752,132,"In a world in which Great Britain has become a fascist state, a masked vigilante known only as “V” conducts guerrilla warfare against the oppressive British government. When V rescues a young woman from the secret police, he finds in her an ally with whom he can continue his fight to free the people of Britain.",https://image.tmdb.org/t/p/w500/1avD1JeaRiJX5M4ahPdZPypGoGN.jpg,https://image.tmdb.org/t/p/w780/sFEYsEfzTx7hhjetlNrme8B5OUo.jpg,Action; Thriller; Science Fiction; Action | Science Fiction | Thriller,,government; detective; revolution; dystopia; fascism; fascist; chancellor; based on comic; revenge; torture; hatred; masked vigilante; vengeful spirit; activist; thoughtful; vengeful; powerful,,,,Amazon Video (rent); Apple TV (rent); Google Play Movies (rent); YouTube (rent); Fandango At Home (rent); Plex (rent); Amazon Video (buy); Apple TV (buy); Google Play Movies (buy); YouTube (buy); Fandango At Home (buy),English,Germany; United Kingdom; United States of America,,2025-09-25T17:33:25
Valerian and the City of a Thousand Planets,2017,tt2239822,339964,137,"In the 28th century, Valerian and Laureline are special operatives charged with keeping order throughout the human territories. On assignment from the Minister of Defense, the two undertake a mission to Alpha, an ever-expanding metropolis where species from across the universe have converged over centuries to share knowledge, intelligence, and cultures. At the center of Alpha is a mysterious dark force which threatens the peaceful existence of the City of a Thousand Planets, and Valerian and Laureline must race to identify the menace and safeguard not just Alpha, but the future of the universe.",https://image.tmdb.org/t/p/w500/vlc95gl3PtrjxSEuM8RhTtSm2xU.jpg,https://image.tmdb.org/t/p/w780/5rYnygKCkmqWuMv1O5yAnzGF8gV.jpg,Adventure; Science Fiction; Action; Action | Adventure | Science Fiction,,future; shapeshifting; space travel; utopia; based on comic; alien; alien planet; energy; alien abduction; genocide; parallel world; political intrigue; pacifist; space opera; military; government agent; marketplace; trapped in space; federal government; unity; cosmopolis,,,,HBO Max; HBO Max Amazon Channel; Amazon Video (rent); Apple TV (rent); Google Play Movies (rent); YouTube (rent); Fandango At Home (rent); Amazon Video (buy); Apple TV (buy); Google Play Movies (buy); YouTube (buy); Fandango At Home (buy),French; English,France; Germany; United Arab Emirates; United States of America; Belgium; Canada; China,,2025-09-25T17:33:25
Vegas Vacation,1997,tt0120434,11419,93,"The Griswold family hits the road again for a typically ill-fated vacation, this time to the glitzy mecca of slots and showgirls—Las Vegas.",https://image.tmdb.org/t/p/w500/jUOreo2AWDnPuRJsUp6T1i66tUe.jpg,https://image.tmdb.org/t/p/w780/9HcZsZQZcgxr99iYYOoYMcfjmHB.jpg,Comedy,,gambling; chaos; roulette; las vegas; family holiday,,,,Amazon Video (rent); Apple TV (rent); Google Play Movies (rent); YouTube (rent); Fandango At Home (rent); Spectrum On Demand (rent); Amazon Video (buy); Apple TV (buy); Google Play Movies (buy); YouTube (buy); Fandango At Home (buy),English,United States of America,National Lampoon's Vacation Collection,2025-09-25T17:33:26
Venom,2018,tt1270797,335983,112,"Investigative journalist Eddie Brock attempts a comeback following a scandal, but accidentally becomes the host of Venom, a violent, super powerful alien symbiote. Soon, he must rely on his newfound powers to protect the world from a shadowy organization looking for a symbiote of their own.",https://image.tmdb.org/t/p/w500/2uNW4WbgBXL25BAbXGLnLqX71Sw.jpg,https://image.tmdb.org/t/p/w780/VuukZLgaCrho2Ar8Scl9HtV3yD.jpg,Science Fiction; Action; Action | Science Fiction,,"spacecraft; san francisco, california; superhero; anti hero; alien life-form; based on comic; aftercreditsstinger; duringcreditsstinger; business tycoon; symbiote; genetic experiment; venom; sony's spider-man universe",,,,Disney Plus; fuboTV; YouTube TV; Amazon Video (rent); Apple TV (rent); Google Play Movies (rent); YouTube (rent); Fandango At Home (rent); Amazon Video (buy); Apple TV (buy); Google Play Movies (buy); YouTube (buy); Fandango At Home (buy),Mandarin; English; Malay,China; United States of America,Venom Collection,2025-09-25T17:33:26
Venom: Let There Be Carnage,2021,tt7097896,580489,97,"After finding a host body in investigative reporter Eddie Brock, the alien symbiote must face a new enemy, Carnage, the alter ego of serial killer Cletus Kasady.",https://image.tmdb.org/t/p/w500/1MJNcPZy46hIy2CmSqOeru0yr5C.jpg,https://image.tmdb.org/t/p/w780/vIgyYkXkg6NC2whRbYjBD7eb3Er.jpg,Science Fiction; Action; Adventure; Action | Adventure | Science Fiction,,hero; psychopath; superhero; anti hero; villain; alien life-form; based on comic; sequel; fear; aftercreditsstinger; symbiote; carnage; sony's spider-man universe,,,,Starz Apple TV Channel; Starz Roku Premium Channel; Starz; Philo; Starz Amazon Channel; Amazon Video (rent); Apple TV (rent); Google Play Movies (rent); YouTube (rent); Fandango At Home (rent); Amazon Video (buy); Apple TV (buy); Google Play Movies (buy); YouTube (buy); Fandango At Home (buy),English; Spanish,United States of America,Venom Collection,2025-09-25T17:33:26
Vivarium,2019,tt8368406,458305,97,"A young woman and her fiancé are in search of the perfect starter home. After following a mysterious real estate agent to a new housing development, the couple finds themselves trapped in a maze of identical houses and forced to raise an otherworldly child.",https://image.tmdb.org/t/p/w500/myf3qzpeN0JbuFRPwSpJcz7rmAT.jpg,https://image.tmdb.org/t/p/w780/zLa8fA7boGtNoNH7n6iYi9UqoaH.jpg,Science Fiction; Thriller; Mystery; Horror; Horror | Mystery | Science Fiction | Thriller,,baby; suburbia; suburb; trapped; body bag; real estate agent; backrooms; awestruck,,,,MovieSphere+ Amazon Channel; The Roku Channel; Tubi TV; Plex Channel; Amazon Video (rent); Apple TV (rent); Google Play Movies (rent); YouTube (rent); Fandango At Home (rent); FlixFling (rent); Amazon Video (buy); Apple TV (buy); Google Play Movies (buy); YouTube (buy); Fandango At Home (buy),English,Belgium; Denmark; Ireland; United States of America,,2025-09-25T17:33:27
Walk of Shame,2014,tt2463288,187596,95,"A reporter's dream of becoming a news anchor is compromised after a one-night stand leaves her stranded in downtown L.A. without a phone, car, ID or money - and only 8 hours to make it to the most important job interview of her life.",https://image.tmdb.org/t/p/w500/3zMS66gtw8ccvy1BWD6thJ67jgX.jpg,https://image.tmdb.org/t/p/w780/47Es5IaUe3DziOcFJUTNabAUDQS.jpg,Comedy,,journalist; one-night stand; blonde; newswoman,,,,Starz Apple TV Channel; Starz Roku Premium Channel; Starz; Philo; Starz Amazon Channel; Amazon Video (rent); Apple TV (rent); Google Play Movies (rent); YouTube (rent); Fandango At Home (rent); Amazon Video (buy); Apple TV (buy); Google Play Movies (buy); YouTube (buy); Fandango At Home (buy),English,United States of America,,2025-09-25T17:33:27
War for the Planet of the Apes,2017,tt3450958,281338,140,"Caesar and his apes are forced into a deadly conflict with an army of humans led by a ruthless Colonel. After the apes suffer unimaginable losses, Caesar wrestles with his darker instincts and begins his own mythic quest to avenge his kind. As the journey finally brings them face to face, Caesar and the Colonel are pitted against each other in an epic battle that will determine the fate of both their species and the future of the planet.",https://image.tmdb.org/t/p/w500/mMA1qhBFgZX8O36qPPTC016kQl1.jpg,https://image.tmdb.org/t/p/w780/ulMscezy9YX0bhknvJbZoUgQxO5.jpg,Drama; Science Fiction; War; Drama | Science Fiction | War,,suicide; civil war; escape; winter; mutation; peace; solidarity; gorilla; intelligence; dystopia; horse; post-apocalyptic future; slavery; pacifism; imprisonment; colony; sequel; anthropomorphism; revenge; betrayal; mute; snow; torture; disease; ape; orangutan; death of family; death; evolution; chimpanzee; avalanche; albino; primate; sign languages; virus; underground tunnel; assassination attempt; enslavement; murder by gunshot; human becoming an animal; contagion; father son relationship; 2040s; guns; soldiers; avenging father; animal human friendship; war; cgi-live action hybrid; serious; violence against animals; explosions; war horse; survival of the fittest; cruel,,,,YouTube TV; Amazon Video (rent); Apple TV (rent); Google Play Movies (rent); YouTube (rent); Fandango At Home (rent); Amazon Video (buy); Apple TV (buy); Google Play Movies (buy); YouTube (buy); Fandango At Home (buy),English,United States of America,Planet of the Apes (Reboot) Collection,2025-09-25T17:33:27
Warm Bodies,2013,tt1588173,82654,97,"After a zombie becomes involved with the girlfriend of one of his victims, their romance sets in motion a sequence of events that might transform the entire lifeless world.",https://image.tmdb.org/t/p/w500/8XAX6KaqNGcLXcwoDwxyU0bxhxm.jpg,https://image.tmdb.org/t/p/w780/d2nWERbNIKA9dBDWbRReK0cRBD4.jpg,Horror; Comedy; Romance; Comedy | Horror | Romance,,based on novel or book; dystopia; post-apocalyptic future; zombie; shakespeare in modern dress; zombie apocalypse; interspecies romance; based on young adult novel,,,,Amazon Prime Video; fuboTV; Amazon Prime Video with Ads; MovieSphere+ Amazon Channel; Amazon Prime Video Free with Ads; Amazon Video (rent); Apple TV (rent); Google Play Movies (rent); YouTube (rent); Fandango At Home (rent); Amazon Video (buy); Apple TV (buy); Google Play Movies (buy); YouTube (buy); Fandango At Home (buy),English,United States of America,,2025-09-25T17:33:28
Water for Elephants,2011,tt1067583,55787,122,"In this captivating Depression-era melodrama, impetuous veterinary student Jacob Jankowski joins a celebrated circus as an animal caretaker but faces a wrenching dilemma when he's transfixed by angelic married performer Marlena.",https://image.tmdb.org/t/p/w500/8T7Hvb9trKvCAmbSI8cEIU0Sl2T.jpg,https://image.tmdb.org/t/p/w780/12xU204ABgr31iCTM57JT6wGFMg.jpg,Drama; Romance; Drama | Romance,,based on novel or book; elephant; clown; great depression; elephant trainer; veterinary,,,,HBO Max; HBO Max Amazon Channel; Cinemax Amazon Channel; Cinemax Apple TV Channel; Amazon Video (rent); Apple TV (rent); Google Play Movies (rent); YouTube (rent); Fandango At Home (rent); Amazon Video (buy); Apple TV (buy); Google Play Movies (buy); YouTube (buy); Fandango At Home (buy),English; Polish,United States of America,,2025-09-25T17:33:28
Wayne's World 2,1993,tt0108525,8873,95,"A message from Jim Morrison in a dream prompts cable access TV stars Wayne and Garth to put on a rock concert, ""Waynestock,"" with Aerosmith as headliners. But amid the preparations, Wayne frets that a record producer is putting the moves on his girlfriend, Cassandra, while Garth handles the advances of mega-babe Honey Hornée.",https://image.tmdb.org/t/p/w500/72TBNPN06oo1myHqihwcCQVDl48.jpg,https://image.tmdb.org/t/p/w780/vEYezcwJlyONII4NXfydU1RFOyB.jpg,Comedy; Comedy | Music,,concert; rock 'n' roll; dreams; love of one's life; talk show; kiss; buddy; duringcreditsstinger,,,,Netflix; Netflix Standard with Ads; Hoopla; Amazon Video (rent); Apple TV (rent); Google Play Movies (rent); YouTube (rent); Fandango At Home (rent); Spectrum On Demand (rent); Amazon Video (buy); Apple TV (buy); Google Play Movies (buy); YouTube (buy); Fandango At Home (buy),Cantonese; English,United States of America,Wayne's World Collection,2025-09-25T17:33:28
We Bought a Zoo,2011,tt1389137,74465,124,"Benjamin has lost his wife and, in a bid to start his life over, purchases a large house that has a zoo – welcome news for his daughter, but his son is not happy about it. The zoo is in need of renovation and Benjamin sets about the work with the head keeper and the rest of the staff, but, the zoo soon runs into financial trouble.",https://image.tmdb.org/t/p/w500/dcOvIqdsojUdAtWt1nPT9xS76Su.jpg,https://image.tmdb.org/t/p/w780/yMZXq5xs99IwiC4sq41f1UFuSUZ.jpg,Drama; Comedy; Family; Comedy | Drama | Family,,countryside; rain; zoo; love; based on memoir or autobiography; animals; hard work; blocked road; zoo animals,,,,Disney Plus; HBO Max; HBO Max Amazon Channel; Amazon Video (rent); Apple TV (rent); Google Play Movies (rent); YouTube (rent); Fandango At Home (rent); Amazon Video (buy); Apple TV (buy); Google Play Movies (buy); YouTube (buy); Fandango At Home (buy),English,United States of America,,2025-09-25T17:33:28
Whiskey Tango Foxtrot,2016,tt3553442,279641,112,"In 2002, cable news producer Kim Barker decides to shake up her routine by taking a daring new assignment in Kabul, Afghanistan. Dislodged from her comfortable American lifestyle, Barker finds herself in the middle of an out-of-control war zone. Luckily, she meets Tanya Vanderpoel, a fellow journalist who takes the shell-shocked reporter under her wing. Amid the militants, warlords and nighttime partying, Barker discovers the key to becoming a successful correspondent.",https://image.tmdb.org/t/p/w500/xhWbp0lCig5vkdFZPiOGNRL9oMf.jpg,https://image.tmdb.org/t/p/w780/7295GnkwMbNcHLEXkQkLNIWNa39.jpg,Comedy; Drama; War; Comedy | Drama | War,,rescue; journalist; based on novel or book; kidnapping; journalism; afghanistan; based on true story; taliban; terrorism; soldier; cynical; foreign correspondent; embedded journalism; war journalism; playful; bold,,,,Amazon Prime Video; MGM+ Amazon Channel; MGM Plus Roku Premium Channel; MGM Plus; Philo; Amazon Prime Video with Ads; Amazon Video (rent); Apple TV (rent); Google Play Movies (rent); YouTube (rent); Fandango At Home (rent); Spectrum On Demand (rent); Amazon Video (buy); Apple TV (buy); Google Play Movies (buy); YouTube (buy); Fandango At Home (buy),English,United States of America,,2025-09-25T17:33:29
Who's Afraid of Virginia Woolf?,1966,tt0061184,396,131,"A history professor and his wife entertain a young couple who are new to the university's faculty. As the drinks flow, secrets come to light, and the middle-aged couple unload onto their guests the full force of the bitterness, dysfunction, and animosity that defines their marriage.",https://image.tmdb.org/t/p/w500/wF7ihB5V5gSm6zxjv3ZhHOpgREI.jpg,https://image.tmdb.org/t/p/w780/sZxPKiNCK8piKBtXAbm3Ucj6RQk.jpg,Drama,,adultery; professor; married couple; guest; black humor; based on play or musical; campus; dysfunctional marriage; alcohol abuse; new england; cuckold; one night; henpecked husband; house guest; college professor; marital tensions; academia; dead son; impotent husband; nasty wife; cuckolded husband; nagging wife; hysterical drunks; bickering couple; shattered reality; openly flirtatious wife; acerbic couple; alcoholic couple,,,,Kanopy; Amazon Video (rent); Apple TV (rent); Google Play Movies (rent); YouTube (rent); Fandango At Home (rent); Spectrum On Demand (rent); Amazon Video (buy); Apple TV (buy); Google Play Movies (buy); YouTube (buy); Fandango At Home (buy),English; Latin,United States of America,,2025-09-25T17:33:29
Wicked,2024,tt1262426,402431,162,"In the land of Oz, ostracized and misunderstood green-skinned Elphaba is forced to share a room with the popular aristocrat Glinda at Shiz University, and the two's unlikely friendship is tested as they begin to fulfill their respective destinies as Glinda the Good and the Wicked Witch of the West.",https://image.tmdb.org/t/p/w500/xDGbZ0JJ3mYaGKy4Nzd9Kph6M9L.jpg,https://image.tmdb.org/t/p/w780/uVlUu174iiKhsUGqnOSy46eIIMU.jpg,Drama; Romance; Fantasy; Drama | Fantasy | Romance,,witch; dancing; based on novel or book; college; wish; musical; female friendship; bullying; based on play or musical; celebrity; prequel; singer; singing; corrupt politician; death in childbirth; fantasy world; wizard; gravity; discrimination; ostracism; woman in wheelchair; musical comedy; sister sister relationship; belonging; cautionary; fantasy; stereoscopic film; romantic fantasy,,,,Amazon Prime Video; Amazon Prime Video with Ads; Amazon Video (rent); Apple TV (rent); Google Play Movies (rent); YouTube (rent); Fandango At Home (rent); FlixFling (rent); Amazon Video (buy); Apple TV (buy); Google Play Movies (buy); YouTube (buy); Fandango At Home (buy),English,United States of America,Wicked Collection,2025-09-25T17:33:29
Willy Wonka and the Chocolate Factory,2017,tt6803390,455411,79,The classic Roald Dahl tale gets a modern twist when Tom and Jerry enter the amazing world of Willy Wonka's Chocolate Factory.,https://image.tmdb.org/t/p/w500/pzWt8ECED9kGm4LSXLSkPGBWpjE.jpg,https://image.tmdb.org/t/p/w780/6ap4H34b89utijPSMGXJ6WjIoOb.jpg,Animation; Comedy; Family; Animation | Comedy | Family,,,,,,Amazon Video (rent); Apple TV (rent); Google Play Movies (rent); YouTube (rent); Fandango At Home (rent); Spectrum On Demand (rent); Amazon Video (buy); Apple TV (buy); Google Play Movies (buy); YouTube (buy); Fandango At Home (buy),English; Italian; Portuguese,United States of America,,2025-09-25T17:33:30
Winter's Bone,2010,tt1399683,39013,101,"After discovering her father put their house up for his bail bond and then disappeared, 17-year-old Ree Dolly must confront the local criminal underworld and the harsh Ozark wilderness in order to to track down her father and save her family.",https://image.tmdb.org/t/p/w500/a0qhPkNlxLfsf5B2jFyI1Pp04XV.jpg,https://image.tmdb.org/t/p/w780/wW4dZWEfUIXWVKhKsPFBokndJbI.jpg,Drama; Mystery; Drama | Mystery,,sheriff; based on novel or book; missouri; suspicion; teenage girl; poverty; struggle for survival; backwoods; sibling; mental illness; responsibility; uncle niece relationship; mountain country; bail bondsman; woman director; family crisis; drug manufacturing; crystal meth; rural setting; slow burn; drug usage; harsh; taking care of siblings; gutsy,,,,fuboTV; Plex Channel; Amazon Video (rent); Google Play Movies (rent); Fandango At Home (rent); Amazon Video (buy); Apple TV (buy); Google Play Movies (buy); YouTube (buy); Fandango At Home (buy),English,Netherlands; United States of America,,2025-09-25T17:33:30
Wonder,2017,tt2543472,406997,113,"The story of August Pullman – a boy with facial differences – who enters fifth grade, attending a mainstream elementary school for the first time.",https://image.tmdb.org/t/p/w500/sONh3LYGFcVDTy8pm1tbSOB13Li.jpg,https://image.tmdb.org/t/p/w780/ce6HzPfxRRcLk5QRLcdExeVpsA1.jpg,Family; Drama; Drama | Family,,exclusion; bullying; coney island; prejudice; school; based on children's book; family; physical disability; treacher collins syndrome; relaxed; melodramatic,,,,MovieSphere+ Amazon Channel; Amazon Video (rent); Apple TV (rent); Google Play Movies (rent); YouTube (rent); Fandango At Home (rent); Spectrum On Demand (rent); Plex (rent); Amazon Video (buy); Apple TV (buy); Google Play Movies (buy); YouTube (buy); Fandango At Home (buy),English,Canada; Hong Kong; United States of America,Wonder Collection,2025-09-25T17:33:30
Wonder Woman,2017,tt0451279,297762,141,An Amazon princess comes to the world of Man in the grips of the First World War to confront the forces of evil and bring an end to human conflict.,https://image.tmdb.org/t/p/w500/v4ncgZjG2Zu8ZW5al1vIZTsSjqX.jpg,https://image.tmdb.org/t/p/w780/AaABt75ZzfMGrscUR2seabz4PEX.jpg,Action; Adventure; Fantasy,,island; hero; strong woman; world war i; empowerment; superhero; feminism; greek mythology; based on comic; female protagonist; period drama; super power; heroine; woman director; female empowerment; 1910s; dc extended universe (dceu),,,,HBO Max; HBO Max Amazon Channel; Amazon Video (rent); Apple TV (rent); Google Play Movies (rent); YouTube (rent); Fandango At Home (rent); Plex (rent); Amazon Video (buy); Apple TV (buy); Google Play Movies (buy); YouTube (buy); Fandango At Home (buy),German; English,United States of America,Wonder Woman Collection,2025-09-25T17:33:31
Woodlawn,2015,tt4183692,333596,123,Love and unity in a school torn by racism and hate in the 1970s. A gifted high school football player must learn to embrace his talent and his faith as he battles racial tensions on and off the field.,https://image.tmdb.org/t/p/w500/BJ1XNBBEiqaCM4SQhHYTrWqCfn.jpg,https://image.tmdb.org/t/p/w780/1EFsVdxGI5u8Omsyo8JvKkL0gvR.jpg,Drama,,sports; american football; 1970s; based on true story; racism; inspiring,,,,Angel Studios; Tubi TV; Pluto TV; Amazon Video (rent); Apple TV (rent); Google Play Movies (rent); YouTube (rent); Fandango At Home (rent); Spectrum On Demand (rent); Amazon Video (buy); Apple TV (buy); Google Play Movies (buy); YouTube (buy); Fandango At Home (buy),English,United States of America,,2025-09-25T17:33:31
World War Z,2013,tt0816711,72190,116,"Life for former United Nations investigator Gerry Lane and his family seems content. Suddenly, the world is plagued by a mysterious infection turning whole human populations into rampaging mindless zombies. After barely escaping the chaos, Lane is persuaded to go on a mission to investigate this disease. What follows is a perilous trek around the world where Lane must brave horrific dangers and long odds to find answers before human civilization falls.",https://image.tmdb.org/t/p/w500/aCnVdvExw6UWSeQfr0tUH3jr4qG.jpg,https://image.tmdb.org/t/p/w780/kg2FOT2Oe5PSCgs3L4vLel6B7ck.jpg,Action; Horror; Science Fiction; Thriller; Action | Horror | Science Fiction | Thriller,,"philadelphia, pennsylvania; new jersey; based on novel or book; dystopia; jerusalem; end of the world; apocalypse; zombie; biting; epidemic; nuclear weapons; multiple perspectives; zombie apocalypse; virus; aggressive; anxious; frightened; hopeful",,,,Hulu; Paramount Plus; Paramount+ Amazon Channel; Paramount+ Roku Premium Channel; YouTube TV; MGM Plus; Tubi TV; Kanopy; Hoopla; Amazon Video (rent); Apple TV (rent); Google Play Movies (rent); YouTube (rent); Fandango At Home (rent); FlixFling (rent); Spectrum On Demand (rent); Plex (rent); Amazon Video (buy); Apple TV (buy); Google Play Movies (buy); YouTube (buy); Fandango At Home (buy),English,United Kingdom; United States of America,,2025-09-25T17:33:31
Wreck-It Ralph,2012,tt1772341,82690,101,"Wreck-It Ralph is the 9-foot-tall, 643-pound villain of an arcade video game named Fix-It Felix Jr., in which the game's titular hero fixes buildings that Ralph destroys. Wanting to prove he can be a good guy and not just a villain, Ralph escapes his game and lands in Hero's Duty, a first-person shooter where he helps the game's hero battle against alien invaders. He later enters Sugar Rush, a kart racing game set on tracks made of candies, cookies and other sweets. There, Ralph meets Vanellope von Schweetz who has learned that her game is faced with a dire threat that could affect the entire arcade, and one that Ralph may have inadvertently started.",https://image.tmdb.org/t/p/w500/zWoIgZ7mgmPkaZjG0102BSKFIqQ.jpg,https://image.tmdb.org/t/p/w780/ziC23LkMYj8gToQQYQGWSGJCLNF.jpg,Family; Animation; Comedy; Adventure; Adventure | Animation | Comedy | Family,,video game; support group; villain; bullying; medal; product placement; jail; racing; arcade; self esteem; curiosity; precocious child; aftercreditsstinger; duringcreditsstinger; first person shooter; glitch; carefree; interrupted wedding; social reject; escape from jail; hoverboard; inspirational; admiring; joyful,,,,Disney Plus; Amazon Video (rent); Apple TV (rent); Google Play Movies (rent); YouTube (rent); Fandango At Home (rent); Amazon Video (buy); Apple TV (buy); Google Play Movies (buy); YouTube (buy); Fandango At Home (buy),English,United States of America,Wreck-It Ralph Collection,2025-09-25T17:33:32
X-Men,2000,tt0120903,246655,144,"After the re-emergence of the world's first mutant, world-destroyer Apocalypse, the X-Men must unite to defeat his extinction level plan.",https://image.tmdb.org/t/p/w500/ikA8UhYdTGpqbatFa93nIf6noSr.jpg,https://image.tmdb.org/t/p/w780/2ex2beZ4ssMeOduLD0ILzXKCiep.jpg,Action; Adventure; Science Fiction; Fantasy; Action | Adventure | Fantasy | Science Fiction,,hero; superhero; mutant; based on comic; superhuman; super power; superhero team; world domination; aftercreditsstinger; 1980s; appreciative,,,,Disney Plus; Amazon Video (rent); Apple TV (rent); Google Play Movies (rent); YouTube (rent); Fandango At Home (rent); Amazon Video (buy); Apple TV (buy); Google Play Movies (buy); YouTube (buy); Fandango At Home (buy),Arabic; English; German; Polish; Russian; Swahili,United States of America,X-Men Collection,2025-09-25T17:33:32
X-Men Origins: Wolverine,2009,tt0458525,2080,107,"After seeking to live a normal life, Logan sets out to avenge the death of his girlfriend by undergoing the mutant Weapon X program and becoming Wolverine.",https://image.tmdb.org/t/p/w500/yj8LbTju1p7CUJg7US2unSBk33s.jpg,https://image.tmdb.org/t/p/w780/wvqdJLVh0mSblly7UnYFPEk04Wd.jpg,Adventure; Action; Science Fiction; Action | Adventure | Science Fiction,,army; corruption; superhero; mutant; boxer; based on comic; prequel; spin off; aftercreditsstinger; duringcreditsstinger; powerful,,,,Disney Plus; Hulu; fuboTV; Amazon Video (rent); Apple TV (rent); Google Play Movies (rent); YouTube (rent); Fandango At Home (rent); Spectrum On Demand (rent); Amazon Video (buy); Apple TV (buy); Google Play Movies (buy); YouTube (buy); Fandango At Home (buy),English,United States of America,The Wolverine Collection,2025-09-25T17:33:32
X-Men: Apocalypse,2016,tt3385516,246655,144,"After the re-emergence of the world's first mutant, world-destroyer Apocalypse, the X-Men must unite to defeat his extinction level plan.",https://image.tmdb.org/t/p/w500/ikA8UhYdTGpqbatFa93nIf6noSr.jpg,https://image.tmdb.org/t/p/w780/2ex2beZ4ssMeOduLD0ILzXKCiep.jpg,Action; Adventure; Science Fiction; Fantasy; Action | Adventure | Fantasy | Science Fiction,,hero; superhero; mutant; based on comic; superhuman; super power; superhero team; world domination; aftercreditsstinger; 1980s; appreciative,,,,Disney Plus; Amazon Video (rent); Apple TV (rent); Google Play Movies (rent); YouTube (rent); Fandango At Home (rent); Amazon Video (buy); Apple TV (buy); Google Play Movies (buy); YouTube (buy); Fandango At Home (buy),Arabic; English; German; Polish; Russian; Swahili,United States of America,X-Men Collection,2025-09-25T17:33:32
X-Men: Dark Phoenix,2019,tt6565702,320288,114,"The X-Men face their most formidable and powerful foe when one of their own, Jean Grey, starts to spiral out of control. During a rescue mission in outer space, Jean is nearly killed when she's hit by a mysterious cosmic force. Once she returns home, this force not only makes her infinitely more powerful, but far more unstable. The X-Men must now band together to save her soul and battle aliens that want to use Grey's new abilities to rule the galaxy.",https://image.tmdb.org/t/p/w500/cCTJPelKGLhALq3r51A9uMonxKj.jpg,https://image.tmdb.org/t/p/w780/cjRUhKyt2Jo3V1KNzc5tpPNfccG.jpg,Science Fiction; Action; Adventure; Action | Adventure | Science Fiction,,superhero; mutant; telekinesis; based on comic; superhero team; 1990s; cosmic,,,,Disney Plus; Hulu; fuboTV; YouTube TV; FXNow; Amazon Video (rent); Apple TV (rent); Google Play Movies (rent); YouTube (rent); Fandango At Home (rent); Amazon Video (buy); Apple TV (buy); Google Play Movies (buy); YouTube (buy); Fandango At Home (buy),English; Portuguese; Russian,United States of America,X-Men Collection,2025-09-25T17:33:33
X-Men: Days of Future Past,2014,tt1877832,127585,132,The ultimate X-Men ensemble fights a war for the survival of the species across two time periods as they join forces with their younger selves in an epic battle that must change the past – to save our future.,https://image.tmdb.org/t/p/w500/tYfijzolzgoMOtegh1Y7j2Enorg.jpg,https://image.tmdb.org/t/p/w780/hUPgIibqZlwbhs4N08cPzzc4f5K.jpg,Action; Adventure; Science Fiction; Action | Adventure | Science Fiction,,1970s; superhero; mutant; time travel; based on comic; superhuman; storm; political intrigue; extinction; beast; claws; aftercreditsstinger; duringcreditsstinger; changing the past or future; dramatic,,,,Disney Plus; Hulu; fuboTV; Amazon Video (rent); Apple TV (rent); Google Play Movies (rent); YouTube (rent); Fandango At Home (rent); Amazon Video (buy); Apple TV (buy); Google Play Movies (buy); YouTube (buy); Fandango At Home (buy),English; French; Russian; Vietnamese,United States of America,X-Men Collection,2025-09-25T17:33:33
X-Men: First Class,2011,tt1270798,691677,23,"TV special about the making of ""X-Men: First Class"".",https://image.tmdb.org/t/p/w500/gionQv04AWnRaDMNvBF24uJMSTf.jpg,https://image.tmdb.org/t/p/w780/zXVledoXBJnYyrwdSLvnYmhgJXy.jpg,Documentary; TV Movie; Documentary | Tv Movie,,,,,,,English,United Kingdom,,2025-09-25T17:33:33
X-Men: The Last Stand,2006,tt0376994,36668,104,"When a cure is found to treat mutations, lines are drawn amongst the X-Men—led by Professor Charles Xavier—and the Brotherhood, a band of powerful mutants organised under Xavier's former ally, Magneto.",https://image.tmdb.org/t/p/w500/a2xicU8DpKtRizOHjQLC1JyCSRS.jpg,https://image.tmdb.org/t/p/w780/sBl1n4Oi2wX81EtXIb8NsPqJf3W.jpg,Adventure; Action; Science Fiction; Thriller; Action | Adventure | Science Fiction | Thriller,,superhero; mutant; based on comic; superhuman; beast; cyclops; aftercreditsstinger; dramatic,,,,Disney Plus; Hulu; fuboTV; Starz Apple TV Channel; Amazon Video (rent); Apple TV (rent); Google Play Movies (rent); YouTube (rent); Fandango At Home (rent); Amazon Video (buy); Apple TV (buy); Google Play Movies (buy); YouTube (buy); Fandango At Home (buy),English,United States of America,X-Men Collection,2025-09-25T17:33:34
X2: X-Men United,2003,tt0290334,36658,133,"Professor Charles Xavier and his team of genetically gifted superheroes face a rising tide of anti-mutant sentiment led by Col. William Stryker. Storm, Wolverine and Jean Grey must join their usual nemeses—Magneto and Mystique—to unhinge Stryker's scheme to exterminate all mutants.",https://image.tmdb.org/t/p/w500/bWMw0FMsY8DICgrQnrTSWbzEgtr.jpg,https://image.tmdb.org/t/p/w780/s8ftvFvafWWEhApISamHx32bx6h.jpg,Adventure; Action; Science Fiction; Action | Adventure | Science Fiction,,superhero; mutant; based on comic; superhuman; bigotry; discrimination,,,,Disney Plus; Hulu; fuboTV; Amazon Video (rent); Apple TV (rent); Google Play Movies (rent); YouTube (rent); Fandango At Home (rent); Amazon Video (buy); Apple TV (buy); Google Play Movies (buy); YouTube (buy); Fandango At Home (buy),English; German; Italian,United States of America,X-Men Collection,2025-09-25T17:33:34
Zodiac,2007,tt0443706,1949,157,"The Zodiac murders cause the lives of Paul Avery, David Toschi and Robert Graysmith to intersect.",https://image.tmdb.org/t/p/w500/6YmeO4pB7XTh8P8F960O1uA14JO.jpg,https://image.tmdb.org/t/p/w780/3zCPI4JFc54xvLaJ71oI2KoP3az.jpg,Crime; Mystery; Thriller; Crime | Drama | Mystery | Thriller,,"newspaper; journalist; california; based on novel or book; police; san francisco, california; killing; detective; 1970s; investigation; victim; code; murder; serial killer; crime scene; reporter; whodunit; alcoholic; young man; fourth of july; newspaper article; curious; cartoonist; 1960s; zodiac killer; clinical; bar; ambiguous; foreboding; ominous",,,,fuboTV; Paramount Plus; Paramount+ Amazon Channel; Paramount+ Roku Premium Channel; MGM Plus; Tubi TV; Kanopy; Amazon Video (rent); Apple TV (rent); Google Play Movies (rent); YouTube (rent); Fandango At Home (rent); Spectrum On Demand (rent); Plex (rent); Amazon Video (buy); Apple TV (buy); Google Play Movies (buy); YouTube (buy); Fandango At Home (buy),English,United States of America,,2025-09-25T17:33:34
Zombieland: Double Tap,2019,tt1560220,338967,99,"Columbus, Tallahassee, Wichita, and Little Rock move to the American heartland as they face off against evolved zombies, fellow survivors, and the growing pains of the snarky makeshift family.",https://image.tmdb.org/t/p/w500/dtRbVsUb5O12WWO54SRpiMtHKC0.jpg,https://image.tmdb.org/t/p/w780/e7tMI0zVKJB2TS74TaBifIZIkCp.jpg,Horror; Comedy; Action; Action | Comedy | Horror,,marriage proposal; the white house; gore; road trip; sequel; survival; spoof; zombie; recreational vehicle; aftercreditsstinger; frantic; graceland; minivan; christmas present; absurd; hilarious; whimsical; ambiguous; amused; frightened,,,,fuboTV; YouTube TV; FXNow; Amazon Video (rent); Apple TV (rent); Google Play Movies (rent); YouTube (rent); Fandango At Home (rent); Spectrum On Demand (rent); Amazon Video (buy); Apple TV (buy); Google Play Movies (buy); YouTube (buy); Fandango At Home (buy),English,United States of America,Zombieland Collection,2025-09-25T17:33:35
mother!,2018,tt13039074,700979,74,"A lonely young man is in dire straits, but his friend's mothers don't see him as a boy, but as a man, and take extra interest in him.",https://image.tmdb.org/t/p/w500/cG1hXEWGepEqKSRe2HLL33vvPn8.jpg,https://image.tmdb.org/t/p/w780/5EjtvaIUcfBJhGQpf0O8TCw8nxv.jpg,Romance,,softcore,,,,,Korean,,,2025-09-25T17:33:35
xXx,2002,tt0295701,7451,124,"Xander Cage is your standard adrenaline junkie with no fear and a lousy attitude. When the US Government ""recruits"" him to go on a mission, he's not exactly thrilled. His mission: to gather information on an organization that may just be planning the destruction of the world, led by the nihilistic Yorgi.",https://image.tmdb.org/t/p/w500/xeEw3eLeSFmJgXZzmF2Efww0q3s.jpg,https://image.tmdb.org/t/p/w780/a6bItEVaxgphpMswho1wVRerv4r.jpg,Action; Adventure; Thriller; Crime; Action | Adventure | Crime | Thriller,,"mission; biological weapon; sports car; cold war; prague, czech republic; nsa agent; ironic; adrenaline junkie; thrill seeker; provocative; hilarious; approving; mocking; pretentious",,,,YouTube TV; Tubi TV; Kanopy; Hoopla; Amazon Video (rent); Apple TV (rent); Google Play Movies (rent); YouTube (rent); Fandango At Home (rent); Amazon Video (buy); Apple TV (buy); Google Play Movies (buy); YouTube (buy); Fandango At Home (buy),Czech; English; German; Spanish; Russian,United States of America,xXx Collection,2025-09-25T17:33:35
The Disappearance of Eleanor Rigby,2014,tt1531924,276401,89,"Told from the man's perspective, the story of a couple trying to reclaim the life and love they once knew and pick up the pieces of a past that may be too far gone.",https://image.tmdb.org/t/p/w500/wCxiOB5dgShUrsUkyTaMsRTiw7j.jpg,https://image.tmdb.org/t/p/w780/ucSAipPMsiDeXoTp0OQj3cf953g.jpg,Drama; Romance,,,,,,,,,,2014-10-10
Gretel & Hansel,2020,tt9086228,542224,87,"A long time ago in a distant fairy tale countryside, a young girl leads her little brother into a dark wood in desperate search of food and work, only to stumble upon a nexus of terrifying evil.",https://image.tmdb.org/t/p/w500/mBBBXseq4k4dI63k06XIrsc02j8.jpg,https://image.tmdb.org/t/p/w780/en1XAePgWqNSXb82luUMmo5u3cF.jpg,Horror; Fantasy,,,,,,,,,,2020-01-30
xXx: Return of Xander Cage,2017,tt1293847,47971,107,"Xander Cage is left for dead after an incident, though he secretly returns to action for a new, tough assignment with his handler Augustus Gibbons.",https://image.tmdb.org/t/p/w500/hba8zREJpP1AYhaXgb2oJLQeO0K.jpg,https://image.tmdb.org/t/p/w780/4QLdZ2A8mkDWp2rpfgDrwmeCtUW.jpg,Action; Adventure; Crime,,,,,,,,,,2017-01-13
Jexi,2019,tt9354944,620725,84,"Phil's new phone comes with an unexpected feature, Jexi...an A.I. determined to keep him all to herself in a comedy about what can happen when you love your phone more than all else.",https://image.tmdb.org/t/p/w500/sizYjc8lAFStRZXtI1uRBDsOTt6.jpg,https://image.tmdb.org/t/p/w780/s5mWOQ4rc90hhRebpBHdW0f1gix.jpg,Comedy,,,,,,Vudu,,,,2019-10-10
